Station_ID,1030,1038,1029
1/1/1980,0,0,0
1/2/1980,1,0,0.9
1/3/1980,0,0,0
1/4/1980,0,0,0
1/5/1980,0,0,0
1/6/1980,0,0,0
1/7/1980,0,0,0
1/8/1980,0,0,0
1/9/1980,0,0,0
1/10/1980,0,0,0
1/11/1980,0,0,0
1/12/1980,0,0,0
1/13/1980,0,0,0
1/14/1980,0,0,0
1/15/1980,0,0,0
1/16/1980,0,0,0
1/17/1980,0,0,0
1/18/1980,0,0,0
1/19/1980,0,0,0
1/20/1980,0,0,0
1/21/1980,0,0,0
1/22/1980,0,0,0
1/23/1980,0,0,0
1/24/1980,0,0,0
1/25/1980,0,0,0
1/26/1980,0,0,0
1/27/1980,0,0,0
1/28/1980,0,0,0
1/29/1980,0,0,0
1/30/1980,0,0,0
1/31/1980,0,0,0
2/1/1980,0,0,0
2/2/1980,0,0,0
2/3/1980,1.6,2.5,0
2/4/1980,0,0,0
2/5/1980,2,1.5,0
2/6/1980,0,0,0
2/7/1980,0,0,0
2/8/1980,0,0,0
2/9/1980,0,0,0
2/10/1980,0,0,0
2/11/1980,0,0,0
2/12/1980,0,0,0
2/13/1980,0,0,0
2/14/1980,0,0,0
2/15/1980,0,0,0
2/16/1980,0,2.7,0
2/17/1980,0,0,0
2/18/1980,8.8,11,5.5
2/19/1980,0,0,0
2/20/1980,0,0,0
2/21/1980,0,0,0
2/22/1980,0,0,0
2/23/1980,0,0,0
2/24/1980,0,4.1,1.5
2/25/1980,0,0,0
2/26/1980,0,0,0
2/27/1980,0,0,0
2/28/1980,0,0,0
2/29/1980,5.3,0,0
3/1/1980,7,2,2
3/2/1980,7.6,8.7,9
3/3/1980,0,0,0
3/4/1980,0.5,0,0
3/5/1980,1,0,0
3/6/1980,2.4,0,3
3/7/1980,2.7,6.3,3.9
3/8/1980,0,0,0
3/9/1980,0,1.2,0
3/10/1980,0,0,0
3/11/1980,0,0.5,0
3/12/1980,0,0,0
3/13/1980,0,0,0
3/14/1980,0,0,0
3/15/1980,0,0,0
3/16/1980,0,0,0
3/17/1980,2.8,5.2,8
3/18/1980,0,0,0
3/19/1980,0,0,0
3/20/1980,0,0,0
3/21/1980,0,0,0
3/22/1980,0,0,0
3/23/1980,0,0,0
3/24/1980,0,0,0
3/25/1980,0,0,0
3/26/1980,0,0,0
3/27/1980,0.5,0,0
3/28/1980,0,0,0
3/29/1980,0,0,0
3/30/1980,19,0,2.5
3/31/1980,2.2,0,2
4/1/1980,0,0,0
4/2/1980,0,0,0
4/3/1980,0,0,0
4/4/1980,0,0,0
4/5/1980,0,0,0
4/6/1980,0,0,0
4/7/1980,0,0,0
4/8/1980,0,0,0
4/9/1980,0,0,0
4/10/1980,0,0,0
4/11/1980,0,0,0
4/12/1980,0,0,0
4/13/1980,0,0,0
4/14/1980,0,0,0
4/15/1980,0,0,0
4/16/1980,0,0,0
4/17/1980,0,0,0
4/18/1980,0,0,0
4/19/1980,0,0,0
4/20/1980,0,0,0
4/21/1980,0,0,0
4/22/1980,0,0,0
4/23/1980,6.8,14.8,7.5
4/24/1980,0,0,0
4/25/1980,0,0,0
4/26/1980,0,0,0
4/27/1980,0,0,0
4/28/1980,0,0,0
4/29/1980,0,0,0
4/30/1980,3.3,2,0
5/1/1980,0,0,0
5/2/1980,0,0,0
5/3/1980,32.1,0,15.5
5/4/1980,0,0,0
5/5/1980,1.5,0,0
5/6/1980,6.9,19.6,5
5/7/1980,0,0,0
5/8/1980,0,0,0
5/9/1980,0,0,0
5/10/1980,9.9,2.4,0
5/11/1980,16.4,17.1,16.5
5/12/1980,1,8.3,0
5/13/1980,0,0,0
5/14/1980,0.6,0,0
5/15/1980,15,0,0
5/16/1980,15.2,11.1,8
5/17/1980,0.2,0,0
5/18/1980,0,0,0
5/19/1980,0.8,0,13
5/20/1980,4,12.4,14
5/21/1980,2.4,17.6,10
5/22/1980,0,0,0
5/23/1980,0.3,0,0.5
5/24/1980,0,0,0
5/25/1980,0,0,0
5/26/1980,2.3,20.7,3.2
5/27/1980,0,0,0
5/28/1980,2.5,3.6,17.5
5/29/1980,0,1.8,0
5/30/1980,3.1,9.6,0
5/31/1980,10.2,4.1,2.5
6/1/1980,16,43,8.2
6/2/1980,1,4.5,1
6/3/1980,0,2,0
6/4/1980,9.1,1,11.7
6/5/1980,0,0,0
6/6/1980,0,0,0
6/7/1980,23,10,10.6
6/8/1980,35.5,34,37.7
6/9/1980,100.1,62,58.2
6/10/1980,0.2,4.7,0
6/11/1980,14,3.2,3
6/12/1980,7.2,1,9.4
6/13/1980,1.6,14,14.5
6/14/1980,0,12.5,0
6/15/1980,0,0,0
6/16/1980,0.2,0,0
6/17/1980,0,0,0
6/18/1980,0,0,0
6/19/1980,97.3,42.2,40.2
6/20/1980,17.3,13,10.5
6/21/1980,4.8,27,21.5
6/22/1980,1.4,7.8,0
6/23/1980,1.3,30.2,1.6
6/24/1980,1.6,10.2,11.8
6/25/1980,7.2,14.6,6.2
6/26/1980,7.2,0,0
6/27/1980,0.4,3.6,0
6/28/1980,1,30,0
6/29/1980,0,42,0
6/30/1980,1.9,5.2,0
7/1/1980,1.3,1.1,1
7/2/1980,0.7,9.3,0
7/3/1980,0,0,0
7/4/1980,0.2,19.7,1
7/5/1980,0,12.5,0
7/6/1980,8,21.3,5.5
7/7/1980,4.9,6.8,17
7/8/1980,10.7,17.6,10.5
7/9/1980,25.1,27,21
7/10/1980,0,6.4,6
7/11/1980,7.4,9,6
7/12/1980,8.2,10.1,8.5
7/13/1980,3.7,20,2.5
7/14/1980,23,26.6,24
7/15/1980,2.5,1.1,1.5
7/16/1980,16.8,27,39.5
7/17/1980,1.5,30,7.5
7/18/1980,13,2,0.5
7/19/1980,1,23.1,0.5
7/20/1980,3.5,4.5,4
7/21/1980,0,0,1
7/22/1980,25.9,26.5,27
7/23/1980,4.1,1.5,1
7/24/1980,16.8,2,6
7/25/1980,19.7,27,12
7/26/1980,0.5,2.5,1
7/27/1980,1.2,11.5,5.5
7/28/1980,6.3,2.5,3.5
7/29/1980,3.1,0,3.5
7/30/1980,37.5,40,32.6
7/31/1980,49.5,0,37
8/1/1980,14.2,6,13.8
8/2/1980,8.5,1,3.8
8/3/1980,18.2,0,4.5
8/4/1980,1.8,14.1,3
8/5/1980,4.5,11,5.5
8/6/1980,10.4,14,4
8/7/1980,19.7,15.1,19.5
8/8/1980,7.5,2,2
8/9/1980,7.5,0,3
8/10/1980,6.5,0,3.5
8/11/1980,3.3,0,5
8/12/1980,3.8,0,4
8/13/1980,20,2,4
8/14/1980,0,0,0
8/15/1980,2,0,1
8/16/1980,17.5,22,17
8/17/1980,0,2,0
8/18/1980,0.2,1,1
8/19/1980,0.5,0,0
8/20/1980,0,0,0
8/21/1980,17,60,12.5
8/22/1980,31.2,0,14
8/23/1980,19.8,0,2.5
8/24/1980,4.1,5,5
8/25/1980,6,0,3
8/26/1980,0,0,0
8/27/1980,0.1,0,6.3
8/28/1980,7.4,0,4
8/29/1980,0,15,1
8/30/1980,0,0,0
8/31/1980,6.8,2,1
9/1/1980,9.5,22,18.5
9/2/1980,8,0,2
9/3/1980,2.5,0,12
9/4/1980,0,0,0.5
9/5/1980,15.8,21.5,15
9/6/1980,5.7,8.5,5
9/7/1980,0,34,18
9/8/1980,6.1,26.6,1.5
9/9/1980,8.3,0,2
9/10/1980,3.6,0,5
9/11/1980,0,0,6
9/12/1980,20.4,0,3.5
9/13/1980,1.8,5,2.4
9/14/1980,0,0,0
9/15/1980,0.5,0,0
9/16/1980,11.7,4,0
9/17/1980,54.2,1.5,3
9/18/1980,9.6,6,0
9/19/1980,3,15.2,10
9/20/1980,0,0,3.9
9/21/1980,0,0,0
9/22/1980,0,0,1
9/23/1980,0,0,0
9/24/1980,0.2,0,0
9/25/1980,0,1,0
9/26/1980,12.4,0,0
9/27/1980,0,0,0
9/28/1980,0,0,0
9/29/1980,10,2,0
9/30/1980,0.2,2,8.2
10/1/1980,0,7.5,0.6
10/2/1980,0,0,0
10/3/1980,0,0,0
10/4/1980,0,0,0
10/5/1980,0,0,0
10/6/1980,0,0,3
10/7/1980,0,0,1
10/8/1980,37.5,0,1.5
10/9/1980,0,0,0
10/10/1980,0,0,0
10/11/1980,0,0,0
10/12/1980,0,17,0
10/13/1980,18.5,5,0
10/14/1980,1.5,0,0
10/15/1980,0.5,0,0
10/16/1980,1.5,0,0
10/17/1980,0,0,0
10/18/1980,5.5,0,5.2
10/19/1980,0,0,0
10/20/1980,0,0,0
10/21/1980,0,0,0
10/22/1980,0,0,0
10/23/1980,0,0,0
10/24/1980,0,0,0
10/25/1980,4,0,3.5
10/26/1980,0,0,0
10/27/1980,0,0,0
10/28/1980,0,0,0
10/29/1980,0,0,0
10/30/1980,0,0,0
10/31/1980,0,0,0
11/1/1980,0,0,0
11/2/1980,0,0,0
11/3/1980,0,0,0
11/4/1980,0,0,0
11/5/1980,0,0,0
11/6/1980,0,0,0
11/7/1980,0,0,0
11/8/1980,0,0,0
11/9/1980,0,0,0
11/10/1980,0,0,0
11/11/1980,0,0,0
11/12/1980,0,0,0
11/13/1980,0,0,0
11/14/1980,0,0,0
11/15/1980,0,0,0
11/16/1980,0,0,0
11/17/1980,0,0,0
11/18/1980,0,0,0
11/19/1980,0,0,0
11/20/1980,0,0,0
11/21/1980,0,0,0
11/22/1980,0,0,0
11/23/1980,0,0,0
11/24/1980,0,0,0
11/25/1980,0,0,0
11/26/1980,0,0,0
11/27/1980,0,0,0
11/28/1980,0,0,0
11/29/1980,0,0,0
11/30/1980,0,0,0
12/1/1980,0,0,0
12/2/1980,0,0,0
12/3/1980,0,0,0
12/4/1980,0,0,0
12/5/1980,0,0,0
12/6/1980,0,0,0
12/7/1980,0,0,0
12/8/1980,0,0,0
12/9/1980,0,0,0
12/10/1980,0,0,0
12/11/1980,0,0,0
12/12/1980,0,0,0
12/13/1980,0,0,0
12/14/1980,0,0,0
12/15/1980,0,0,0
12/16/1980,0,0,0
12/17/1980,0,0,0
12/18/1980,0,0,0
12/19/1980,0,0,0
12/20/1980,0,0,0
12/21/1980,0,0,0
12/22/1980,0,0,0
12/23/1980,0,0,0
12/24/1980,5.6,1,9.5
12/25/1980,0,0,0
12/26/1980,0,0,0
12/27/1980,0,0,0
12/28/1980,0,0,0
12/29/1980,0,0,0
12/30/1980,0,0,0
12/31/1980,0,0,0
1/1/1981,0,0,0
1/2/1981,0,0,0
1/3/1981,0,0,0
1/4/1981,0,0,0
1/5/1981,0.1,0,3
1/6/1981,0.3,0,0.5
1/7/1981,0,0,0
1/8/1981,0.4,0,1
1/9/1981,0,0,0
1/10/1981,0,0,0
1/11/1981,0,0,0
1/12/1981,0,0,0
1/13/1981,1.9,0,1
1/14/1981,0,0,0
1/15/1981,0,0,0
1/16/1981,0,0,0
1/17/1981,0,0,0
1/18/1981,0,0,0
1/19/1981,0,0,0
1/20/1981,0,0,0
1/21/1981,0,0,0
1/22/1981,0,0,0
1/23/1981,0.3,0,0.5
1/24/1981,0,0,0
1/25/1981,11.2,5,0.9
1/26/1981,0.3,0,0
1/27/1981,0,0,0
1/28/1981,0,0,0
1/29/1981,0,0,0
1/30/1981,0,0,0
1/31/1981,0,0,0
2/1/1981,0,0,0
2/2/1981,0,0,0
2/3/1981,0,0,0
2/4/1981,0,0,0
2/5/1981,0,0,0
2/6/1981,0,0,0
2/7/1981,0,2.5,0
2/8/1981,0,0,0
2/9/1981,0,0,0
2/10/1981,0,0,0
2/11/1981,0,0,0
2/12/1981,0,0,0
2/13/1981,0,0,0
2/14/1981,0,0,0
2/15/1981,0,0,0
2/16/1981,0,0,0
2/17/1981,0,0,0
2/18/1981,0,0,0
2/19/1981,0,0,0
2/20/1981,0,0,0
2/21/1981,0,0,0
2/22/1981,0,0,0
2/23/1981,0,0,0
2/24/1981,0,0,0
2/25/1981,0,0,0
2/26/1981,0,0,0
2/27/1981,0,0,0
2/28/1981,0,0,0
3/1/1981,2,0,2
3/2/1981,0,0,0
3/3/1981,0,0,0
3/4/1981,0,0,0
3/5/1981,0,0,0
3/6/1981,0,0,0
3/7/1981,2.3,0,2
3/8/1981,0,0,0
3/9/1981,0,0,0
3/10/1981,0,0,0
3/11/1981,0,0,0
3/12/1981,0,0,0
3/13/1981,0,0,0
3/14/1981,0,0,0
3/15/1981,0,0,0
3/16/1981,0,0,0
3/17/1981,7.2,3,0
3/18/1981,0,0,0
3/19/1981,0,0,0
3/20/1981,0,0,0
3/21/1981,0,0,0
3/22/1981,22,3,5
3/23/1981,0,0,0
3/24/1981,0,0,0
3/25/1981,0,0,0
3/26/1981,0,0,2
3/27/1981,12.8,0,8
3/28/1981,0,0,0
3/29/1981,0,13.5,0
3/30/1981,9.8,12.5,15.5
3/31/1981,4.3,0,5.5
4/1/1981,1.7,0,3
4/2/1981,0.8,0,2
4/3/1981,0,0,0
4/4/1981,0,0.5,0
4/5/1981,2,0,0
4/6/1981,0,0,0
4/7/1981,0,0,0
4/8/1981,0,0,0
4/9/1981,0,0,0
4/10/1981,0,0,0
4/11/1981,0,0,0
4/12/1981,23.3,37,30.5
4/13/1981,0,0,0
4/14/1981,0,0,3
4/15/1981,0,0,0
4/16/1981,15.6,2.6,15.8
4/17/1981,37.5,22.5,24.2
4/18/1981,17.2,0,14
4/19/1981,0,0,0
4/20/1981,0,0,0
4/21/1981,0,0,0
4/22/1981,0,0,0
4/23/1981,0,0,0
4/24/1981,0.3,0,0
4/25/1981,0,0,0
4/26/1981,0,0,0
4/27/1981,1.8,0,4
4/28/1981,0,0,5
4/29/1981,0.7,0,0
4/30/1981,0,0,0
5/1/1981,0.2,0,0
5/2/1981,0,0,0
5/3/1981,4.6,0,0
5/4/1981,11,0,8
5/5/1981,1.4,0,1
5/6/1981,1.5,0,0
5/7/1981,0.8,0,4
5/8/1981,1.8,2,7
5/9/1981,0.5,0,4
5/10/1981,5.7,0,10
5/11/1981,0,0,1
5/12/1981,0.5,0,0
5/13/1981,7.8,0,0
5/14/1981,0,0,0
5/15/1981,1.6,0,0
5/16/1981,53,2,0
5/17/1981,1.6,0,1.5
5/18/1981,0,0,0
5/19/1981,0,0,3
5/20/1981,0,0,16
5/21/1981,53.5,0,0
5/22/1981,0,0,18
5/23/1981,17,0,4
5/24/1981,4.2,0,1
5/25/1981,2.3,0,0
5/26/1981,1.8,9,7.5
5/27/1981,20,0,12
5/28/1981,25.3,19,0
5/29/1981,0.1,0,0.5
5/30/1981,0,0,0.5
5/31/1981,0,0,3
6/1/1981,13.1,3,24
6/2/1981,4.8,5.4,5
6/3/1981,0.6,0,0
6/4/1981,0,0,4
6/5/1981,3.6,0,0
6/6/1981,0,0,0
6/7/1981,0,0,0
6/8/1981,0,0,0
6/9/1981,0,0,0
6/10/1981,3.5,0,0
6/11/1981,0.3,0,0
6/12/1981,0,0,0
6/13/1981,0,0,5
6/14/1981,0,0,0
6/15/1981,0,0,0
6/16/1981,0,2,1
6/17/1981,0.2,0,1
6/18/1981,0,0,0
6/19/1981,1,0,1
6/20/1981,0,0,0.5
6/21/1981,0,0,0
6/22/1981,9.4,0,4
6/23/1981,18.6,0,3.5
6/24/1981,0,0,0
6/25/1981,0,0,0
6/26/1981,0,36,3
6/27/1981,35,10.5,11
6/28/1981,12.1,1.5,33.5
6/29/1981,28.5,4.1,37
6/30/1981,10,5,3
7/1/1981,0.8,41,8.2
7/2/1981,0.1,10,0.3
7/3/1981,2.3,3,0
7/4/1981,28.5,17,30
7/5/1981,0.2,28.5,3
7/6/1981,4.2,2,6
7/7/1981,0.5,5,9
7/8/1981,0.6,2,5.5
7/9/1981,35.5,50.2,7.5
7/10/1981,12.5,0,0
7/11/1981,0,0,0.5
7/12/1981,22.3,3.5,10
7/13/1981,13.5,0,17
7/14/1981,16.5,0,14
7/15/1981,8,40.5,3.5
7/16/1981,7.7,40.5,24.4
7/17/1981,7.2,5,7
7/18/1981,0.4,0,9
7/19/1981,6.2,5,5
7/20/1981,17,0,7.5
7/21/1981,2,14,6.5
7/22/1981,10.5,10.5,11
7/23/1981,12,3.5,12.2
7/24/1981,34.5,20,23
7/25/1981,2.7,3.5,0
7/26/1981,17,5,6.5
7/27/1981,18.5,30.5,20.5
7/28/1981,6.8,0,3
7/29/1981,4.8,0,3.5
7/30/1981,2.5,0,0.5
7/31/1981,8.7,2,5.4
8/1/1981,26.6,21,33.5
8/2/1981,2.2,0,0
8/3/1981,36,14.1,13
8/4/1981,13.5,0,5
8/5/1981,1.2,4,2
8/6/1981,12.9,14.5,3.5
8/7/1981,25.4,40,5
8/8/1981,13.8,0,8.8
8/9/1981,4.2,1.5,2
8/10/1981,0,10.5,0
8/11/1981,0.4,3.5,0
8/12/1981,16.2,2.5,1.3
8/13/1981,2,4,7.5
8/14/1981,0,0,0
8/15/1981,0,10.5,3.5
8/16/1981,0,1.5,0
8/17/1981,0,0,0
8/18/1981,10.2,22.5,13
8/19/1981,19.5,18.5,20.2
8/20/1981,47,12.5,52
8/21/1981,0,0,0
8/22/1981,0.8,0,11
8/23/1981,11.8,18.5,26
8/24/1981,0.3,42,4.8
8/25/1981,0.2,0,12
8/26/1981,10.6,9.5,1
8/27/1981,1,15.5,1.5
8/28/1981,0,4.5,1
8/29/1981,3.3,1.5,3.8
8/30/1981,1.2,2.1,3.8
8/31/1981,6.6,17.5,7
9/1/1981,0.1,2.5,0
9/2/1981,0,0,0
9/3/1981,16,8.5,5.5
9/4/1981,0,1.1,16
9/5/1981,16.6,5.5,2.2
9/6/1981,25.4,42.5,16.7
9/7/1981,19.6,27.5,13
9/8/1981,2.2,10.5,4
9/9/1981,0,4.5,0
9/10/1981,11.7,15.5,1.2
9/11/1981,7.5,0,8.5
9/12/1981,0,0,0
9/13/1981,0.2,0,0
9/14/1981,5.6,0,0
9/15/1981,0.3,0,0.5
9/16/1981,2,0,11
9/17/1981,0,5.5,1.2
9/18/1981,22.4,0,0
9/19/1981,0.7,2.2,20
9/20/1981,0,7.9,0
9/21/1981,0,0,0
9/22/1981,0,0,0
9/23/1981,0,0,0
9/24/1981,0,0,0
9/25/1981,0,10.5,0
9/26/1981,0,0,0
9/27/1981,1.5,3,2
9/28/1981,1.2,0,19.5
9/29/1981,41.6,128,85.5
9/30/1981,50.5,0,44.4
10/1/1981,0,0,0
10/2/1981,0,0,0
10/3/1981,0,0,0
10/4/1981,0,0,0
10/5/1981,0,0,0
10/6/1981,0,0,0
10/7/1981,0,0,0
10/8/1981,0,0,0
10/9/1981,0,0,0
10/10/1981,0,0,0
10/11/1981,0,0,0
10/12/1981,0,0,0
10/13/1981,0,0,0
10/14/1981,0,0,0
10/15/1981,0,0,0
10/16/1981,0,0,0
10/17/1981,0,0,0
10/18/1981,0,0,0
10/19/1981,0,0,0
10/20/1981,0,0,0
10/21/1981,0,0,0
10/22/1981,0,0,0
10/23/1981,0,0,0
10/24/1981,0,0,0
10/25/1981,0,0,0
10/26/1981,0,0,0
10/27/1981,0,0,0
10/28/1981,0,0,0
10/29/1981,0,0,0
10/30/1981,0,0,0
10/31/1981,0,0,0
11/1/1981,0,0,0
11/2/1981,0,0,0
11/3/1981,0,0,0
11/4/1981,15.8,20.1,11
11/5/1981,15.6,0,0
11/6/1981,0,0,0
11/7/1981,0,0,0
11/8/1981,0,0,0
11/9/1981,0,0,0
11/10/1981,0,0,0
11/11/1981,0,0,0
11/12/1981,0,0,0
11/13/1981,0.2,8,1
11/14/1981,10.4,3,7
11/15/1981,0,0,0
11/16/1981,0,0,0
11/17/1981,0,0,0
11/18/1981,0,0,0
11/19/1981,0,0,0
11/20/1981,0,0,0
11/21/1981,0,0,0
11/22/1981,0,0,0
11/23/1981,0,0,0
11/24/1981,0,0,0
11/25/1981,0,0,0
11/26/1981,0,0,0
11/27/1981,0,0,0
11/28/1981,0,0,0
11/29/1981,0,0,0
11/30/1981,0,0,0
12/1/1981,0,0,0
12/2/1981,0,0,0
12/3/1981,0,0,0
12/4/1981,0,0,0
12/5/1981,0,0,0
12/6/1981,0,0,0
12/7/1981,0,0,0
12/8/1981,0,0,0
12/9/1981,0,0,0
12/10/1981,0,0,0
12/11/1981,0,0,0
12/12/1981,0,0,0
12/13/1981,0,0,0
12/14/1981,0,0,0
12/15/1981,0,0,0
12/16/1981,0,0,0
12/17/1981,0,0,0
12/18/1981,0,0,0
12/19/1981,0,0,0
12/20/1981,0,0,0
12/21/1981,0,0,0
12/22/1981,0,0,0
12/23/1981,0,0,0
12/24/1981,0,0,0
12/25/1981,0,0,0
12/26/1981,0,0,0
12/27/1981,0,0,0
12/28/1981,0,0,0
12/29/1981,0,0,0
12/30/1981,0,0,0
12/31/1981,0,0,0
1/1/1982,0,0,0
1/2/1982,0,0,0
1/3/1982,0,0,0
1/4/1982,0,0,0
1/5/1982,0,0,0
1/6/1982,0,0,0
1/7/1982,0,0,0
1/8/1982,0,0,0
1/9/1982,0,0,0
1/10/1982,0,0,0
1/11/1982,0,0,0
1/12/1982,0,0,0
1/13/1982,0,0,0
1/14/1982,0,0,0
1/15/1982,0,0,0
1/16/1982,0,0,0
1/17/1982,0,0,0
1/18/1982,0,0,0
1/19/1982,0,0,0
1/20/1982,0,0,0
1/21/1982,0,0,0
1/22/1982,0,0,0
1/23/1982,0,0,0
1/24/1982,0,0,0
1/25/1982,0,0,0
1/26/1982,4.2,7,4.6
1/27/1982,1.4,2.3,0.5
1/28/1982,8.6,4.5,7.5
1/29/1982,0,0,0
1/30/1982,0,0,0
1/31/1982,0,0,0
2/1/1982,7,7,0
2/2/1982,9.5,4,2.7
2/3/1982,0,0,0
2/4/1982,0.2,0,0
2/5/1982,0,0,0
2/6/1982,0,0,2.2
2/7/1982,0,0,0
2/8/1982,0,7,0
2/9/1982,3.2,7.5,2.7
2/10/1982,0,0,2.5
2/11/1982,0,0,0
2/12/1982,0,0,0
2/13/1982,0,0,0
2/14/1982,0,0,0
2/15/1982,0,0,0
2/16/1982,0,0,0
2/17/1982,2,0,0
2/18/1982,0,0,0
2/19/1982,0,0,0
2/20/1982,0,0,0
2/21/1982,0,0,0
2/22/1982,0,0,0
2/23/1982,0,0,0
2/24/1982,0,0,0
2/25/1982,0,0,0
2/26/1982,0,0,0
2/27/1982,0,0,0
2/28/1982,0,0,0
3/1/1982,0.4,0,0
3/2/1982,2.6,0,5.5
3/3/1982,8,12.8,6.5
3/4/1982,0,0,0
3/5/1982,0,0,0
3/6/1982,2.5,2,1
3/7/1982,16,22,16.5
3/8/1982,0,0,0
3/9/1982,0,0,0
3/10/1982,0,0,0
3/11/1982,0,0,0
3/12/1982,0,0,0
3/13/1982,0,0,0
3/14/1982,0,0,0
3/15/1982,0,0,0
3/16/1982,0,0,0
3/17/1982,0,0,0
3/18/1982,0,0,0
3/19/1982,0.4,0,4.9
3/20/1982,0,0,0
3/21/1982,0,0,0
3/22/1982,0,0,0
3/23/1982,0,0,0
3/24/1982,0,0,0
3/25/1982,2.5,2,2
3/26/1982,0,0,0
3/27/1982,3.1,0,0
3/28/1982,0,0,0
3/29/1982,0,0,0
3/30/1982,0,0,0
3/31/1982,0,0,0
4/1/1982,0,0,0
4/2/1982,0,0,0
4/3/1982,0,0,0
4/4/1982,0,0,0
4/5/1982,0,0,0
4/6/1982,0,0,0
4/7/1982,0,0,0
4/8/1982,0,0,0
4/9/1982,0,0,0
4/10/1982,0,0,0
4/11/1982,0,0,0
4/12/1982,0,0,0
4/13/1982,0.2,2.3,0
4/14/1982,5.2,4,4
4/15/1982,2,7.4,2
4/16/1982,8.5,0,0
4/17/1982,9.5,3.4,0
4/18/1982,3.3,5,0
4/19/1982,0,1,11.5
4/20/1982,4.6,0,0
4/21/1982,0,6,2
4/22/1982,0,0,7.4
4/23/1982,0.1,1.1,0
4/24/1982,0.8,3.4,0
4/25/1982,4.5,1,5
4/26/1982,10.1,0,2
4/27/1982,0,10.5,76
4/28/1982,0,0,1.5
4/29/1982,0,0,0
4/30/1982,0,0,0
5/1/1982,0,0,0
5/2/1982,0,0,0
5/3/1982,0,0,0
5/4/1982,14.5,2.4,10.5
5/5/1982,0,0,0
5/6/1982,0,0,0
5/7/1982,0.1,16,17
5/8/1982,0,0,0
5/9/1982,0,0,0
5/10/1982,0,0,0
5/11/1982,5.4,1,7
5/12/1982,0,0,8.4
5/13/1982,0,0,0
5/14/1982,3.4,8,19
5/15/1982,9.5,1,4.5
5/16/1982,0,0,0
5/17/1982,0,0,0
5/18/1982,0,0,0
5/19/1982,0,0,0
5/20/1982,0,0,0
5/21/1982,0,0,0
5/22/1982,0,0,0
5/23/1982,0,0,0
5/24/1982,1.2,0,0
5/25/1982,0,0,0
5/26/1982,0,0,0
5/27/1982,0,0,0
5/28/1982,0,0,0
5/29/1982,5.6,0,28.5
5/30/1982,0,15.5,0
5/31/1982,0,0,0
6/1/1982,1,2,2
6/2/1982,0.5,0,1
6/3/1982,0,0,5
6/4/1982,8.4,7,7
6/5/1982,1.9,5,1
6/6/1982,7.8,1.5,8
6/7/1982,0,0,0
6/8/1982,0,5.5,0
6/9/1982,0.4,5.5,0.5
6/10/1982,0,0,0
6/11/1982,53.5,20.5,53
6/12/1982,3.6,3,2
6/13/1982,12.2,0,1.9
6/14/1982,0.4,2,2.5
6/15/1982,1,3,5
6/16/1982,1.2,4,22.5
6/17/1982,0,15,0
6/18/1982,0,19.3,0
6/19/1982,0,0,5.5
6/20/1982,0,0,0
6/21/1982,0,0,0
6/22/1982,0,0,0
6/23/1982,17,16,9
6/24/1982,3.5,4.4,0.3
6/25/1982,0,0,2.9
6/26/1982,0,0,0
6/27/1982,0,0,0
6/28/1982,87.6,0,2
6/29/1982,0.5,7,0
6/30/1982,0,0,0
7/1/1982,0.7,0,0
7/2/1982,0,0,0
7/3/1982,3.5,0,0
7/4/1982,0,26,0
7/5/1982,0,1,1.4
7/6/1982,41.5,23,3.3
7/7/1982,19.6,27,15.2
7/8/1982,7.8,22.5,15.5
7/9/1982,0,0,0.5
7/10/1982,1.8,16,11.5
7/11/1982,4,5.5,17
7/12/1982,14.4,2.5,1.5
7/13/1982,0,32.5,5
7/14/1982,0.4,4.5,1
7/15/1982,5.6,35,7
7/16/1982,1.5,0,6
7/17/1982,0,0,0
7/18/1982,0,0,0
7/19/1982,25.9,8.5,43
7/20/1982,1.5,2.5,1.9
7/21/1982,0,9,0
7/22/1982,0,0,0
7/23/1982,0,0,0
7/24/1982,0,2,0
7/25/1982,23.2,9.5,14
7/26/1982,2.5,4,1.5
7/27/1982,15.4,8,19.5
7/28/1982,10.2,6.1,15.2
7/29/1982,7,7.2,16.7
7/30/1982,0,8,12
7/31/1982,51.7,5,26
8/1/1982,16,10.7,0
8/2/1982,2.3,6.5,1.7
8/3/1982,2.8,0,29.2
8/4/1982,8.5,6,15.4
8/5/1982,27.5,40,31.5
8/6/1982,3.7,3.5,5.5
8/7/1982,10.7,3.5,0
8/8/1982,36,42,40
8/9/1982,25.5,10,23.5
8/10/1982,2.5,30,1
8/11/1982,5.6,6,1
8/12/1982,5.7,2.5,3
8/13/1982,6,0,2.5
8/14/1982,0.6,0,0
8/15/1982,21.5,18.5,38
8/16/1982,0.2,0,0
8/17/1982,33,15,25
8/18/1982,13.7,21.5,1.5
8/19/1982,23.5,9.5,17
8/20/1982,0,4.5,0
8/21/1982,0,29,4.4
8/22/1982,1,15,3
8/23/1982,0.5,2,4
8/24/1982,9.5,39.5,5
8/25/1982,0.4,1.5,0
8/26/1982,1.5,6.7,4
8/27/1982,25,85,22.5
8/28/1982,52,1.7,18.5
8/29/1982,27.4,13.3,28.4
8/30/1982,19.2,13.5,14
8/31/1982,2.5,13.2,7.5
9/1/1982,0,1,1.5
9/2/1982,0,0,0
9/3/1982,0,0,0
9/4/1982,37.8,2,8.2
9/5/1982,0,3,1.2
9/6/1982,4.5,2.5,3
9/7/1982,12.2,16,34
9/8/1982,0,0,2
9/9/1982,0,0,0
9/10/1982,16,0,4
9/11/1982,1,1,0.4
9/12/1982,2,5,1.5
9/13/1982,20.6,23.5,16.4
9/14/1982,17.5,18.6,37.8
9/15/1982,8.5,0,0.5
9/16/1982,2.5,0,0
9/17/1982,3,3.2,3.5
9/18/1982,1.3,0,1
9/19/1982,19.4,20,19.2
9/20/1982,8.5,7,6
9/21/1982,0.6,0,1
9/22/1982,0,0,0
9/23/1982,0,0,0
9/24/1982,0,0,0
9/25/1982,0,0,0
9/26/1982,0,0,0
9/27/1982,0,0,0
9/28/1982,0,0,0
9/29/1982,0,0,0
9/30/1982,0,0,0
10/1/1982,0,0,0
10/2/1982,0,0,0
10/3/1982,0,0,0
10/4/1982,0,0,0
10/5/1982,0,0,0
10/6/1982,0,0,0
10/7/1982,0,0,0
10/8/1982,0,0,0
10/9/1982,0,0,0
10/10/1982,7.8,0,9.5
10/11/1982,0,0,0
10/12/1982,0.8,2,11.5
10/13/1982,0,0,0
10/14/1982,0,0,0
10/15/1982,0,0,0
10/16/1982,0,0,0
10/17/1982,0,0,0
10/18/1982,0.4,0,0.5
10/19/1982,0,0,0
10/20/1982,0,0,0
10/21/1982,0,0,0
10/22/1982,0,0,0
10/23/1982,0,0,0.9
10/24/1982,0,0,0
10/25/1982,0,0,0
10/26/1982,0,0,0
10/27/1982,0,0,0
10/28/1982,0,0,0
10/29/1982,0,0,0
10/30/1982,0,0,0
10/31/1982,0,0,0
11/1/1982,0,0,0
11/2/1982,0,2.5,0
11/3/1982,0,0,0
11/4/1982,0,0,0
11/5/1982,0,0,0
11/6/1982,0,0,0
11/7/1982,0,0,0
11/8/1982,0,0,0
11/9/1982,0,0,0
11/10/1982,18.3,18,11.5
11/11/1982,0,0,0
11/12/1982,0,0,0
11/13/1982,0,0,3.8
11/14/1982,0,0,0
11/15/1982,0,0,0
11/16/1982,0,0,0
11/17/1982,0,0,0
11/18/1982,0,0,0
11/19/1982,0,0,0
11/20/1982,0,0,0
11/21/1982,0,0,0
11/22/1982,0,0,0
11/23/1982,0,0,0
11/24/1982,0,0,0
11/25/1982,0,0,0
11/26/1982,0,0,0
11/27/1982,0,0,0
11/28/1982,0,0,0
11/29/1982,0,0,0
11/30/1982,0,0,0
12/1/1982,0,0,0
12/2/1982,0,0,0
12/3/1982,0,0,0
12/4/1982,0,0,0
12/5/1982,0,0,0
12/6/1982,0,0,0
12/7/1982,0,0,0
12/8/1982,0,0,0
12/9/1982,0,0,0
12/10/1982,0,0,0
12/11/1982,0,0,0
12/12/1982,0,0,0
12/13/1982,0,0,0
12/14/1982,0,0,0
12/15/1982,0,0,0
12/16/1982,0,0,0
12/17/1982,0,0,0
12/18/1982,0,0,0
12/19/1982,0,0,0
12/20/1982,0,0,0
12/21/1982,0,0,0
12/22/1982,0,0,0
12/23/1982,0,0,0
12/24/1982,0,0,0
12/25/1982,0,0,0
12/26/1982,0,0,0
12/27/1982,0,0,0
12/28/1982,0,0,0
12/29/1982,3.4,4,2.5
12/30/1982,0,0,0
12/31/1982,0,0,0
1/1/1983,0,0,0
1/2/1983,0,0,0
1/3/1983,1.5,1,0
1/4/1983,0,0,0
1/5/1983,0,0,0
1/6/1983,0,0,0
1/7/1983,0,0,0
1/8/1983,0,0,0
1/9/1983,0,0,0
1/10/1983,0,0,0
1/11/1983,0,0,0
1/12/1983,0,0,0
1/13/1983,0,0,0
1/14/1983,0,0,0
1/15/1983,0,0,0
1/16/1983,0,0,0
1/17/1983,0,0,0
1/18/1983,0,0,0
1/19/1983,0,0,0
1/20/1983,0,0,0
1/21/1983,0,0,0
1/22/1983,0,0,0
1/23/1983,0,0,0
1/24/1983,0,0,0
1/25/1983,0,0,0
1/26/1983,0,0,0
1/27/1983,0,0,0
1/28/1983,1.2,2,3.5
1/29/1983,15.5,9.5,13.5
1/30/1983,0,0,0
1/31/1983,0,0,0
2/1/1983,0,0,0
2/2/1983,0,0,0
2/3/1983,0,0,0
2/4/1983,0,0,0
2/5/1983,0,0,0
2/6/1983,0,0,0
2/7/1983,0,0,0
2/8/1983,0,0,0
2/9/1983,0,0,0
2/10/1983,0,0,0
2/11/1983,0,0,0
2/12/1983,0,0,0
2/13/1983,0,0,0
2/14/1983,0,0,0
2/15/1983,0,0,0
2/16/1983,0,0,0
2/17/1983,0,0,0
2/18/1983,0,0,0
2/19/1983,0,0,0
2/20/1983,0,0,0
2/21/1983,0,0,0
2/22/1983,2.4,1.2,0
2/23/1983,0,0,0
2/24/1983,0,0,0
2/25/1983,1.2,1.5,4
2/26/1983,0,0,0
2/27/1983,0,0,0
2/28/1983,0.4,2.5,0
3/1/1983,0,0,0
3/2/1983,0,0,0
3/3/1983,0,0,0
3/4/1983,0,0,0
3/5/1983,0,0,0
3/6/1983,0,0,0
3/7/1983,0,0,0
3/8/1983,0,0,0
3/9/1983,0,0,0
3/10/1983,0,0,0
3/11/1983,0,0,0
3/12/1983,0,0,0
3/13/1983,0,0,0
3/14/1983,0,0,0
3/15/1983,0,0,0
3/16/1983,14.8,9.1,0
3/17/1983,0,0,0
3/18/1983,0,0,0
3/19/1983,0,0,0
3/20/1983,1.5,3,0.5
3/21/1983,11.5,8.7,5
3/22/1983,2.4,11,1
3/23/1983,0,0,0
3/24/1983,0,0,0
3/25/1983,0,0,0
3/26/1983,0,0,0
3/27/1983,0,0,0
3/28/1983,0,0,0
3/29/1983,0,0,0
3/30/1983,0,0,0
3/31/1983,0,0,0
4/1/1983,0,0,0
4/2/1983,0,0,0
4/3/1983,0,0,0
4/4/1983,0,0,0
4/5/1983,0,0,0
4/6/1983,0,0,0
4/7/1983,0,0,0
4/8/1983,0,0,0
4/9/1983,0,0,0
4/10/1983,0,0,0
4/11/1983,9.5,4.2,5
4/12/1983,10.2,3,6
4/13/1983,7.6,9,8.5
4/14/1983,5.6,1,3
4/15/1983,0,0,0
4/16/1983,0,0,0
4/17/1983,0,0,0
4/18/1983,0,0,0
4/19/1983,6.5,7,7
4/20/1983,0,0,0
4/21/1983,0,0,0
4/22/1983,0,0,0
4/23/1983,2,0,1
4/24/1983,5.3,4.1,4
4/25/1983,0,0,0
4/26/1983,13.5,6,8.4
4/27/1983,0,0,0
4/28/1983,14.2,29,23
4/29/1983,4.3,8,6.2
4/30/1983,0,0,0
5/1/1983,3.2,0,1.1
5/2/1983,6.5,14,6.5
5/3/1983,0,2,0
5/4/1983,0,0,0
5/5/1983,0,0,0
5/6/1983,8.3,212,3.5
5/7/1983,0,0,0
5/8/1983,0,0,2
5/9/1983,2.9,0,11
5/10/1983,0.5,0,0
5/11/1983,29,2.5,21.4
5/12/1983,11.3,8,4
5/13/1983,7.9,6.5,4
5/14/1983,0,0,0
5/15/1983,0,0,0
5/16/1983,0,0,2.5
5/17/1983,13,2,3.5
5/18/1983,3.5,11.5,22.5
5/19/1983,0,0,0
5/20/1983,0,0,4.5
5/21/1983,0,0,16
5/22/1983,11.5,11,26
5/23/1983,2.3,3.5,2.5
5/24/1983,1.7,0,1.5
5/25/1983,0,0,0.5
5/26/1983,0,0,1
5/27/1983,7.5,0,6.5
5/28/1983,0,0,0
5/29/1983,0,3,0
5/30/1983,0,0,0
5/31/1983,1,0,7
6/1/1983,0,0,0
6/2/1983,0.7,0,0
6/3/1983,0,5,0
6/4/1983,0.3,0,0
6/5/1983,0,0,0
6/6/1983,0,0,0
6/7/1983,0,0,0
6/8/1983,0,0,0
6/9/1983,3.8,7,2.5
6/10/1983,0.2,0,4
6/11/1983,0,14,3.5
6/12/1983,0,4,0
6/13/1983,1.6,0,1
6/14/1983,0,0,0
6/15/1983,2.3,0,1.5
6/16/1983,0.9,0,1
6/17/1983,0,0,0
6/18/1983,0,0,0
6/19/1983,0,0,0
6/20/1983,0,0,0
6/21/1983,0,0,0
6/22/1983,0,0,0
6/23/1983,1.4,2,0.5
6/24/1983,39.4,8.5,9.5
6/25/1983,0,0,0.4
6/26/1983,0.2,12.8,9
6/27/1983,6.4,49.1,9.4
6/28/1983,0.2,10,2.5
6/29/1983,17,8,10.4
6/30/1983,7,10,0
7/1/1983,12.4,7,13.5
7/2/1983,37.9,8,0
7/3/1983,6.8,32,60
7/4/1983,70,45.5,0
7/5/1983,10.2,3,70
7/6/1983,39.8,2,0
7/7/1983,1.5,8,0
7/8/1983,2,0,20
7/9/1983,18.5,12,1
7/10/1983,3.4,10.5,9.8
7/11/1983,6.8,0,0
7/12/1983,0,0,0
7/13/1983,0,0,0
7/14/1983,0,0,0
7/15/1983,29.2,20,7
7/16/1983,31.6,45,29
7/17/1983,72,49,6.8
7/18/1983,4,0,2.5
7/19/1983,13.4,9,26.5
7/20/1983,5.2,8,25.5
7/21/1983,1.6,5,14
7/22/1983,12.4,15.7,17
7/23/1983,1.9,11,2
7/24/1983,25.7,17,23.5
7/25/1983,3,3,1
7/26/1983,13.7,17.5,24.5
7/27/1983,5.3,22,17
7/28/1983,7.1,25.5,3
7/29/1983,2,2.2,7.4
7/30/1983,30.5,31,16
7/31/1983,32,2.2,12
8/1/1983,3.5,17.5,2.5
8/2/1983,44.7,14,11
8/3/1983,0,0,0
8/4/1983,13.6,3.5,9
8/5/1983,0.8,3,4.5
8/6/1983,9.6,0,6.5
8/7/1983,1.8,63,2
8/8/1983,5.3,5,7.4
8/9/1983,6,0,7
8/10/1983,5.2,0,0.4
8/11/1983,0,7.5,0
8/12/1983,0,0,0
8/13/1983,0,0,0
8/14/1983,0,0,0
8/15/1983,0,0,0
8/16/1983,0,20,6
8/17/1983,3.7,34,0.5
8/18/1983,0.3,1.5,0
8/19/1983,2,0,1.4
8/20/1983,0,0,0
8/21/1983,0,14,36
8/22/1983,0,0,0
8/23/1983,1.3,18.8,2
8/24/1983,15.4,14,13.8
8/25/1983,26.3,16.5,23.5
8/26/1983,20,16.6,39
8/27/1983,10.7,30,12.5
8/28/1983,0,9.7,19
8/29/1983,0.5,21.2,2.5
8/30/1983,2.3,5,8.5
8/31/1983,21.2,1,20.5
9/1/1983,28,36,22.5
9/2/1983,17,2,0
9/3/1983,37.4,13,0
9/4/1983,22.6,5.6,31.5
9/5/1983,24.7,4,6.5
9/6/1983,29.2,18,7
9/7/1983,4.3,2,1.5
9/8/1983,5.7,14.5,1
9/9/1983,0,0,0
9/10/1983,0.9,1,0
9/11/1983,2,6,5
9/12/1983,0.6,10,1
9/13/1983,0,0,0
9/14/1983,0,0,0
9/15/1983,0.9,3.5,0
9/16/1983,5.2,2,0
9/17/1983,4.2,34.5,19
9/18/1983,8.4,20,11.5
9/19/1983,4.2,9.6,6
9/20/1983,3,0,7.9
9/21/1983,5.2,19.7,3.5
9/22/1983,9.2,53,45
9/23/1983,43.6,30.5,22.5
9/24/1983,2.8,8.5,2.5
9/25/1983,21.8,4.3,1.5
9/26/1983,4.6,3.4,6
9/27/1983,0,0,0
9/28/1983,2.2,0,0
9/29/1983,0,0,0
9/30/1983,0,0,0
10/1/1983,3.4,0,6
10/2/1983,0,0,0
10/3/1983,28,32,23.2
10/4/1983,1.6,2.2,2.5
10/5/1983,0,0,0
10/6/1983,0.2,0,0
10/7/1983,0,0,0
10/8/1983,0,0,0
10/9/1983,1,0,0
10/10/1983,0,0,0
10/11/1983,5.7,12.3,5
10/12/1983,42.8,38.2,45
10/13/1983,24.2,52.7,25.2
10/14/1983,0,0,24
10/15/1983,0,0,0
10/16/1983,0,1,2.5
10/17/1983,11,0,9.6
10/18/1983,0,0,0
10/19/1983,0,0,0
10/20/1983,0,0,0
10/21/1983,0,0,0
10/22/1983,0,0,0
10/23/1983,0,0,0
10/24/1983,12,0,3.3
10/25/1983,0,4.5,0
10/26/1983,0,0,0
10/27/1983,0,0,0
10/28/1983,0,0,0
10/29/1983,0,0,0
10/30/1983,0,0,0
10/31/1983,0,0,0
11/1/1983,0,0,0
11/2/1983,0,0,0
11/3/1983,0,0,0
11/4/1983,0,0,0
11/5/1983,0,0,0
11/6/1983,0,0,0
11/7/1983,0,0,0
11/8/1983,0,0,0
11/9/1983,0,0,0
11/10/1983,0,0,0
11/11/1983,0,0,0
11/12/1983,0,0,0
11/13/1983,0,0,0
11/14/1983,0,0,0
11/15/1983,0,0,0
11/16/1983,0,0,0
11/17/1983,0,0,0
11/18/1983,0,0,0
11/19/1983,0,0,0
11/20/1983,0,0,0
11/21/1983,0,0,0
11/22/1983,0,0,0
11/23/1983,0,0,0
11/24/1983,0,0,0
11/25/1983,0,0,0
11/26/1983,0,0,0
11/27/1983,0,0,0
11/28/1983,0,0,0
11/29/1983,0,0,0
11/30/1983,0,0,0
12/1/1983,0,0,0
12/2/1983,0,0,0
12/3/1983,0,0,0
12/4/1983,0,0,0
12/5/1983,0,0,0
12/6/1983,0,0,0
12/7/1983,0,0,0
12/8/1983,0,0,0
12/9/1983,0,0,0
12/10/1983,0,0,0
12/11/1983,0,0,0
12/12/1983,0,0,0
12/13/1983,0,0,0
12/14/1983,0,0,0
12/15/1983,0,0,0
12/16/1983,0,0,0
12/17/1983,0,0,0
12/18/1983,0,0,0
12/19/1983,0,0,0
12/20/1983,0,0,0
12/21/1983,0,0,0
12/22/1983,0,0,0
12/23/1983,0,0,0
12/24/1983,0,0,0
12/25/1983,0,0,0
12/26/1983,15,16.3,14
12/27/1983,0.3,0,0
12/28/1983,0,0,0
12/29/1983,0,0,0
12/30/1983,0,0,0
12/31/1983,0,0,0
1/1/1984,0,0,0
1/2/1984,0,0,0
1/3/1984,0,0,0.2
1/4/1984,0,0,0
1/5/1984,0,0,0
1/6/1984,0,0,0.1
1/7/1984,0,0,0
1/8/1984,0,0,0
1/9/1984,0,0,0
1/10/1984,0,0,0
1/11/1984,0,0,0
1/12/1984,0,0,0
1/13/1984,0,0,0
1/14/1984,0,0,0
1/15/1984,0,0,0
1/16/1984,0,0,0
1/17/1984,13.9,16.2,13
1/18/1984,0,0,0
1/19/1984,0,0,0
1/20/1984,0,0,0
1/21/1984,0,0,0
1/22/1984,0,0,0
1/23/1984,0,0,0
1/24/1984,0,0,0
1/25/1984,0,0,0
1/26/1984,0,0,0
1/27/1984,0,0,0
1/28/1984,0,0,0
1/29/1984,0,0,0
1/30/1984,0,0,0
1/31/1984,0,0,0
2/1/1984,0,0,0
2/2/1984,0,0,0
2/3/1984,0,0,0
2/4/1984,0,0,0
2/5/1984,0,0,0
2/6/1984,0,0,0
2/7/1984,0,0,0
2/8/1984,0,0,0
2/9/1984,1.2,0,0
2/10/1984,0,0,0
2/11/1984,0,0,0
2/12/1984,2.4,4,2.5
2/13/1984,0,0,0
2/14/1984,0,0,0
2/15/1984,0,0,0
2/16/1984,0,0,0
2/17/1984,0,0,0
2/18/1984,0,0,0
2/19/1984,0,0,0
2/20/1984,13.5,6,12
2/21/1984,0.3,0,0
2/22/1984,0,0,0
2/23/1984,0,0,0
2/24/1984,0,0,0
2/25/1984,0,0,0
2/26/1984,0,0,0
2/27/1984,0,0,0
2/28/1984,0,0,0
2/29/1984,0,0,0
3/1/1984,0,0,0
3/2/1984,0,0,0
3/3/1984,0,0,0
3/4/1984,0,0,0
3/5/1984,0,0,0
3/6/1984,0,0,0
3/7/1984,0,0,0
3/8/1984,0,0,0
3/9/1984,0,0,0
3/10/1984,0,0,0
3/11/1984,0,0,0
3/12/1984,0,0,0
3/13/1984,0,0,0
3/14/1984,0,0,0
3/15/1984,0,0,0
3/16/1984,0,0,0
3/17/1984,0,0,0
3/18/1984,0,0,0
3/19/1984,0,0,0
3/20/1984,0,0,0
3/21/1984,0,0,0
3/22/1984,0,0,0
3/23/1984,0,0,0
3/24/1984,0,0,0
3/25/1984,0,0,0
3/26/1984,0,14,0
3/27/1984,13.5,0,14.5
3/28/1984,0,0,0
3/29/1984,0,0,0
3/30/1984,0,0,0
3/31/1984,0,2,0
4/1/1984,1.9,0,0
4/2/1984,0,0,0
4/3/1984,0,0,0
4/4/1984,0,0,0
4/5/1984,0,0,0
4/6/1984,0,0,0
4/7/1984,0,0,0
4/8/1984,0,0,0
4/9/1984,0,0,0
4/10/1984,1.7,0,0
4/11/1984,3.4,2.7,3.3
4/12/1984,0.6,0,0
4/13/1984,0,0,1.9
4/14/1984,0,0,0
4/15/1984,1.4,0,0
4/16/1984,0,0,0
4/17/1984,1.4,5,0
4/18/1984,1.3,2.2,0
4/19/1984,0,0,0
4/20/1984,0,0,0
4/21/1984,0,0,0
4/22/1984,0.8,6,0
4/23/1984,0,0,0
4/24/1984,0,0,0
4/25/1984,0.5,0,4
4/26/1984,0,0,0
4/27/1984,21.1,0,9
4/28/1984,11,1.2,9
4/29/1984,15,21,12
4/30/1984,0,4,6.2
5/1/1984,0,0,0
5/2/1984,0,0,0
5/3/1984,0,0,0
5/4/1984,2,6,2
5/5/1984,0,0,0
5/6/1984,12.7,21,16
5/7/1984,3.9,21.8,7.5
5/8/1984,1.9,11,7.4
5/9/1984,13.2,13.7,3.5
5/10/1984,18.4,10,15
5/11/1984,0,0,0
5/12/1984,6.6,0,0
5/13/1984,19.4,17.6,8.5
5/14/1984,1.5,3,2
5/15/1984,0.2,3,0.2
5/16/1984,0,0,0
5/17/1984,0,0,0
5/18/1984,0,0,0
5/19/1984,0,0,0
5/20/1984,0,0,0
5/21/1984,0,0,0
5/22/1984,0,0,0
5/23/1984,0,0,0
5/24/1984,0,0,0
5/25/1984,8.6,32,3
5/26/1984,0.4,0,1
5/27/1984,0,3,5.5
5/28/1984,0.6,8,3
5/29/1984,2.8,15,10
5/30/1984,3.2,1.6,2.4
5/31/1984,0.6,0,8.5
6/1/1984,0,0,4
6/2/1984,0,0,0
6/3/1984,70.2,31.2,45
6/4/1984,0.8,0,2
6/5/1984,2.3,4.8,1
6/6/1984,1.2,0,2
6/7/1984,0,17.7,9
6/8/1984,33,3,8.4
6/9/1984,4.5,7,6.5
6/10/1984,2.3,1,4.5
6/11/1984,2.7,8.5,0
6/12/1984,10.8,16.2,4
6/13/1984,0.7,3.7,0.4
6/14/1984,7.3,0,7.5
6/15/1984,0.9,0,14.5
6/16/1984,5.4,9.7,20
6/17/1984,4.6,5.6,7
6/18/1984,2.6,9.1,3.5
6/19/1984,7.8,5.3,14.5
6/20/1984,2.8,1.7,1
6/21/1984,0,5,2
6/22/1984,20.5,4.6,5.5
6/23/1984,0.5,8.3,4
6/24/1984,1.2,0,15
6/25/1984,0,1.1,5
6/26/1984,14.2,18,11
6/27/1984,0.1,0,0
6/28/1984,67,18.5,43
6/29/1984,0.5,0,0
6/30/1984,11.1,9,6.6
7/1/1984,0.8,3.5,0.5
7/2/1984,0.4,27.3,1
7/3/1984,9.7,11,3
7/4/1984,2.5,5.2,0
7/5/1984,3.6,5,0.4
7/6/1984,16.5,6.1,17
7/7/1984,18.5,9,12.4
7/8/1984,13.5,66,37
7/9/1984,30.2,28.8,33.5
7/10/1984,14.6,9.3,25
7/11/1984,14.2,17,22.5
7/12/1984,2.6,1.4,6.8
7/13/1984,2.6,0,0
7/14/1984,13.1,0,0
7/15/1984,0,0,0
7/16/1984,6.9,13.3,17
7/17/1984,2.5,9,1
7/18/1984,2.3,1.6,0
7/19/1984,0,0,0
7/20/1984,1.8,0,0
7/21/1984,0,0,2
7/22/1984,5.8,11.4,1.5
7/23/1984,7,13.1,12
7/24/1984,9.5,18,14.4
7/25/1984,6.9,5,5
7/26/1984,14.6,31,18.5
7/27/1984,21,38.6,19
7/28/1984,1.5,15,2
7/29/1984,3.5,6,4.5
7/30/1984,5,4.2,16
7/31/1984,19,2,5
8/1/1984,14.3,12.5,10.5
8/2/1984,9.5,1.3,10.2
8/3/1984,0,0,0
8/4/1984,15,0,21
8/5/1984,0,0,0
8/6/1984,1.8,0,1.4
8/7/1984,0.2,1.5,27
8/8/1984,46.2,11.5,0
8/9/1984,1.6,0,0
8/10/1984,6.5,0,1.2
8/11/1984,0,0,3.5
8/12/1984,0.9,24.2,0
8/13/1984,46,11,23
8/14/1984,0.2,0,0
8/15/1984,14.7,22.6,13.4
8/16/1984,76.5,11,45
8/17/1984,8,5.6,8
8/18/1984,0.1,3.2,0
8/19/1984,0.2,5,2
8/20/1984,2.8,2.8,5
8/21/1984,0.1,0,0
8/22/1984,0.2,0,0
8/23/1984,3,7,3.5
8/24/1984,12.8,5,17
8/25/1984,0.5,2,1
8/26/1984,8.1,0,64.5
8/27/1984,3,0,5
8/28/1984,0,0,0
8/29/1984,0.9,25,1.3
8/30/1984,4,15,28.5
8/31/1984,24.8,0,0
9/1/1984,13.2,26,13
9/2/1984,3,14.5,10
9/3/1984,17.7,9,2
9/4/1984,14.2,13,30.5
9/5/1984,20.7,10.2,14.5
9/6/1984,44.7,59.4,65.5
9/7/1984,16.7,18.5,44
9/8/1984,45,42,54.5
9/9/1984,14.7,8,7.5
9/10/1984,0.6,9.4,1
9/11/1984,7,3.2,9
9/12/1984,6,16.5,2
9/13/1984,0.4,41,0
9/14/1984,0,0,0
9/15/1984,9.4,4.2,18
9/16/1984,0.4,7.1,1
9/17/1984,25,19,4
9/18/1984,19.8,18.7,19
9/19/1984,1.1,0,1
9/20/1984,0.6,0,9.5
9/21/1984,0,0,0.3
9/22/1984,0,0,0
9/23/1984,0,0,0
9/24/1984,0,0,0
9/25/1984,0,0,0
9/26/1984,0,0,0
9/27/1984,0,0,0
9/28/1984,0,0,0
9/29/1984,0,0,0
9/30/1984,0,0,0
10/1/1984,0,0,0
10/2/1984,0,0,0
10/3/1984,0,0,0
10/4/1984,0,0,0
10/5/1984,0,0,0
10/6/1984,0,0,0
10/7/1984,0,0,0
10/8/1984,0,0,0
10/9/1984,0,0,0
10/10/1984,0,0,0
10/11/1984,0,0,0
10/12/1984,1,1.5,0
10/13/1984,0,0,0
10/14/1984,0,0,0
10/15/1984,17.4,17.5,16
10/16/1984,0,0,0
10/17/1984,0,0,0
10/18/1984,0,0,0
10/19/1984,0,0,0
10/20/1984,0,0,0
10/21/1984,0,0,0
10/22/1984,0,0,0
10/23/1984,0,0,0
10/24/1984,0,0,0
10/25/1984,0,0,0
10/26/1984,0,0,0
10/27/1984,0,0,0
10/28/1984,0,0,0
10/29/1984,0,0,0
10/30/1984,0,0,0
10/31/1984,0,0,0
11/1/1984,0,0,0
11/2/1984,0,0,0
11/3/1984,0,0,0
11/4/1984,0,0,0
11/5/1984,0,0,0
11/6/1984,0,0,0
11/7/1984,0,0,0
11/8/1984,0,0,0
11/9/1984,0,0,0
11/10/1984,0.1,0,0
11/11/1984,0,0,0
11/12/1984,0,0,0
11/13/1984,0,0,0
11/14/1984,0,0,0
11/15/1984,0,0,0
11/16/1984,0,0,0
11/17/1984,0,0,0
11/18/1984,0,0,0
11/19/1984,0,0,0
11/20/1984,0,0,0
11/21/1984,0,0,0
11/22/1984,0,0,0
11/23/1984,0,0,0
11/24/1984,0,0,0
11/25/1984,0,0,0
11/26/1984,0,0,0
11/27/1984,0,0,0
11/28/1984,0,0,0
11/29/1984,0,0,0
11/30/1984,0,0,0
12/1/1984,0,0,0
12/2/1984,0,0,0
12/3/1984,0,0,0
12/4/1984,0,0,0
12/5/1984,0,0,0
12/6/1984,0,0,0
12/7/1984,0,0,0
12/8/1984,0,0,0
12/9/1984,0,0,0
12/10/1984,0,0,0
12/11/1984,0,0,0
12/12/1984,0,0,1
12/13/1984,0,0,6.5
12/14/1984,7.4,4.5,0
12/15/1984,0,0,0
12/16/1984,0,0,0
12/17/1984,0,0,0
12/18/1984,0,0,0
12/19/1984,0,0,0
12/20/1984,0,0,0
12/21/1984,0,0,0
12/22/1984,0,0,0
12/23/1984,0,0,0
12/24/1984,0,0,0
12/25/1984,0,0,0
12/26/1984,0,0,0
12/27/1984,0,0,0
12/28/1984,0,0,0
12/29/1984,0,0,0
12/30/1984,0,0,0
12/31/1984,0,0,0.4
1/1/1985,2.7,2,1
1/2/1985,1.2,0,1.5
1/3/1985,0,0,0
1/4/1985,0,0,0
1/5/1985,0,0,0
1/6/1985,5.6,4.1,6.5
1/7/1985,0,0,0
1/8/1985,0,0,0
1/9/1985,0,0,0
1/10/1985,0,0,0
1/11/1985,0,0,0
1/12/1985,0,0,0
1/13/1985,0,0,0
1/14/1985,0,0,0
1/15/1985,0,0,0
1/16/1985,0,0,0
1/17/1985,0,0,0
1/18/1985,0,0,0
1/19/1985,0,0,0
1/20/1985,0,0,0
1/21/1985,0,0,0
1/22/1985,0.2,0,0
1/23/1985,0,0,0
1/24/1985,0,0,0
1/25/1985,0,0,0
1/26/1985,0,0,0
1/27/1985,0,0,0
1/28/1985,0,0,0
1/29/1985,0,0,0
1/30/1985,0,0,0
1/31/1985,0,0,0
2/1/1985,0,0,0
2/2/1985,0,0,0
2/3/1985,0,0,0
2/4/1985,0,0,0
2/5/1985,0.2,0,0
2/6/1985,3,0,0.5
2/7/1985,0,0,0
2/8/1985,0,0,0
2/9/1985,0,0,0
2/10/1985,0,0,0
2/11/1985,0,0,0
2/12/1985,0,0,0
2/13/1985,0,0,0
2/14/1985,0,0,0
2/15/1985,0,0,0
2/16/1985,0,0,0
2/17/1985,0,0,0
2/18/1985,0,0,0
2/19/1985,0,0,0
2/20/1985,0,0,0
2/21/1985,0,0,0
2/22/1985,0,0,0
2/23/1985,0,0,0
2/24/1985,0,0,0
2/25/1985,0,0,0
2/26/1985,0,0,0
2/27/1985,0,0,0
2/28/1985,0,0,0
3/1/1985,0,0,0
3/2/1985,0,0,0
3/3/1985,0,0,0
3/4/1985,0,0,0
3/5/1985,0,0,0
3/6/1985,0,0,0
3/7/1985,0,0,0
3/8/1985,0,0,0
3/9/1985,0,0,0
3/10/1985,0,0,0
3/11/1985,0,0,0
3/12/1985,0,0,0
3/13/1985,0,0,0
3/14/1985,0,0,0
3/15/1985,0,0,0
3/16/1985,0,0,0
3/17/1985,0,0,0
3/18/1985,0,0,0
3/19/1985,0,0,0
3/20/1985,0,0,0
3/21/1985,0,0,0
3/22/1985,0,0,0
3/23/1985,0,0,0
3/24/1985,0,0,0
3/25/1985,0,0,0
3/26/1985,0,0,0
3/27/1985,0,0,0
3/28/1985,0,0,0
3/29/1985,4,0,4
3/30/1985,0,0,0
3/31/1985,0,0,0
4/1/1985,0,0,0
4/2/1985,0,0,0
4/3/1985,0,0,0
4/4/1985,0,0,0
4/5/1985,0,0,0
4/6/1985,0,0,0
4/7/1985,0,0,0
4/8/1985,0,0,0
4/9/1985,0,0,0
4/10/1985,0,14,9.4
4/11/1985,0,0,0
4/12/1985,0,0,0
4/13/1985,13.3,0,0
4/14/1985,0,0,0
4/15/1985,0,0,0
4/16/1985,0,0,0
4/17/1985,0,0,0
4/18/1985,0,0,0
4/19/1985,0,0,0
4/20/1985,0,0,0
4/21/1985,0,0,0
4/22/1985,0,0,0
4/23/1985,6,0,18.5
4/24/1985,0,32,0
4/25/1985,0,0,0
4/26/1985,0,0,0
4/27/1985,0,0,0
4/28/1985,0,0,0
4/29/1985,5.5,24,1
4/30/1985,0,0,6.5
5/1/1985,19.2,1.2,10
5/2/1985,1,2.3,1.5
5/3/1985,9.2,10,10
5/4/1985,0,0,0
5/5/1985,2.8,4,4.2
5/6/1985,0,0,0
5/7/1985,10,1.7,11
5/8/1985,0,0,0
5/9/1985,0,0,0
5/10/1985,2.2,2.5,7
5/11/1985,21.9,29,26
5/12/1985,4.3,24,18
5/13/1985,0,0,0
5/14/1985,0,0,0
5/15/1985,2.7,6,4
5/16/1985,0,0,0
5/17/1985,0,0,0
5/18/1985,1.2,2.5,0
5/19/1985,2,30,8
5/20/1985,0,0,0
5/21/1985,8.2,32.7,2.8
5/22/1985,10.5,4,8
5/23/1985,0,0,0
5/24/1985,4,0,0
5/25/1985,0,0,0
5/26/1985,0,0,0
5/27/1985,11,8,6
5/28/1985,16.7,0,0
5/29/1985,0,0,0
5/30/1985,0.1,0,0
5/31/1985,5.5,14.5,5
6/1/1985,5.5,3.1,3.4
6/2/1985,1.6,15.2,1
6/3/1985,13.3,17.1,21
6/4/1985,1.2,8.4,0
6/5/1985,0,0,0
6/6/1985,3,10.7,3
6/7/1985,20.6,38,34
6/8/1985,0,0,0
6/9/1985,0,0,0
6/10/1985,0,0,0
6/11/1985,0,0,0
6/12/1985,3.3,0,4.4
6/13/1985,0,0,0
6/14/1985,6,40,0
6/15/1985,0,0,0
6/16/1985,0,1.7,0.5
6/17/1985,0,0,0
6/18/1985,0,0,0
6/19/1985,32.3,17,23
6/20/1985,0.3,0,10
6/21/1985,0.1,47.4,5.5
6/22/1985,0,4,3.8
6/23/1985,35.5,1,0
6/24/1985,0,1.6,0
6/25/1985,0.1,29.6,0
6/26/1985,28.6,18.7,0
6/27/1985,0.2,18.7,0
6/28/1985,0.5,6,2
6/29/1985,8.2,9.7,19
6/30/1985,0.5,5,6
7/1/1985,12,22.3,22.5
7/2/1985,5.5,32,4
7/3/1985,3.3,40,0.4
7/4/1985,31.5,50,46
7/5/1985,1,40.2,3.5
7/6/1985,50.8,50,36
7/7/1985,44.2,60,5.7
7/8/1985,28.7,10,19
7/9/1985,3,13,3
7/10/1985,15.5,40,16
7/11/1985,0.2,1.2,23
7/12/1985,5.7,14,10
7/13/1985,16,6,6.4
7/14/1985,39,50,24.5
7/15/1985,14,32.1,8.5
7/16/1985,9.7,16.6,16.5
7/17/1985,8.5,5,9
7/18/1985,3.7,13,3.5
7/19/1985,3,9.3,0.3
7/20/1985,8.7,36,4
7/21/1985,1,1.5,2
7/22/1985,15,6,7
7/23/1985,8.6,4,4
7/24/1985,15.4,8,12
7/25/1985,21.5,13,22
7/26/1985,36.2,11.2,32
7/27/1985,3.6,9,4
7/28/1985,8.7,70,4
7/29/1985,4.3,0,7.5
7/30/1985,0,0,0
7/31/1985,0,0,0
8/1/1985,21.3,19,9
8/2/1985,26.3,8.3,12
8/3/1985,4.5,2,0.5
8/4/1985,8.9,6.5,22
8/5/1985,0.9,41,1
8/6/1985,8.8,7,4
8/7/1985,6.4,2,4
8/8/1985,5.3,3,8.5
8/9/1985,0,1,0
8/10/1985,0,0,2
8/11/1985,0,2,0
8/12/1985,17,0,0
8/13/1985,0,0,0
8/14/1985,43,67.2,23
8/15/1985,4.5,8.3,6
8/16/1985,30.7,20,23
8/17/1985,2.7,4,3.5
8/18/1985,8,2.3,2
8/19/1985,5.1,14,10
8/20/1985,25.3,6,19
8/21/1985,35.2,15,16
8/22/1985,1.7,6,2
8/23/1985,51.5,17.2,26
8/24/1985,11.5,14,9
8/25/1985,0,0,0
8/26/1985,0.7,0,0
8/27/1985,40.3,8,8.5
8/28/1985,1,11,5
8/29/1985,22.5,9,13
8/30/1985,23,10,2.3
8/31/1985,28.3,11,61.5
9/1/1985,22.5,36,23
9/2/1985,0,0,0
9/3/1985,5,2.5,2.5
9/4/1985,36.2,45.7,40
9/5/1985,66.3,47.5,71.5
9/6/1985,5.6,9,5
9/7/1985,0,0,2.5
9/8/1985,3.9,2.5,0
9/9/1985,0.2,14.3,0
9/10/1985,0,0,0
9/11/1985,9.3,8,6
9/12/1985,0.4,1.3,0
9/13/1985,1.2,12,9.5
9/14/1985,40.2,10,0
9/15/1985,3.2,12,11.5
9/16/1985,5.6,25.2,8
9/17/1985,69.3,65.6,60
9/18/1985,40.7,33,42
9/19/1985,0.5,0,0
9/20/1985,0,0,0
9/21/1985,1,8,0
9/22/1985,0.1,0,0
9/23/1985,0,3.2,0
9/24/1985,1.3,8,0
9/25/1985,30.1,8,7
9/26/1985,12,12.1,16.5
9/27/1985,0,0,0
9/28/1985,0,0,0
9/29/1985,13.8,8.2,9.5
9/30/1985,7.2,15,12.5
10/1/1985,0,0,0
10/2/1985,0,2.1,0
10/3/1985,0,0,0
10/4/1985,0,0,0
10/5/1985,0,0,0
10/6/1985,0,8.2,0
10/7/1985,0,0,0
10/8/1985,0,0,0
10/9/1985,4.6,4.3,5.5
10/10/1985,37.2,38,34
10/11/1985,52,46.3,52
10/12/1985,1.3,0,10
10/13/1985,0,0,0
10/14/1985,0,0,0
10/15/1985,0,0,0
10/16/1985,0,0,0
10/17/1985,35.5,30,40
10/18/1985,16.2,18,14.5
10/19/1985,19,30,26.5
10/20/1985,0,0,0
10/21/1985,0,0,0
10/22/1985,1.2,2,0
10/23/1985,0,0,0
10/24/1985,0,0,0
10/25/1985,0,0,0
10/26/1985,0,0,0
10/27/1985,0,0,0
10/28/1985,0,0,0
10/29/1985,0,0,0
10/30/1985,0,0,0
10/31/1985,0.2,0,0
11/1/1985,0,0,0
11/2/1985,0,0,0
11/3/1985,0,0,0
11/4/1985,0,0,0
11/5/1985,0,0,0
11/6/1985,0,0,0
11/7/1985,0,0,0
11/8/1985,0,0,0
11/9/1985,0,0,0
11/10/1985,0,0,0
11/11/1985,0,0,0
11/12/1985,0,0,0
11/13/1985,0,0,0
11/14/1985,0,0,0
11/15/1985,0,0,0
11/16/1985,0,0,0
11/17/1985,0,0,0
11/18/1985,0,0,0
11/19/1985,0,0,0
11/20/1985,0,0,0
11/21/1985,0,0,0
11/22/1985,0,0,0
11/23/1985,0,0,0
11/24/1985,0,0,0
11/25/1985,0,0,0
11/26/1985,0,0,0
11/27/1985,0,0,0
11/28/1985,0,0,0
11/29/1985,0,0,0
11/30/1985,0,0,0
12/1/1985,0,0,0
12/2/1985,0,0,0
12/3/1985,0,0,0
12/4/1985,0,0,0
12/5/1985,0,0,0
12/6/1985,0,0,0
12/7/1985,0,0,0
12/8/1985,0,0,0
12/9/1985,0,0,0
12/10/1985,0,0,0
12/11/1985,0,0,0
12/12/1985,0,0,0
12/13/1985,0,0,0
12/14/1985,0,0,0
12/15/1985,0,0,0
12/16/1985,0,0,0
12/17/1985,0,0,0
12/18/1985,0,0,0
12/19/1985,0,0,0
12/20/1985,0,0,0
12/21/1985,0,0,0
12/22/1985,0,0,0
12/23/1985,0,0,0
12/24/1985,0,0,0
12/25/1985,0,0,0
12/26/1985,0,0,0
12/27/1985,27.6,13,37
12/28/1985,27,33,30.5
12/29/1985,0,0,0
12/30/1985,0,0,0
12/31/1985,0,0,0
1/1/1986,0,0,0
1/2/1986,0,0,0
1/3/1986,0,0,0
1/4/1986,0,0,0
1/5/1986,0,0,0
1/6/1986,0,0,0
1/7/1986,0,0,0
1/8/1986,0,0,0
1/9/1986,0,0,0
1/10/1986,0,0,0
1/11/1986,0,0,0
1/12/1986,0,0,0
1/13/1986,0,0,0
1/14/1986,0,0,0
1/15/1986,0,0,0
1/16/1986,0,0,0
1/17/1986,0,0,0
1/18/1986,0,0,0
1/19/1986,0,0,0
1/20/1986,0,0,0
1/21/1986,0,0,0
1/22/1986,0,0,0
1/23/1986,0,0,0
1/24/1986,0,0,0
1/25/1986,0,0,0
1/26/1986,0,0,0
1/27/1986,0,0,0
1/28/1986,0,0,0
1/29/1986,0,0,0
1/30/1986,0,0,0
1/31/1986,0,0,0
2/1/1986,0,0,0
2/2/1986,0,0,0
2/3/1986,0,0,0
2/4/1986,0,0,0
2/5/1986,0,0,0
2/6/1986,0,0,0
2/7/1986,0,0,0
2/8/1986,0,0,0
2/9/1986,0,0,0
2/10/1986,0,0,0
2/11/1986,19.5,16.5,18
2/12/1986,0,0,0
2/13/1986,0,0,2
2/14/1986,0,0,7
2/15/1986,3,3,3.5
2/16/1986,0,0,0
2/17/1986,0,0,0
2/18/1986,0,0,0
2/19/1986,0,0,0
2/20/1986,0,0,0
2/21/1986,0,0,0
2/22/1986,0,0,0
2/23/1986,0,0,0
2/24/1986,0,0,0
2/25/1986,0,0,0
2/26/1986,0,0,0
2/27/1986,0,0,0
2/28/1986,0,0,0
3/1/1986,0,0,0
3/2/1986,0,0,0
3/3/1986,0,0,0
3/4/1986,0,0,0
3/5/1986,0,0,0
3/6/1986,4.5,0,7.8
3/7/1986,0,0,0
3/8/1986,0,0,0
3/9/1986,0,0,0
3/10/1986,0,0,0
3/11/1986,0,0,0
3/12/1986,1.5,4,6
3/13/1986,7,3,4
3/14/1986,0,0,0
3/15/1986,0,0,0
3/16/1986,0,0,0
3/17/1986,0,0,0
3/18/1986,0,0,0
3/19/1986,1.3,0,1.5
3/20/1986,1.5,1,0
3/21/1986,0,0,0
3/22/1986,0,0,0
3/23/1986,0,0,0
3/24/1986,0,0,0
3/25/1986,0,0,0
3/26/1986,0,0,0
3/27/1986,0,0,0
3/28/1986,0,0,0
3/29/1986,0,0,0
3/30/1986,0,0,0
3/31/1986,0,0,0
4/1/1986,2.8,0,2
4/2/1986,0,0,0
4/3/1986,0.6,0,0
4/4/1986,3.3,1,4
4/5/1986,23.5,23,31.5
4/6/1986,0,0,0
4/7/1986,0,0,0
4/8/1986,0,0,0
4/9/1986,0,0,0
4/10/1986,0,0,0
4/11/1986,16,0,0
4/12/1986,6.4,4,5
4/13/1986,4.1,6,4.5
4/14/1986,0,0,0
4/15/1986,0,0,0
4/16/1986,0,0,0
4/17/1986,0,0,0
4/18/1986,0,0,0
4/19/1986,0,0,0
4/20/1986,0,0,0
4/21/1986,0,3,0
4/22/1986,5,0,0
4/23/1986,0,4,6.5
4/24/1986,0,20,7
4/25/1986,13.6,0,17.5
4/26/1986,2.4,0,27.5
4/27/1986,13,1,0
4/28/1986,2.3,7,0
4/29/1986,0,2.5,0
4/30/1986,0.4,0,0
5/1/1986,0,0,0
5/2/1986,0,0,0
5/3/1986,0,19.7,0
5/4/1986,10,2.5,4.5
5/5/1986,0.8,0,0.5
5/6/1986,0,4,0
5/7/1986,1,0,0
5/8/1986,0.9,0,0
5/9/1986,0,0,0
5/10/1986,0,0,0
5/11/1986,0,0,0
5/12/1986,0.8,0,10
5/13/1986,14.7,8.2,15.5
5/14/1986,9.5,3.3,3.5
5/15/1986,21,16.5,12
5/16/1986,14.4,36.7,27.5
5/17/1986,0,0,0
5/18/1986,5.7,5,4.5
5/19/1986,0,3.5,1.5
5/20/1986,0,0,0
5/21/1986,1.6,3.2,4
5/22/1986,0,0,0
5/23/1986,0,0,0
5/24/1986,0,0,0
5/25/1986,0,0,0
5/26/1986,0,0,0
5/27/1986,2.3,0,13.5
5/28/1986,14.2,6,9.7
5/29/1986,0,0,0
5/30/1986,0,0,0
5/31/1986,0,0,0
6/1/1986,0,0,1.5
6/2/1986,3.3,0,4.8
6/3/1986,0,0,0
6/4/1986,0,0,0
6/5/1986,0,0,0
6/6/1986,0,0,0
6/7/1986,0,0,0
6/8/1986,0,0,0
6/9/1986,6.6,0,0
6/10/1986,3.7,0,4.5
6/11/1986,0.3,6,1
6/12/1986,0,4,0
6/13/1986,0.8,0,0
6/14/1986,5,11,2.5
6/15/1986,5,0,2.4
6/16/1986,0,0,0
6/17/1986,10.2,0,0
6/18/1986,47.5,9,13
6/19/1986,1.6,3.3,8
6/20/1986,3.6,20,11
6/21/1986,0.5,10,0
6/22/1986,11.3,44,28
6/23/1986,20.4,7,3
6/24/1986,24.7,29,11
6/25/1986,8.8,0,10.3
6/26/1986,3,0,0
6/27/1986,24.8,109,40
6/28/1986,39.7,10,22
6/29/1986,65.3,80,73
6/30/1986,29.5,21,30.5
7/1/1986,18.2,0,26
7/2/1986,0.5,1,1
7/3/1986,0,12,0
7/4/1986,0,5.1,0
7/5/1986,12.7,2.3,2.5
7/6/1986,4.8,0,1
7/7/1986,12.8,16.5,23
7/8/1986,11.7,8,9
7/9/1986,0,15,0
7/10/1986,0,19.6,0
7/11/1986,5.4,9.2,16.5
7/12/1986,0,0,0
7/13/1986,5.9,0,0
7/14/1986,5.2,7,20
7/15/1986,0,13,2.4
7/16/1986,77.6,12,30
7/17/1986,12.7,10,14.8
7/18/1986,37.3,40,14.2
7/19/1986,6.8,40,7.7
7/20/1986,4.5,31,4
7/21/1986,21.2,29,14.4
7/22/1986,3,6,5.2
7/23/1986,2,0,9.5
7/24/1986,0,0,0
7/25/1986,9.8,25.7,16.4
7/26/1986,5.5,24,24
7/27/1986,0,4,1
7/28/1986,32.4,9,9.6
7/29/1986,2,3.3,1.7
7/30/1986,31.6,22,20
7/31/1986,57.2,18.1,29.5
8/1/1986,16.5,25,22.5
8/2/1986,10.6,28,7
8/3/1986,61.5,12,28.5
8/4/1986,7.2,0,1.2
8/5/1986,11.4,2,2
8/6/1986,9.8,7,4.7
8/7/1986,4.5,16.7,5.2
8/8/1986,1,0,6.2
8/9/1986,0,68,4.5
8/10/1986,11.5,10.2,9
8/11/1986,0.3,1,0
8/12/1986,12.8,5,4.5
8/13/1986,0,0,1
8/14/1986,0,0,0
8/15/1986,0,0,0
8/16/1986,5.9,6,14
8/17/1986,6.5,32,3.5
8/18/1986,3.8,3,1
8/19/1986,8.3,3,7
8/20/1986,5.6,0,10.5
8/21/1986,2.2,12,14
8/22/1986,0.3,0,3
8/23/1986,20.7,0,30.5
8/24/1986,12.6,28,20
8/25/1986,1.6,17,22
8/26/1986,0,2.2,4
8/27/1986,3.5,0,9
8/28/1986,0.5,8,0
8/29/1986,0,14,0
8/30/1986,0,0,0
8/31/1986,0,0,0
9/1/1986,47.5,0,21
9/2/1986,0,23,0
9/3/1986,6.3,0,1
9/4/1986,6.3,4.2,10
9/5/1986,0.4,9,0
9/6/1986,9.9,1,2
9/7/1986,0,15.6,0
9/8/1986,0,0,3.5
9/9/1986,1.4,16.5,17
9/10/1986,1.1,3.6,1
9/11/1986,9.8,6.7,11
9/12/1986,11.4,18,14
9/13/1986,5.9,7.5,7.5
9/14/1986,43.8,12,47
9/15/1986,42.5,41,33
9/16/1986,0.5,74.5,0
9/17/1986,0,0,0
9/18/1986,0,0,0
9/19/1986,0,0,0
9/20/1986,0,0,0
9/21/1986,9.2,0,1
9/22/1986,0,0,0
9/23/1986,6.1,0,0
9/24/1986,0,7,0
9/25/1986,0.5,26,0
9/26/1986,0.5,15.5,3.5
9/27/1986,1.1,0,15
9/28/1986,16.6,24.1,14
9/29/1986,0.5,11.7,2
9/30/1986,0,7.3,0
10/1/1986,5.3,91,8
10/2/1986,0.2,0,0
10/3/1986,0,0,0
10/4/1986,0,4,0
10/5/1986,0,6,0
10/6/1986,11.4,16,15.2
10/7/1986,0,0,0.5
10/8/1986,0.1,0,0
10/9/1986,22.3,1,9.5
10/10/1986,0,0,0
10/11/1986,0,2,0
10/12/1986,25.5,0,0
10/13/1986,0.4,3,0
10/14/1986,0,5,0
10/15/1986,13.1,0,11.5
10/16/1986,0.2,2,0
10/17/1986,1,0,0
10/18/1986,0,0,0
10/19/1986,0,0,0
10/20/1986,0,0,0
10/21/1986,0,0,0
10/22/1986,0,0,0
10/23/1986,0,0,0
10/24/1986,0,0,0
10/25/1986,0,0,0
10/26/1986,0,0,0
10/27/1986,0,0,0
10/28/1986,0,0,0
10/29/1986,0,0,0
10/30/1986,0,0,0
10/31/1986,0,0,0
11/1/1986,0,0,0
11/2/1986,0,0,0
11/3/1986,0,0,0
11/4/1986,0,0,0
11/5/1986,0,0,0
11/6/1986,0,0,0
11/7/1986,0,0,0
11/8/1986,0,0,0
11/9/1986,0,0,0
11/10/1986,0,0,0
11/11/1986,0,0,0
11/12/1986,0,0,0
11/13/1986,0,0,0
11/14/1986,0,0,0
11/15/1986,0,0,0
11/16/1986,0,0,0
11/17/1986,0,0,0
11/18/1986,0,0,0
11/19/1986,0,0,0
11/20/1986,0,0,0
11/21/1986,0,0,0
11/22/1986,0,0,0
11/23/1986,0,0,0
11/24/1986,0,0,0
11/25/1986,0,0,0
11/26/1986,0,0,0
11/27/1986,0,0,0
11/28/1986,0,0,0
11/29/1986,0,0,0
11/30/1986,0,0,0
12/1/1986,0,0,0
12/2/1986,0,0,0
12/3/1986,0,0,0
12/4/1986,0,0,0
12/5/1986,0,0,0
12/6/1986,0,0,0
12/7/1986,0,0,0
12/8/1986,0,0,0
12/9/1986,0,0,0
12/10/1986,0,0,0
12/11/1986,0,0,0
12/12/1986,0,0,0
12/13/1986,0,0,0
12/14/1986,11.5,10,16
12/15/1986,4.5,6,2.5
12/16/1986,0,0,0
12/17/1986,0,0,0
12/18/1986,0.2,0,3
12/19/1986,32,0,28
12/20/1986,0,33.3,0
12/21/1986,0,0,0
12/22/1986,0,0,0
12/23/1986,0,0,0
12/24/1986,0,0,0
12/25/1986,0,0,0
12/26/1986,0,0,0
12/27/1986,0,0,0
12/28/1986,0,0,0
12/29/1986,0,0,0
12/30/1986,0,0,0
12/31/1986,1.2,0,0.2
1/1/1987,0,0,0
1/2/1987,0,0,0
1/3/1987,0,0,0
1/4/1987,0,0,0
1/5/1987,0,0,0
1/6/1987,0,0,0
1/7/1987,0,0,0
1/8/1987,0,0,0
1/9/1987,0,0,0
1/10/1987,0,0,0
1/11/1987,0,0,0
1/12/1987,2.7,2,2
1/13/1987,0,0,0
1/14/1987,0,0,0
1/15/1987,0,0,0
1/16/1987,0,0,0
1/17/1987,0,0,0
1/18/1987,0.5,0,0
1/19/1987,0,0,0
1/20/1987,0,0,0
1/21/1987,0,0,0
1/22/1987,0,0,0
1/23/1987,0,0,0
1/24/1987,0,0,17.4
1/25/1987,0,0,0
1/26/1987,0,0,0
1/27/1987,0,0,0
1/28/1987,0,0,0
1/29/1987,0,0,0
1/30/1987,0,0,0
1/31/1987,0,0,0
2/1/1987,0,0,0
2/2/1987,0,0,0
2/3/1987,0,0,0
2/4/1987,25,31.6,34
2/5/1987,6.5,0,3
2/6/1987,0,0,0
2/7/1987,0,0,0
2/8/1987,0,0,0
2/9/1987,0,0,0
2/10/1987,0,0,0
2/11/1987,0,0,0
2/12/1987,0,0,0
2/13/1987,0,0,0
2/14/1987,0,0,0
2/15/1987,0,0,0
2/16/1987,1.3,4.4,2
2/17/1987,0.5,0,0
2/18/1987,2.6,5,2
2/19/1987,0,0,0
2/20/1987,0,0,0
2/21/1987,0,0,0
2/22/1987,0,0,0
2/23/1987,0,0,0
2/24/1987,0,0,0
2/25/1987,0,0,0
2/26/1987,0,0,0
2/27/1987,0,0,0
2/28/1987,7.4,7.2,11
3/1/1987,0,0,0
3/2/1987,0,0,0
3/3/1987,0,0,0
3/4/1987,0,0,0
3/5/1987,6.8,0,0
3/6/1987,0,0,0
3/7/1987,0,0,0
3/8/1987,0,0,0
3/9/1987,1,7,2
3/10/1987,0,0,0
3/11/1987,1,0,0
3/12/1987,0.2,0,0
3/13/1987,5.1,3,2
3/14/1987,0.2,0,0
3/15/1987,1.8,7,0
3/16/1987,0,0,0
3/17/1987,0.9,2.5,4
3/18/1987,9.6,14,8.4
3/19/1987,0.8,2,0
3/20/1987,0,0,0
3/21/1987,2.3,0,6.9
3/22/1987,0,0,0
3/23/1987,0,0,0
3/24/1987,0,0,0
3/25/1987,0,0,0
3/26/1987,0,0,0
3/27/1987,6.2,6.3,5.5
3/28/1987,0,0,0
3/29/1987,0,0,0
3/30/1987,0,0,0
3/31/1987,0,0,0
4/1/1987,0,0,0.2
4/2/1987,0,0,0
4/3/1987,0,0,0
4/4/1987,0,0,0
4/5/1987,0,0,0
4/6/1987,0,0,0
4/7/1987,0,0,0
4/8/1987,0,0,0
4/9/1987,0,0,1
4/10/1987,0,0,0
4/11/1987,0,0,0
4/12/1987,0,0,0
4/13/1987,0,0,0
4/14/1987,0,0,0
4/15/1987,0,0,0
4/16/1987,0,0,0
4/17/1987,0,0,0
4/18/1987,0,0,0
4/19/1987,1.8,0,2.5
4/20/1987,0,0,0
4/21/1987,0,3,0
4/22/1987,0,0,0
4/23/1987,10.3,16,2.2
4/24/1987,0,0,0
4/25/1987,4.8,2,1
4/26/1987,0,0,0
4/27/1987,11,4.1,19.8
4/28/1987,6.5,0,3.7
4/29/1987,0,0,5.3
4/30/1987,0,0,1
5/1/1987,9.8,11,9.7
5/2/1987,0,4.2,4.7
5/3/1987,5.5,9.1,3
5/4/1987,9,18,0.5
5/5/1987,0,0,0
5/6/1987,0,0,7.3
5/7/1987,5.5,6.7,1.5
5/8/1987,0,0,0.2
5/9/1987,0,0,0
5/10/1987,0,0,0
5/11/1987,0,0,0
5/12/1987,0,0,0
5/13/1987,0,0,0
5/14/1987,0,0,0
5/15/1987,0,0,0
5/16/1987,0,0,0
5/17/1987,0,0,0
5/18/1987,0,0,0
5/19/1987,0,0,0
5/20/1987,0,0,0
5/21/1987,0,0,0
5/22/1987,0,0,0
5/23/1987,8,0,3
5/24/1987,1.8,1.3,0
5/25/1987,0,0,0
5/26/1987,0,0,0
5/27/1987,0,1,0
5/28/1987,0,0,0
5/29/1987,0,0,0
5/30/1987,18,0,1.5
5/31/1987,0,2,4.4
6/1/1987,0,0,0
6/2/1987,16.8,14.3,13
6/3/1987,0,0,0
6/4/1987,1.3,0,0.2
6/5/1987,6.9,0,16
6/6/1987,0,0,0
6/7/1987,0.5,5,0
6/8/1987,3,5,17
6/9/1987,10.5,7,6
6/10/1987,1.1,0,5
6/11/1987,0.6,0,0
6/12/1987,0,0,0
6/13/1987,0,0,0
6/14/1987,0,0,0
6/15/1987,0,0,0
6/16/1987,6.5,6.2,1.4
6/17/1987,0,0,1
6/18/1987,0,0,0
6/19/1987,0,0,0
6/20/1987,0,0,0
6/21/1987,0,0,0
6/22/1987,1,0,1
6/23/1987,16,84,10
6/24/1987,9.9,5.3,7
6/25/1987,0.1,0,0
6/26/1987,0,1,0
6/27/1987,8.5,3.2,0
6/28/1987,10.2,9,0.4
6/29/1987,8.5,2,8
6/30/1987,15,2,22.4
7/1/1987,2.6,0,1
7/2/1987,6.6,9,11.5
7/3/1987,30.3,40,27
7/4/1987,31.5,2,13
7/5/1987,13.5,8,9.5
7/6/1987,2.8,14,2
7/7/1987,29.5,20,16
7/8/1987,65.3,81,63.4
7/9/1987,56.7,40,52.5
7/10/1987,2.6,9,14.5
7/11/1987,1,10,6
7/12/1987,0.4,11,15.4
7/13/1987,0.8,2,6.5
7/14/1987,7.7,1.2,1
7/15/1987,1.4,5.6,11.5
7/16/1987,0,0,0
7/17/1987,1.2,0,2
7/18/1987,6.4,0,11
7/19/1987,7.6,41,16
7/20/1987,8.3,18.1,0
7/21/1987,1.4,19,20
7/22/1987,6,0,8.5
7/23/1987,23,41,34
7/24/1987,34.3,4,55.4
7/25/1987,86.5,52,60
7/26/1987,29.5,7,33
7/27/1987,2.3,0,2.5
7/28/1987,0,0,0
7/29/1987,25.6,0,1
7/30/1987,2.3,5,2
7/31/1987,11.7,10,7
8/1/1987,39,12.2,11.5
8/2/1987,39.3,8.7,23.4
8/3/1987,6,20,13
8/4/1987,21.2,6,11
8/5/1987,3.3,0,3.4
8/6/1987,0,31,0
8/7/1987,0,5,2
8/8/1987,0,3.1,1
8/9/1987,3.3,0,2
8/10/1987,19.6,25.1,24
8/11/1987,13.6,21.1,5.5
8/12/1987,16.2,21.1,34.5
8/13/1987,22.5,17.1,30
8/14/1987,3.5,7.1,9
8/15/1987,3,7.1,1.5
8/16/1987,0,6.1,0
8/17/1987,0,0,0
8/18/1987,0,2,2
8/19/1987,15.3,1,6
8/20/1987,0,3,0
8/21/1987,0.3,0,0
8/22/1987,6.7,2,6
8/23/1987,0,0,0
8/24/1987,4,5,2
8/25/1987,1,10,1
8/26/1987,13.3,10,2.4
8/27/1987,4.7,12,3
8/28/1987,17.7,10.2,14
8/29/1987,0,0,0
8/30/1987,0,3,2
8/31/1987,2.8,18,0
9/1/1987,0.4,0,0
9/2/1987,14,14,19.5
9/3/1987,2,10,0
9/4/1987,16.7,31,9
9/5/1987,2.7,3.5,5
9/6/1987,2.6,5,24.5
9/7/1987,13.4,1.5,6
9/8/1987,35.8,20.5,24.5
9/9/1987,1.4,4.5,2
9/10/1987,10.5,1.3,23
9/11/1987,45.6,6,9.5
9/12/1987,14,5.1,13.5
9/13/1987,3.4,9.2,3.6
9/14/1987,0.1,0,0
9/15/1987,0,3,0
9/16/1987,0.1,0,0
9/17/1987,0,5,0
9/18/1987,0,0,0
9/19/1987,0,0,0
9/20/1987,0,0,0
9/21/1987,0,3.2,0
9/22/1987,4.3,5,5
9/23/1987,2,3,0.5
9/24/1987,2.2,4,3.5
9/25/1987,0,0,0
9/26/1987,0,0,0
9/27/1987,0,0,0
9/28/1987,0,0,0
9/29/1987,0,0,0
9/30/1987,0,0,0
10/1/1987,0,0,0
10/2/1987,0,0,0
10/3/1987,0,0,0
10/4/1987,0,0,0
10/5/1987,2.2,0,0.6
10/6/1987,0,0,0
10/7/1987,0,0,0
10/8/1987,0,0,0
10/9/1987,0,0,9
10/10/1987,0,0,0
10/11/1987,0,0,0
10/12/1987,0,0,0
10/13/1987,0,0,0
10/14/1987,0,0,0
10/15/1987,0,0,0
10/16/1987,0,0,0
10/17/1987,0,0,0
10/18/1987,0,0,0
10/19/1987,31,35.7,41.5
10/20/1987,124.4,102.3,115
10/21/1987,0,0,118
10/22/1987,0,0,0
10/23/1987,0,0,0
10/24/1987,0,0,0
10/25/1987,0,0,0
10/26/1987,0,0,0
10/27/1987,0,0,0
10/28/1987,0,0,0
10/29/1987,0,0,0
10/30/1987,0,0,0
10/31/1987,1.7,0,4.5
11/1/1987,0,0,0
11/2/1987,0,0,0
11/3/1987,0,0,0
11/4/1987,0,0,0
11/5/1987,0,0,0
11/6/1987,0,0,0
11/7/1987,0,0,0
11/8/1987,0,0,0
11/9/1987,0,0,0
11/10/1987,0,0,0
11/11/1987,0,0,0
11/12/1987,0,0,0
11/13/1987,0,0,0
11/14/1987,0,0,0
11/15/1987,0,0,0
11/16/1987,0,0,0
11/17/1987,0,0,0
11/18/1987,0,0,0
11/19/1987,0,0,0
11/20/1987,0,0,0
11/21/1987,0,0,0
11/22/1987,0,0,0
11/23/1987,0,0,0
11/24/1987,0,0,0
11/25/1987,0,0,0
11/26/1987,0,0,0
11/27/1987,0,0,0
11/28/1987,0,0,0
11/29/1987,0,0,0
11/30/1987,0,0,0
12/1/1987,0,0,0
12/2/1987,0,0,0
12/3/1987,0,0,0
12/4/1987,0,0,0
12/5/1987,0,0,0
12/6/1987,0,0,0
12/7/1987,0,0,0
12/8/1987,0,0,0
12/9/1987,0,0,0
12/10/1987,0,0,0
12/11/1987,0,0,0
12/12/1987,0.5,0,0
12/13/1987,18.3,0,17
12/14/1987,0,0,0
12/15/1987,0,0,0
12/16/1987,0,0,0
12/17/1987,0,0,0
12/18/1987,0,0,0
12/19/1987,0,0,0
12/20/1987,0,0,0
12/21/1987,0,0,0
12/22/1987,0,0,0
12/23/1987,0,0,0
12/24/1987,0,0,0
12/25/1987,0,0,0
12/26/1987,0,0,0
12/27/1987,0,0,0
12/28/1987,0,0,0
12/29/1987,0,0,0
12/30/1987,0,0,0
12/31/1987,0,0,0
1/1/1988,0,0,0
1/2/1988,0,0,0
1/3/1988,0,0,0
1/4/1988,0,0,0
1/5/1988,0,0,0
1/6/1988,0,0,0
1/7/1988,0,0,2
1/8/1988,0,0,0
1/9/1988,0,0,0
1/10/1988,0,0,0
1/11/1988,0,0,0
1/12/1988,0,0,0
1/13/1988,0,0,0
1/14/1988,0.6,0,0
1/15/1988,0,0,0
1/16/1988,0,0,0
1/17/1988,0,0,0
1/18/1988,0,0,0
1/19/1988,0,0,0
1/20/1988,0,0,0
1/21/1988,0,0,0
1/22/1988,0,0,0
1/23/1988,0,0,0
1/24/1988,0,0,0
1/25/1988,0,0,0
1/26/1988,0,0,0
1/27/1988,0,0,0
1/28/1988,0,0,0
1/29/1988,0,0,0
1/30/1988,0,0,0
1/31/1988,0,0,0
2/1/1988,0,0,0
2/2/1988,0,0,0
2/3/1988,0,0,0
2/4/1988,0,0,0
2/5/1988,0,0,0
2/6/1988,0,0,0
2/7/1988,0,0,0
2/8/1988,0,0,0
2/9/1988,0,0,0
2/10/1988,0,0,0
2/11/1988,0,0,0
2/12/1988,0,0,0
2/13/1988,0,0,0
2/14/1988,0.3,0,0
2/15/1988,1.3,2,17
2/16/1988,0,0,0
2/17/1988,0,0,0
2/18/1988,0,0,0
2/19/1988,0,0,0
2/20/1988,0,0,0
2/21/1988,0,0,0
2/22/1988,0,0,0
2/23/1988,0,0,0
2/24/1988,9.7,8,12
2/25/1988,0,0,0
2/26/1988,0,0,0
2/27/1988,0,0,0
2/28/1988,0,0,0
2/29/1988,7.8,1,4.5
3/1/1988,0,0,0
3/2/1988,0,0,0
3/3/1988,0,0,0
3/4/1988,0,0,0
3/5/1988,0,0,0
3/6/1988,0,0,0
3/7/1988,0,0,8
3/8/1988,0,0,0
3/9/1988,18.9,30,14
3/10/1988,0,0,0
3/11/1988,0.2,0,0
3/12/1988,0,0,0
3/13/1988,20.4,17.2,21
3/14/1988,0,0,0
3/15/1988,0.3,0,0
3/16/1988,0,0,0
3/17/1988,0,0,0
3/18/1988,0,0,0
3/19/1988,3,0,4
3/20/1988,21.9,0,23.5
3/21/1988,0,0,0
3/22/1988,0,0,0
3/23/1988,0,0,0
3/24/1988,0,0,0
3/25/1988,0,0,0
3/26/1988,0,0,0
3/27/1988,2.3,0,3
3/28/1988,1,0,0
3/29/1988,0,0,0
3/30/1988,0,0,0
3/31/1988,0,0,0
4/1/1988,0,0,0
4/2/1988,0,0,0
4/3/1988,0,0,0
4/4/1988,0,0,0
4/5/1988,0,0,0
4/6/1988,0,0,0
4/7/1988,0,0,0
4/8/1988,0,0,0
4/9/1988,0,0,0
4/10/1988,0,0,0
4/11/1988,0,0,0
4/12/1988,0,0,0
4/13/1988,0,0,0
4/14/1988,4.4,2,1.5
4/15/1988,1,1.5,0
4/16/1988,0,2,0
4/17/1988,2.4,0,3.5
4/18/1988,13,29,16
4/19/1988,0,1.4,0
4/20/1988,0,0,0
4/21/1988,0,0,0
4/22/1988,0.4,0,0
4/23/1988,0,0,0
4/24/1988,5.5,0,1.5
4/25/1988,0,0,0
4/26/1988,0.8,0,0
4/27/1988,0,0,3
4/28/1988,0,0,0
4/29/1988,0.1,0,17
4/30/1988,14.7,0,11
5/1/1988,0,0,0
5/2/1988,6.7,14.3,0.2
5/3/1988,1.1,3.2,5
5/4/1988,20.8,16,16
5/5/1988,0,0,0
5/6/1988,0,0,0
5/7/1988,2,0,0
5/8/1988,0,0,0
5/9/1988,0.7,32.5,0
5/10/1988,0,0,0
5/11/1988,0,0,0
5/12/1988,0,0,0
5/13/1988,0,0,0
5/14/1988,0,0,0
5/15/1988,32.1,81.4,18
5/16/1988,0.2,0,0
5/17/1988,7.1,0,0
5/18/1988,26,0,44
5/19/1988,0,2.5,0
5/20/1988,3.9,7.2,1
5/21/1988,1.7,31,0
5/22/1988,0.4,2.4,6
5/23/1988,8.3,2.3,9
5/24/1988,1,0,1
5/25/1988,37.3,10.3,14
5/26/1988,0,0,0
5/27/1988,0,0,6
5/28/1988,0,0,1
5/29/1988,2,5,12
5/30/1988,0,0,0
5/31/1988,1.6,0,0
6/1/1988,12.5,6,12
6/2/1988,4.5,15.3,3
6/3/1988,1.5,0,0
6/4/1988,0,0,5
6/5/1988,11.4,9,0
6/6/1988,0,0,0
6/7/1988,0,0,1
6/8/1988,0,0,12.7
6/9/1988,0,0,5.5
6/10/1988,2.6,0,19
6/11/1988,28.6,37,12.5
6/12/1988,0.2,0,33
6/13/1988,6.2,8.2,11
6/14/1988,20.5,11,13
6/15/1988,5.3,5.3,23.9
6/16/1988,34.2,23.3,10
6/17/1988,36.5,50,30
6/18/1988,18.3,16.3,49
6/19/1988,32,0,13.5
6/20/1988,0,0,0
6/21/1988,0.1,3.2,0
6/22/1988,10.7,0,2
6/23/1988,1,5.3,0
6/24/1988,1.2,0,1
6/25/1988,4.7,4.3,4.5
6/26/1988,0.4,1.3,0
6/27/1988,0,0,0
6/28/1988,1.4,0,5
6/29/1988,5,18.2,0
6/30/1988,0.7,0,0
7/1/1988,0.2,0,0
7/2/1988,49.7,6.4,2
7/3/1988,0,48.8,0
7/4/1988,0.4,15.4,2.5
7/5/1988,30.3,32.2,4
7/6/1988,37.5,37.4,43.5
7/7/1988,16,0,2
7/8/1988,4.9,6.5,6
7/9/1988,11.9,20,16.5
7/10/1988,25.4,14.4,49.5
7/11/1988,16.7,7.8,11.5
7/12/1988,66,40.2,50
7/13/1988,13.8,96,39
7/14/1988,6,11.5,1
7/15/1988,0,2,0
7/16/1988,11.3,3,15
7/17/1988,0.2,4.2,0
7/18/1988,9.2,5.4,4
7/19/1988,0,0,0
7/20/1988,0,3.9,0
7/21/1988,4,8,11
7/22/1988,1.8,0,4.5
7/23/1988,2.5,0,2.5
7/24/1988,5.5,1,1
7/25/1988,18.5,0,7
7/26/1988,1.3,31.7,17.5
7/27/1988,10.3,3,6
7/28/1988,1,19,1.5
7/29/1988,9.3,5.2,6
7/30/1988,6.6,0,6.5
7/31/1988,37,68.5,40
8/1/1988,21,5.5,26
8/2/1988,6,5.2,5
8/3/1988,1,0,0
8/4/1988,0,0,3
8/5/1988,0,0,15
8/6/1988,11.6,11.2,10.5
8/7/1988,60.5,33.5,50
8/8/1988,0.8,0,1
8/9/1988,4.4,21.4,10
8/10/1988,15.8,28.5,15
8/11/1988,23.5,20,39.5
8/12/1988,3,6,8
8/13/1988,4.6,1,2
8/14/1988,11.3,10.5,2.5
8/15/1988,2.2,3,8
8/16/1988,7,5.5,11
8/17/1988,6.4,13.2,12
8/18/1988,0.1,6.4,12.5
8/19/1988,9.1,7.3,2.5
8/20/1988,0.8,11.5,8
8/21/1988,4.2,3,1.5
8/22/1988,7.1,5.7,7
8/23/1988,24.9,5,2.5
8/24/1988,7.3,13,7.5
8/25/1988,3.3,5,5
8/26/1988,35.1,124.7,47.5
8/27/1988,1.5,70.4,9.5
8/28/1988,0.2,0,0
8/29/1988,6,0,6.5
8/30/1988,0,0,0
8/31/1988,0,0,0
9/1/1988,11.2,11.4,21.5
9/2/1988,0.5,0,0
9/3/1988,1.2,0,0
9/4/1988,11,0,1
9/5/1988,0,0,0
9/6/1988,16,0,2
9/7/1988,27,8,8
9/8/1988,26.2,120.3,32
9/9/1988,2.1,22.2,34
9/10/1988,2,5.2,2
9/11/1988,0,0,0
9/12/1988,0,0,0
9/13/1988,0,0,0
9/14/1988,0,0,0
9/15/1988,0,0,0
9/16/1988,15.9,0,0
9/17/1988,1.9,0,0
9/18/1988,2.7,0,3
9/19/1988,1.6,2,3.5
9/20/1988,0,10,0
9/21/1988,13,0,6
9/22/1988,0.7,23.5,3
9/23/1988,0.9,0,2
9/24/1988,0,0,0
9/25/1988,0,0,0
9/26/1988,0,0,1
9/27/1988,0,0,1
9/28/1988,0.5,0,0
9/29/1988,0,0,0
9/30/1988,0,0,0
10/1/1988,0,0,0
10/2/1988,0,5.2,0
10/3/1988,11.5,0,0
10/4/1988,0,0,0
10/5/1988,0,0,0
10/6/1988,0,7.5,9
10/7/1988,6.1,0,0
10/8/1988,0,0,0
10/9/1988,0,0,0
10/10/1988,0,0,0
10/11/1988,0,0,0
10/12/1988,0,0,0
10/13/1988,0,0,0
10/14/1988,0,0,0
10/15/1988,0,0,0
10/16/1988,0,0,0
10/17/1988,0,0,0
10/18/1988,0,0,0
10/19/1988,0,0,0
10/20/1988,0,0,0
10/21/1988,0,0,0
10/22/1988,0,0,0
10/23/1988,0,0,0
10/24/1988,0,0,0
10/25/1988,0,0,0
10/26/1988,0,0,0
10/27/1988,0,0,0
10/28/1988,0,0,0
10/29/1988,0,0,0
10/30/1988,0,0,0
10/31/1988,0,0,0
11/1/1988,0,0,0
11/2/1988,0,0,0
11/3/1988,0,0,0
11/4/1988,3.4,6.3,5
11/5/1988,7.4,2.4,16
11/6/1988,0.2,0,0
11/7/1988,0,0,0
11/8/1988,0,0,0
11/9/1988,0,0,0
11/10/1988,0.7,0,0
11/11/1988,0,0,0
11/12/1988,0,0,0
11/13/1988,0,0,0
11/14/1988,0,0,0
11/15/1988,0,0,0
11/16/1988,0,0,0
11/17/1988,0,0,0
11/18/1988,0,0,0
11/19/1988,0,0,0
11/20/1988,0,0,0
11/21/1988,0,0,0
11/22/1988,0,0,0
11/23/1988,0,0,0
11/24/1988,0,0,0
11/25/1988,0,0,0
11/26/1988,0,0,0
11/27/1988,0,0,0
11/28/1988,0,0,0
11/29/1988,0,0,0
11/30/1988,0,0,0
12/1/1988,0,0,0
12/2/1988,0,0,0
12/3/1988,0,0,0
12/4/1988,0,0,0
12/5/1988,0,0,0
12/6/1988,0,0,0
12/7/1988,0,0,0
12/8/1988,0,0,0
12/9/1988,0,0,0
12/10/1988,0,0,0
12/11/1988,0,0,0
12/12/1988,0,0,0
12/13/1988,0,0,0
12/14/1988,0,0,0
12/15/1988,0,0,0
12/16/1988,0,0,0
12/17/1988,0,0,0
12/18/1988,2,0,0
12/19/1988,0,0,0
12/20/1988,0,0,0
12/21/1988,0,0,0
12/22/1988,0,0,0
12/23/1988,0,0,0
12/24/1988,0,0,0
12/25/1988,0,0,0
12/26/1988,0,40.5,28
12/27/1988,48.8,28.6,78
12/28/1988,28.1,0,0
12/29/1988,0,0,0
12/30/1988,0,0,0
12/31/1988,0,0,0
1/1/1989,0,0,0
1/2/1989,0,0,0
1/3/1989,0,0,0
1/4/1989,0.8,0,0
1/5/1989,0,0,0
1/6/1989,0,0,0
1/7/1989,0,0,0
1/8/1989,15.3,10,20
1/9/1989,31.3,32,38.5
1/10/1989,0,0,0
1/11/1989,0,0,0
1/12/1989,0,0,0
1/13/1989,0,0,0
1/14/1989,0,0,0
1/15/1989,0,0,0
1/16/1989,0,0,0
1/17/1989,0,0,0
1/18/1989,0,0,0
1/19/1989,0,0,0
1/20/1989,0,0,0
1/21/1989,0,0,0
1/22/1989,0,0,0
1/23/1989,0,0,0
1/24/1989,0,0,0
1/25/1989,0,0,0
1/26/1989,0,0,0
1/27/1989,0,0,0
1/28/1989,0,0,0
1/29/1989,0,0,0
1/30/1989,0,0,0
1/31/1989,0,0,0
2/1/1989,0,0,0
2/2/1989,0,0,0
2/3/1989,0,0,0
2/4/1989,0,0,0
2/5/1989,0,0,0
2/6/1989,0,0,0
2/7/1989,0,0,0
2/8/1989,0,0,0
2/9/1989,0,0,0
2/10/1989,0,0,0
2/11/1989,0,0,0
2/12/1989,0,0,0
2/13/1989,0,0,0
2/14/1989,0,0,0
2/15/1989,0,0,0
2/16/1989,0,0,0
2/17/1989,0,0,0
2/18/1989,0,0,0
2/19/1989,9.7,0,9
2/20/1989,1,0,1
2/21/1989,0,0,0
2/22/1989,0,0,0
2/23/1989,0,0,0
2/24/1989,0,0,0
2/25/1989,0,0,0
2/26/1989,0,0,0
2/27/1989,0,0,0
2/28/1989,0,0,0
3/1/1989,0,0,0
3/2/1989,0,0,0
3/3/1989,0,0,0
3/4/1989,0,0,0
3/5/1989,0,0,0
3/6/1989,0,0,0
3/7/1989,0,0,0
3/8/1989,0,0,0
3/9/1989,0,0,0
3/10/1989,0,0,0
3/11/1989,0,0,0
3/12/1989,5.8,0,0
3/13/1989,0,0,0
3/14/1989,0,0,0
3/15/1989,2,0,3
3/16/1989,0,0,0
3/17/1989,0,0,0
3/18/1989,0,0,1
3/19/1989,4,0,0
3/20/1989,0.3,0,0
3/21/1989,0,0,0
3/22/1989,0,0,0
3/23/1989,0,0,0
3/24/1989,0,0,0
3/25/1989,0,0,0
3/26/1989,0,0,0
3/27/1989,0,0,0
3/28/1989,0,0,0
3/29/1989,0,0,0
3/30/1989,0,1,0
3/31/1989,0,0,0
4/1/1989,0,0,0
4/2/1989,0,0,0
4/3/1989,0,0,0
4/4/1989,0,0,0
4/5/1989,0,0,0
4/6/1989,0,0,0
4/7/1989,0,0,0
4/8/1989,0,0,0
4/9/1989,0,0,0
4/10/1989,0,0,0
4/11/1989,3.3,2,0
4/12/1989,0,0,0
4/13/1989,0,0,0
4/14/1989,0,0,0
4/15/1989,0,0,0
4/16/1989,0,0,0
4/17/1989,0,0,0
4/18/1989,0,0,0
4/19/1989,0,0,0
4/20/1989,0,0,0
4/21/1989,0,0,0
4/22/1989,0,0,0
4/23/1989,0,0,0
4/24/1989,0,0,0
4/25/1989,0,0,0
4/26/1989,0.7,0,0
4/27/1989,0,0,0
4/28/1989,0,0,0
4/29/1989,0,0,0
4/30/1989,0,0,0
5/1/1989,0,0,0
5/2/1989,0,0,0
5/3/1989,0,0,0
5/4/1989,0,0,0
5/5/1989,0,0,0
5/6/1989,0,0,0
5/7/1989,0,0,0
5/8/1989,0,0,0
5/9/1989,0,0,0
5/10/1989,0,0,0
5/11/1989,0,0,0
5/12/1989,0,0,0
5/13/1989,1.8,22,19
5/14/1989,18.3,8.5,13.5
5/15/1989,12.8,8.2,21
5/16/1989,0,0,0
5/17/1989,0.2,0,0
5/18/1989,0,0,0
5/19/1989,3.4,0,8.5
5/20/1989,17,0,4
5/21/1989,6.8,0,13
5/22/1989,1.3,0,8
5/23/1989,5.7,10,40.5
5/24/1989,0.2,0,13
5/25/1989,5.1,0,45.5
5/26/1989,46,44.3,28
5/27/1989,16.5,0,1
5/28/1989,9.1,14.5,0
5/29/1989,4.3,0,0
5/30/1989,0.2,8.5,0
5/31/1989,0,0,2
6/1/1989,25,0,0
6/2/1989,0,0,0
6/3/1989,0,0,6
6/4/1989,2.5,0,0
6/5/1989,0,0,2
6/6/1989,1,2.5,0
6/7/1989,0,0,0
6/8/1989,0,0,0
6/9/1989,0,0,0
6/10/1989,0,0,3
6/11/1989,29.3,0,0
6/12/1989,0.6,38,0
6/13/1989,2.5,6.2,0
6/14/1989,4.2,6.2,6
6/15/1989,0.5,0,0
6/16/1989,0,0,0
6/17/1989,0,0,0
6/18/1989,2.1,6.3,3
6/19/1989,1.7,14,14
6/20/1989,3.3,20.3,8
6/21/1989,11.2,6.5,7
6/22/1989,1,0,1.5
6/23/1989,2.1,0,0
6/24/1989,0,0,0
6/25/1989,28.4,0,0.5
6/26/1989,10.5,80.6,0
6/27/1989,0,0,0
6/28/1989,5.7,0,2
6/29/1989,0.6,0,0
6/30/1989,3.3,2,8.5
7/1/1989,23.6,41.3,51
7/2/1989,1.8,1.5,5
7/3/1989,17.6,0,0
7/4/1989,1.2,4,0
7/5/1989,0,0,0
7/6/1989,16.5,42.2,23
7/7/1989,10.8,42.5,16
7/8/1989,7.4,6.4,20.5
7/9/1989,12.3,2,2.5
7/10/1989,0,0,0
7/11/1989,14.5,24.3,24
7/12/1989,0,0,0
7/13/1989,0,0,0
7/14/1989,18.2,0,32.5
7/15/1989,21.1,10,39
7/16/1989,17.4,60.3,16
7/17/1989,12.1,10,0
7/18/1989,0,0,0
7/19/1989,31.6,0,35
7/20/1989,3.4,4.3,2.5
7/21/1989,0,22.6,0
7/22/1989,4,1,3
7/23/1989,4.3,6,3.5
7/24/1989,0,0,0
7/25/1989,0,0,0
7/26/1989,0,0,0
7/27/1989,6.8,2,2.5
7/28/1989,0.2,0,2
7/29/1989,42,37,44
7/30/1989,57,38,30.5
7/31/1989,4.2,4,4.5
8/1/1989,21.9,14.7,17
8/2/1989,6.4,6.7,2
8/3/1989,0.4,0,2
8/4/1989,4.4,0,0
8/5/1989,24.1,0,0
8/6/1989,10.1,0,0
8/7/1989,3.4,6.5,1.5
8/8/1989,19.5,0,0
8/9/1989,16,0,17
8/10/1989,27,24.3,14
8/11/1989,2.8,4,24
8/12/1989,1.3,0,1
8/13/1989,1.9,2,2
8/14/1989,2.3,8.4,0
8/15/1989,0.6,0,0
8/16/1989,17.7,2.5,4
8/17/1989,10.5,6.7,2
8/18/1989,2.6,0,0
8/19/1989,0,4.3,0
8/20/1989,13.2,14.2,5
8/21/1989,1.9,10.4,0
8/22/1989,9.1,2,13.5
8/23/1989,0.5,0,30
8/24/1989,1.7,0,0
8/25/1989,3.7,21.3,0
8/26/1989,1.5,0,1
8/27/1989,0,0,0
8/28/1989,1.5,0,0
8/29/1989,0,0,0
8/30/1989,0,24.5,0
8/31/1989,0,0,0
9/1/1989,0.2,10.5,2
9/2/1989,0,0,4.5
9/3/1989,0,0,0
9/4/1989,0.4,0,0
9/5/1989,13.4,2,22.5
9/6/1989,2.6,6.3,1
9/7/1989,0,0,1.5
9/8/1989,19.5,22.5,6.5
9/9/1989,0,5,0
9/10/1989,3.4,8,1
9/11/1989,6.1,0,6.5
9/12/1989,4.4,0,3
9/13/1989,0.3,4.2,4
9/14/1989,2.9,4.5,0
9/15/1989,3,2,3
9/16/1989,0,0,0
9/17/1989,1.7,0,0
9/18/1989,14,4.5,36
9/19/1989,2,0,5
9/20/1989,10.9,0,2
9/21/1989,23.5,6.8,12
9/22/1989,0.2,0,1
9/23/1989,3,2,0
9/24/1989,0.5,16.5,1
9/25/1989,38.7,6,12
9/26/1989,1.9,0,3
9/27/1989,1.3,20.7,2
9/28/1989,4.5,2.1,6
9/29/1989,10.6,6.5,14
9/30/1989,27.5,22.5,0
10/1/1989,0,0,0
10/2/1989,0,0,0
10/3/1989,0,0,0
10/4/1989,0,0,0
10/5/1989,0,0,0
10/6/1989,0,0,0
10/7/1989,0,0,0
10/8/1989,0,0,0
10/9/1989,0,0,0
10/10/1989,2.6,0,0
10/11/1989,2,11.3,0
10/12/1989,18.9,3.3,0
10/13/1989,17,0,0
10/14/1989,0.2,0,0
10/15/1989,0,0,0
10/16/1989,0,0,0
10/17/1989,0,0,0
10/18/1989,1.5,0,0
10/19/1989,0,0,0
10/20/1989,0,0,0
10/21/1989,0.2,0,2.8
10/22/1989,0,0,0
10/23/1989,0,0,0
10/24/1989,0,0,0
10/25/1989,0,0,0
10/26/1989,0,0,0
10/27/1989,0,0,0
10/28/1989,0,0,0
10/29/1989,0,0,0
10/30/1989,0,0,0
10/31/1989,0,0,0
11/1/1989,0,0,0
11/2/1989,0,0,0
11/3/1989,0,0,0
11/4/1989,0,0,0
11/5/1989,0,0,0
11/6/1989,0,0,0
11/7/1989,0,0,0
11/8/1989,0,0,0
11/9/1989,0,0,0
11/10/1989,0,0,0
11/11/1989,0,0,0
11/12/1989,0,0,0
11/13/1989,0,0,0
11/14/1989,0,0,0
11/15/1989,0,0,0
11/16/1989,0,0,0
11/17/1989,0,0,0
11/18/1989,0,0,0
11/19/1989,0,0,0
11/20/1989,0,0,0
11/21/1989,0,0,0
11/22/1989,0,0,0
11/23/1989,0,0,0
11/24/1989,0,0,0
11/25/1989,0,0,0
11/26/1989,0,0,0
11/27/1989,0,0,0
11/28/1989,0,0,0
11/29/1989,0,0,0
11/30/1989,0,0,0
12/1/1989,0,0,0
12/2/1989,0,0,0
12/3/1989,0,0,0
12/4/1989,0,0,0
12/5/1989,0,0,0
12/6/1989,0,0,0
12/7/1989,0,0,0
12/8/1989,0,0,0
12/9/1989,0,0,0
12/10/1989,0,0,0
12/11/1989,0,0,0
12/12/1989,0,0,0
12/13/1989,0,0,0
12/14/1989,0.7,0,0
12/15/1989,0,0,0
12/16/1989,0,0,0
12/17/1989,0,0,0
12/18/1989,0,0,0
12/19/1989,0,0,0
12/20/1989,0,0,0
12/21/1989,0,0,0
12/22/1989,0,0,0
12/23/1989,0,0,0
12/24/1989,0,0,0
12/25/1989,0,0,0
12/26/1989,0,0,0
12/27/1989,0,0,0
12/28/1989,0,0,0
12/29/1989,0,0,0
12/30/1989,0,0,0
12/31/1989,0,0,0
1/1/1990,0,0,0
1/2/1990,0,0,0
1/3/1990,0,0,0
1/4/1990,0,0,0
1/5/1990,0,0,0
1/6/1990,0,0,0
1/7/1990,0,0,0
1/8/1990,0,0,0
1/9/1990,0,0,0
1/10/1990,0,0,0
1/11/1990,0,0,0
1/12/1990,0,0,0
1/13/1990,0,0,0
1/14/1990,0,0,0
1/15/1990,0,0,0
1/16/1990,0,0,0
1/17/1990,0,0,0
1/18/1990,0,0,0
1/19/1990,0,0,0
1/20/1990,0,0,0
1/21/1990,0,0,0
1/22/1990,0,0,0
1/23/1990,0,0,0
1/24/1990,0,0,0
1/25/1990,0,0,0
1/26/1990,0,0,0
1/27/1990,0,0,0
1/28/1990,0,0,0
1/29/1990,0,0,0
1/30/1990,0,0,0
1/31/1990,0,0,0
2/1/1990,0,0,0
2/2/1990,0,0,0
2/3/1990,0,0,0
2/4/1990,0,0,0
2/5/1990,0,0,0
2/6/1990,0,0,0
2/7/1990,0,0,0
2/8/1990,0,0,0
2/9/1990,0,0,0
2/10/1990,0,0,0
2/11/1990,5,3.3,2
2/12/1990,0,0,0
2/13/1990,0.1,0,0
2/14/1990,18,0,16.8
2/15/1990,11.6,0,7.8
2/16/1990,0,0,0
2/17/1990,0,0,0
2/18/1990,0,0,0
2/19/1990,2,0,2
2/20/1990,0,0,0
2/21/1990,2.9,0,5
2/22/1990,0.2,0,1
2/23/1990,0,0,0
2/24/1990,1.3,0,3.6
2/25/1990,0,0,0
2/26/1990,0.2,0,0
2/27/1990,0.3,2.3,0
2/28/1990,0.6,0,2.4
3/1/1990,2.4,0,2.5
3/2/1990,0,0,0
3/3/1990,0,0,0
3/4/1990,0,0,0
3/5/1990,0,0,0
3/6/1990,0,0,0
3/7/1990,0,0,0
3/8/1990,0,0,0
3/9/1990,7.3,4,16.8
3/10/1990,0.2,0,0.2
3/11/1990,15.8,22,14.6
3/12/1990,13.8,9,10
3/13/1990,0.3,0,6.6
3/14/1990,0,0,0
3/15/1990,0,0,0
3/16/1990,0,0,0
3/17/1990,0,0,0
3/18/1990,0,0,0
3/19/1990,0,0,0
3/20/1990,0,0,0
3/21/1990,0,0,0
3/22/1990,0,0,0
3/23/1990,0.3,0,0
3/24/1990,15.3,12.3,0
3/25/1990,0.2,0,0
3/26/1990,0,0,0
3/27/1990,0,0,3.5
3/28/1990,0.6,1,0.8
3/29/1990,3.2,0,6.3
3/30/1990,0.1,0,0
3/31/1990,0,0,0
4/1/1990,0,0,0
4/2/1990,9.5,0,6.8
4/3/1990,0,0,0
4/4/1990,6.5,0,2.4
4/5/1990,11,0,0
4/6/1990,0.4,0,0
4/7/1990,0,0,0
4/8/1990,0,18,5.8
4/9/1990,26.2,16,4.2
4/10/1990,0,0,0
4/11/1990,0,0,0
4/12/1990,0,0,0
4/13/1990,0,0,0
4/14/1990,2.7,0,0.8
4/15/1990,0,0,0
4/16/1990,0,0,0
4/17/1990,0,0,0
4/18/1990,0,0,0
4/19/1990,0.2,0,0
4/20/1990,1.4,0,2.5
4/21/1990,0.5,0,0
4/22/1990,0,0,0.3
4/23/1990,0,0,0
4/24/1990,0,0,0
4/25/1990,0,0,0
4/26/1990,22.2,20.7,19.8
4/27/1990,11.6,0,1.4
4/28/1990,12.7,14,6.5
4/29/1990,5.1,4,6
4/30/1990,6.2,0,4.3
5/1/1990,1,0,2.4
5/2/1990,0,0,0
5/3/1990,0,0,0.2
5/4/1990,2.3,10,2.8
5/5/1990,2.3,0,2.8
5/6/1990,0,18.5,0
5/7/1990,2.5,0,4.2
5/8/1990,0,0,0
5/9/1990,0,0,0
5/10/1990,9.4,0,3.8
5/11/1990,0,0,0.5
5/12/1990,0,0,2.6
5/13/1990,0,0,0
5/14/1990,1.7,0,3.6
5/15/1990,0,0,0
5/16/1990,0,0,0
5/17/1990,0.2,2,0
5/18/1990,0,26,8
5/19/1990,0.4,2.5,1
5/20/1990,7.5,6,7.4
5/21/1990,0.2,4.2,0
5/22/1990,0,0,3.6
5/23/1990,3.4,4,0
5/24/1990,0.4,0,0
5/25/1990,0.6,8.3,1.6
5/26/1990,0,0,0.4
5/27/1990,0,0,1.4
5/28/1990,0.4,0,0
5/29/1990,73.2,10,31.6
5/30/1990,2.8,4.5,3.2
5/31/1990,0,0,0
6/1/1990,0.6,2,0
6/2/1990,5.2,18.5,4.5
6/3/1990,3,2.8,0
6/4/1990,2.4,0,0
6/5/1990,5,12.5,5.8
6/6/1990,6.8,0,0
6/7/1990,0,0,0
6/8/1990,0,0,0
6/9/1990,10,14.5,4
6/10/1990,78,6.5,6.4
6/11/1990,0,1,0.4
6/12/1990,0,0,0
6/13/1990,0,0,0
6/14/1990,32,0,9.6
6/15/1990,0,10.8,0
6/16/1990,47,10.2,6.4
6/17/1990,2.6,12.5,0.6
6/18/1990,44.2,0,0
6/19/1990,8.4,6.2,2.6
6/20/1990,7.4,2.5,1.2
6/21/1990,42,10.8,1.2
6/22/1990,2.5,10.9,15.8
6/23/1990,17.9,20.5,13.4
6/24/1990,0,0,0
6/25/1990,7.4,0,0.8
6/26/1990,6.3,0,4.8
6/27/1990,5.4,4,5
6/28/1990,1.6,0,4.5
6/29/1990,0,16.5,0.7
6/30/1990,29,12.5,15.8
7/1/1990,10.6,14.4,6.4
7/2/1990,3.4,8,0
7/3/1990,10,36.5,5.4
7/4/1990,0.8,8.8,0
7/5/1990,1.2,2,0
7/6/1990,1.9,26,0.5
7/7/1990,1.6,40.8,3.8
7/8/1990,56.4,69.2,58.8
7/9/1990,38,16,21.2
7/10/1990,8,4.5,24.8
7/11/1990,0.6,20.7,4
7/12/1990,0,0,3.2
7/13/1990,1.8,20.7,12.2
7/14/1990,47.6,78,62.6
7/15/1990,2.6,10.5,14.7
7/16/1990,0,7,0
7/17/1990,0.6,34,13
7/18/1990,31.1,48.2,23.8
7/19/1990,5.4,20.5,2.8
7/20/1990,43.9,24,35.9
7/21/1990,2.4,24,18.4
7/22/1990,5.3,6.7,3.8
7/23/1990,3,8,5
7/24/1990,0.7,2,2
7/25/1990,16.6,10,2
7/26/1990,24.8,30,15.6
7/27/1990,4.3,4,0
7/28/1990,15.4,34,49.6
7/29/1990,4,0,2.8
7/30/1990,3.4,67,2.8
7/31/1990,0.2,0,1.8
8/1/1990,13.4,20,6.4
8/2/1990,30.2,8.5,12.4
8/3/1990,3,10.7,2.8
8/4/1990,0,0,0
8/5/1990,6.8,2,5.6
8/6/1990,0.3,4.6,2.3
8/7/1990,15.6,8.5,11.2
8/8/1990,3,22.7,2.7
8/9/1990,15.1,21,4.2
8/10/1990,27.4,32,18.2
8/11/1990,4.8,8.5,7
8/12/1990,40.2,31,39.2
8/13/1990,53.8,38.3,46.8
8/14/1990,4.8,8.7,24.4
8/15/1990,1,12.3,0.6
8/16/1990,4,0,1.2
8/17/1990,5.6,21.7,3.6
8/18/1990,0,0,0
8/19/1990,16.6,16,8.8
8/20/1990,0,0,0
8/21/1990,0,0,0
8/22/1990,0,4.2,1
8/23/1990,0,0,0
8/24/1990,0.3,0,0
8/25/1990,0,0,0
8/26/1990,0,0,1.3
8/27/1990,52.2,86.5,58.8
8/28/1990,1.6,0,1.5
8/29/1990,7,20,0
8/30/1990,0,0,0
8/31/1990,1.8,0,4.5
9/1/1990,0,0,0
9/2/1990,30.6,0,1.3
9/3/1990,0.4,0,0.7
9/4/1990,0,0,0
9/5/1990,1.4,0,0.5
9/6/1990,0,0,0
9/7/1990,0,0,1.4
9/8/1990,0,0,0
9/9/1990,0,0,0
9/10/1990,0,0,0.8
9/11/1990,31,60,25.4
9/12/1990,1.2,2.5,2.6
9/13/1990,0.8,0,0
9/14/1990,0.6,0,0.8
9/15/1990,2.6,18,0
9/16/1990,0.6,0,0
9/17/1990,0.2,0,0
9/18/1990,13.2,5.7,0
9/19/1990,0,0,0
9/20/1990,16.2,0,0
9/21/1990,9.2,0,0
9/22/1990,0.4,2,0
9/23/1990,0,0,0
9/24/1990,3.6,55,0
9/25/1990,39.2,45.3,44.4
9/26/1990,17,13,19.5
9/27/1990,0.2,0,0
9/28/1990,0,0,0
9/29/1990,0,0,0
9/30/1990,19.8,0,13.6
10/1/1990,48.2,0,2.4
10/2/1990,0,0,0
10/3/1990,0.1,0,0.4
10/4/1990,0,0,0
10/5/1990,0,0,17.2
10/6/1990,0,0,0
10/7/1990,0,0,0
10/8/1990,5,0,0
10/9/1990,0.4,0,3.6
10/10/1990,0,0,0
10/11/1990,0,0,0
10/12/1990,0,0,0
10/13/1990,0,0,0
10/14/1990,12.2,22,6.4
10/15/1990,8.2,0,18.8
10/16/1990,4.6,0,0
10/17/1990,0,0,0
10/18/1990,0,0,0
10/19/1990,0,0,0
10/20/1990,0,0,0
10/21/1990,0,0,0
10/22/1990,0,0,0
10/23/1990,0,0,0
10/24/1990,0,0,0
10/25/1990,0,0,0
10/26/1990,0,0,0
10/27/1990,0,0,0
10/28/1990,0,0,0
10/29/1990,0,0,0
10/30/1990,0,0,0
10/31/1990,0,0,0
11/1/1990,0,0,0
11/2/1990,0,0,0
11/3/1990,0,0,0
11/4/1990,0,0,0
11/5/1990,0,0,0
11/6/1990,0,0,0
11/7/1990,0,0,0
11/8/1990,0,0,0
11/9/1990,0,0,0
11/10/1990,0,0,0
11/11/1990,0,0,0
11/12/1990,0,0,0
11/13/1990,0,0,0
11/14/1990,0,0,0
11/15/1990,0,0,0
11/16/1990,0,0,0
11/17/1990,0,0,0
11/18/1990,0,0,0
11/19/1990,0,0,0
11/20/1990,0,0,0
11/21/1990,0,0,0
11/22/1990,0,0,0
11/23/1990,0,0,0
11/24/1990,0,0,0
11/25/1990,0,0,0
11/26/1990,0,0,0
11/27/1990,0,0,0
11/28/1990,0,0,0
11/29/1990,0,0,0
11/30/1990,0,0,0
12/1/1990,0,0,0
12/2/1990,0,0,0
12/3/1990,0,0,0
12/4/1990,0,0,0
12/5/1990,0,0,0
12/6/1990,0,0,0
12/7/1990,0,0,0
12/8/1990,0,0,0
12/9/1990,0,0,0
12/10/1990,0,0,0
12/11/1990,0,0,0
12/12/1990,0,0,0
12/13/1990,0,0,0
12/14/1990,0,0,0
12/15/1990,0,0,0
12/16/1990,0,0,0
12/17/1990,0,0,0
12/18/1990,0,0,0
12/19/1990,0,0,0
12/20/1990,0,0,0
12/21/1990,0,0,0
12/22/1990,0,0,0
12/23/1990,0,0,0
12/24/1990,0,0,0
12/25/1990,0,0,0
12/26/1990,0,0,0
12/27/1990,0,0,0
12/28/1990,0,0,0
12/29/1990,0,0,0
12/30/1990,0,0,0
12/31/1990,2.8,0,5.4
1/1/1991,1.7,,2.5
1/2/1991,14.6,,7.9
1/3/1991,4.4,,7.8
1/4/1991,0,,0
1/5/1991,0,,0
1/6/1991,0,,0
1/7/1991,0,,0
1/8/1991,0,,0
1/9/1991,0,,0
1/10/1991,0,,0
1/11/1991,0,,0
1/12/1991,0,,0
1/13/1991,0,,0
1/14/1991,0,,0
1/15/1991,0,0,0
1/16/1991,0,0,0
1/17/1991,0,0,0
1/18/1991,0,0,0
1/19/1991,0,0,0
1/20/1991,0,0,0
1/21/1991,0,0,0
1/22/1991,0,0,0
1/23/1991,0,0,0
1/24/1991,0,0,0
1/25/1991,0,0,0
1/26/1991,0,0,0
1/27/1991,0,0,0
1/28/1991,0,0,0
1/29/1991,0,0,0
1/30/1991,0,0,0
1/31/1991,0,0,0
2/1/1991,0,0,0
2/2/1991,0,0,0
2/3/1991,0,0,0
2/4/1991,0,0,0
2/5/1991,0,0,0
2/6/1991,0,0,0
2/7/1991,0,0,0
2/8/1991,0,0,0
2/9/1991,0,0,0
2/10/1991,0,0,0
2/11/1991,0,0,0
2/12/1991,0,0,1.2
2/13/1991,0,0,0
2/14/1991,0,0,0
2/15/1991,0,0,0
2/16/1991,0,0,0
2/17/1991,0,0,0
2/18/1991,0,0,0
2/19/1991,0,0,0
2/20/1991,0,0,0
2/21/1991,0,0,0
2/22/1991,0,0,0
2/23/1991,0,0,0
2/24/1991,0,0,0
2/25/1991,0,0,0
2/26/1991,0,1,0
2/27/1991,10,11,7.4
2/28/1991,1.4,0,0
3/1/1991,0,0,0
3/2/1991,0,0,0
3/3/1991,0,0,0
3/4/1991,0,0,0
3/5/1991,14,18.2,15.4
3/6/1991,6.8,4.5,5.4
3/7/1991,0,0,0
3/8/1991,0,0,0
3/9/1991,0,0,0
3/10/1991,0,0,0
3/11/1991,0,0,0
3/12/1991,0,0,0
3/13/1991,0,0,0
3/14/1991,0,0,0
3/15/1991,0,0,0
3/16/1991,0,0,0
3/17/1991,0,0,0
3/18/1991,0,0,0
3/19/1991,0,0,0
3/20/1991,0,0,0
3/21/1991,0,0,0
3/22/1991,0,0,0
3/23/1991,0,0,0
3/24/1991,19.2,18,16.2
3/25/1991,2.2,4,1.8
3/26/1991,0,0,0
3/27/1991,0,0,0
3/28/1991,0,0,0
3/29/1991,0,0,0
3/30/1991,0,0,0
3/31/1991,3,0,0.8
4/1/1991,74.2,70.1,44.2
4/2/1991,0,0,0
4/3/1991,0,0,0
4/4/1991,0,0,0
4/5/1991,0,0,0
4/6/1991,0,0,0
4/7/1991,0,0,0
4/8/1991,0,0,0
4/9/1991,0,0,0
4/10/1991,17.1,16,9.8
4/11/1991,0,0,0
4/12/1991,0,0,0
4/13/1991,0,0,0
4/14/1991,0,0,0
4/15/1991,0,0,0
4/16/1991,0,0,0
4/17/1991,0,0,0
4/18/1991,0,0,0
4/19/1991,0,0,0
4/20/1991,0,0,0
4/21/1991,0,0,0
4/22/1991,0,0,0
4/23/1991,0,0,0
4/24/1991,5.8,0,0
4/25/1991,0,2,0
4/26/1991,0,0,5.8
4/27/1991,0,0,0
4/28/1991,0,0,0
4/29/1991,0,0,0
4/30/1991,9.2,8.3,0.8
5/1/1991,8.6,6,2.3
5/2/1991,7,2.3,2.4
5/3/1991,6.4,16,8.3
5/4/1991,7.6,8,7.4
5/5/1991,0,0,0
5/6/1991,0,0,0
5/7/1991,0,0,0
5/8/1991,0,0,0
5/9/1991,0,0,0
5/10/1991,0,0,0
5/11/1991,4.2,0,9.2
5/12/1991,0,0,0
5/13/1991,0,0,0
5/14/1991,0,0,0
5/15/1991,1.8,0,0
5/16/1991,8.2,2,1.2
5/17/1991,0,0,1.3
5/18/1991,20.5,11.3,7.3
5/19/1991,0,1,0
5/20/1991,42.8,1,11.4
5/21/1991,1,0,4
5/22/1991,14.6,15.4,3.2
5/23/1991,8.6,6,21
5/24/1991,0,0,0.3
5/25/1991,0,0,0
5/26/1991,0,0,0
5/27/1991,0.6,3.1,2.8
5/28/1991,7.6,0,3.2
5/29/1991,1,0,0.8
5/30/1991,0,0,0
5/31/1991,4.8,4,4
6/1/1991,1.2,16.3,2.6
6/2/1991,0,0,5.4
6/3/1991,0,0,0
6/4/1991,0,0,1.2
6/5/1991,0.2,0,0
6/6/1991,8.6,0,12.5
6/7/1991,20.6,31,25.2
6/8/1991,0.1,0,0.7
6/9/1991,0,0,0
6/10/1991,3.9,0,3.6
6/11/1991,3.4,6.2,2.8
6/12/1991,0.1,40,17.1
6/13/1991,24.4,15,24.2
6/14/1991,1.2,8.7,3.2
6/15/1991,3.4,18,5.2
6/16/1991,23,20,14
6/17/1991,3.8,4,5.9
6/18/1991,2.4,0,8.4
6/19/1991,1.7,0,4.8
6/20/1991,4.6,2.3,6.4
6/21/1991,2.1,6,2.2
6/22/1991,0,0,0
6/23/1991,1.4,1.3,4.2
6/24/1991,0,0,0.6
6/25/1991,1.6,0,1.3
6/26/1991,0.1,12.2,0.6
6/27/1991,0,0,0
6/28/1991,0,0,0
6/29/1991,0,1,0
6/30/1991,6.6,3,1.2
7/1/1991,12.4,0,2.6
7/2/1991,0.5,5,0
7/3/1991,1.8,2,0
7/4/1991,2.8,3,5.2
7/5/1991,0.2,3,0.4
7/6/1991,0,0,0
7/7/1991,36.9,4,22.4
7/8/1991,27.7,38,40.3
7/9/1991,8,39,7.8
7/10/1991,2,0,2.3
7/11/1991,14.2,5,17.8
7/12/1991,1.8,0,0.4
7/13/1991,5,28,0.4
7/14/1991,0,0,0
7/15/1991,14.5,12,10.2
7/16/1991,1.8,1,3.3
7/17/1991,0,12,0.8
7/18/1991,3.4,0,1.4
7/19/1991,5.8,0,1.4
7/20/1991,0,0,0
7/21/1991,0,3,0.8
7/22/1991,13.8,3,1.2
7/23/1991,3.3,0,5.2
7/24/1991,7.2,0,0.8
7/25/1991,0.1,5,0
7/26/1991,4.3,0,1.6
7/27/1991,16.2,6,7
7/28/1991,1.6,0,0.7
7/29/1991,0.8,0,3.4
7/30/1991,2.4,0,0
7/31/1991,1.8,6,0
8/1/1991,2,0,8.8
8/2/1991,4.4,0,8
8/3/1991,0.2,8,4.2
8/4/1991,6,4,8.2
8/5/1991,0.3,0,0.8
8/6/1991,0.4,4,2.8
8/7/1991,11.2,34.2,7.8
8/8/1991,25.8,57,12.2
8/9/1991,16.9,21,7.1
8/10/1991,5.8,8,3.4
8/11/1991,10.4,3,4.6
8/12/1991,4.2,9.2,7.7
8/13/1991,9.2,1,8.7
8/14/1991,15.6,51,11.6
8/15/1991,44.7,76,18.6
8/16/1991,6.8,7,13
8/17/1991,19,40,30.6
8/18/1991,1.6,3,5.8
8/19/1991,20.4,5,3.6
8/20/1991,5.8,3.1,3.8
8/21/1991,0,8.2,0
8/22/1991,28.9,0,0.8
8/23/1991,0,0,0.6
8/24/1991,0,0,0
8/25/1991,0,0,0
8/26/1991,0,0,0
8/27/1991,2.4,19,16.2
8/28/1991,16.8,35,16
8/29/1991,9,12.5,11.6
8/30/1991,9.4,10,4.8
8/31/1991,3.7,2,10.6
9/1/1991,1.7,12.3,0.2
9/2/1991,6.8,16,4.3
9/3/1991,7.8,26,5
9/4/1991,8,6.5,11.6
9/5/1991,6.2,38,3.8
9/6/1991,10.7,6,1.6
9/7/1991,3.3,0,0.8
9/8/1991,16.8,1,36
9/9/1991,0,36.5,0.4
9/10/1991,0.2,4.5,2.8
9/11/1991,1.8,3,16
9/12/1991,27.6,8,1.2
9/13/1991,0,1,0.4
9/14/1991,1.6,6.5,1.2
9/15/1991,0.2,2.7,0
9/16/1991,12,6,15.2
9/17/1991,2,2.5,5.7
9/18/1991,0,0,0.2
9/19/1991,0,0,0
9/20/1991,0,0,0
9/21/1991,0,0,0.4
9/22/1991,0,0,0
9/23/1991,0,0,0
9/24/1991,0,0,0
9/25/1991,0,0,0
9/26/1991,21.2,0,0.6
9/27/1991,0,0,0
9/28/1991,0,0,0
9/29/1991,0,0,0
9/30/1991,0,0,0
10/1/1991,0,0,0
10/2/1991,0,0,0
10/3/1991,0,0,0
10/4/1991,0,0,0
10/5/1991,0,0,0
10/6/1991,0,0,0
10/7/1991,0.4,0,0.6
10/8/1991,0,0,0
10/9/1991,0,0,0
10/10/1991,0,0,0
10/11/1991,0,0,0
10/12/1991,0,0,0
10/13/1991,0,0,0
10/14/1991,0,0,0
10/15/1991,0,0,0
10/16/1991,0,0,0
10/17/1991,0,0,0
10/18/1991,0,0,0
10/19/1991,0,0,0
10/20/1991,0,0,0
10/21/1991,0,0,0
10/22/1991,0,0,0
10/23/1991,0,0,0
10/24/1991,0,0,0
10/25/1991,0,0,0
10/26/1991,0,0,0
10/27/1991,0,0,0
10/28/1991,0,0,0
10/29/1991,0,0,0
10/30/1991,0,0,0
10/31/1991,0,0,0
11/1/1991,0,0,0
11/2/1991,0,0,0
11/3/1991,0,0,0
11/4/1991,0,0,0
11/5/1991,0,0,0
11/6/1991,0,0,0
11/7/1991,0,0,0
11/8/1991,0,0,0
11/9/1991,0,0,0
11/10/1991,0,0,0
11/11/1991,0,0,0
11/12/1991,0.2,0,0
11/13/1991,0,0,0
11/14/1991,0,0,0
11/15/1991,0,0,0
11/16/1991,0,0,0
11/17/1991,0,0,0
11/18/1991,0,0,0
11/19/1991,0,0,0
11/20/1991,0,0,0
11/21/1991,0,0,0
11/22/1991,0,0,0
11/23/1991,0,0,0
11/24/1991,0,0,0
11/25/1991,0,0,0
11/26/1991,0,0,0
11/27/1991,0,0,0
11/28/1991,0,0,0
11/29/1991,0,0,0
11/30/1991,0,0,0
12/1/1991,0,0,0
12/2/1991,0,0,0
12/3/1991,0,0,0
12/4/1991,0,0,0
12/5/1991,0,0,0
12/6/1991,0,0,0
12/7/1991,0,0,0
12/8/1991,0,0,0
12/9/1991,0,0,0
12/10/1991,0,0,0
12/11/1991,0,0,0
12/12/1991,0,0,0
12/13/1991,0,0,0
12/14/1991,0,0,0
12/15/1991,0,0,0
12/16/1991,0,0,0
12/17/1991,0,0,0
12/18/1991,0,0,0
12/19/1991,0,0,0
12/20/1991,0,0,0
12/21/1991,0,0,0
12/22/1991,0,0,0
12/23/1991,0,0,0
12/24/1991,0,0,0
12/25/1991,3.4,24,1.4
12/26/1991,21.5,0,20.3
12/27/1991,0,0,0.6
12/28/1991,0,0,0
12/29/1991,0,0,0
12/30/1991,0,0,0
12/31/1991,0,0,0
1/1/1992,0,0,
1/2/1992,0,0,
1/3/1992,0,0,
1/4/1992,0,0,
1/5/1992,0,0,
1/6/1992,0,0,
1/7/1992,0,0,
1/8/1992,0,0,
1/9/1992,0,0,
1/10/1992,0,0,
1/11/1992,0,0,
1/12/1992,6.4,0,7.6
1/13/1992,0,0,0
1/14/1992,0,0,0
1/15/1992,0,0,0
1/16/1992,0,0,0
1/17/1992,0,0,0
1/18/1992,0,0,0
1/19/1992,0,0,0
1/20/1992,0,0,0
1/21/1992,0,0,0
1/22/1992,0,0,0
1/23/1992,0,0,0
1/24/1992,0,0,0
1/25/1992,0,0,0
1/26/1992,0,0,0
1/27/1992,0,0,0
1/28/1992,0,0,0
1/29/1992,0,0,0
1/30/1992,0,0,0
1/31/1992,0,4,0.4
2/1/1992,4.8,0,1.8
2/2/1992,0,0,0
2/3/1992,0,0,0
2/4/1992,0,0,0
2/5/1992,0,0,0
2/6/1992,0,0,0
2/7/1992,5.2,0,3.6
2/8/1992,6.4,0,5.4
2/9/1992,0,0,0
2/10/1992,0,0,0
2/11/1992,0,0,0
2/12/1992,0,0,0
2/13/1992,0,0,0
2/14/1992,0,0,0
2/15/1992,0,0,0
2/16/1992,0,0,0
2/17/1992,0,0,0
2/18/1992,0,0,0
2/19/1992,0,0,0
2/20/1992,0,0,0
2/21/1992,0,0,0
2/22/1992,0,0,0
2/23/1992,0,0,0
2/24/1992,0,0,0
2/25/1992,0.8,0,2.3
2/26/1992,0,0,0
2/27/1992,0,0,0
2/28/1992,0,0,0
2/29/1992,0,0,0
3/1/1992,0,0,0
3/2/1992,0,0,0
3/3/1992,0,0,0
3/4/1992,0,0,0
3/5/1992,0,0,0
3/6/1992,0,0,0
3/7/1992,0,0,0
3/8/1992,0,0,0
3/9/1992,0,0,0
3/10/1992,0,0,0
3/11/1992,0,0,0
3/12/1992,0,0,0
3/13/1992,0,0,0
3/14/1992,0,0,0
3/15/1992,0,0,0
3/16/1992,0,0,0
3/17/1992,0,0,0
3/18/1992,0,0,0
3/19/1992,0,0,0
3/20/1992,0,0,0
3/21/1992,0.2,0,0
3/22/1992,0,0,0
3/23/1992,0,0,0
3/24/1992,0,0,0
3/25/1992,0,0,0
3/26/1992,0,0,0
3/27/1992,0,0,0
3/28/1992,0,0,0
3/29/1992,0,0,0
3/30/1992,0,0,0
3/31/1992,0,0,0
4/1/1992,0,0,0
4/2/1992,0,0,0
4/3/1992,0,0,0
4/4/1992,0,0,0
4/5/1992,0,0,0
4/6/1992,0,0,0
4/7/1992,0,0,0
4/8/1992,0,0,0
4/9/1992,0,0,0
4/10/1992,0,0,0
4/11/1992,0,0,0
4/12/1992,0,0,0
4/13/1992,0,0,0
4/14/1992,0,0,0
4/15/1992,0,0,0
4/16/1992,0,0,0
4/17/1992,0,0,0
4/18/1992,0,0,0
4/19/1992,0,0,0
4/20/1992,0,0,0
4/21/1992,0,0,0
4/22/1992,0,0,0
4/23/1992,0,0,0
4/24/1992,0,0,0
4/25/1992,0,0,0
4/26/1992,0,6.2,0
4/27/1992,0.6,0,15.2
4/28/1992,3.8,0,2.4
4/29/1992,0,12.5,0
4/30/1992,40.1,16.8,25.4
5/1/1992,0.5,0,2
5/2/1992,3,14,4.6
5/3/1992,7.8,4,9.2
5/4/1992,8.8,12,11
5/5/1992,0,0,0.4
5/6/1992,0,0,0
5/7/1992,0,0,0
5/8/1992,0,0,0
5/9/1992,0,0,0
5/10/1992,1.2,0,0
5/11/1992,0,0,0.8
5/12/1992,0.2,16.9,1.4
5/13/1992,0,0,0
5/14/1992,0,0,1.4
5/15/1992,5.8,5.4,8.6
5/16/1992,0.3,0,0.8
5/17/1992,3.8,2,0.4
5/18/1992,2,3,1
5/19/1992,0,0,0
5/20/1992,0,0,0
5/21/1992,4.2,14.5,3.4
5/22/1992,0,0,3
5/23/1992,0.1,0,2.6
5/24/1992,5.6,0,0
5/25/1992,0,12,0
5/26/1992,6.4,8.4,5.8
5/27/1992,17,0,6.2
5/28/1992,3,5,10
5/29/1992,0.2,0,0
5/30/1992,0,0,0
5/31/1992,0,0,0
6/1/1992,0,0,0
6/2/1992,0,0,0
6/3/1992,0,0,0
6/4/1992,0,0,0
6/5/1992,0,0,0
6/6/1992,6.2,22,10.2
6/7/1992,0,0,0
6/8/1992,24,0,15.6
6/9/1992,2,0,1
6/10/1992,6.4,19,11.4
6/11/1992,6.6,8,0
6/12/1992,0,0,0
6/13/1992,1,1.3,1.6
6/14/1992,0,0,0
6/15/1992,23.5,0,34
6/16/1992,0,4.7,0
6/17/1992,15.2,4,0
6/18/1992,45.2,12.7,8.4
6/19/1992,16.4,2.5,7
6/20/1992,2.8,16.5,4
6/21/1992,31.4,10,28
6/22/1992,0.8,0,7
6/23/1992,0.6,0,0
6/24/1992,37,20.4,17.3
6/25/1992,0,0,0.6
6/26/1992,3.8,2.5,3
6/27/1992,0,0,0
6/28/1992,8,6.4,5.2
6/29/1992,1.6,8.7,9.6
6/30/1992,0.2,4,0
7/1/1992,0,0,0
7/2/1992,3.4,0,4.8
7/3/1992,0,0,0
7/4/1992,0,0,0
7/5/1992,0,0,0
7/6/1992,0.1,2,0
7/7/1992,2.8,22.5,0
7/8/1992,6.4,8,3.8
7/9/1992,24.2,2,8.6
7/10/1992,41.6,16.5,18.2
7/11/1992,5.4,3.5,8.2
7/12/1992,4.2,18.7,9.2
7/13/1992,6.6,0,12.8
7/14/1992,4.6,4,5.2
7/15/1992,0,0,0
7/16/1992,4.4,10.5,5
7/17/1992,1.2,4.7,1.2
7/18/1992,1.8,24.7,1.2
7/19/1992,3.5,2,0
7/20/1992,44,18.5,23.8
7/21/1992,16.6,26.7,21.8
7/22/1992,0.2,4,0.6
7/23/1992,1.6,0,2.8
7/24/1992,15.5,24,49.4
7/25/1992,4.1,0,2.2
7/26/1992,11,22.5,14.6
7/27/1992,4.4,18,1.6
7/28/1992,0,0,0
7/29/1992,0,1,0
7/30/1992,4.2,2,1.2
7/31/1992,11.8,18,9.8
8/1/1992,31.6,42.7,15.4
8/2/1992,2,26.5,7.2
8/3/1992,4.8,46.5,5.4
8/4/1992,2.6,16.7,2.9
8/5/1992,0,2,0.1
8/6/1992,9.7,0,2.7
8/7/1992,10.6,14,8.2
8/8/1992,3.4,0,0.2
8/9/1992,0,0,0
8/10/1992,0,0,0
8/11/1992,0,28.5,0
8/12/1992,0,1,0
8/13/1992,2.4,1,2.3
8/14/1992,10,2.7,3.4
8/15/1992,12.8,12.7,26.4
8/16/1992,2.8,10,0.6
8/17/1992,1,6.5,0.8
8/18/1992,1,14.5,4.6
8/19/1992,0.2,1.2,0.7
8/20/1992,9.4,0,1.2
8/21/1992,16,4,18.4
8/22/1992,7.2,12.5,10
8/23/1992,6.8,78,5.6
8/24/1992,16.8,52.8,10.6
8/25/1992,19,24,16
8/26/1992,2.2,2,2.4
8/27/1992,4.8,4.7,8
8/28/1992,9,4.2,9
8/29/1992,17.6,4,3.8
8/30/1992,0,0,0
8/31/1992,16.2,4.3,7.2
9/1/1992,0,0,0
9/2/1992,19.4,0,5.6
9/3/1992,2.2,0,1.4
9/4/1992,3.8,2.5,1.2
9/5/1992,0,2,0
9/6/1992,29.4,1,1.2
9/7/1992,0,0,0.6
9/8/1992,6.4,5.2,2.6
9/9/1992,15.6,16,12.8
9/10/1992,0,14,1.2
9/11/1992,15,2,12.8
9/12/1992,14.4,8.7,1.4
9/13/1992,26,92.5,17.4
9/14/1992,2.9,12.5,23
9/15/1992,0.6,0,2
9/16/1992,30.6,42.5,0.3
9/17/1992,0,0,0.8
9/18/1992,0,0,0
9/19/1992,0,0,0
9/20/1992,0,0,0
9/21/1992,0,0,0
9/22/1992,0,0,0
9/23/1992,0,0,0
9/24/1992,38.8,0,0
9/25/1992,0,0,1.6
9/26/1992,0,0,0
9/27/1992,0,0,0
9/28/1992,1.2,4,0
9/29/1992,2,0,1
9/30/1992,0.8,0,0
10/1/1992,0,0,2
10/2/1992,0,0,0
10/3/1992,0,0,0
10/4/1992,0,0,0
10/5/1992,0,1,0.8
10/6/1992,3,0,1.6
10/7/1992,0,0,0
10/8/1992,0,0,0
10/9/1992,0,0,0
10/10/1992,0,0,0
10/11/1992,0,0,0
10/12/1992,11,40.3,10.4
10/13/1992,31,51,26.4
10/14/1992,1,0,0.8
10/15/1992,0,0,0
10/16/1992,1.8,0,0
10/17/1992,0,0,0
10/18/1992,0,3,0.8
10/19/1992,3.2,0,0
10/20/1992,0,0,0
10/21/1992,0,0,0
10/22/1992,0,0,0
10/23/1992,0,0,0
10/24/1992,0,0,0
10/25/1992,0,0,0
10/26/1992,0,0,0
10/27/1992,0,0,0
10/28/1992,0,0,0
10/29/1992,0,0,0
10/30/1992,0,0,0
10/31/1992,0,0,0
11/1/1992,0,0,0
11/2/1992,0,0,0
11/3/1992,0,0,0
11/4/1992,0,0,0
11/5/1992,0,0,0
11/6/1992,0,0,0
11/7/1992,0,0,0
11/8/1992,0,0,0
11/9/1992,0,0,0
11/10/1992,0,0,0
11/11/1992,0,0,0
11/12/1992,0,0,0
11/13/1992,0,0,0
11/14/1992,0,0,0
11/15/1992,0,0,0
11/16/1992,0,0,0
11/17/1992,0,0,0
11/18/1992,0,0,0
11/19/1992,0,0,0
11/20/1992,0,0,0
11/21/1992,0,0,0
11/22/1992,0,0,0
11/23/1992,4.8,13.7,4.2
11/24/1992,10.7,0,11.4
11/25/1992,0,0,0
11/26/1992,0,0,0
11/27/1992,0,0,0
11/28/1992,0,0,0
11/29/1992,0,0,0
11/30/1992,0,0,0
12/1/1992,0,0,0
12/2/1992,0,0,0
12/3/1992,3.1,2.3,2.2
12/4/1992,0,0,0
12/5/1992,0,0,0
12/6/1992,0,0,0
12/7/1992,0,0,0
12/8/1992,0,0,0
12/9/1992,0,0,0
12/10/1992,0,0,0
12/11/1992,0,0,0
12/12/1992,0,0,0
12/13/1992,0,0,0
12/14/1992,0,0,0
12/15/1992,0,0,0
12/16/1992,0,0,0
12/17/1992,0,0,0
12/18/1992,0,0,0
12/19/1992,0,0,0
12/20/1992,0,0,0
12/21/1992,0,0,0
12/22/1992,0,0,0
12/23/1992,0,0,0
12/24/1992,0,0,0
12/25/1992,0,0,0
12/26/1992,0,0,0
12/27/1992,0,0,0
12/28/1992,0,0,0
12/29/1992,0,0,0
12/30/1992,0,0,0
12/31/1992,0,0,0
1/1/1993,0,0,0
1/2/1993,0,0,0
1/3/1993,0,0,0
1/4/1993,0,0,0
1/5/1993,0,0,0
1/6/1993,0,0,0
1/7/1993,5.6,9.5,6.8
1/8/1993,3.2,2,4.4
1/9/1993,1.4,0,2
1/10/1993,0,0,0
1/11/1993,0,0,0.4
1/12/1993,0,0,0
1/13/1993,0,0,0
1/14/1993,0,0,0
1/15/1993,0,0,0
1/16/1993,0,0,0
1/17/1993,0,0,0
1/18/1993,0,0,0
1/19/1993,0,0,0
1/20/1993,0,0,0
1/21/1993,0,0,0
1/22/1993,0,0,0
1/23/1993,0,0,0
1/24/1993,0,0,0
1/25/1993,0,0,0
1/26/1993,0,0,0
1/27/1993,0,0,0
1/28/1993,0,0,0
1/29/1993,0,0,0
1/30/1993,0,0,0
1/31/1993,0,0,0
2/1/1993,0.1,2,1.2
2/2/1993,0,0,0
2/3/1993,0,0,0
2/4/1993,0,0,0
2/5/1993,0,0,0
2/6/1993,0,0,0
2/7/1993,0,0,0
2/8/1993,0,0,0
2/9/1993,0,0,0
2/10/1993,0,0,0
2/11/1993,0,0,0
2/12/1993,0,0,0
2/13/1993,0,0,0
2/14/1993,0,0,0
2/15/1993,0,0,0
2/16/1993,0,0,0
2/17/1993,0.6,0,0.3
2/18/1993,0,0,0
2/19/1993,14.6,1,12.2
2/20/1993,0,0,0
2/21/1993,0,3,0
2/22/1993,0,0,0
2/23/1993,0,0,0
2/24/1993,0,0,0
2/25/1993,0,0,0
2/26/1993,0,0,0
2/27/1993,0,0,0
2/28/1993,0.1,2.2,0
3/1/1993,0.4,0,0.4
3/2/1993,0,0,0.6
3/3/1993,0,0,0
3/4/1993,0,4,0
3/5/1993,0,0,0
3/6/1993,0,0,0
3/7/1993,0,0,0
3/8/1993,0,0,0
3/9/1993,0,0,0
3/10/1993,0,0,0
3/11/1993,0,0,0
3/12/1993,0,5,0
3/13/1993,0,0,0
3/14/1993,0,0,0
3/15/1993,2.4,4.2,0
3/16/1993,0,0,0
3/17/1993,0,0,0
3/18/1993,0,0,0
3/19/1993,0,0,0
3/20/1993,0,0,0
3/21/1993,0,0,0
3/22/1993,0,0,0
3/23/1993,0,0,0
3/24/1993,0.4,0,0.8
3/25/1993,9.6,8,5.2
3/26/1993,7.4,20,7
3/27/1993,21.8,22.5,19
3/28/1993,0,0,0
3/29/1993,0,0,0
3/30/1993,0,0,0
3/31/1993,0,0,0
4/1/1993,0,0,0
4/2/1993,0,0,0
4/3/1993,0,0,0
4/4/1993,0,0,0
4/5/1993,0,0,0
4/6/1993,0,0,0
4/7/1993,0,0,0
4/8/1993,0,0,0
4/9/1993,0.9,0,0.4
4/10/1993,0,0,0
4/11/1993,0,0,0
4/12/1993,4.8,8.2,5
4/13/1993,11.8,2.5,7
4/14/1993,0.9,0,1.4
4/15/1993,0,0,0
4/16/1993,0.2,0,0
4/17/1993,0,0,0
4/18/1993,0,0,0
4/19/1993,1.6,0,0
4/20/1993,0,5.2,0
4/21/1993,3.2,0,10.6
4/22/1993,0,0,8.8
4/23/1993,23.2,38.7,16.2
4/24/1993,8.6,0,1.2
4/25/1993,2.8,6.5,17
4/26/1993,22.4,4,1.2
4/27/1993,0,0,0
4/28/1993,0,0,0
4/29/1993,6.4,10.5,2.8
4/30/1993,0,0,0
5/1/1993,1,0,0
5/2/1993,0,0,0
5/3/1993,8.6,0,2.8
5/4/1993,8.3,0,0
5/5/1993,0.2,0,0
5/6/1993,0,0,0
5/7/1993,20.2,2.5,4.6
5/8/1993,0,0,0
5/9/1993,0,0,0
5/10/1993,8.2,8.2,4.2
5/11/1993,21.2,26.5,6
5/12/1993,4.7,4,2
5/13/1993,0,0,0
5/14/1993,6.2,0,2.2
5/15/1993,0.6,0,0
5/16/1993,43,42.7,18.8
5/17/1993,4.2,2,2.8
5/18/1993,6.7,2.7,3.4
5/19/1993,0,0,0
5/20/1993,3.2,5,4
5/21/1993,6,2.5,5.3
5/22/1993,0,0,0
5/23/1993,0,0,0
5/24/1993,4.8,0,0
5/25/1993,2.2,4,1.4
5/26/1993,0,4,0
5/27/1993,1.4,0,0
5/28/1993,0,0,0
5/29/1993,21,10.5,3.4
5/30/1993,12.8,17,7.5
5/31/1993,0.1,0,0
6/1/1993,0,0,1.3
6/2/1993,0,0,0.6
6/3/1993,12.6,7.5,20
6/4/1993,15.8,26.5,15.6
6/5/1993,40,26,26.2
6/6/1993,4,0,0.3
6/7/1993,6.4,10.5,28.8
6/8/1993,6.4,3,6.6
6/9/1993,4.6,0,2.6
6/10/1993,5.5,0,7.2
6/11/1993,3.8,4,11.4
6/12/1993,8.2,0,4.8
6/13/1993,0.8,0,0
6/14/1993,2,0,0
6/15/1993,0.4,12.7,0
6/16/1993,0,0,0
6/17/1993,3.8,0,1.8
6/18/1993,0,0,1.6
6/19/1993,14.6,24,8
6/20/1993,0,0,0
6/21/1993,0,0,1.8
6/22/1993,0,0,0.2
6/23/1993,48,12,24.6
6/24/1993,6.4,10,35.4
6/25/1993,11.8,8,1.2
6/26/1993,0.8,2,1.2
6/27/1993,5.6,0,4.2
6/28/1993,2.9,7,2
6/29/1993,0,5,0
6/30/1993,0,9,0
7/1/1993,8.3,0,7.8
7/2/1993,1.6,0,10.6
7/3/1993,5.1,0,3.8
7/4/1993,15.1,2,6
7/5/1993,3,0,0
7/6/1993,0,0,0
7/7/1993,8.4,8,2.2
7/8/1993,0,9,0
7/9/1993,0,15,1.8
7/10/1993,4.2,1,4.6
7/11/1993,30.4,1,2.4
7/12/1993,0,0,0
7/13/1993,1.2,0,0.6
7/14/1993,36.4,6.9,14.8
7/15/1993,0.2,0,1.8
7/16/1993,7.6,4,0.2
7/17/1993,3.8,0,11
7/18/1993,3,40,0.4
7/19/1993,6.6,6.5,2.6
7/20/1993,37.2,194,53.4
7/21/1993,4.6,30.2,12.4
7/22/1993,49.6,54.7,88.2
7/23/1993,3,8,10.6
7/24/1993,33.6,6.5,2
7/25/1993,11.6,6.7,36.4
7/26/1993,1.2,4.7,9.8
7/27/1993,0,0,0.2
7/28/1993,7.8,6,5
7/29/1993,6.2,6.5,3.6
7/30/1993,0.4,0,0.3
7/31/1993,6.2,1,17.8
8/1/1993,3.6,14,1.2
8/2/1993,3.4,0,1.2
8/3/1993,15.6,36,28
8/4/1993,0.2,24,0
8/5/1993,8.8,4.7,7.4
8/6/1993,16.6,4,1.6
8/7/1993,3,0,20.4
8/8/1993,4,4,4
8/9/1993,16.8,16,21.6
8/10/1993,62.8,121,47
8/11/1993,49.6,20,43.8
8/12/1993,0.4,0,0.8
8/13/1993,0,4.5,3
8/14/1993,5.2,0,0.6
8/15/1993,36,6.7,21.6
8/16/1993,0,0,0.2
8/17/1993,6.8,1,0.6
8/18/1993,18,4,4.2
8/19/1993,1,0,6.8
8/20/1993,0,0,0
8/21/1993,6.8,8.5,6.7
8/22/1993,1.2,0,1.4
8/23/1993,0.2,5,4.2
8/24/1993,4,16,19.8
8/25/1993,25.2,40,23.4
8/26/1993,1.6,12,3.6
8/27/1993,3,0.7,0
8/28/1993,0,0,0
8/29/1993,0,11,0.2
8/30/1993,0,18.1,14.8
8/31/1993,0,6.2,8.8
9/1/1993,0,2.1,0.8
9/2/1993,0.6,4.3,2.2
9/3/1993,1.6,4.6,0
9/4/1993,1.2,14.2,6.8
9/5/1993,0.4,2.5,1.4
9/6/1993,28,22.1,26.8
9/7/1993,0.6,0.6,5.1
9/8/1993,0.2,2.2,3.1
9/9/1993,8.2,9.8,8.2
9/10/1993,0,0,0.6
9/11/1993,0,0,0
9/12/1993,1.6,0,0
9/13/1993,0,0,0.4
9/14/1993,22.4,0,2
9/15/1993,0.2,0,0.2
9/16/1993,2.6,6.2,3.5
9/17/1993,0,0,0.2
9/18/1993,0,0,0
9/19/1993,0,0,0
9/20/1993,0,0,0.2
9/21/1993,4,4.7,14
9/22/1993,21.6,16.6,0.4
9/23/1993,7.6,0.5,1.4
9/24/1993,28.2,10.2,11.8
9/25/1993,16.1,10,35.6
9/26/1993,10.6,8.7,23.4
9/27/1993,0.5,0,1.2
9/28/1993,0,2,0
9/29/1993,0,0,0
9/30/1993,0,0,0
10/1/1993,0,0,0
10/2/1993,0,0,0
10/3/1993,0,0.5,14.2
10/4/1993,1.8,0,0
10/5/1993,7.4,0,16.6
10/6/1993,5.3,0,2
10/7/1993,0,0,0
10/8/1993,0,0,0
10/9/1993,0,0,0
10/10/1993,0,0,0
10/11/1993,0,0,0
10/12/1993,0,0,0
10/13/1993,0,0,0
10/14/1993,0,0,0
10/15/1993,0,0,0
10/16/1993,0,0,0
10/17/1993,0,0,0
10/18/1993,0,0,0
10/19/1993,0,0,0
10/20/1993,0,0,0
10/21/1993,0,0,0
10/22/1993,0,0,0
10/23/1993,0,0,0
10/24/1993,0,0,0
10/25/1993,0,0,0
10/26/1993,0,0,0
10/27/1993,0,0,0
10/28/1993,0,0,0
10/29/1993,0,0,0
10/30/1993,0,0,0
10/31/1993,0,0,0
11/1/1993,0,0,0
11/2/1993,0,0,0
11/3/1993,0.2,2.2,0
11/4/1993,0,0,0
11/5/1993,0,0,0
11/6/1993,1.6,0,1.4
11/7/1993,0,0,0
11/8/1993,0,0,0
11/9/1993,0,0,0
11/10/1993,0,0,0
11/11/1993,0,0,0
11/12/1993,0,0,0
11/13/1993,0,0,0
11/14/1993,0,0,0
11/15/1993,0,0,0
11/16/1993,0,0,0
11/17/1993,0,0,0
11/18/1993,0,0,0
11/19/1993,0,0,0
11/20/1993,0,0,0
11/21/1993,0,0,0
11/22/1993,0,0,0
11/23/1993,0,0,0
11/24/1993,0,0,0
11/25/1993,0,0,0
11/26/1993,0,0,0
11/27/1993,0,0,0
11/28/1993,0,0,0
11/29/1993,0,0,0
11/30/1993,0,0,0
12/1/1993,0,0,0
12/2/1993,0,0,0
12/3/1993,0,0,0
12/4/1993,0,0,0
12/5/1993,0,0,0
12/6/1993,0,0,0
12/7/1993,0,0,0
12/8/1993,0,0,0
12/9/1993,0,0,0
12/10/1993,0,0,0
12/11/1993,0,0,0
12/12/1993,0,0,0
12/13/1993,0,0,0
12/14/1993,0,0,0
12/15/1993,0,0,0
12/16/1993,0,0,0
12/17/1993,0,0,0
12/18/1993,0,0,0
12/19/1993,0,0,0
12/20/1993,0,0,0
12/21/1993,0,0,0
12/22/1993,0,0,0
12/23/1993,0,0,0
12/24/1993,0,0,0
12/25/1993,0,0,0
12/26/1993,0,0,0
12/27/1993,0,0,0
12/28/1993,0,0,0
12/29/1993,0,0,0
12/30/1993,0,0,0
12/31/1993,0,0,0
1/1/1994,0,0,0
1/2/1994,0,0,0
1/3/1994,0,0,0
1/4/1994,0,0,0
1/5/1994,0,0,0
1/6/1994,0,0,0
1/7/1994,0,0,0
1/8/1994,0,0,0
1/9/1994,0,0,0
1/10/1994,0,0,0
1/11/1994,0,0,0
1/12/1994,0,0,1.8
1/13/1994,0,0,0
1/14/1994,0,0,0
1/15/1994,0,0,0
1/16/1994,16.2,22.5,16.2
1/17/1994,11,12,10
1/18/1994,0,0,0
1/19/1994,0,0,0
1/20/1994,0,0,0
1/21/1994,0,0,0
1/22/1994,0,0,0
1/23/1994,0,0,0
1/24/1994,0,0,0
1/25/1994,0,0,0
1/26/1994,0,0,0
1/27/1994,0,0,0
1/28/1994,0,0,0
1/29/1994,0,0,0
1/30/1994,0.1,0,1.2
1/31/1994,0,0,0
2/1/1994,0,0,0
2/2/1994,0.2,1,0
2/3/1994,0,0,0
2/4/1994,0,0,0
2/5/1994,0,0,0
2/6/1994,0,0,0
2/7/1994,0,0,0
2/8/1994,0,0,0
2/9/1994,14.6,18.1,13.8
2/10/1994,0,0,0.8
2/11/1994,0,0,0
2/12/1994,0,0,0
2/13/1994,0,0,0
2/14/1994,0,0,0
2/15/1994,0,0,0
2/16/1994,0,0,0
2/17/1994,0,0,0
2/18/1994,0,0,0
2/19/1994,0,0,0
2/20/1994,0,0,0
2/21/1994,0,0,0
2/22/1994,4.2,4.6,2.4
2/23/1994,0,0,0
2/24/1994,0,0,0
2/25/1994,0,0,0
2/26/1994,0,0,0
2/27/1994,0,0,0
2/28/1994,0.4,0,0
3/1/1994,0,0,0
3/2/1994,0,0,0
3/3/1994,0,0,0
3/4/1994,0,0,0
3/5/1994,0,0,0
3/6/1994,0,0,0
3/7/1994,0,0,0
3/8/1994,0,0,0
3/9/1994,0,0,0
3/10/1994,0,0,0
3/11/1994,0,0,0
3/12/1994,0,0,0
3/13/1994,0,0,0
3/14/1994,3.4,0,0.6
3/15/1994,0,0,0
3/16/1994,0,0,0
3/17/1994,0,0,0
3/18/1994,0,0,0
3/19/1994,0,0,0
3/20/1994,0,0,0
3/21/1994,0,2,1.2
3/22/1994,0,0,0
3/23/1994,0,0,0
3/24/1994,0,0,0
3/25/1994,0,0,0
3/26/1994,5.5,5,6.8
3/27/1994,1,4,1.2
3/28/1994,0,0,0
3/29/1994,3.2,0,1.4
3/30/1994,0.5,5,2
3/31/1994,0.3,3,0
4/1/1994,0.1,1,1.3
4/2/1994,0,0,0
4/3/1994,0,0,0
4/4/1994,0,0,0
4/5/1994,0,0,0
4/6/1994,7.4,4,3.2
4/7/1994,0,0,0
4/8/1994,0,0,0
4/9/1994,0,0,0
4/10/1994,0,0,0
4/11/1994,0,0,0
4/12/1994,0,0,0
4/13/1994,0,0,0
4/14/1994,0,0,0
4/15/1994,0,0,0
4/16/1994,0,0,0
4/17/1994,0.2,2,1.4
4/18/1994,0,0,0
4/19/1994,0,0,0
4/20/1994,0,0,0
4/21/1994,0,0,0
4/22/1994,0,0,0
4/23/1994,0,0,0
4/24/1994,0,0,0
4/25/1994,0,0,0
4/26/1994,0,0,0
4/27/1994,0,0,0
4/28/1994,0,0,0
4/29/1994,0,0,0
4/30/1994,0.6,0,0.2
5/1/1994,0,0,0
5/2/1994,0,0,0
5/3/1994,0,0,0
5/4/1994,0,0,0
5/5/1994,0,0,0
5/6/1994,0,0,0
5/7/1994,7.7,0,15.2
5/8/1994,0,0,0
5/9/1994,12.8,30,58.2
5/10/1994,0,0,0
5/11/1994,0.2,0,1.8
5/12/1994,0,0,0
5/13/1994,0,0,0
5/14/1994,0,0,0
5/15/1994,0,0,0
5/16/1994,11.6,10,6.8
5/17/1994,18.4,25,19.4
5/18/1994,0.3,9,1.8
5/19/1994,0.2,4.8,0
5/20/1994,0,2.6,3.8
5/21/1994,0,4.8,0
5/22/1994,1,0,2.2
5/23/1994,0,0,0
5/24/1994,11.8,3,2.6
5/25/1994,37.2,9.7,11
5/26/1994,0,0,0
5/27/1994,0,0,0
5/28/1994,0,2.3,0
5/29/1994,11.2,0,0
5/30/1994,27.8,1.2,20
5/31/1994,1.6,1.4,2
6/1/1994,18.7,36,4.4
6/2/1994,0.4,0.2,3.4
6/3/1994,2.4,0.4,0
6/4/1994,0,0,0
6/5/1994,2.6,0,1.8
6/6/1994,0,0,0
6/7/1994,0,0,8.8
6/8/1994,0,0,0
6/9/1994,0,0,0
6/10/1994,18.7,0,8.4
6/11/1994,0,0,0
6/12/1994,3.4,15.2,8.6
6/13/1994,38.1,35,20
6/14/1994,0.2,0,0
6/15/1994,42.4,6.4,52
6/16/1994,1.4,2.3,0.4
6/17/1994,54.2,88.3,86
6/18/1994,0,0,1.4
6/19/1994,26.8,62,6.8
6/20/1994,6.9,4.2,0.8
6/21/1994,10.1,4,0.4
6/22/1994,24.7,38,27.6
6/23/1994,40.4,4.3,35.4
6/24/1994,1,20,6.2
6/25/1994,0,0,0
6/26/1994,99,17.2,14
6/27/1994,5,19.4,2.4
6/28/1994,0,17.3,0
6/29/1994,17.2,14.1,12.4
6/30/1994,0,2,0.4
7/1/1994,6.8,12.3,8.2
7/2/1994,12.8,12.1,5.8
7/3/1994,1.8,13.3,1.4
7/4/1994,0,6,2
7/5/1994,0,0,0.4
7/6/1994,3.4,2,0.3
7/7/1994,0,0,0
7/8/1994,23.2,8.3,0.6
7/9/1994,7.5,0.9,16
7/10/1994,3.6,0.3,1.4
7/11/1994,18,26.2,14.9
7/12/1994,2.2,1.2,2.3
7/13/1994,8.6,6.8,2.4
7/14/1994,0,0,0
7/15/1994,3.2,42.8,0
7/16/1994,0,0,0
7/17/1994,0.2,20.6,0
7/18/1994,59.3,2,1.4
7/19/1994,17,10.2,11
7/20/1994,1.2,2,0.6
7/21/1994,2.2,1,1.8
7/22/1994,7.2,2.2,3.4
7/23/1994,1.6,0,0
7/24/1994,1.4,0,3.2
7/25/1994,9,11.8,10
7/26/1994,2.7,13.6,0
7/27/1994,30.6,43.6,37.4
7/28/1994,3,7.8,5.8
7/29/1994,6,13.6,19.8
7/30/1994,17.6,14.5,29
7/31/1994,4,0,1.8
8/1/1994,0,0,7.6
8/2/1994,0,0,0
8/3/1994,34,4.4,5.2
8/4/1994,4,0,3
8/5/1994,0,0,0
8/6/1994,28.4,24.4,16
8/7/1994,62.3,31.4,58
8/8/1994,2.6,5.8,3.6
8/9/1994,28.2,18.6,18
8/10/1994,13.2,5.8,15
8/11/1994,3.3,3.4,5.8
8/12/1994,7.6,49.2,16.4
8/13/1994,0,1.4,3.2
8/14/1994,12,20.5,4
8/15/1994,4.6,3.8,3.2
8/16/1994,0,6,0.2
8/17/1994,0,2.2,0
8/18/1994,54.7,13.4,11
8/19/1994,3.4,1,1.8
8/20/1994,0,6,0
8/21/1994,24.4,29.2,15.2
8/22/1994,2.2,0,6.8
8/23/1994,5.1,6.3,7.8
8/24/1994,34.6,8.8,4
8/25/1994,32,45.2,29.4
8/26/1994,15.4,10.6,1.8
8/27/1994,28.6,32.5,12.4
8/28/1994,14.4,14.6,20
8/29/1994,30.4,19.4,13.6
8/30/1994,0,0,0
8/31/1994,0.2,0,0
9/1/1994,7.2,8,9.3
9/2/1994,4.4,20,2.2
9/3/1994,42,41.6,52.6
9/4/1994,6.2,24.8,5.4
9/5/1994,25.2,1,7.6
9/6/1994,0,0,0
9/7/1994,0,11.8,0
9/8/1994,0,0,0
9/9/1994,0.4,0,0
9/10/1994,35,22,27
9/11/1994,4.2,4.8,3.4
9/12/1994,0.8,2.8,0
9/13/1994,25.2,26.4,29.2
9/14/1994,36.4,19.2,31.4
9/15/1994,41,50.8,59.4
9/16/1994,6.6,18.4,4.2
9/17/1994,0,0,0
9/18/1994,5.5,59.6,2.5
9/19/1994,0,0,0
9/20/1994,1.5,14.6,10.4
9/21/1994,0,0,0
9/22/1994,0.6,0,0
9/23/1994,0.4,0,0
9/24/1994,0,0,0
9/25/1994,0.6,0,0
9/26/1994,0,0,0
9/27/1994,0,0,0
9/28/1994,0,0,0
9/29/1994,0,0,0
9/30/1994,0,0,0
10/1/1994,0,0,0
10/2/1994,0,0,0
10/3/1994,0,0,0
10/4/1994,0,0,0
10/5/1994,0,0,0
10/6/1994,0,0,0
10/7/1994,0,0,0
10/8/1994,0,0,0
10/9/1994,0,0,0
10/10/1994,0,0,0
10/11/1994,0,0,0
10/12/1994,0,0,0
10/13/1994,0,0,0
10/14/1994,0,0,0
10/15/1994,0,0,0
10/16/1994,0,0,0
10/17/1994,0,0,0
10/18/1994,0,0,0
10/19/1994,0,0,0
10/20/1994,0,0,0
10/21/1994,0,0,0
10/22/1994,0,0,0
10/23/1994,0,0,0
10/24/1994,0,0,0
10/25/1994,0,0,0
10/26/1994,0,0,0
10/27/1994,0,0,0
10/28/1994,0,0,0
10/29/1994,0,0,0
10/30/1994,0,0,0
10/31/1994,0,0,0
11/1/1994,0,0,0
11/2/1994,0,0,0
11/3/1994,0,0,0
11/4/1994,0,0,0
11/5/1994,0,0,0
11/6/1994,0,0,0
11/7/1994,0,0,0
11/8/1994,0,0,0
11/9/1994,0,0,0
11/10/1994,0,0,0
11/11/1994,0,0,0
11/12/1994,0,0,0
11/13/1994,0,0,0
11/14/1994,0,0,0.4
11/15/1994,0,0,0
11/16/1994,0,0,0
11/17/1994,0,0,2
11/18/1994,0,0,0
11/19/1994,0,0,0
11/20/1994,0,0,0
11/21/1994,0,0,0
11/22/1994,0,0,0
11/23/1994,0,0,0
11/24/1994,0,0,0
11/25/1994,0,0,0
11/26/1994,0,0,0
11/27/1994,0,0,0
11/28/1994,0,0,0
11/29/1994,0.6,2,1.8
11/30/1994,11.4,4,2.6
12/1/1994,0,0,0.2
12/2/1994,0,0,0
12/3/1994,0,0,0
12/4/1994,0,0,0
12/5/1994,0,0,0
12/6/1994,0,0,0
12/7/1994,0,0,0
12/8/1994,0,0,0
12/9/1994,0,0,0
12/10/1994,0,0,0
12/11/1994,0,0,0
12/12/1994,0,0,0
12/13/1994,0,0,0
12/14/1994,0,0,0
12/15/1994,0,0,0
12/16/1994,0,0,0
12/17/1994,0,0,0
12/18/1994,0,0,0
12/19/1994,0,0,0
12/20/1994,0,0,0
12/21/1994,0,0,0
12/22/1994,0,0,0
12/23/1994,0,0,0
12/24/1994,0,0,0
12/25/1994,0,0,0
12/26/1994,0,0,0
12/27/1994,0,0,0
12/28/1994,0,0,0
12/29/1994,0,0,0
12/30/1994,0,0,0
12/31/1994,0,0,0
1/1/1995,0,0,0
1/2/1995,0,0,0
1/3/1995,0,0,0
1/4/1995,0,0,0
1/5/1995,0,0,0
1/6/1995,0,0,0
1/7/1995,0,0,0
1/8/1995,0,0,0
1/9/1995,2.8,6.3,3
1/10/1995,0.5,0.1,0.4
1/11/1995,0,0,0
1/12/1995,0,0,0
1/13/1995,0,0,0
1/14/1995,0,0,0
1/15/1995,0,0,0
1/16/1995,0,0,0
1/17/1995,0,0,0
1/18/1995,0,0,0.2
1/19/1995,0,0,0
1/20/1995,0,0,0
1/21/1995,0,0,0
1/22/1995,0,0,0
1/23/1995,0,0,0
1/24/1995,0,0,0
1/25/1995,0,0,0
1/26/1995,0,0,0
1/27/1995,0,0,0
1/28/1995,0,0,0
1/29/1995,0,0,0
1/30/1995,0,0,0
1/31/1995,0,0,0
2/1/1995,0,0,0
2/2/1995,0,0,0
2/3/1995,0,0,0
2/4/1995,0,0,0
2/5/1995,0,0,0
2/6/1995,5.2,7.8,5.8
2/7/1995,0,0,0
2/8/1995,0,0,0
2/9/1995,0,0,0
2/10/1995,0,0,0
2/11/1995,0,0,0
2/12/1995,0,0,0
2/13/1995,0,0,0
2/14/1995,0,0,0
2/15/1995,4.4,5.8,5.7
2/16/1995,9.1,10,8.8
2/17/1995,0,0,0
2/18/1995,0,0,0
2/19/1995,0,0,0
2/20/1995,0,0,0
2/21/1995,0,0,0
2/22/1995,0.2,0,0
2/23/1995,8.4,8.7,5.4
2/24/1995,1.5,4.2,0
2/25/1995,0,0,0
2/26/1995,0,0,0
2/27/1995,0,0,0
2/28/1995,0,0,0
3/1/1995,0,0,0
3/2/1995,0,0,0
3/3/1995,0,0,0
3/4/1995,0,0,0
3/5/1995,0,0,0
3/6/1995,0,0,0
3/7/1995,0,0,0
3/8/1995,0.6,1,0.5
3/9/1995,0,0,0
3/10/1995,0,0,0
3/11/1995,0,0,0
3/12/1995,0,0,0
3/13/1995,0,0,0
3/14/1995,0,0,0
3/15/1995,0,0,0
3/16/1995,0,0,0
3/17/1995,0,0,0
3/18/1995,0,0,0
3/19/1995,0,0,0
3/20/1995,0,0,0
3/21/1995,0,0,0
3/22/1995,0,0,0
3/23/1995,0,0,0
3/24/1995,0,0,0
3/25/1995,0,0,0
3/26/1995,4.6,17,8.2
3/27/1995,30,21.8,26.4
3/28/1995,0,1.8,0
3/29/1995,0,0,0
3/30/1995,4.6,9.8,2
3/31/1995,0,0,0
4/1/1995,0,0,0
4/2/1995,0,0,0
4/3/1995,0,0,0
4/4/1995,0,0,0
4/5/1995,0,0,0
4/6/1995,0,0,0
4/7/1995,0,0,0
4/8/1995,0,0,0
4/9/1995,0,0,0
4/10/1995,0,0,0
4/11/1995,0,0,0.1
4/12/1995,0,0,0
4/13/1995,0,0,0
4/14/1995,0,0,0
4/15/1995,0,0,0
4/16/1995,0,0,0
4/17/1995,2.6,0.6,0
4/18/1995,0,0,0
4/19/1995,0,1,0
4/20/1995,0,0,0
4/21/1995,0,0,0
4/22/1995,0,0,0
4/23/1995,0,0,0
4/24/1995,0,0,0
4/25/1995,0,0,0
4/26/1995,0,0,0
4/27/1995,0,0,0
4/28/1995,0.6,0,0
4/29/1995,0,0,0
4/30/1995,0,0,0
5/1/1995,0,0,0
5/2/1995,0,0,0
5/3/1995,0,0,0
5/4/1995,0,0,0
5/5/1995,0,0,0
5/6/1995,0,0,0
5/7/1995,0,0,0
5/8/1995,0,0,1.2
5/9/1995,0,0,10.2
5/10/1995,0,0,0
5/11/1995,13,20.8,15.4
5/12/1995,7.9,2.4,7
5/13/1995,16,3,1.4
5/14/1995,1.9,22.4,2.6
5/15/1995,0.2,0,2
5/16/1995,5.7,6.4,19
5/17/1995,15.2,32.6,13.6
5/18/1995,0.6,1.4,0.4
5/19/1995,0,0,0
5/20/1995,0,0,0
5/21/1995,0,0,0
5/22/1995,0,0,0
5/23/1995,0,0,0
5/24/1995,0,0,0
5/25/1995,0,0,0
5/26/1995,0,0,0
5/27/1995,0,0,0
5/28/1995,0,0,0
5/29/1995,0,0,0
5/30/1995,0,0,0
5/31/1995,0,0,0
6/1/1995,0,0,0
6/2/1995,0,0,0
6/3/1995,6.6,33,3
6/4/1995,4.8,6.8,9.3
6/5/1995,58.6,40.4,22.2
6/6/1995,1.5,0,0.6
6/7/1995,3.2,34,1.5
6/8/1995,8.3,23.2,17
6/9/1995,22.2,9,3.6
6/10/1995,11.2,3.6,21.2
6/11/1995,60.3,16.4,14.2
6/12/1995,63,32.4,38
6/13/1995,73.5,92,86
6/14/1995,3.4,0,1.2
6/15/1995,28.4,33,15.8
6/16/1995,32.2,15.6,12.2
6/17/1995,39.2,13,0
6/18/1995,53.9,42,34
6/19/1995,4.2,38,15.6
6/20/1995,26.2,42,48.5
6/21/1995,0,3,1.1
6/22/1995,0.1,21.2,1.6
6/23/1995,0.2,44.4,4.3
6/24/1995,23.2,50,31.8
6/25/1995,15.7,72,35
6/26/1995,0,9.2,0.6
6/27/1995,32.6,7.4,17.3
6/28/1995,0.8,7.4,0
6/29/1995,13.1,5.6,19.2
6/30/1995,4.1,2,1.5
7/1/1995,6,9.2,12.4
7/2/1995,25.2,2.2,4.2
7/3/1995,2.6,21.6,0.4
7/4/1995,1.4,2,1.6
7/5/1995,19.2,0.8,1.4
7/6/1995,13.2,19.8,15.8
7/7/1995,17.4,32.2,15.6
7/8/1995,34,15.2,9.4
7/9/1995,13.4,16,9.8
7/10/1995,12.9,13.8,5.3
7/11/1995,17.2,42,25
7/12/1995,1.6,12.8,18.6
7/13/1995,0,1,0
7/14/1995,45.6,58.2,13.2
7/15/1995,3,1.4,5
7/16/1995,0,8,0
7/17/1995,11.7,19.6,19.2
7/18/1995,59.8,45.4,50.2
7/19/1995,0.2,5.2,3
7/20/1995,5,3.6,0.6
7/21/1995,2.8,6,1
7/22/1995,0.5,18.6,0
7/23/1995,0,0,0
7/24/1995,2,0,0
7/25/1995,0,0.6,1.2
7/26/1995,0.4,0.4,4.1
7/27/1995,0,0,0
7/28/1995,1,15,4.2
7/29/1995,22.6,8.6,10.2
7/30/1995,0,0.2,0
7/31/1995,17.4,8.6,13.6
8/1/1995,7.3,8.6,5.8
8/2/1995,6.8,10,3.8
8/3/1995,13,13.4,2.1
8/4/1995,0.4,1,4.1
8/5/1995,0.2,0,0
8/6/1995,0,0,0
8/7/1995,3.8,0,6.6
8/8/1995,19.2,1.8,13
8/9/1995,0.2,8,0.6
8/10/1995,0,0,0
8/11/1995,24.4,98,2
8/12/1995,0.6,3.4,1.6
8/13/1995,37.7,27.6,35.8
8/14/1995,6,16,5.6
8/15/1995,6,1.4,12.2
8/16/1995,48.5,35.6,37.4
8/17/1995,0,0,5.8
8/18/1995,8.9,41,6.5
8/19/1995,16.4,4.8,37.2
8/20/1995,70,40.2,26.8
8/21/1995,4.6,0,0.8
8/22/1995,1.2,3.8,1
8/23/1995,2,13,4
8/24/1995,17.3,14.2,20
8/25/1995,0,0,0
8/26/1995,22,46.4,4.2
8/27/1995,1.2,0,18
8/28/1995,0.2,1.4,0
8/29/1995,64.2,0.6,9.2
8/30/1995,22,9.4,27.6
8/31/1995,0,4,0
9/1/1995,0,0,0
9/2/1995,1,0,0
9/3/1995,27.6,16.2,0
9/4/1995,0.3,2,0
9/5/1995,0.6,29,6
9/6/1995,3.4,14.2,2.8
9/7/1995,0,3.2,4
9/8/1995,0,1.2,0
9/9/1995,0,1.6,0
9/10/1995,0,0,0
9/11/1995,0,0,0
9/12/1995,0,0,0
9/13/1995,0,0,0
9/14/1995,0,0,0
9/15/1995,0,6.2,3.8
9/16/1995,0,0,0
9/17/1995,0,18.4,1.4
9/18/1995,30.6,9.2,15.6
9/19/1995,13.2,11.2,14.5
9/20/1995,7.4,8.2,5.6
9/21/1995,0.3,0,0
9/22/1995,2.6,2.4,18.4
9/23/1995,0,0,0
9/24/1995,0,0,0
9/25/1995,0.6,0,0
9/26/1995,1.6,0,0
9/27/1995,1.2,3.8,4.7
9/28/1995,0.2,0,0
9/29/1995,10,0,0
9/30/1995,0,0,0
10/1/1995,0.1,0,0
10/2/1995,0,0,0
10/3/1995,0,0,0
10/4/1995,0,0,0
10/5/1995,0,0,0
10/6/1995,0,0,0
10/7/1995,3.2,6.2,0
10/8/1995,10,0,0
10/9/1995,0,0,0
10/10/1995,0,0,0
10/11/1995,25,7,23
10/12/1995,0,0.6,0
10/13/1995,0,0,0
10/14/1995,0,0,0
10/15/1995,0,0,0
10/16/1995,0,0,0
10/17/1995,0,0,0
10/18/1995,0,0,0
10/19/1995,0,0,0
10/20/1995,0,0,0
10/21/1995,0,0,0
10/22/1995,0,0,0
10/23/1995,0,0,0
10/24/1995,0,0,0
10/25/1995,0,0,0
10/26/1995,0,0,0
10/27/1995,0,0,0
10/28/1995,0,0,0
10/29/1995,0,0,0
10/30/1995,0,0,0
10/31/1995,0,0,0
11/1/1995,0,0,0
11/2/1995,0,0,0
11/3/1995,0,0,0
11/4/1995,0,0,0
11/5/1995,0,0,0
11/6/1995,0,0,0
11/7/1995,0,0,0
11/8/1995,0,0,0
11/9/1995,0,0,0
11/10/1995,46.2,48.5,42.6
11/11/1995,15.4,49.5,14.3
11/12/1995,0,0,0
11/13/1995,0,0,0
11/14/1995,0,0,0
11/15/1995,0,0,0
11/16/1995,0,0,0
11/17/1995,0,0,0
11/18/1995,0,0,0
11/19/1995,0,0,0
11/20/1995,0,0,0
11/21/1995,0,0,0
11/22/1995,0,0,0
11/23/1995,0,0,0
11/24/1995,0,0,0
11/25/1995,0,0,0
11/26/1995,0,0,0
11/27/1995,0,0,0
11/28/1995,0,0,0
11/29/1995,0,0,0
11/30/1995,0,0,0
12/1/1995,0,0,0
12/2/1995,0,0,0
12/3/1995,0,0,0
12/4/1995,0,0,0
12/5/1995,0,0,0
12/6/1995,0,0,0
12/7/1995,0,0,0
12/8/1995,0,0,0
12/9/1995,0,0,0
12/10/1995,0,0,0
12/11/1995,0,0,0
12/12/1995,0,0,0
12/13/1995,0,0,0
12/14/1995,0,0,0
12/15/1995,0,0,0
12/16/1995,0,0,0
12/17/1995,0,0,0
12/18/1995,0,0,0
12/19/1995,0,0,0
12/20/1995,0,0,0
12/21/1995,0,0,0
12/22/1995,0,0,0
12/23/1995,0,0,0
12/24/1995,0,0,0
12/25/1995,1.6,0,2.2
12/26/1995,5.4,6.6,5
12/27/1995,0,0,0
12/28/1995,0,0,0
12/29/1995,0,0,0
12/30/1995,0,0,0
12/31/1995,0,0,0
1/1/1996,0,0,0
1/2/1996,4,0,0
1/3/1996,0,0,0
1/4/1996,1.2,2.6,2.6
1/5/1996,0,0,0
1/6/1996,0,0,0
1/7/1996,0,0,0
1/8/1996,0,0,0
1/9/1996,0,0,0
1/10/1996,0,0,0
1/11/1996,0,0,0
1/12/1996,0,0,0
1/13/1996,0,0,0
1/14/1996,0,0,0
1/15/1996,0,0,0
1/16/1996,62,56.4,52.7
1/17/1996,3.6,3.7,4.2
1/18/1996,0,0,0
1/19/1996,0,0,0
1/20/1996,0,0,0
1/21/1996,0,0,0
1/22/1996,0,0,0
1/23/1996,0,0,0
1/24/1996,0,0,0
1/25/1996,0,0,0
1/26/1996,0,0,0
1/27/1996,0,0,0
1/28/1996,0,0,0
1/29/1996,0,0,0
1/30/1996,0,0,0
1/31/1996,0,0,0
2/1/1996,0,0,0
2/2/1996,0,0,0
2/3/1996,0,0,0
2/4/1996,0,0,0
2/5/1996,0,0,0
2/6/1996,0,0,0
2/7/1996,0,0,0
2/8/1996,0,0,0
2/9/1996,0,0,0
2/10/1996,0,0,0
2/11/1996,0.7,3.2,1.4
2/12/1996,0,0,0.4
2/13/1996,0,0,0
2/14/1996,0,0,0
2/15/1996,0,0,0
2/16/1996,0,0,0
2/17/1996,0,0,0
2/18/1996,0,0,0
2/19/1996,0,0,0
2/20/1996,0,0,0
2/21/1996,0,0,0
2/22/1996,0,0,0
2/23/1996,0,0,0
2/24/1996,0,0,0
2/25/1996,2.2,2.6,2.3
2/26/1996,5.3,10,6.4
2/27/1996,7,7.2,5.1
2/28/1996,0,0,0
2/29/1996,0,0,0
3/1/1996,0,0,0
3/2/1996,0,0,0
3/3/1996,0,0,0
3/4/1996,1.8,0,1.6
3/5/1996,0.1,0,0
3/6/1996,0,0,0
3/7/1996,0,0,0
3/8/1996,0,0,0.4
3/9/1996,0,0,0
3/10/1996,0,0,0
3/11/1996,0,0,0
3/12/1996,0,0,0
3/13/1996,0,0,0.2
3/14/1996,0,0,0
3/15/1996,0,0,0
3/16/1996,0,0,0
3/17/1996,0,0,0
3/18/1996,0,0,0
3/19/1996,0,0,0
3/20/1996,0,0,0
3/21/1996,0,0,0
3/22/1996,0,0,0
3/23/1996,0,0,0.2
3/24/1996,0,0,0
3/25/1996,0,0,0
3/26/1996,0.2,0,0
3/27/1996,0.4,0,0.3
3/28/1996,0,0,0
3/29/1996,0,0,0
3/30/1996,0,0,0
3/31/1996,4.6,2.8,4.5
4/1/1996,0,0,0
4/2/1996,0,0,0
4/3/1996,0,0,0
4/4/1996,0,0,0
4/5/1996,0,0,0
4/6/1996,0,0,0
4/7/1996,0,0,0
4/8/1996,0.8,1.2,0
4/9/1996,0,0,0
4/10/1996,0,0,0
4/11/1996,0,0,0
4/12/1996,0,0,0
4/13/1996,0,0,0
4/14/1996,0,0,0
4/15/1996,0,0,0
4/16/1996,0,0,0
4/17/1996,0,0,0
4/18/1996,26.2,0,0.2
4/19/1996,0,0,0
4/20/1996,0,0,0
4/21/1996,0,0,0
4/22/1996,0,0,0
4/23/1996,3.1,0,1.1
4/24/1996,0,0,3.2
4/25/1996,11.8,0,2.4
4/26/1996,3.6,13.6,2
4/27/1996,0,0,0
4/28/1996,0,0,0
4/29/1996,0.6,0,0
4/30/1996,1.3,1,2.2
5/1/1996,10.8,8,10.2
5/2/1996,0.2,14.2,3
5/3/1996,0,0,0
5/4/1996,0,0,0
5/5/1996,0,0,0
5/6/1996,0,0,0
5/7/1996,0,0,0
5/8/1996,0,0,0.6
5/9/1996,0,0,0
5/10/1996,0,0,0
5/11/1996,0,0,0
5/12/1996,0,4,0
5/13/1996,0,0,0
5/14/1996,0,0,0
5/15/1996,0,0,0
5/16/1996,18.2,24,5.2
5/17/1996,1.8,0,1.4
5/18/1996,0,0,0
5/19/1996,0,0,0
5/20/1996,0,0,0
5/21/1996,0,0,3.8
5/22/1996,1.6,0,3.6
5/23/1996,0,0,0
5/24/1996,0.4,0,0
5/25/1996,0,0,0.2
5/26/1996,0,0,0
5/27/1996,0,0,0
5/28/1996,0,0,0
5/29/1996,2.4,8,0.6
5/30/1996,11.5,10,11.2
5/31/1996,10.8,0,0.4
6/1/1996,15.4,15.6,7.6
6/2/1996,21.4,42.5,18.8
6/3/1996,9.4,26,5.6
6/4/1996,13.2,34.8,68.6
6/5/1996,4.2,4,6.4
6/6/1996,15.5,26.6,4.5
6/7/1996,0.2,0,0.5
6/8/1996,0,0,0.2
6/9/1996,0,0,1.1
6/10/1996,0,0,0
6/11/1996,2.4,19,5.8
6/12/1996,3.6,1.8,2.8
6/13/1996,10.6,0,2.1
6/14/1996,0,4.2,0
6/15/1996,1.8,0,34
6/16/1996,4.8,11.8,2.4
6/17/1996,0.7,0,0
6/18/1996,0.8,3.2,19.2
6/19/1996,12.6,0,10.2
6/20/1996,3.2,9,10
6/21/1996,49,17.6,19.8
6/22/1996,71,54.8,51.2
6/23/1996,1,1,0.2
6/24/1996,35.2,15.8,10.9
6/25/1996,17,0,14.8
6/26/1996,0,17,2.7
6/27/1996,0.8,0,4.7
6/28/1996,14,8,0
6/29/1996,5,41.2,8.7
6/30/1996,25,14,30.7
7/1/1996,10,9,11.4
7/2/1996,0.6,0,3.8
7/3/1996,0,0,0
7/4/1996,0,0,0
7/5/1996,0,0,0
7/6/1996,26.4,6,0
7/7/1996,1.6,44,4.8
7/8/1996,3.2,7.2,5.6
7/9/1996,10.4,15.6,3.8
7/10/1996,0,2,4.8
7/11/1996,1.9,1.6,2.8
7/12/1996,12.2,20.4,19
7/13/1996,12.6,25.8,7.6
7/14/1996,63.5,65,62.4
7/15/1996,54,72.6,53.2
7/16/1996,11.5,1,0
7/17/1996,23.2,7,2.5
7/18/1996,4.8,0,4.6
7/19/1996,0.4,2.2,1.1
7/20/1996,6,1,0
7/21/1996,0,4,0
7/22/1996,20.2,14,0
7/23/1996,0,0,0
7/24/1996,0.3,34,5.8
7/25/1996,11.4,37,47.6
7/26/1996,2.4,3.2,9.6
7/27/1996,1.6,13.5,0
7/28/1996,0.6,3.6,0
7/29/1996,8,14.4,1.8
7/30/1996,24.1,18.2,15.3
7/31/1996,7.6,3.6,7.3
8/1/1996,25.4,30.2,18.6
8/2/1996,27.4,23.8,7.2
8/3/1996,3.4,1.2,0.8
8/4/1996,5.8,4.6,6.8
8/5/1996,0.1,2.2,0
8/6/1996,2.2,0,3.2
8/7/1996,34.4,3.6,0.6
8/8/1996,7.4,6.6,0
8/9/1996,20.9,26,9.8
8/10/1996,10.2,1.2,4.8
8/11/1996,8.1,14.4,5
8/12/1996,15.4,2.6,10.6
8/13/1996,72.7,51.2,45
8/14/1996,27.1,24.6,22.4
8/15/1996,5.2,4,2.8
8/16/1996,8.7,0,5.2
8/17/1996,51.6,16.8,10.1
8/18/1996,18.5,24.2,20.5
8/19/1996,0.8,2.6,1.1
8/20/1996,0,1,2.1
8/21/1996,0,13,1.4
8/22/1996,1.5,2,12.1
8/23/1996,7.4,3.4,3.8
8/24/1996,0.3,0,0.5
8/25/1996,0,0,0
8/26/1996,0.6,2,0
8/27/1996,48,21,12.6
8/28/1996,13,3,0.5
8/29/1996,54,46.2,0.8
8/30/1996,11.4,15.2,6.2
8/31/1996,4,17.6,5
9/1/1996,6.8,16.8,5.8
9/2/1996,5.8,2.4,20.2
9/3/1996,27,8.2,1.5
9/4/1996,7.2,2.4,5.7
9/5/1996,3.9,16,5.4
9/6/1996,6.6,10.6,4.8
9/7/1996,20.8,0,0
9/8/1996,0,2.2,0
9/9/1996,7.4,0,0
9/10/1996,7.6,1.8,7.4
9/11/1996,9.2,0,0
9/12/1996,31.6,0,6.2
9/13/1996,0,0,0
9/14/1996,0.8,9.2,2
9/15/1996,1.4,0,0
9/16/1996,0,0,0
9/17/1996,0,0,0
9/18/1996,6.5,0,0
9/19/1996,0,0,0
9/20/1996,0,0,0
9/21/1996,0,0,0
9/22/1996,3.3,22,0
9/23/1996,5.2,0,4.2
9/24/1996,2.9,0,6.5
9/25/1996,5.3,0,4.8
9/26/1996,0,0,0.6
9/27/1996,36.6,46.4,15.6
9/28/1996,11.4,7.6,16
9/29/1996,0,6.4,0
9/30/1996,0,0,0
10/1/1996,0,0,0
10/2/1996,0,10,5.2
10/3/1996,0,0,0
10/4/1996,2.8,10.5,3.4
10/5/1996,27.6,21.4,21.6
10/6/1996,21.4,14.5,11.6
10/7/1996,0,0,4.2
10/8/1996,0,0,0
10/9/1996,0,0,0
10/10/1996,0,0,0
10/11/1996,0,0,0
10/12/1996,0,0,0
10/13/1996,0,0,0
10/14/1996,0,0,0
10/15/1996,0,0,0
10/16/1996,0,0,1.6
10/17/1996,0,0,0
10/18/1996,0,0,0
10/19/1996,0,0,0
10/20/1996,0,0,0
10/21/1996,0,0,0
10/22/1996,0,0,0
10/23/1996,0,0,0
10/24/1996,0,0,0
10/25/1996,0,0,0
10/26/1996,0.6,1.6,0.2
10/27/1996,0,0,0
10/28/1996,0,0,0
10/29/1996,0,0,0
10/30/1996,0,0,0
10/31/1996,0,0,0
11/1/1996,0,0,0
11/2/1996,0,0,0
11/3/1996,0,0,0
11/4/1996,0,0,0
11/5/1996,0,0,0
11/6/1996,0,0,0
11/7/1996,0,0,0
11/8/1996,0,0,0
11/9/1996,0,0,0
11/10/1996,0,0,0
11/11/1996,0,0,0
11/12/1996,0,0,0
11/13/1996,0,0,0
11/14/1996,0,0,0
11/15/1996,0,0,0
11/16/1996,0,0,0
11/17/1996,0,0,0
11/18/1996,0,0,0
11/19/1996,0,0,0
11/20/1996,0,0,0
11/21/1996,0,0,0
11/22/1996,0,0,0
11/23/1996,0,0,0
11/24/1996,0,0,0
11/25/1996,0,0,0
11/26/1996,0,0,0
11/27/1996,0,0,0
11/28/1996,0,0,0
11/29/1996,0,0,0
11/30/1996,0,0,0
12/1/1996,0,0,0
12/2/1996,0,0,0
12/3/1996,0,0,0
12/4/1996,0,0,0
12/5/1996,0,0,0
12/6/1996,0,0,0
12/7/1996,0,0,0
12/8/1996,0,0,0
12/9/1996,0,0,0
12/10/1996,0,0,0
12/11/1996,0,0,0
12/12/1996,0,0,0
12/13/1996,0,0,0
12/14/1996,0,0,0
12/15/1996,0,0,0
12/16/1996,0,0,0
12/17/1996,0,0,0
12/18/1996,0,0,0
12/19/1996,0,0,0
12/20/1996,0,0,0
12/21/1996,0,0,0
12/22/1996,0,0,0
12/23/1996,0,0,0
12/24/1996,0,0,0
12/25/1996,0,0,0
12/26/1996,0,0,0
12/27/1996,0,0,0
12/28/1996,0,0,0
12/29/1996,0,0,0
12/30/1996,0,0,0
12/31/1996,0,0,0
1/1/1997,0,0,0
1/2/1997,0,0,0
1/3/1997,0,0,0
1/4/1997,0,0,0
1/5/1997,0,0,0
1/6/1997,0,0,0
1/7/1997,0,0,0
1/8/1997,0,0,0
1/9/1997,0,0,0
1/10/1997,0,0,0
1/11/1997,0,0,0
1/12/1997,0,0,0
1/13/1997,0,0,0
1/14/1997,0,0,0
1/15/1997,0,0,0
1/16/1997,0,0,0
1/17/1997,0,0,6
1/18/1997,0,0,0
1/19/1997,0,0,0
1/20/1997,11,8,8
1/21/1997,5.4,6,6
1/22/1997,0,21,0
1/23/1997,0,0,0
1/24/1997,0,0,0
1/25/1997,0,0,0
1/26/1997,0,0,0
1/27/1997,0,0,0
1/28/1997,0,0,0
1/29/1997,0,0,0
1/30/1997,0,0,0
1/31/1997,0,0,0
2/1/1997,0,0,0
2/2/1997,0,0,0
2/3/1997,0,0,0
2/4/1997,0,0,0
2/5/1997,0,0,0
2/6/1997,0,0,0
2/7/1997,0,0,0
2/8/1997,0,0,0
2/9/1997,0,0,0
2/10/1997,0,0,0
2/11/1997,0,0,0
2/12/1997,0,0,0
2/13/1997,0,0,0
2/14/1997,0,0,0
2/15/1997,0,0,0
2/16/1997,0,0,0
2/17/1997,0,0,0
2/18/1997,0,0,0
2/19/1997,0,0,0
2/20/1997,2.2,2.6,1.8
2/21/1997,0,0,0
2/22/1997,0,0,0
2/23/1997,1.5,0,8.2
2/24/1997,0,0,0
2/25/1997,0,0,0
2/26/1997,0,0,0
2/27/1997,0,0,0
2/28/1997,1.8,4,4.7
3/1/1997,0,0,0
3/2/1997,0,0,0
3/3/1997,0,0,0
3/4/1997,1.5,3,3
3/5/1997,0,0,0
3/6/1997,0,0,0
3/7/1997,0,0,0
3/8/1997,0,0,0
3/9/1997,0,0,0
3/10/1997,0,0,0
3/11/1997,0,0,0
3/12/1997,0,0,0
3/13/1997,0,0,0
3/14/1997,1.6,0,1.2
3/15/1997,0,0,0
3/16/1997,0,0,0
3/17/1997,0,0,0
3/18/1997,0,0,0
3/19/1997,0,0,0
3/20/1997,0,0,0
3/21/1997,0,0,0
3/22/1997,0,0,0
3/23/1997,0,0,0
3/24/1997,0,0,0
3/25/1997,0,0,0
3/26/1997,0,0,0
3/27/1997,0,0,0
3/28/1997,0,0,0
3/29/1997,0,0,0
3/30/1997,10.8,0,10
3/31/1997,0,0,0
4/1/1997,0,12,0
4/2/1997,16.5,0,18.4
4/3/1997,0,3,0
4/4/1997,18.6,4,14
4/5/1997,0,0,0
4/6/1997,0,0,0.6
4/7/1997,0.8,3.4,15
4/8/1997,0,0,0
4/9/1997,0,2,0.2
4/10/1997,9.6,6,6.4
4/11/1997,0,0,16
4/12/1997,0,0,0
4/13/1997,0,0,0
4/14/1997,0.2,0,0.6
4/15/1997,11.4,1.6,3.8
4/16/1997,0,0,0
4/17/1997,0,0,0
4/18/1997,0,0,0
4/19/1997,0,0,0
4/20/1997,0,0,0
4/21/1997,0,0,0
4/22/1997,0,0,0
4/23/1997,23.8,24,28.6
4/24/1997,0,0,0.4
4/25/1997,0,2.8,1.2
4/26/1997,1.2,1.3,2.2
4/27/1997,7.4,20,7.2
4/28/1997,1.8,6,2.8
4/29/1997,7.2,20,4.2
4/30/1997,1.6,2.4,2.8
5/1/1997,0,0,0
5/2/1997,0,0,1.8
5/3/1997,1.2,1.7,3.5
5/4/1997,0,0,0
5/5/1997,0,0,0
5/6/1997,0,12,0
5/7/1997,0,9,0
5/8/1997,20.4,13,0
5/9/1997,5,0,15.2
5/10/1997,0,0,0
5/11/1997,0,0,0
5/12/1997,0,0,0
5/13/1997,0,0,0
5/14/1997,0,0,0
5/15/1997,0,0,0
5/16/1997,0,0,0
5/17/1997,0,0,0
5/18/1997,0,0,0
5/19/1997,0,0,0
5/20/1997,15,16,14.2
5/21/1997,23.9,8,17.2
5/22/1997,0,0,0
5/23/1997,0,16.4,0
5/24/1997,0,1,0.8
5/25/1997,0.8,3.4,1.3
5/26/1997,7.8,0,11.6
5/27/1997,0,0,0.2
5/28/1997,0,0,1.4
5/29/1997,16.2,17.2,18
5/30/1997,0,0,0
5/31/1997,0,7.8,0.4
6/1/1997,0,0,0
6/2/1997,0,0,0
6/3/1997,0,0,0
6/4/1997,0,8.4,0
6/5/1997,0.8,0,0
6/6/1997,0,0,1.4
6/7/1997,0,0,0
6/8/1997,0,0,1.3
6/9/1997,0,0,0
6/10/1997,7,11.8,0.2
6/11/1997,1.6,10,1
6/12/1997,0,0,0
6/13/1997,0,0,0
6/14/1997,0,0,0
6/15/1997,2.8,12,1
6/16/1997,2.6,1,11.8
6/17/1997,0,10.5,0
6/18/1997,22.6,38,16.4
6/19/1997,3.6,0,22.2
6/20/1997,0,0,0.4
6/21/1997,0,0,0
6/22/1997,49.2,30,29
6/23/1997,1.4,14,3.2
6/24/1997,12.2,0,10
6/25/1997,3.7,8.2,5.4
6/26/1997,9,2.6,7.2
6/27/1997,67.3,61.6,29.4
6/28/1997,12,5.8,12.3
6/29/1997,17.6,11.4,20.3
6/30/1997,32,41,32.6
7/1/1997,87,66,30.6
7/2/1997,0,2.1,0.2
7/3/1997,3.2,30.5,4.8
7/4/1997,16.1,11.2,13
7/5/1997,26.6,9.8,19.6
7/6/1997,45.3,30.6,11.2
7/7/1997,1,4.2,1.2
7/8/1997,35.9,30.6,11.8
7/9/1997,24.4,77.2,23.8
7/10/1997,0.2,2.2,0.2
7/11/1997,19.4,30.2,26.2
7/12/1997,7.6,5.2,9.4
7/13/1997,0,2.2,1.3
7/14/1997,15.2,4.4,7
7/15/1997,0,5.2,0.5
7/16/1997,4.3,3,4
7/17/1997,20.8,17.6,17.2
7/18/1997,18.7,0,3.8
7/19/1997,41.3,3.2,30
7/20/1997,15.6,0,10.5
7/21/1997,2.4,7.2,2.4
7/22/1997,42,6.2,23
7/23/1997,9.8,4.2,8.2
7/24/1997,16.6,10.8,7.9
7/25/1997,2.5,0,0.3
7/26/1997,0,0,0
7/27/1997,12.6,20.4,3.8
7/28/1997,27,5.2,22.2
7/29/1997,4.6,2.8,4.6
7/30/1997,5.6,3.4,6.2
7/31/1997,5.3,9.2,0.8
8/1/1997,3.5,0,2.8
8/2/1997,5.8,3.4,4
8/3/1997,14,7.2,7
8/4/1997,5.4,10.8,0.3
8/5/1997,26.6,14,3.4
8/6/1997,16.7,9.2,23.8
8/7/1997,0,0,0.2
8/8/1997,13,0,1.2
8/9/1997,5.8,51.2,2.8
8/10/1997,46.8,33.8,2.4
8/11/1997,7.2,3,30.4
8/12/1997,23.6,14,6
8/13/1997,21.5,38.6,23.8
8/14/1997,25.8,22.6,15.4
8/15/1997,7.6,8.4,7.4
8/16/1997,17.6,9.4,20.2
8/17/1997,22.6,40,23.8
8/18/1997,40.2,79.2,27.2
8/19/1997,7.2,3.2,6
8/20/1997,35.2,14,36.4
8/21/1997,1.2,18,0.3
8/22/1997,0,4.2,0.8
8/23/1997,0,0,0
8/24/1997,1.2,3,2.4
8/25/1997,0,0,0.4
8/26/1997,7.6,2.8,0
8/27/1997,10.8,0,0
8/28/1997,0.6,4.2,2.4
8/29/1997,0.2,5.4,0
8/30/1997,2.8,1,0
8/31/1997,0,0,2.4
9/1/1997,0,0,0
9/2/1997,0,0,0
9/3/1997,0,0,0
9/4/1997,0,0,0
9/5/1997,6,0,0
9/6/1997,23.4,12.2,2.6
9/7/1997,11,11.8,1
9/8/1997,0,7.4,0.4
9/9/1997,0,11.8,0
9/10/1997,0,12.8,0
9/11/1997,6.6,38,0
9/12/1997,4.2,2.2,0.8
9/13/1997,5.4,10,4
9/14/1997,1.3,2.2,0.5
9/15/1997,0.6,31,0
9/16/1997,4.6,0,0
9/17/1997,0.2,15.4,0.2
9/18/1997,0,15.2,0
9/19/1997,0,0,0
9/20/1997,0,32.2,0
9/21/1997,3.2,10,0
9/22/1997,0.2,5.2,0
9/23/1997,0,15.4,0
9/24/1997,0,0,0
9/25/1997,0,0,0
9/26/1997,0,0,0
9/27/1997,0,0,0
9/28/1997,0,0,0
9/29/1997,4.2,0,0
9/30/1997,0,0,0
10/1/1997,2.5,2.8,5.6
10/2/1997,0,1.2,2.8
10/3/1997,0,0,0
10/4/1997,7.6,18.2,3
10/5/1997,0,0,0
10/6/1997,0,0,0
10/7/1997,0,0,0
10/8/1997,0,0,0
10/9/1997,0,0,0
10/10/1997,0,3,0
10/11/1997,0,0,0
10/12/1997,0,0,0
10/13/1997,0.1,0,0
10/14/1997,0,0,0
10/15/1997,0,0,0
10/16/1997,0,0,0
10/17/1997,0,0,0
10/18/1997,0,0,0
10/19/1997,0,0,0
10/20/1997,0,0,0
10/21/1997,0,0,0
10/22/1997,0.8,0,4.2
10/23/1997,0,0,0.2
10/24/1997,0.6,3.2,0.3
10/25/1997,0.4,1.6,1.4
10/26/1997,0,0,0
10/27/1997,0,0,0
10/28/1997,0,0,0
10/29/1997,0,0,0
10/30/1997,0,3.2,0.8
10/31/1997,0,0,0
11/1/1997,0,0,0
11/2/1997,0,0,0
11/3/1997,0,0,0
11/4/1997,0,0,0
11/5/1997,0,0,0
11/6/1997,0,0,0
11/7/1997,0,0,0
11/8/1997,0,0,0
11/9/1997,0,0,0
11/10/1997,0,0,0
11/11/1997,0,0,0
11/12/1997,0,0,0
11/13/1997,0,0,0
11/14/1997,0,0,0
11/15/1997,0,0,0
11/16/1997,0,0,0
11/17/1997,0,0,0
11/18/1997,0,0,0
11/19/1997,0,0,0
11/20/1997,0.1,0,0
11/21/1997,0,0,0
11/22/1997,0,0,0
11/23/1997,0,0,0
11/24/1997,0,0,0
11/25/1997,0,0,0
11/26/1997,4.4,8.2,4
11/27/1997,0.4,3.2,0.8
11/28/1997,0,0,0
11/29/1997,0,0,0
11/30/1997,0,0,0
12/1/1997,7.4,7.8,9.2
12/2/1997,6,16.4,5.4
12/3/1997,0,0,0
12/4/1997,0,0,0
12/5/1997,0,0,0
12/6/1997,0,0,0
12/7/1997,0,0,0
12/8/1997,0,0,0
12/9/1997,9.4,12.2,9.8
12/10/1997,37.1,50.2,34.8
12/11/1997,16.5,9.4,10
12/12/1997,0,2,0.4
12/13/1997,0,0,0
12/14/1997,0,1,0
12/15/1997,11,14,9.3
12/16/1997,0,0,0.3
12/17/1997,0,0,0
12/18/1997,0,0,0
12/19/1997,0,0,0
12/20/1997,0,0,0
12/21/1997,0,0,0
12/22/1997,0,0,0
12/23/1997,0,0,0
12/24/1997,0,0,0
12/25/1997,0,0,0
12/26/1997,0,0,0
12/27/1997,0,0,0
12/28/1997,0,0,0
12/29/1997,0,0,0
12/30/1997,0,0,0
12/31/1997,0,0,0
1/1/1998,0,0,0
1/2/1998,0,0,0
1/3/1998,0,0,0
1/4/1998,0,0,0
1/5/1998,0,0,0
1/6/1998,0,0,0
1/7/1998,0,0,0
1/8/1998,0,0,0
1/9/1998,0,0,0
1/10/1998,0,0,0
1/11/1998,0,0,0
1/12/1998,0,0,0
1/13/1998,0,0,0
1/14/1998,0,0,0
1/15/1998,0,0,0
1/16/1998,0,0,0
1/17/1998,0,0,0
1/18/1998,0,0,0
1/19/1998,0,0,0
1/20/1998,0,0,0
1/21/1998,0,0,0
1/22/1998,0,0,0
1/23/1998,0,0,0
1/24/1998,0,0,0
1/25/1998,0,0,0
1/26/1998,0,0,0
1/27/1998,0,0,0
1/28/1998,0,0,0
1/29/1998,0,0,0
1/30/1998,0.1,1.1,0
1/31/1998,0,0,0
2/1/1998,0,0,0
2/2/1998,6,0,0
2/3/1998,0,0,0
2/4/1998,0,0,0
2/5/1998,0,0,0
2/6/1998,0,0,0
2/7/1998,0,0,0
2/8/1998,0,0,0
2/9/1998,0,0,0
2/10/1998,0,0,0
2/11/1998,0,0,0
2/12/1998,0,0,0
2/13/1998,0,0,0
2/14/1998,0,0,0
2/15/1998,0,0,0
2/16/1998,0,0,0
2/17/1998,0,0,0
2/18/1998,0,0,0
2/19/1998,0,0,0
2/20/1998,0,0,0
2/21/1998,0,0,0
2/22/1998,0,0,5
2/23/1998,0,0,0
2/24/1998,0,0,0
2/25/1998,19,19.2,13.4
2/26/1998,3.2,2,3
2/27/1998,0,0,0
2/28/1998,0,0,0
3/1/1998,0,0,0
3/2/1998,0,0,0
3/3/1998,0,0,0
3/4/1998,0,0,0
3/5/1998,0,0,0
3/6/1998,0.2,1.1,0.6
3/7/1998,24.1,23,19
3/8/1998,0,0,0
3/9/1998,0,0,0
3/10/1998,0,0,0
3/11/1998,0,0,0
3/12/1998,0,0,0
3/13/1998,0,0,0
3/14/1998,2.2,3.4,6.6
3/15/1998,0,0,0
3/16/1998,0,0,0
3/17/1998,0,0,0
3/18/1998,0,0,0
3/19/1998,0,12.3,0
3/20/1998,0,0,0
3/21/1998,0,0,0
3/22/1998,0,0,0
3/23/1998,0.2,0,0
3/24/1998,4.8,2,4.8
3/25/1998,0.5,10.2,0.4
3/26/1998,0,0,0
3/27/1998,0,0,0
3/28/1998,0,0,0
3/29/1998,3.2,8.6,4.9
3/30/1998,34.8,41,30.2
3/31/1998,0.6,0,0.6
4/1/1998,0,0,0
4/2/1998,0,0,0
4/3/1998,0,0,0
4/4/1998,1.8,0,0
4/5/1998,1,0,2.4
4/6/1998,3.3,0,1.2
4/7/1998,1,0,0
4/8/1998,0,0,0
4/9/1998,0,0,0
4/10/1998,0,0,0
4/11/1998,0,0,0
4/12/1998,0,0,0
4/13/1998,0,0,0
4/14/1998,0,0,0
4/15/1998,0,0,0
4/16/1998,0,0,0
4/17/1998,0,0,0
4/18/1998,0,0,0
4/19/1998,0,0,0
4/20/1998,1.6,2,3.8
4/21/1998,26.8,7.6,6.8
4/22/1998,0,0,0
4/23/1998,0,0,0
4/24/1998,0,0,0
4/25/1998,37.2,3,12.8
4/26/1998,0.2,0,0
4/27/1998,3,9.6,13.2
4/28/1998,0,0,0
4/29/1998,0,0,0
4/30/1998,0,0,2.4
5/1/1998,0,0,0
5/2/1998,13.1,10.2,4.2
5/3/1998,1.5,0,0.6
5/4/1998,21,21.6,11.4
5/5/1998,60.7,16.4,7.6
5/6/1998,37,16.8,5.4
5/7/1998,9.3,25.2,5.2
5/8/1998,8,5,6.8
5/9/1998,0,0,0
5/10/1998,0,0,0
5/11/1998,0,0,0
5/12/1998,2.3,2,4
5/13/1998,0,0,0
5/14/1998,0,0,0
5/15/1998,2.7,1,9.4
5/16/1998,0,0,0
5/17/1998,5,0,7.2
5/18/1998,44.4,24.4,11.8
5/19/1998,44,2,22.4
5/20/1998,0,0,0
5/21/1998,0,0,0
5/22/1998,8.4,49.6,0
5/23/1998,0,0,0
5/24/1998,7.4,52,3
5/25/1998,8.2,0,0
5/26/1998,0,0,4.4
5/27/1998,1,21.4,4.3
5/28/1998,7,10,9
5/29/1998,0,0,0
5/30/1998,1,10.6,0.7
5/31/1998,0,0,0
6/1/1998,0.4,2,0
6/2/1998,0,0,0
6/3/1998,0,0,0
6/4/1998,0.1,0,0
6/5/1998,0,0,0
6/6/1998,0,0,0
6/7/1998,0,0,0
6/8/1998,0,0,0
6/9/1998,0,0,0
6/10/1998,0,0,0
6/11/1998,0,0,0
6/12/1998,0,0,0
6/13/1998,0,0,0
6/14/1998,0,1.2,0.4
6/15/1998,1.2,2,19.6
6/16/1998,36.4,27,1.8
6/17/1998,0.4,0,1.2
6/18/1998,2.8,2,0
6/19/1998,25.2,10,3.8
6/20/1998,25.2,15.2,24.6
6/21/1998,54.6,12.8,31.4
6/22/1998,35.4,40.8,20.3
6/23/1998,0.2,15,1.2
6/24/1998,2.6,3,0.4
6/25/1998,18.3,5,29.6
6/26/1998,26.6,16.2,12.2
6/27/1998,10.7,22.4,22.8
6/28/1998,1.8,14.2,8.2
6/29/1998,5.8,6.1,16
6/30/1998,0,18.4,0
7/1/1998,0.5,4.2,0
7/2/1998,1.8,9.2,0.6
7/3/1998,23.8,30.6,14.2
7/4/1998,5.6,7.4,0.2
7/5/1998,1.8,30.4,1.2
7/6/1998,0.5,19,0.2
7/7/1998,10,2.6,12.4
7/8/1998,60.6,72.5,29.7
7/9/1998,97.6,185.5,33.6
7/10/1998,4.9,2,5
7/11/1998,0,0,0
7/12/1998,24,9.4,7.4
7/13/1998,2.4,3,3.6
7/14/1998,50.8,3.2,0.8
7/15/1998,27.6,20,17.4
7/16/1998,21.2,16.6,2
7/17/1998,11.2,16,22
7/18/1998,6.2,29,26.8
7/19/1998,15.4,40.4,17.6
7/20/1998,7.6,24.2,21
7/21/1998,9.1,27.4,25
7/22/1998,5.5,18,7.3
7/23/1998,1.8,5.8,0.4
7/24/1998,11.4,1.4,2.2
7/25/1998,20.2,8.8,30.2
7/26/1998,3.2,1.4,5.2
7/27/1998,1,3.2,1.2
7/28/1998,1.1,3.6,2.1
7/29/1998,0,42,0
7/30/1998,13.4,13.4,0.6
7/31/1998,0,4.8,2.2
8/1/1998,16.4,39,6
8/2/1998,16.5,15.2,13.4
8/3/1998,12,9.4,8.2
8/4/1998,3,12,2.3
8/5/1998,18.6,15.6,3.4
8/6/1998,5.8,23.6,15.6
8/7/1998,47,18.4,30
8/8/1998,1.4,27,2
8/9/1998,25,31,24.5
8/10/1998,16.9,24.8,0.4
8/11/1998,10.4,18.2,5.2
8/12/1998,2,0,2.2
8/13/1998,24.4,29,17.2
8/14/1998,13.5,27,26.4
8/15/1998,0.1,41,2.2
8/16/1998,0.5,5.2,1
8/17/1998,4.8,0,7.4
8/18/1998,20.4,13,12.6
8/19/1998,25.6,4.3,19.6
8/20/1998,0.2,0,0.4
8/21/1998,60.6,68,38.4
8/22/1998,5,10.2,10.5
8/23/1998,1.6,17,6
8/24/1998,0.8,11.2,0
8/25/1998,0.7,21.4,3.2
8/26/1998,0.8,0,3
8/27/1998,19.7,22.2,11
8/28/1998,0.8,13,5.7
8/29/1998,0,0,0.2
8/30/1998,1,11,0.4
8/31/1998,20.8,15,23.6
9/1/1998,10.6,19,5
9/2/1998,1,1.8,3.4
9/3/1998,22.8,0,1
9/4/1998,1.8,0,0
9/5/1998,47.4,17,3
9/6/1998,22.2,5.2,8.8
9/7/1998,4.8,18.2,3.8
9/8/1998,0.8,0,0.8
9/9/1998,0,0,0
9/10/1998,39.2,47,0
9/11/1998,0.2,0,4.8
9/12/1998,0,0,0
9/13/1998,0,0,0
9/14/1998,0,0,0
9/15/1998,0,0,0
9/16/1998,0.8,0,0
9/17/1998,0,6.2,0
9/18/1998,0,0,0
9/19/1998,0.4,0,0.8
9/20/1998,0,0,0
9/21/1998,0.4,8,1.4
9/22/1998,26,0,15
9/23/1998,0,0,0
9/24/1998,0,0,0
9/25/1998,0,2,0
9/26/1998,0,0,0
9/27/1998,11.8,0,0.6
9/28/1998,1.4,0,0.4
9/29/1998,2,0,2
9/30/1998,0,0,0
10/1/1998,4.6,3,2
10/2/1998,0.2,4.2,30
10/3/1998,16.5,14,19.6
10/4/1998,2.4,1,2.2
10/5/1998,0,0,0
10/6/1998,0,0,0
10/7/1998,0,0,0
10/8/1998,0,0,0
10/9/1998,0,0,0
10/10/1998,0,0,0
10/11/1998,0,0,0
10/12/1998,0,0,0
10/13/1998,0,0,0
10/14/1998,0,0,0
10/15/1998,0,0,0
10/16/1998,0,0,0
10/17/1998,1.2,0,0
10/18/1998,0,0,0
10/19/1998,6.8,16,5.8
10/20/1998,0,8.2,0.2
10/21/1998,0,0,0
10/22/1998,0,0,0
10/23/1998,12.5,0,0
10/24/1998,0,0,0
10/25/1998,0,0,0
10/26/1998,0,0,0
10/27/1998,0,0,0
10/28/1998,0,0,0
10/29/1998,0,0,0
10/30/1998,0,0,0
10/31/1998,0,0,0
11/1/1998,0,0,0
11/2/1998,0,0,0
11/3/1998,0,0,0
11/4/1998,0,0,0
11/5/1998,0,0,0
11/6/1998,0,0,0
11/7/1998,0,0,0
11/8/1998,0,0,0
11/9/1998,0,0,0
11/10/1998,0,0,0
11/11/1998,0,0,0
11/12/1998,0,0,0
11/13/1998,0,0,0
11/14/1998,0,0,0
11/15/1998,0,0,0
11/16/1998,0,0,0
11/17/1998,0,0,0
11/18/1998,12,6,7.8
11/19/1998,0,1.5,0.8
11/20/1998,0,0,0
11/21/1998,0,0,0
11/22/1998,0,0,0
11/23/1998,0,0,0
11/24/1998,0,0,0
11/25/1998,0,0,0
11/26/1998,0,0,0
11/27/1998,0,0,0
11/28/1998,0,0,0
11/29/1998,0,0,0
11/30/1998,0,0,0
12/1/1998,0,0,0
12/2/1998,0,0,0
12/3/1998,0,0,0
12/4/1998,0,0,0
12/5/1998,0,0,0
12/6/1998,0,0,0
12/7/1998,0,0,0
12/8/1998,0,0,0
12/9/1998,0,0,0
12/10/1998,0,0,0
12/11/1998,0,0,0
12/12/1998,0,0,0
12/13/1998,0,0,0
12/14/1998,0,0,0
12/15/1998,0,0,0
12/16/1998,0,0,0
12/17/1998,0,0,0
12/18/1998,0,0,0
12/19/1998,0,0,0
12/20/1998,0,0,0
12/21/1998,0,0,0
12/22/1998,0,0,0
12/23/1998,0,0,0
12/24/1998,0,0,0
12/25/1998,0,0,0
12/26/1998,0,0,0
12/27/1998,0,0,0
12/28/1998,0,0,0
12/29/1998,0,0,0
12/30/1998,0,0,0
12/31/1998,0,0,0
1/1/1999,0,0,0
1/2/1999,0,0,0
1/3/1999,0,0,0
1/4/1999,0,0,0
1/5/1999,0,0,0
1/6/1999,0,0,0
1/7/1999,0,0,0
1/8/1999,0,0,0
1/9/1999,0,0,0
1/10/1999,0,0,0
1/11/1999,0,0,0
1/12/1999,0,0,0
1/13/1999,0,0,0
1/14/1999,0,0,0
1/15/1999,0,0,0
1/16/1999,0,0,0
1/17/1999,0,0,0
1/18/1999,0,0,0
1/19/1999,0,0,0
1/20/1999,0,0,0
1/21/1999,0,0,0
1/22/1999,0,0,0
1/23/1999,0,0,0
1/24/1999,0,0,0
1/25/1999,0,0,0
1/26/1999,0,0,0
1/27/1999,0,0,0
1/28/1999,0,0,0
1/29/1999,3.6,12,2
1/30/1999,0.6,0,0.4
1/31/1999,0,0,0
2/1/1999,0,0,0
2/2/1999,0,0,0
2/3/1999,0,0,0
2/4/1999,0,0,0
2/5/1999,0,0,0
2/6/1999,0,0,0
2/7/1999,0,0,0
2/8/1999,0,0,0
2/9/1999,0,0,0
2/10/1999,0,0,0
2/11/1999,0,0,0
2/12/1999,0,0,0
2/13/1999,0,0,0
2/14/1999,0,0,0
2/15/1999,0,0,0
2/16/1999,0,0,0
2/17/1999,0,0,0
2/18/1999,0,0,0
2/19/1999,0,0,0
2/20/1999,0,0,0
2/21/1999,0,0,0
2/22/1999,0,0,0
2/23/1999,0,0,0
2/24/1999,0,0,0
2/25/1999,0,0,0
2/26/1999,0,0,0
2/27/1999,4.2,0,0
2/28/1999,0,0,0
3/1/1999,0,0,0
3/2/1999,0,0,0
3/3/1999,0,0,0
3/4/1999,0,0,0
3/5/1999,0,0,0
3/6/1999,0,0,0
3/7/1999,0,0,0
3/8/1999,0,0,0
3/9/1999,0,0,0
3/10/1999,0,0,0
3/11/1999,0,0,0
3/12/1999,0,0,0
3/13/1999,0,0,0
3/14/1999,0,0,0
3/15/1999,0,0,0
3/16/1999,0,0,0
3/17/1999,0,0,0
3/18/1999,0,0,0
3/19/1999,0,0,0
3/20/1999,0,0,0
3/21/1999,0,0,0
3/22/1999,0,0,0
3/23/1999,0,0,0
3/24/1999,0,0,0
3/25/1999,0,0,0
3/26/1999,0,0,0
3/27/1999,0,0,0
3/28/1999,0,0,0
3/29/1999,0,0,0
3/30/1999,0,0,0
3/31/1999,0,0,0
4/1/1999,0,0,0
4/2/1999,0,0,0
4/3/1999,0,0,0
4/4/1999,0,0,0
4/5/1999,0,0,0
4/6/1999,0,0,0
4/7/1999,0,0,0
4/8/1999,0,0,0
4/9/1999,6,5.4,5.4
4/10/1999,0,0,0
4/11/1999,0,0,0
4/12/1999,0,0,0
4/13/1999,0,0,0
4/14/1999,0,0,0
4/15/1999,0,0,0
4/16/1999,0,0,0
4/17/1999,0,0,0
4/18/1999,0,0,0
4/19/1999,0,0,0
4/20/1999,0,0,0
4/21/1999,0,0,0
4/22/1999,0,0,0
4/23/1999,0,0,0
4/24/1999,0,0,0
4/25/1999,0,0,0
4/26/1999,0,0,0
4/27/1999,0,0,0
4/28/1999,0,0,0
4/29/1999,0,0,0
4/30/1999,0,0,0
5/1/1999,1.5,1.6,2.5
5/2/1999,7.2,0,5.4
5/3/1999,0,0,0
5/4/1999,0,0,0
5/5/1999,0,0,0.2
5/6/1999,0,0,0
5/7/1999,0,10,0
5/8/1999,0,0,0
5/9/1999,6.8,2,4
5/10/1999,0,1.2,0
5/11/1999,6.1,7,2
5/12/1999,2.4,21,4
5/13/1999,5,3.2,0.7
5/14/1999,0.7,31.4,1.6
5/15/1999,0,4.8,1.4
5/16/1999,2.8,0,17.6
5/17/1999,0,0,0
5/18/1999,4.6,49.2,0.4
5/19/1999,9.8,0,6.4
5/20/1999,12.4,0,10.8
5/21/1999,0,0,2.8
5/22/1999,0.2,2.2,10.6
5/23/1999,4.3,9.4,5.2
5/24/1999,13.8,11.2,9.4
5/25/1999,9.5,7.2,1.7
5/26/1999,0,0,0
5/27/1999,16.6,23,7.4
5/28/1999,0.2,3,0
5/29/1999,2.6,0,0.4
5/30/1999,0,0,0
5/31/1999,0,0,0
6/1/1999,0,0,0
6/2/1999,0,0,0
6/3/1999,1.5,0,0
6/4/1999,5,2.6,12.2
6/5/1999,0,0,0
6/6/1999,0,0,0
6/7/1999,0.4,0,0
6/8/1999,0,0,1.4
6/9/1999,0,0,0
6/10/1999,5.9,16,2
6/11/1999,0,0,0.6
6/12/1999,2.4,6,3.2
6/13/1999,44.4,39.6,35.4
6/14/1999,18,23.6,17.4
6/15/1999,0,0,0
6/16/1999,11.4,42,0.7
6/17/1999,30.7,4.8,4.2
6/18/1999,0,0,0
6/19/1999,10,2.8,2.4
6/20/1999,0,0,0.7
6/21/1999,2.6,0,7
6/22/1999,10.3,10.2,2.4
6/23/1999,8.8,0,9
6/24/1999,8.8,26,12
6/25/1999,25.9,4,26.8
6/26/1999,0,7.4,3
6/27/1999,1.2,5.2,1.8
6/28/1999,99.4,86.4,47.5
6/29/1999,22.6,20,31.8
6/30/1999,6.3,95.4,3.2
7/1/1999,0.2,4.6,4
7/2/1999,28.4,69.2,20.2
7/3/1999,84.6,105.2,40.2
7/4/1999,41.6,109.4,39.4
7/5/1999,5,14,10.4
7/6/1999,0,0,0
7/7/1999,4.4,7.6,3.6
7/8/1999,0.2,16,0
7/9/1999,6.9,28.6,7.6
7/10/1999,7.8,7.6,8.8
7/11/1999,4.7,4.4,3
7/12/1999,6,7,7.2
7/13/1999,0.2,11,9.2
7/14/1999,0.3,11.2,13.5
7/15/1999,1.8,2.8,8.5
7/16/1999,1,2.2,0.4
7/17/1999,3.6,5.2,30.5
7/18/1999,51.8,30.6,32
7/19/1999,5.2,39.2,3.2
7/20/1999,24.4,41,30.6
7/21/1999,47.3,19.4,10.6
7/22/1999,0,4,0.4
7/23/1999,7.9,1.6,3.4
7/24/1999,29.3,25.2,28.4
7/25/1999,47,69.6,30.4
7/26/1999,16.6,59,31.8
7/27/1999,23.8,31,17.4
7/28/1999,27,27,20.3
7/29/1999,3.2,0,1
7/30/1999,0,0,0
7/31/1999,5,31.6,5.2
8/1/1999,0,0,0
8/2/1999,29.8,56.2,17
8/3/1999,0,2.2,0.6
8/4/1999,0,41,0
8/5/1999,37.4,59.4,17.5
8/6/1999,21.6,27.4,26.2
8/7/1999,0,0,0
8/8/1999,0,0,0
8/9/1999,7.6,21.8,6.6
8/10/1999,0.2,6.6,1
8/11/1999,3.4,61.6,6
8/12/1999,4.2,31.4,22.8
8/13/1999,26.2,81.2,21.2
8/14/1999,14.6,45.4,21.4
8/15/1999,6.8,26,7.6
8/16/1999,0,0,0
8/17/1999,0,0,0
8/18/1999,32.8,52,4.2
8/19/1999,2.3,72.4,1
8/20/1999,38.7,4,0.8
8/21/1999,8.2,2,0.2
8/22/1999,2.2,1,10.2
8/23/1999,33,19,13
8/24/1999,12.6,22.4,0.8
8/25/1999,38.3,41,28
8/26/1999,19.8,62.2,26.4
8/27/1999,14.3,48,11
8/28/1999,15.9,0,11
8/29/1999,1.3,21.2,0
8/30/1999,5.6,39.6,5.2
8/31/1999,16.7,0,0.4
9/1/1999,4.2,21.2,4.3
9/2/1999,4,26.4,4.2
9/3/1999,3,0,0
9/4/1999,0,0,0
9/5/1999,0,15,0
9/6/1999,0,19,0
9/7/1999,0,21,0
9/8/1999,16.4,12.4,25
9/9/1999,11,9.2,0.4
9/10/1999,47.3,39,15.6
9/11/1999,0.2,21.2,0
9/12/1999,5.8,14,4.8
9/13/1999,1,21,0.2
9/14/1999,0,3,0
9/15/1999,0,12.6,0
9/16/1999,0,0,0.6
9/17/1999,0,9,12
9/18/1999,12.4,8,13
9/19/1999,13.8,27,0.2
9/20/1999,0,0,27.8
9/21/1999,31.4,76.4,0
9/22/1999,0,0,0
9/23/1999,13.6,36,11.2
9/24/1999,2.5,40.4,2.8
9/25/1999,1.4,62.2,1.4
9/26/1999,4.2,39.4,1
9/27/1999,30.8,0,1
9/28/1999,5.6,19.6,1.5
9/29/1999,58.3,8.4,26.4
9/30/1999,0,0,0.2
10/1/1999,0,0,1.8
10/2/1999,1.6,0,3.2
10/3/1999,9.4,54.2,3.8
10/4/1999,1,2,1.6
10/5/1999,0,0,1.6
10/6/1999,9.8,78.6,10.5
10/7/1999,46.8,41.2,31
10/8/1999,0,0,0.4
10/9/1999,0,0,0
10/10/1999,0,0,0
10/11/1999,0,0,0
10/12/1999,0,0,0
10/13/1999,0,0,0
10/14/1999,0,0,0
10/15/1999,0,0,0
10/16/1999,0,0,0
10/17/1999,0,0,0
10/18/1999,3.4,0,0
10/19/1999,65,3.4,4
10/20/1999,15.2,45,31.6
10/21/1999,0,12.4,23.4
10/22/1999,0,0,0.3
10/23/1999,0,0,0
10/24/1999,0,0,0
10/25/1999,0,0,0
10/26/1999,0,0,0
10/27/1999,0,0,0
10/28/1999,0,0,0
10/29/1999,0,0,0
10/30/1999,0,0,0
10/31/1999,0,0,0
11/1/1999,0,0,0
11/2/1999,0,0,0
11/3/1999,0,0,0
11/4/1999,0,0,0
11/5/1999,0,0,0
11/6/1999,0,0,0
11/7/1999,0,0,0
11/8/1999,0,0,0
11/9/1999,0,0,0
11/10/1999,0,0,0
11/11/1999,0,0,0
11/12/1999,0,0,0
11/13/1999,0,0,0
11/14/1999,0,0,0
11/15/1999,0,0,0
11/16/1999,0,0,0
11/17/1999,0,0,0
11/18/1999,0,0,0
11/19/1999,0,0,0
11/20/1999,0,0,0
11/21/1999,0,0,0
11/22/1999,0,0,0
11/23/1999,0,0,0
11/24/1999,0,0,0
11/25/1999,0,0,0
11/26/1999,0,0,0
11/27/1999,0,0,0
11/28/1999,0,0,0
11/29/1999,0,0,0
11/30/1999,0,0,0
12/1/1999,0,0,0
12/2/1999,0,0,0
12/3/1999,0,0,0
12/4/1999,0,0,0
12/5/1999,0,0,0
12/6/1999,1.2,0,0
12/7/1999,0,0,0
12/8/1999,0,0,0
12/9/1999,0,0,0
12/10/1999,0,0,0
12/11/1999,0,0,0
12/12/1999,0,0,0
12/13/1999,0,0,0
12/14/1999,0,0,0
12/15/1999,0,0,0
12/16/1999,0,0,0
12/17/1999,0,0,0
12/18/1999,0,0,0
12/19/1999,0,0,0
12/20/1999,0,0,0
12/21/1999,0,0,0
12/22/1999,0,0,0
12/23/1999,0,0,0
12/24/1999,0,0,0
12/25/1999,0,0,0
12/26/1999,0,0,0
12/27/1999,0,0,0
12/28/1999,0,0,0
12/29/1999,0,0,0
12/30/1999,0,0,0
12/31/1999,0,0,0
1/1/2000,0,0,0
1/2/2000,0,0,0
1/3/2000,0,0,0
1/4/2000,0,0,0
1/5/2000,0,0,0
1/6/2000,0,0,0
1/7/2000,0,0,0
1/8/2000,0,0,0
1/9/2000,0,0,0
1/10/2000,0,0,0
1/11/2000,0,0,0
1/12/2000,0,0,0
1/13/2000,0.3,0,0.8
1/14/2000,1,0,0.2
1/15/2000,0,0,0
1/16/2000,0,0,0
1/17/2000,0,0,0
1/18/2000,0,0,0
1/19/2000,0,0,0
1/20/2000,0,0,0
1/21/2000,0,0,0
1/22/2000,0,0,0
1/23/2000,0,0,0
1/24/2000,0,0,0
1/25/2000,0,0,0
1/26/2000,0,0,0
1/27/2000,0,0,0
1/28/2000,0,0,0
1/29/2000,0,0,0
1/30/2000,0,0,0
1/31/2000,0,0,0
2/1/2000,0,0,0.8
2/2/2000,0,0,0
2/3/2000,0,0,0
2/4/2000,0,0,0
2/5/2000,0,0,0
2/6/2000,2.1,7.2,1.4
2/7/2000,0.2,1,0.6
2/8/2000,0,0,0
2/9/2000,0,0,0
2/10/2000,0,0,0
2/11/2000,0,0,0
2/12/2000,2.9,2,2.8
2/13/2000,0,0,0.4
2/14/2000,0,0,0
2/15/2000,0,0,0
2/16/2000,0,0,0
2/17/2000,0,0,0
2/18/2000,0,0,0
2/19/2000,0,0,0
2/20/2000,0,0,0
2/21/2000,0,0,0
2/22/2000,0,0,0
2/23/2000,0,0,0
2/24/2000,0,0,0
2/25/2000,0,0,0
2/26/2000,0,0,0
2/27/2000,0,0,0
2/28/2000,0,0,0
2/29/2000,0.1,0,0
3/1/2000,0,0,0
3/2/2000,0,0,0
3/3/2000,0.8,2.2,0
3/4/2000,0,0,0
3/5/2000,0,0,0
3/6/2000,0,0,0
3/7/2000,0,0,0
3/8/2000,0,0,0
3/9/2000,0,0,0
3/10/2000,0,0,0
3/11/2000,0,0,0
3/12/2000,0,0,0
3/13/2000,0,0,0
3/14/2000,3,0,1.4
3/15/2000,0,0,0
3/16/2000,0,0,0
3/17/2000,0,0,0
3/18/2000,0,0,0
3/19/2000,0,0,0
3/20/2000,0,0,0
3/21/2000,0,0,0
3/22/2000,0,0,0
3/23/2000,0,0,0
3/24/2000,11,15.8,0
3/25/2000,0,0,10.6
3/26/2000,0,0,0.6
3/27/2000,0,0,0.2
3/28/2000,3.8,8.2,10.2
3/29/2000,2.3,0,0.6
3/30/2000,0,0,0
3/31/2000,0,0,0
4/1/2000,0,0,0
4/2/2000,0,0,0
4/3/2000,0,0,0
4/4/2000,0,0,0
4/5/2000,0,0,0
4/6/2000,0,0,0
4/7/2000,0,0,0
4/8/2000,0,0,0
4/9/2000,0,0,0
4/10/2000,0,0,0
4/11/2000,0,0,0
4/12/2000,0,0,0
4/13/2000,0,0,0
4/14/2000,0,0,0
4/15/2000,0.2,0,1
4/16/2000,0,0,0
4/17/2000,0.4,0,0
4/18/2000,0,0,5.6
4/19/2000,0,0,0
4/20/2000,0,0,1.6
4/21/2000,13.9,1.3,12.4
4/22/2000,5.6,0,16.4
4/23/2000,0,0,0
4/24/2000,8.6,5.4,9.2
4/25/2000,0,1.6,2.5
4/26/2000,27,2,29.6
4/27/2000,0,0,0.2
4/28/2000,6.2,16.6,2.4
4/29/2000,0,0,0
4/30/2000,0,1,0
5/1/2000,0,0,0
5/2/2000,3.3,8,3.2
5/3/2000,0,0,0
5/4/2000,0,0,0
5/5/2000,0,0,0
5/6/2000,0,0,0
5/7/2000,23,63,13.2
5/8/2000,7.5,9.4,8.8
5/9/2000,0,0,0
5/10/2000,0,0,0
5/11/2000,0,0,0
5/12/2000,3.7,0,0
5/13/2000,0,0,0
5/14/2000,0,0,0
5/15/2000,0,0,0
5/16/2000,20.2,1.2,2
5/17/2000,1.6,0,3.8
5/18/2000,1,0,0
5/19/2000,1.8,0,0
5/20/2000,17.6,10.8,4.4
5/21/2000,4,0,0
5/22/2000,14.4,13,19
5/23/2000,2.7,4.6,1.4
5/24/2000,34.6,18.4,22.8
5/25/2000,3,19.6,18.5
5/26/2000,4.4,15,10.2
5/27/2000,5.9,5,8
5/28/2000,13.8,5,30.2
5/29/2000,5,27,8.8
5/30/2000,42.4,20.6,7.8
5/31/2000,0,1.2,0.4
6/1/2000,16.4,41,4.6
6/2/2000,0,2,0
6/3/2000,7.8,0,0
6/4/2000,5,0,0
6/5/2000,0,22,0
6/6/2000,11.8,9.8,12.8
6/7/2000,3.3,19,4
6/8/2000,9.3,18,12.2
6/9/2000,0.4,2,3.4
6/10/2000,0.6,0,1
6/11/2000,0,0,0
6/12/2000,0,0,8
6/13/2000,0,0,0
6/14/2000,0,0,0
6/15/2000,0.5,1.4,20.2
6/16/2000,14,3.8,15.8
6/17/2000,6,1.4,4.6
6/18/2000,49,11.8,33.2
6/19/2000,15.8,14,2.6
6/20/2000,20.2,10,2
6/21/2000,0,5,0
6/22/2000,38.5,9.2,26
6/23/2000,43.6,60.6,58.4
6/24/2000,4.1,16.6,4.4
6/25/2000,4.2,0,0
6/26/2000,13.6,0,1.6
6/27/2000,1.2,5.4,0
6/28/2000,0.8,11.4,2.2
6/29/2000,0,5.6,4.8
6/30/2000,0.4,5.2,0.2
7/1/2000,17,13.8,8.1
7/2/2000,3.4,8.2,7
7/3/2000,0.8,0,0
7/4/2000,5,1.2,1.6
7/5/2000,3.6,0,0
7/6/2000,4,8.4,2.7
7/7/2000,7,4.6,4.2
7/8/2000,5.8,12.4,19.6
7/9/2000,15.4,4.4,0
7/10/2000,0.6,2.4,0.4
7/11/2000,11.6,9.6,17.6
7/12/2000,0,5,0
7/13/2000,23.4,33.2,0
7/14/2000,0.2,1.4,0
7/15/2000,8.6,10.2,8.4
7/16/2000,9.2,15.4,11.8
7/17/2000,4.4,5.8,0.6
7/18/2000,37.4,76.6,19.4
7/19/2000,13.6,6.2,21.7
7/20/2000,0,0,0.8
7/21/2000,0.5,32,3
7/22/2000,22.2,41.2,23.4
7/23/2000,2.6,0,1.4
7/24/2000,25.6,7.4,18.3
7/25/2000,37,12,24.2
7/26/2000,21.2,30.2,13
7/27/2000,19.8,32.6,3.4
7/28/2000,20.5,0,9.7
7/29/2000,10.7,11.4,11.2
7/30/2000,0.2,2.2,0
7/31/2000,5,15.4,9.6
8/1/2000,19,73.2,16.4
8/2/2000,73,96.6,39.6
8/3/2000,27.2,62,25
8/4/2000,0.2,5,0.8
8/5/2000,0,0,0
8/6/2000,3,0,0
8/7/2000,39,27.2,42
8/8/2000,98.6,103.4,51.6
8/9/2000,2.9,24.6,4.5
8/10/2000,47,64.2,59.1
8/11/2000,1.4,13.4,8.5
8/12/2000,0.4,11.2,1.5
8/13/2000,3.2,17,0.4
8/14/2000,6.2,27.4,2.4
8/15/2000,2.6,6.2,0.2
8/16/2000,1.2,10,0
8/17/2000,0.1,19,1
8/18/2000,0,27,1.6
8/19/2000,0,37,3
8/20/2000,2.6,22,0.2
8/21/2000,1.8,11.4,0.8
8/22/2000,0.1,17,15.4
8/23/2000,3.6,0,0
8/24/2000,30,8.4,15.8
8/25/2000,1.2,4.2,0.6
8/26/2000,0.2,0,0
8/27/2000,0,0,0
8/28/2000,3.1,8.2,1.5
8/29/2000,0.4,0,0
8/30/2000,11,62.4,6.8
8/31/2000,5.7,28.2,10.6
9/1/2000,14.8,29,24.2
9/2/2000,5,11,8.2
9/3/2000,0,18.2,12
9/4/2000,11.4,1,1.6
9/5/2000,0,2.2,0
9/6/2000,0.1,3,2.4
9/7/2000,3.9,27,1.8
9/8/2000,3.9,6.2,0.8
9/9/2000,1.2,12.4,0
9/10/2000,8.6,25.2,17.5
9/11/2000,0,12,1.4
9/12/2000,2.6,0,0
9/13/2000,0,0,0
9/14/2000,0,8.2,0
9/15/2000,3.2,4.2,2.6
9/16/2000,0.2,2.4,0
9/17/2000,3.4,0,5.5
9/18/2000,5.8,30.6,3.8
9/19/2000,23,53.2,37.8
9/20/2000,22.4,8.4,21.2
9/21/2000,9.6,5,5.2
9/22/2000,0,0,0.2
9/23/2000,0,0,0
9/24/2000,0,0,0.8
9/25/2000,0,0,0
9/26/2000,0,0,0.4
9/27/2000,0,0,0
9/28/2000,0,0,0
9/29/2000,0,0,0
9/30/2000,0.3,5,0
10/1/2000,0,0,1.8
10/2/2000,0,0,0
10/3/2000,0,0,0
10/4/2000,0,0,0
10/5/2000,0,0,0
10/6/2000,0,0,0
10/7/2000,0,0,0
10/8/2000,0,0,0
10/9/2000,0,0,0
10/10/2000,0,0,0
10/11/2000,0,0,0
10/12/2000,0,0,0
10/13/2000,0,0,0
10/14/2000,0,0,0
10/15/2000,0,0,0
10/16/2000,0,0,0
10/17/2000,0,0,0
10/18/2000,0,0,0
10/19/2000,0,0,0
10/20/2000,0,0,0
10/21/2000,0,0,0
10/22/2000,0,0,0
10/23/2000,0,0,0
10/24/2000,0,0,0
10/25/2000,0,0,0
10/26/2000,0,0,0
10/27/2000,0.6,0,0
10/28/2000,0,0,0
10/29/2000,0,0,0
10/30/2000,0,0,0
10/31/2000,0,0,0
11/1/2000,0,0,0
11/2/2000,0,0,0
11/3/2000,0,0,0
11/4/2000,0,0,0
11/5/2000,0,0,0
11/6/2000,0,0,0
11/7/2000,0,0,0
11/8/2000,0,0,0
11/9/2000,0,0,0
11/10/2000,0,0,0
11/11/2000,0,0,0
11/12/2000,0,0,0
11/13/2000,0,0,0
11/14/2000,0,0,0
11/15/2000,0,0,0
11/16/2000,0,0,0
11/17/2000,0,0,0
11/18/2000,0,0,0
11/19/2000,0,0,0
11/20/2000,0,0,0
11/21/2000,0,0,0
11/22/2000,0,0,0
11/23/2000,0,0,0
11/24/2000,0,0,0
11/25/2000,0,0,0
11/26/2000,0,0,0
11/27/2000,0,0,0
11/28/2000,0,0,0
11/29/2000,0,0,0
11/30/2000,0,0,0
12/1/2000,0,0,0
12/2/2000,0,0,0
12/3/2000,0,0,0
12/4/2000,0,0,0
12/5/2000,0,0,0
12/6/2000,0,0,0
12/7/2000,0,0,0
12/8/2000,0,0,0
12/9/2000,0,0,0
12/10/2000,0,0,0
12/11/2000,0,0,0
12/12/2000,0,0,0
12/13/2000,0,0,0
12/14/2000,0,0,0
12/15/2000,0,0,0
12/16/2000,0,0,0
12/17/2000,0,0,0
12/18/2000,0,0,0
12/19/2000,0,0,0
12/20/2000,0,0,0
12/21/2000,0,0,0
12/22/2000,0,0,0
12/23/2000,0,0,0
12/24/2000,0,0,0
12/25/2000,0,0,0
12/26/2000,0,0,0
12/27/2000,0,0,0
12/28/2000,0,0,0
12/29/2000,0,0,0
12/30/2000,0,0,0
12/31/2000,0.2,0,0.4
1/1/2001,6.8,5.8,3.6
1/2/2001,0,0,0
1/3/2001,0,0,0
1/4/2001,0,0,0
1/5/2001,0,0,0
1/6/2001,0,0,0
1/7/2001,0,0,0
1/8/2001,0,0,0
1/9/2001,0,0,0
1/10/2001,0,0,0
1/11/2001,0,0,0
1/12/2001,0,0,0
1/13/2001,0,0,0
1/14/2001,0,0,0
1/15/2001,0,0,0
1/16/2001,0,0,0
1/17/2001,0,0,0
1/18/2001,0,0,0
1/19/2001,0,0,0
1/20/2001,0,0,0
1/21/2001,0,0,0
1/22/2001,0,0,0
1/23/2001,0,0,0
1/24/2001,0,1.4,1.4
1/25/2001,0,0,0
1/26/2001,0,0,0
1/27/2001,0,0,0
1/28/2001,0,0,0
1/29/2001,0,0,0
1/30/2001,0,0,0
1/31/2001,0,0,0
2/1/2001,0,0,0
2/2/2001,0,0,0
2/3/2001,0,0,0
2/4/2001,0,0,0
2/5/2001,0,0,0
2/6/2001,0,0,0
2/7/2001,0,0,0
2/8/2001,0,0,0
2/9/2001,0,0,0
2/10/2001,0,0,0
2/11/2001,0,0,0
2/12/2001,0,0,0
2/13/2001,0,0,0
2/14/2001,0,0,0
2/15/2001,0,0,0
2/16/2001,0,0,0
2/17/2001,0,0,0
2/18/2001,0,0,0
2/19/2001,0,0,0
2/20/2001,0,0,0
2/21/2001,0,0,0
2/22/2001,0,0,0
2/23/2001,0,0,0
2/24/2001,0,0,0
2/25/2001,1.5,0,0
2/26/2001,14.2,21,0
2/27/2001,0,0,15.8
2/28/2001,0,0,0
3/1/2001,0,0,0
3/2/2001,0,0,0
3/3/2001,0,0,0
3/4/2001,0,0,0
3/5/2001,0,0,0
3/6/2001,0,0,0
3/7/2001,0,0,0
3/8/2001,0,0,0
3/9/2001,0,0,0
3/10/2001,0,0,0
3/11/2001,0,0,0
3/12/2001,0,0,0
3/13/2001,0,0,0
3/14/2001,0.4,0,0
3/15/2001,0.9,0,0
3/16/2001,0,0,0
3/17/2001,0,0,0
3/18/2001,0,0,0
3/19/2001,0,0,0
3/20/2001,0,0,0
3/21/2001,0,0,0
3/22/2001,0,0,1.2
3/23/2001,6.1,3.2,5.2
3/24/2001,0,0,4.4
3/25/2001,0,0,0
3/26/2001,0,0,0
3/27/2001,0,0,0
3/28/2001,0,0,0
3/29/2001,0,0,0
3/30/2001,0,0,0
3/31/2001,1,0,0.6
4/1/2001,3.5,1.5,11.6
4/2/2001,0.4,0,0
4/3/2001,0,0,0
4/4/2001,0,0,0
4/5/2001,0,0,0
4/6/2001,0,0,0
4/7/2001,0,0,0
4/8/2001,0,0,0
4/9/2001,0,0,0
4/10/2001,0,0,0
4/11/2001,0,0,0
4/12/2001,0,0,0
4/13/2001,0,0,0
4/14/2001,4.9,5.2,4.8
4/15/2001,23,3,17.6
4/16/2001,0,0,0
4/17/2001,0,0,0
4/18/2001,0.4,1.6,1.8
4/19/2001,0.6,1.2,2.6
4/20/2001,0,0,0
4/21/2001,0,0,0
4/22/2001,0,0,0
4/23/2001,0,0,0
4/24/2001,0,0,0
4/25/2001,0,0,0
4/26/2001,1.8,1.4,1.4
4/27/2001,0,0,0
4/28/2001,0,1.6,0
4/29/2001,0,0,0
4/30/2001,0,2.6,1.6
5/1/2001,25.2,0,2.6
5/2/2001,16,12,6.6
5/3/2001,0,0,0
5/4/2001,14.4,32.2,16.4
5/5/2001,0,0,1.4
5/6/2001,0,0,0
5/7/2001,18.8,32.6,6.6
5/8/2001,0,0,0
5/9/2001,3.6,11,5.5
5/10/2001,5.6,26.2,9
5/11/2001,27,1,12.4
5/12/2001,0.2,0,0
5/13/2001,0,0,0
5/14/2001,4.8,0,0
5/15/2001,0.4,8,1.3
5/16/2001,0.7,0,0
5/17/2001,0,0,0
5/18/2001,5.4,10.9,5.2
5/19/2001,0,0,0
5/20/2001,0,1,29.4
5/21/2001,0,0,0.2
5/22/2001,0,0,0
5/23/2001,2.8,6,2.3
5/24/2001,3,7,4
5/25/2001,19.5,15,12.6
5/26/2001,16.6,1,4
5/27/2001,12.2,16.6,5.2
5/28/2001,0,0,0
5/29/2001,3.2,6.2,4.6
5/30/2001,0,0,1.2
5/31/2001,0.5,0,0.4
6/1/2001,0,0,0
6/2/2001,0,0,1.4
6/3/2001,8.4,0,1
6/4/2001,10.9,11,2.2
6/5/2001,6.6,4,9.2
6/6/2001,4.9,4.4,4.5
6/7/2001,0.6,7.2,0
6/8/2001,0,0,7.5
6/9/2001,0,0,0
6/10/2001,11.2,0,3
6/11/2001,54,0,7.4
6/12/2001,0,1.4,0
6/13/2001,2.8,25.2,19.4
6/14/2001,17.1,29,8
6/15/2001,34.2,17.2,3
6/16/2001,2.4,13,0
6/17/2001,0.5,4,4.2
6/18/2001,3.2,17.4,6
6/19/2001,17.4,11.4,20.6
6/20/2001,5.4,9.2,9.4
6/21/2001,15.7,4.6,5.2
6/22/2001,1,2.2,2
6/23/2001,1,10.4,7.2
6/24/2001,5.6,8.2,10.8
6/25/2001,2.7,11.6,11.8
6/26/2001,16.2,8.6,2.8
6/27/2001,0,0,1
6/28/2001,2.4,0,4.2
6/29/2001,8.7,20.6,5.4
6/30/2001,17.5,13.6,6.8
7/1/2001,28,3,5
7/2/2001,0,34.2,0
7/3/2001,1,51.2,1.2
7/4/2001,2.6,0,2.4
7/5/2001,45.6,4.4,34.2
7/6/2001,0.4,0,0
7/7/2001,4.2,2.2,1.4
7/8/2001,8.8,0,10.8
7/9/2001,3.8,0,1.5
7/10/2001,0.4,28.2,0
7/11/2001,0,0,0.4
7/12/2001,5.8,12.6,1
7/13/2001,0,1.3,0
7/14/2001,9.6,8,4.8
7/15/2001,17.6,20,10.2
7/16/2001,59.6,25.2,27.2
7/17/2001,13.6,13.2,25.6
7/18/2001,0,1,0.4
7/19/2001,96.4,8.2,12.2
7/20/2001,43.8,22.4,10.8
7/21/2001,0.3,0,1
7/22/2001,12.7,6.6,16.8
7/23/2001,39,11.2,5.8
7/24/2001,3.3,4.2,1.4
7/25/2001,0.5,43.4,0.4
7/26/2001,9.6,43.4,15
7/27/2001,9.4,13.2,13.8
7/28/2001,0,0,0
7/29/2001,36.4,33.2,15.2
7/30/2001,29.6,25.2,9
7/31/2001,16.8,47.4,20
8/1/2001,19.2,36,23.6
8/2/2001,3.8,4.2,2.2
8/3/2001,7.5,7.2,11.2
8/4/2001,0,2.4,0
8/5/2001,20.8,6,2.2
8/6/2001,7.8,5.4,0
8/7/2001,0.3,1.2,0
8/8/2001,10.8,4,17.8
8/9/2001,19.6,13.6,10.4
8/10/2001,0.7,1.8,2.2
8/11/2001,37.4,4,8.6
8/12/2001,3.2,14.6,1
8/13/2001,62.8,15.2,17.4
8/14/2001,0.6,1,0.6
8/15/2001,5.8,9.4,1.4
8/16/2001,0,1,1
8/17/2001,22.2,0,8.8
8/18/2001,36.4,7.4,15.4
8/19/2001,27.2,18.8,21
8/20/2001,2,2.2,0.2
8/21/2001,26.7,9.4,6.8
8/22/2001,11.4,17,8.6
8/23/2001,63,31.4,30.4
8/24/2001,2.8,5.6,1.8
8/25/2001,1.8,13.2,0.6
8/26/2001,0.8,0,0
8/27/2001,0,0,0
8/28/2001,59.2,15.8,8.7
8/29/2001,0.3,0,3.2
8/30/2001,1.8,15,12.2
8/31/2001,4.4,0,0
9/1/2001,4,9.6,8.4
9/2/2001,7.6,16.2,11
9/3/2001,4.8,13.2,6.2
9/4/2001,3.4,14,7
9/5/2001,3.6,6.6,4.4
9/6/2001,7.3,18,9.4
9/7/2001,56.2,22.2,15.4
9/8/2001,6.5,11.2,11.8
9/9/2001,0.6,1,0
9/10/2001,0,1,0.4
9/11/2001,14.5,20,16.4
9/12/2001,18,16.6,23.4
9/13/2001,4.4,17,7.5
9/14/2001,12.2,16.4,6.8
9/15/2001,0,0,0
9/16/2001,0,18,1.4
9/17/2001,0.2,2.2,0
9/18/2001,0,0,0
9/19/2001,0,0,0
9/20/2001,0,0,0
9/21/2001,0,0,0
9/22/2001,0,0,0
9/23/2001,0,0,0
9/24/2001,0,0,0
9/25/2001,1.6,0,1.6
9/26/2001,0,0,0
9/27/2001,0,0,0.2
9/28/2001,0,0,0
9/29/2001,0.6,0,0
9/30/2001,0,0,0
10/1/2001,0,0,0
10/2/2001,0.8,1,3.2
10/3/2001,0,2,2.8
10/4/2001,7.4,0,7.1
10/5/2001,12.3,13.6,13.5
10/6/2001,0,0,0
10/7/2001,0,0,0
10/8/2001,0,0,0
10/9/2001,0,0,0
10/10/2001,0,0,0
10/11/2001,0,0,0
10/12/2001,0,0,0
10/13/2001,0,0,0
10/14/2001,0,0,0
10/15/2001,0,0,0
10/16/2001,0,0,0
10/17/2001,0,0,0
10/18/2001,0,0,0
10/19/2001,0,0,0
10/20/2001,0,0,0
10/21/2001,0,0,0
10/22/2001,0,0,0
10/23/2001,0,0,0
10/24/2001,0,0,0
10/25/2001,0,0,0
10/26/2001,0,0,0
10/27/2001,0,0,0
10/28/2001,0,0,0
10/29/2001,0,0,0
10/30/2001,0,0,0
10/31/2001,0,0,0
11/1/2001,0,0,0
11/2/2001,0,0,0
11/3/2001,0,0,0
11/4/2001,0,0,0
11/5/2001,0,0,0
11/6/2001,0,0,0
11/7/2001,0,0,0
11/8/2001,0,0,0
11/9/2001,0,0,0
11/10/2001,0,0,0
11/11/2001,0,0,0
11/12/2001,0,0,0
11/13/2001,0,0,0
11/14/2001,0,0,0
11/15/2001,0,0,0
11/16/2001,0,0,0
11/17/2001,0,0,0
11/18/2001,0,0,0
11/19/2001,0,0,0
11/20/2001,0,0,0
11/21/2001,0,0,0
11/22/2001,0,0,0
11/23/2001,0,0,0
11/24/2001,0,0,0
11/25/2001,0,0,0
11/26/2001,0,0,0
11/27/2001,0,0,0
11/28/2001,0,0,0
11/29/2001,0,0,0
11/30/2001,0,0,0
12/1/2001,0,0,0
12/2/2001,0,0,0
12/3/2001,0,0,0
12/4/2001,0,0,0
12/5/2001,0,0,0
12/6/2001,0,0,0
12/7/2001,0,0,0
12/8/2001,0,0,0
12/9/2001,0,0,0
12/10/2001,0,0,0
12/11/2001,0,0,0
12/12/2001,0,0,0
12/13/2001,0,0,0
12/14/2001,0,0,0
12/15/2001,0,0,0
12/16/2001,0,0,0
12/17/2001,0,0,0
12/18/2001,0,0,0
12/19/2001,0,0,0
12/20/2001,0,0,0
12/21/2001,0,0,0
12/22/2001,0,0,0
12/23/2001,0,0,0
12/24/2001,0,0,0
12/25/2001,0,0,0
12/26/2001,0,0,0
12/27/2001,0,0,0
12/28/2001,0,0,0
12/29/2001,0,0,0
12/30/2001,0,0,0
12/31/2001,0,0,0
1/1/2002,0,0,0
1/2/2002,0,0,0
1/3/2002,0,0,0
1/4/2002,0,0,0
1/5/2002,0,0,0
1/6/2002,0,0,0
1/7/2002,0,0,0
1/8/2002,0,0,0
1/9/2002,0,0,0
1/10/2002,0,0,0
1/11/2002,0,0,0
1/12/2002,0,0,0
1/13/2002,0,0,0
1/14/2002,0,0,0
1/15/2002,0,0,0
1/16/2002,10.2,13.2,8
1/17/2002,10.2,10.2,11.4
1/18/2002,0,0,0.2
1/19/2002,0,0,0
1/20/2002,0,0,0
1/21/2002,0.4,0,1.2
1/22/2002,0,0,0
1/23/2002,0,0,0
1/24/2002,0,0,0
1/25/2002,0,0,0
1/26/2002,0,0,0
1/27/2002,0,0,0
1/28/2002,10.3,12.2,9.7
1/29/2002,2.7,7.2,5
1/30/2002,0,0,0
1/31/2002,0,0,0
2/1/2002,0,0,0
2/2/2002,0,0,0
2/3/2002,0,0,0
2/4/2002,0,0,0
2/5/2002,0,0,0
2/6/2002,0,0,0
2/7/2002,0,0,0
2/8/2002,0,0,0
2/9/2002,0,0,0
2/10/2002,0,0,0
2/11/2002,0,0,0
2/12/2002,15,24,14.2
2/13/2002,0,0,0.2
2/14/2002,0,0,0
2/15/2002,0,0,0
2/16/2002,0,0,0
2/17/2002,0,0,0
2/18/2002,0,0,0
2/19/2002,0,0,0
2/20/2002,0,0,0
2/21/2002,0,0,0
2/22/2002,0,0,0
2/23/2002,0,0,0
2/24/2002,0,0,0
2/25/2002,7,6,5.5
2/26/2002,7.9,9.2,8.5
2/27/2002,0,0,0
2/28/2002,0,0,0
3/1/2002,0,0,0
3/2/2002,0,0,0
3/3/2002,0.6,3,1.6
3/4/2002,5.6,9.2,2.2
3/5/2002,0,0,0
3/6/2002,0,0,0
3/7/2002,30.5,0,6.6
3/8/2002,0,0,0
3/9/2002,0,0,0
3/10/2002,0,0,0
3/11/2002,0,0,0
3/12/2002,0,0,0
3/13/2002,0,0,0
3/14/2002,0,0,0
3/15/2002,0,0,0
3/16/2002,0,0,0
3/17/2002,0,0,0
3/18/2002,26,0,34.6
3/19/2002,0,0,0
3/20/2002,0,0,0
3/21/2002,0,0,0
3/22/2002,24.2,1,22.4
3/23/2002,0,0,0.8
3/24/2002,0,0,0
3/25/2002,3.9,1.6,2.2
3/26/2002,0,0,0
3/27/2002,1,1.2,2.4
3/28/2002,0,0,0
3/29/2002,0,0,0
3/30/2002,0,0,0
3/31/2002,1.2,2,0.8
4/1/2002,0,0,0
4/2/2002,1.8,0,3
4/3/2002,29.4,27.1,20
4/4/2002,0,0,0.2
4/5/2002,0,0,0
4/6/2002,0,0,0
4/7/2002,0,0,0
4/8/2002,0,0,0
4/9/2002,0,1,0
4/10/2002,0.4,7.6,0
4/11/2002,0,0,0
4/12/2002,1.6,1.1,2.8
4/13/2002,0,0,0
4/14/2002,0,0,0
4/15/2002,0,0,0
4/16/2002,0,0,0
4/17/2002,0,0,0
4/18/2002,0,0,0
4/19/2002,0,0,0
4/20/2002,0,0,0
4/21/2002,0.4,0,0
4/22/2002,12.6,12.6,10.2
4/23/2002,6.8,0,0
4/24/2002,6.4,37,38.6
4/25/2002,0,0,0.4
4/26/2002,0,0,0
4/27/2002,15.8,18.6,20.4
4/28/2002,0,0,0
4/29/2002,0,0,0
4/30/2002,18.7,29.6,12.6
5/1/2002,0,0,0
5/2/2002,0,0,0
5/3/2002,0,0,0.7
5/4/2002,8,18,10.4
5/5/2002,0,0,0
5/6/2002,3.2,9,0.6
5/7/2002,3.2,5.4,14.6
5/8/2002,0,0,0
5/9/2002,0,0,0
5/10/2002,1.1,11,4.2
5/11/2002,9,5,8.6
5/12/2002,0,0,0
5/13/2002,0,0,0
5/14/2002,15.6,14.2,36.4
5/15/2002,0.6,0,0.4
5/16/2002,1,0,2
5/17/2002,0,0,0.6
5/18/2002,11,19.4,17.8
5/19/2002,43.6,41.2,42.4
5/20/2002,0,0,0
5/21/2002,0,0,0
5/22/2002,0,0,0
5/23/2002,0,0,0
5/24/2002,0.3,6.4,0.4
5/25/2002,18.3,11.2,9.3
5/26/2002,17,10.4,14.2
5/27/2002,4.2,3.6,4.4
5/28/2002,0.3,0,3.4
5/29/2002,5.2,3.4,1.5
5/30/2002,14.2,0,0
5/31/2002,3,6.4,4.6
6/1/2002,0,32.6,5.8
6/2/2002,3,0,1.6
6/3/2002,0,0,0.2
6/4/2002,0,5.8,7.2
6/5/2002,5.6,7.8,0.4
6/6/2002,0.3,0,0
6/7/2002,1.8,0,0
6/8/2002,0,4.2,0
6/9/2002,0,0,1.5
6/10/2002,6.3,11.6,6.2
6/11/2002,16.2,6.4,10.2
6/12/2002,0.4,0,6.6
6/13/2002,20,0,0
6/14/2002,0,0,0
6/15/2002,41.8,0,1.2
6/16/2002,3.2,7.2,1
6/17/2002,0,0,0
6/18/2002,6,0,1.4
6/19/2002,1.2,25.2,13.6
6/20/2002,3.8,23,3.8
6/21/2002,20.4,4,13.4
6/22/2002,3.7,3.8,0.2
6/23/2002,48.6,14.4,12
6/24/2002,14.4,4.6,12.4
6/25/2002,19.5,8.4,3.2
6/26/2002,6.2,5.4,0
6/27/2002,0,0,0
6/28/2002,0,36.4,1.2
6/29/2002,0,0,0
6/30/2002,5,10.8,5.6
7/1/2002,13.1,16.2,15.2
7/2/2002,62.4,28.8,24.6
7/3/2002,3.4,17,18.2
7/4/2002,5.5,10.4,0
7/5/2002,13.4,33.8,17.2
7/6/2002,2.7,6.4,3.6
7/7/2002,6,0,6.3
7/8/2002,0,0,0
7/9/2002,0,0,0
7/10/2002,7,5.4,1.6
7/11/2002,4.6,8.4,1.5
7/12/2002,19.5,31,9.1
7/13/2002,0,0,0
7/14/2002,3,19.2,7
7/15/2002,9.4,13.6,3.2
7/16/2002,0,0,0.4
7/17/2002,1,2.4,3.8
7/18/2002,47.2,11.8,19
7/19/2002,1.2,0,0
7/20/2002,22.2,28.4,18
7/21/2002,5.4,6,3.6
7/22/2002,39.4,50.6,42.6
7/23/2002,177,169.2,135.4
7/24/2002,18.1,60,25.2
7/25/2002,19,50.4,26
7/26/2002,0.2,0,2.2
7/27/2002,0,10.4,0.2
7/28/2002,50.1,34.4,43.5
7/29/2002,6.2,0,6
7/30/2002,0,0,0
7/31/2002,7.8,6.6,2.8
8/1/2002,31.4,0,0.6
8/2/2002,13.8,4.4,0
8/3/2002,32.6,16.6,19.4
8/4/2002,2.4,2,4
8/5/2002,7.3,0,6
8/6/2002,29.4,11.6,25.2
8/7/2002,23.4,4.8,16
8/8/2002,32.9,14.2,19.8
8/9/2002,8.6,0,13.5
8/10/2002,20,4.4,43.5
8/11/2002,28.2,29.6,18.8
8/12/2002,13.6,12.2,19.8
8/13/2002,39.1,22.4,46.4
8/14/2002,0,4,0.6
8/15/2002,5.2,8.2,6.6
8/16/2002,6.7,2.2,7
8/17/2002,42.4,13.2,18.4
8/18/2002,7.6,20,7.4
8/19/2002,0,0,0
8/20/2002,26,19.2,10
8/21/2002,33.2,17.8,10.2
8/22/2002,45.9,83,38.4
8/23/2002,2.2,5.4,16.6
8/24/2002,0.3,6.8,1.2
8/25/2002,0.5,4.4,7.2
8/26/2002,0.4,8.2,4.2
8/27/2002,0,2.2,0
8/28/2002,1.3,0,3.4
8/29/2002,17.4,12,16.2
8/30/2002,27.9,2,20
8/31/2002,0.2,4.2,0.2
9/1/2002,6,2.2,0.6
9/2/2002,0,0,0
9/3/2002,15.8,9.2,0
9/4/2002,2,28.4,6.8
9/5/2002,7.8,26.2,11
9/6/2002,0,6.4,0.4
9/7/2002,1,1.2,1.6
9/8/2002,0,0,0
9/9/2002,0,0,0
9/10/2002,18,16.2,14
9/11/2002,0.1,0,0
9/12/2002,0,0,0
9/13/2002,0,0,0
9/14/2002,0,0,0
9/15/2002,0,0,0
9/16/2002,0.6,0,0
9/17/2002,0.6,2.2,3.4
9/18/2002,10.2,6.2,7.6
9/19/2002,2.8,5.4,9.6
9/20/2002,0,0,0
9/21/2002,0,0,0
9/22/2002,28,28.4,18.6
9/23/2002,1.1,2,14.4
9/24/2002,4.6,32.2,9.6
9/25/2002,9.8,2.6,15.2
9/26/2002,29.2,30,24.7
9/27/2002,10.4,6.2,15.3
9/28/2002,0,0,0.4
9/29/2002,0,0,0
9/30/2002,0,0,0
10/1/2002,0,0,0
10/2/2002,0,0,0
10/3/2002,0,0,0
10/4/2002,0,0,0
10/5/2002,0,0,0
10/6/2002,0,0,0
10/7/2002,0,0,0
10/8/2002,1,0,9
10/9/2002,12.6,3,0.4
10/10/2002,1.4,1.4,0
10/11/2002,0,0,0
10/12/2002,0,0,0
10/13/2002,0,0,0
10/14/2002,0,0,0
10/15/2002,0,0,0
10/16/2002,0,4.2,0
10/17/2002,0,0,0
10/18/2002,0,0,1
10/19/2002,0,2.2,0
10/20/2002,0,0,0
10/21/2002,0,0,0
10/22/2002,0,0,0
10/23/2002,0,0,0
10/24/2002,0,0,0
10/25/2002,0,0,0
10/26/2002,0,0,0
10/27/2002,0,0,0
10/28/2002,0,0,0
10/29/2002,0,0,0
10/30/2002,0,0,0
10/31/2002,0,0,0
11/1/2002,0,0,0
11/2/2002,0,0,0
11/3/2002,0,0,0
11/4/2002,0,0,0
11/5/2002,0,0,0
11/6/2002,0,0,0
11/7/2002,0,0,0
11/8/2002,0,0,0
11/9/2002,0,0,0
11/10/2002,0,0,0
11/11/2002,0,0,0
11/12/2002,0,0,0
11/13/2002,26.4,22.2,3.8
11/14/2002,0.1,0,0.2
11/15/2002,0,0,0
11/16/2002,0,0,0
11/17/2002,0,0,0
11/18/2002,0,0,0
11/19/2002,0,0,0
11/20/2002,0,0,0
11/21/2002,0,0,0
11/22/2002,0,0,0
11/23/2002,0,0,0
11/24/2002,0,0,0
11/25/2002,0,0,0
11/26/2002,0,0,0
11/27/2002,0,0,0
11/28/2002,0,0,0
11/29/2002,0,0,0
11/30/2002,0,0,0
12/1/2002,0,0,0
12/2/2002,0,0,0
12/3/2002,0,0,0
12/4/2002,0,0,0
12/5/2002,0,0,0
12/6/2002,0,0,0
12/7/2002,0,0,0
12/8/2002,0,0,0
12/9/2002,0,0,0
12/10/2002,0,0,0
12/11/2002,0,0,0
12/12/2002,0,0,0
12/13/2002,0,0,0
12/14/2002,0,0,0
12/15/2002,0,0,0
12/16/2002,0,0,0
12/17/2002,0,0,0
12/18/2002,0,0,0
12/19/2002,0,0,0
12/20/2002,0,0,0
12/21/2002,0,0,0
12/22/2002,0,0,0
12/23/2002,0,0,0
12/24/2002,0,0,0
12/25/2002,0,0,0
12/26/2002,0,0,0
12/27/2002,0,0,0
12/28/2002,0,0,0
12/29/2002,0,0,0
12/30/2002,0,0,0
12/31/2002,0,0,0
1/1/2003,15,12.8,14
1/2/2003,0,0,0.2
1/3/2003,0,0,0
1/4/2003,0,0,0
1/5/2003,0,0,0
1/6/2003,0,0,0
1/7/2003,0,0,0
1/8/2003,0,0,0
1/9/2003,0,0,0
1/10/2003,0,0,0
1/11/2003,0,0,0
1/12/2003,0,0,0
1/13/2003,0,0,0
1/14/2003,0,0,0
1/15/2003,0,0,0
1/16/2003,0,0,0
1/17/2003,0,0,0
1/18/2003,0,0,0
1/19/2003,0,0,0
1/20/2003,0,0,0
1/21/2003,0,0,0
1/22/2003,0,0,0
1/23/2003,0,0,0
1/24/2003,0,0,0
1/25/2003,0,0,0
1/26/2003,0,0,0
1/27/2003,0,0,0
1/28/2003,0,0,0
1/29/2003,1.5,1.2,1.6
1/30/2003,3,8,4
1/31/2003,0,0,0
2/1/2003,20.7,29.4,21
2/2/2003,0.2,0,0.8
2/3/2003,0,0,0.2
2/4/2003,0,0,0
2/5/2003,0,0,0
2/6/2003,0,0,0
2/7/2003,0,0,0
2/8/2003,0,0,0
2/9/2003,0,0,0
2/10/2003,0,0,0
2/11/2003,0,0,0
2/12/2003,0,0,0
2/13/2003,0,0,0
2/14/2003,0,0,0
2/15/2003,0,0,0
2/16/2003,0,0,0
2/17/2003,0,0,0
2/18/2003,0,0,0
2/19/2003,19.6,13,21
2/20/2003,12.3,10,13.4
2/21/2003,0,0,0
2/22/2003,0,0,0
2/23/2003,0,0,0
2/24/2003,0,0,0
2/25/2003,0,0,0
2/26/2003,8.3,0,0
2/27/2003,7.3,10.6,6
2/28/2003,0,0,0
3/1/2003,0,0,0
3/2/2003,0,0,0
3/3/2003,0,0,0
3/4/2003,0,0,0
3/5/2003,0,0,0
3/6/2003,0,0,0
3/7/2003,0,0,0
3/8/2003,0,0,0
3/9/2003,0,0,0
3/10/2003,0,0,0
3/11/2003,0,0,0
3/12/2003,0,0,0
3/13/2003,3.5,12,3
3/14/2003,0,0,0
3/15/2003,0,1,0
3/16/2003,0,0,0
3/17/2003,1.6,10,5.6
3/18/2003,0,0,0
3/19/2003,0,1,0
3/20/2003,0,1.2,0
3/21/2003,0,0,0
3/22/2003,0,0,0
3/23/2003,0,0,0
3/24/2003,26,0,1
3/25/2003,16.4,20,12
3/26/2003,0,0,0
3/27/2003,34.8,36,28.2
3/28/2003,0.2,0,0.2
3/29/2003,0,0,0
3/30/2003,3.4,7,2.6
3/31/2003,0,0,0
4/1/2003,0,0,0
4/2/2003,5,0,0
4/3/2003,0,0,0
4/4/2003,0.4,4,0
4/5/2003,0,0,0.6
4/6/2003,0,0,0
4/7/2003,0,0,0
4/8/2003,0,0,0
4/9/2003,0,0,0
4/10/2003,0,0,0
4/11/2003,0,0,0
4/12/2003,0,0,1
4/13/2003,0,0,0
4/14/2003,0,0,0
4/15/2003,4.2,2.6,4.2
4/16/2003,0,0,0
4/17/2003,6.7,15.6,11.2
4/18/2003,0,0,0
4/19/2003,0,0,0
4/20/2003,2,0,3.6
4/21/2003,0,0,0
4/22/2003,0.2,0,8.2
4/23/2003,0,0,0
4/24/2003,0,0,0
4/25/2003,0,0,0
4/26/2003,0,0,9.6
4/27/2003,8,5.6,4
4/28/2003,8.4,6.2,9.4
4/29/2003,1.2,11.8,4.8
4/30/2003,1.9,15,3.6
5/1/2003,0,0,0
5/2/2003,8.4,30,12.5
5/3/2003,0,0,0
5/4/2003,6.5,7.6,7.2
5/5/2003,0,0,0
5/6/2003,0,0,0
5/7/2003,0,0,0
5/8/2003,0,0,0
5/9/2003,0,0,0
5/10/2003,2.6,19.6,10.8
5/11/2003,0,0,0
5/12/2003,0,7,0
5/13/2003,0,0,0
5/14/2003,0,0,0
5/15/2003,0,0,6.8
5/16/2003,5,6.2,4.3
5/17/2003,0.8,0,2.4
5/18/2003,0,0,0
5/19/2003,5.5,12.4,6
5/20/2003,0,0,0
5/21/2003,0.8,6.4,3
5/22/2003,0,10.2,0
5/23/2003,2.4,1.2,4
5/24/2003,3.1,2.4,1.8
5/25/2003,1.2,6,1.2
5/26/2003,1.4,0,0
5/27/2003,0,0,0
5/28/2003,0,0,0
5/29/2003,0,0,0
5/30/2003,0,0,0
5/31/2003,0,0,0
6/1/2003,0,0,15.4
6/2/2003,0,0,1.6
6/3/2003,1.3,0,18.6
6/4/2003,30.2,6,31.4
6/5/2003,7.6,6.8,6.8
6/6/2003,4.1,9,6.4
6/7/2003,4.8,17.6,25.4
6/8/2003,0.6,4.6,8.4
6/9/2003,0,14.8,0
6/10/2003,1.5,2.6,1.2
6/11/2003,24.5,16.4,0
6/12/2003,0.4,0,0.8
6/13/2003,0,0,0
6/14/2003,0,0,0
6/15/2003,11.4,16,10
6/16/2003,0,4.2,0.4
6/17/2003,0.3,0,1.4
6/18/2003,0,0,0
6/19/2003,7.2,0,0
6/20/2003,16.5,0,1
6/21/2003,17.5,0,0
6/22/2003,18.1,0,3
6/23/2003,4.4,0,2.5
6/24/2003,16.8,14,8.8
6/25/2003,5.3,6.2,12.6
6/26/2003,3,0,0
6/27/2003,9.8,5,11.8
6/28/2003,0,0,0
6/29/2003,25,43.2,12.6
6/30/2003,12,17,16.4
7/1/2003,37.8,41,44.7
7/2/2003,4.6,6,9.4
7/3/2003,61.7,56.4,8
7/4/2003,15.2,11.4,6.2
7/5/2003,9.8,24,18
7/6/2003,2.1,16,10.6
7/7/2003,0.2,0,0
7/8/2003,30,30.2,24.3
7/9/2003,39.4,36,49.5
7/10/2003,11.9,12.2,5.2
7/11/2003,0,5.8,0.2
7/12/2003,3.2,0,0
7/13/2003,0.6,20.2,0
7/14/2003,68.2,34,30.2
7/15/2003,32.4,17.6,19
7/16/2003,0,1.6,0.2
7/17/2003,63,36.8,35.4
7/18/2003,23.4,6.8,2
7/19/2003,25.8,7.2,1.5
7/20/2003,18.8,12.2,12.4
7/21/2003,0.8,0,1
7/22/2003,1.6,15.2,4.8
7/23/2003,0.2,16.8,3
7/24/2003,9.8,35.2,19.8
7/25/2003,0,0,0
7/26/2003,6.4,27.2,11
7/27/2003,8.6,2.2,6
7/28/2003,0,0,0
7/29/2003,6,8.6,2
7/30/2003,10,19.2,11.8
7/31/2003,100,72,62.4
8/1/2003,1,27.8,2
8/2/2003,1.2,13.4,5.2
8/3/2003,10.6,15.6,25.6
8/4/2003,0,0,0.4
8/5/2003,1.6,0,0
8/6/2003,14.9,10,4
8/7/2003,0,0,0
8/8/2003,75.7,45.2,31.6
8/9/2003,0,0,0
8/10/2003,1.8,1.6,2.4
8/11/2003,39.8,70.2,8.4
8/12/2003,4,85.2,17.5
8/13/2003,4.6,12,22
8/14/2003,0,1,0
8/15/2003,0,0,0
8/16/2003,0,0,4.2
8/17/2003,21.6,0,0
8/18/2003,55.2,64,35
8/19/2003,35.8,98,56.4
8/20/2003,8.4,11,14.8
8/21/2003,8,8,11.2
8/22/2003,0.8,0,0
8/23/2003,6.2,14,16
8/24/2003,0,8,0
8/25/2003,1,26,0
8/26/2003,11.6,45,2.8
8/27/2003,6,1,2.4
8/28/2003,0.5,24.2,0.6
8/29/2003,14.9,0,0
8/30/2003,1,69,33.7
8/31/2003,20.8,5,7.2
9/1/2003,16,5,9.8
9/2/2003,29,39.8,23.4
9/3/2003,0.2,1.8,0.4
9/4/2003,0.3,1.2,2.4
9/5/2003,32.5,48,51.5
9/6/2003,4.3,1.4,0
9/7/2003,9.5,5.2,0.6
9/8/2003,0.8,1,0.4
9/9/2003,1.6,0,0.4
9/10/2003,0,3.2,0.4
9/11/2003,0,1.2,0
9/12/2003,2.2,0,15.4
9/13/2003,0.6,0,6.4
9/14/2003,23.3,70.6,21
9/15/2003,2.8,3.2,0.2
9/16/2003,26.1,9.2,0
9/17/2003,0.5,1.4,0
9/18/2003,22.5,5.4,4.4
9/19/2003,0,0,0
9/20/2003,0,0,25.2
9/21/2003,49.4,38.2,3.2
9/22/2003,3.6,3.2,33.5
9/23/2003,33.6,6.4,24.8
9/24/2003,24.2,31.4,6
9/25/2003,4.3,8,1.4
9/26/2003,0.2,0,0
9/27/2003,0,0,0
9/28/2003,0,0,0
9/29/2003,0,0,0
9/30/2003,5.9,5.2,6.8
10/1/2003,9.8,17,20.5
10/2/2003,0,0,0
10/3/2003,0,0,0
10/4/2003,0,0,0
10/5/2003,0,0,0
10/6/2003,0,0,0
10/7/2003,0,0,0
10/8/2003,0,0,0
10/9/2003,7.6,4.8,6.6
10/10/2003,0.3,1.6,0.4
10/11/2003,0,0,0
10/12/2003,0,0,0
10/13/2003,0,0,0
10/14/2003,0,0,0
10/15/2003,0,0,0
10/16/2003,0,0,0
10/17/2003,0,0,0
10/18/2003,0,0,0
10/19/2003,0,0,0
10/20/2003,0,0,0
10/21/2003,0,0,0
10/22/2003,0,0,0
10/23/2003,0,0,0
10/24/2003,0,0,0
10/25/2003,0,1.2,0
10/26/2003,0,0,0
10/27/2003,0,0,0
10/28/2003,0,0,0
10/29/2003,0,0,0
10/30/2003,0,0,0
10/31/2003,0,0,0
11/1/2003,0,0,0
11/2/2003,0,0,0
11/3/2003,0,0,0
11/4/2003,0,0,0
11/5/2003,0,0,0
11/6/2003,0,0,0
11/7/2003,0,0,0
11/8/2003,0,0,0
11/9/2003,0,0,0
11/10/2003,0,0,0
11/11/2003,0,0,0
11/12/2003,0,0,0
11/13/2003,0,0,0
11/14/2003,0,0,0
11/15/2003,0,0,0
11/16/2003,0,0,0
11/17/2003,0,0,0
11/18/2003,0,0,0
11/19/2003,0,0,0
11/20/2003,0,0,0
11/21/2003,0,0,0
11/22/2003,0,0,0
11/23/2003,0,0,0
11/24/2003,0,0,0
11/25/2003,0,0,0
11/26/2003,0,0,0
11/27/2003,0,0,0
11/28/2003,0,0,0
11/29/2003,0,0,0
11/30/2003,0,0,0
12/1/2003,0,0,0
12/2/2003,0,0,0
12/3/2003,0,0,0
12/4/2003,0,0,0
12/5/2003,0,0,0
12/6/2003,0,0,0
12/7/2003,0,0,0
12/8/2003,0,0,0
12/9/2003,0,0,0
12/10/2003,0,0,0
12/11/2003,0,0,0
12/12/2003,0,0,0
12/13/2003,0,0,0
12/14/2003,0,0,0
12/15/2003,0,0,0
12/16/2003,0,0,0
12/17/2003,0,0,0
12/18/2003,0,0,0
12/19/2003,0,0,0
12/20/2003,0,0,0
12/21/2003,0,0,0
12/22/2003,0,0,0
12/23/2003,0,0,0
12/24/2003,0,0,0
12/25/2003,0,0,0
12/26/2003,0,0,0
12/27/2003,0,0,0
12/28/2003,7.8,11.4,5
12/29/2003,10.8,21.2,16.8
12/30/2003,0,0,0
12/31/2003,0,0,0
1/1/2004,0,0,0
1/2/2004,0,0,0
1/3/2004,0,0,0
1/4/2004,0,0,0
1/5/2004,0,0,0
1/6/2004,0,0,0
1/7/2004,0,0,0
1/8/2004,0,0,0
1/9/2004,0,0,0
1/10/2004,0,0,0
1/11/2004,0,0,0
1/12/2004,0,0,0
1/13/2004,0,0,0
1/14/2004,0,0,0
1/15/2004,0,0,0
1/16/2004,0,0,0
1/17/2004,0,0,0
1/18/2004,0,0,0
1/19/2004,0,0,0
1/20/2004,0,0,0
1/21/2004,0,6.6,0
1/22/2004,6.4,4.4,4.4
1/23/2004,5,0,5.4
1/24/2004,6.4,10.8,5.6
1/25/2004,9.1,6.4,8.3
1/26/2004,0,0,0
1/27/2004,0,0,0
1/28/2004,0,0,0
1/29/2004,0,0,0
1/30/2004,0,0,0
1/31/2004,0,0,0
2/1/2004,0,0,0
2/2/2004,0,0,0
2/3/2004,0,0,0
2/4/2004,0,0,0
2/5/2004,0,0,0
2/6/2004,0,0,0
2/7/2004,0,0,0
2/8/2004,0,0,0
2/9/2004,0,0,0
2/10/2004,0,0,0
2/11/2004,0,0,0
2/12/2004,0,0,0
2/13/2004,0,0,0
2/14/2004,0,0,0
2/15/2004,0,0,0
2/16/2004,0,0,1.8
2/17/2004,0,0,0
2/18/2004,0,0,0
2/19/2004,0,0,0
2/20/2004,0,0,0
2/21/2004,0,0,0
2/22/2004,0,0,0
2/23/2004,0,0,0
2/24/2004,0,0,0
2/25/2004,0,0,0
2/26/2004,0,0,0
2/27/2004,0,0,0
2/28/2004,0,0,0
2/29/2004,0,0,0
3/1/2004,0,0,0
3/2/2004,0,0,0
3/3/2004,0,0,0
3/4/2004,0,0,0
3/5/2004,0,0,0
3/6/2004,0,0,0
3/7/2004,0,0,0
3/8/2004,0,0,
3/9/2004,0,0,
3/10/2004,0,0,
3/11/2004,2.7,0,
3/12/2004,0,0,
3/13/2004,0.4,0,
3/14/2004,0,0,
3/15/2004,0,0,
3/16/2004,29.2,6.2,
3/17/2004,0,0,
3/18/2004,0,0,
3/19/2004,0,0,0
3/20/2004,0,0,0
3/21/2004,0,0,0
3/22/2004,0,0,0
3/23/2004,0,0,0
3/24/2004,0,0,0
3/25/2004,0,0,0
3/26/2004,0,0,0
3/27/2004,0,0,0
3/28/2004,0,0,0
3/29/2004,0,0,0
3/30/2004,0,0,0
3/31/2004,0,0,0
4/1/2004,0,0,0
4/2/2004,0,0,0
4/3/2004,26.5,0,3.2
4/4/2004,0,0,0.2
4/5/2004,0,0,0
4/6/2004,0,0,0
4/7/2004,0,0,0
4/8/2004,0,1.4,0
4/9/2004,0.2,0,8
4/10/2004,2.4,2.4,4
4/11/2004,0,0,0
4/12/2004,0,0,0
4/13/2004,0.3,0,0
4/14/2004,0.2,0,0
4/15/2004,0,0,0
4/16/2004,7.2,4.4,1
4/17/2004,0,0,0
4/18/2004,13.5,2.6,5
4/19/2004,72.4,0,5.7
4/20/2004,0,0,0
4/21/2004,0,0,0
4/22/2004,0,0,0
4/23/2004,10.4,4.2,7.2
4/24/2004,0.4,0,0
4/25/2004,1,5.4,2.2
4/26/2004,0,0,0
4/27/2004,0.4,0,0
4/28/2004,10.6,0,8
4/29/2004,18.6,38.2,25.4
4/30/2004,0,0,0
5/1/2004,8.6,7.4,13
5/2/2004,6.1,0,6.2
5/3/2004,0,0,0
5/4/2004,0,0,0
5/5/2004,0,0,0
5/6/2004,0,0,0
5/7/2004,0,0,0
5/8/2004,0,0,0
5/9/2004,0,0,0
5/10/2004,0,0,0
5/11/2004,0,0,0
5/12/2004,0,0,0
5/13/2004,0,0,0
5/14/2004,0,0,0
5/15/2004,0,0,0
5/16/2004,0,0,0
5/17/2004,21.8,19,37
5/18/2004,9.5,16.6,47
5/19/2004,16.3,9.6,0.2
5/20/2004,47.3,57.6,55
5/21/2004,18.2,25.6,27
5/22/2004,1.4,3,1.4
5/23/2004,0.7,0,3.6
5/24/2004,17.6,1.2,2.2
5/25/2004,0.2,6.6,0.3
5/26/2004,18.3,2.6,2
5/27/2004,1.6,4.4,2.6
5/28/2004,0.5,1.6,0.4
5/29/2004,0,2.4,0.5
5/30/2004,0.3,6,4.5
5/31/2004,0.4,0,0.2
6/1/2004,23.8,20.4,5.4
6/2/2004,1.2,2.4,0.4
6/3/2004,5.4,8,4.2
6/4/2004,0,2.4,0
6/5/2004,1.9,4.2,3
6/6/2004,13,8,24
6/7/2004,0.9,19,1.4
6/8/2004,18.3,0,1.3
6/9/2004,3.8,7.8,4.4
6/10/2004,0,0,0
6/11/2004,14,3.4,15
6/12/2004,19.2,6.2,1.6
6/13/2004,0,1.6,0
6/14/2004,10,0,1.2
6/15/2004,0,0,0
6/16/2004,4.7,15.8,7.8
6/17/2004,3,5.6,6.8
6/18/2004,22.4,22,24.3
6/19/2004,4.2,8.2,2.2
6/20/2004,2.9,4.8,4
6/21/2004,3.5,0,0.7
6/22/2004,28.7,17.4,7
6/23/2004,0,0,0
6/24/2004,0.9,4.8,0
6/25/2004,1.2,4,0
6/26/2004,0,0,0
6/27/2004,0,0,0
6/28/2004,0,0,0.4
6/29/2004,0,0,0
6/30/2004,0,2.4,0
7/1/2004,0.9,0,1.4
7/2/2004,0,0,0
7/3/2004,1.8,0,3.8
7/4/2004,1.2,10.2,0.2
7/5/2004,3.3,20.8,0.2
7/6/2004,1.2,1.6,3.4
7/7/2004,1.9,2.4,2.4
7/8/2004,4.8,11.2,17.8
7/9/2004,74.6,20.2,99
7/10/2004,27.4,51.6,29
7/11/2004,38.7,56.4,36.4
7/12/2004,6.6,42.2,7.8
7/13/2004,11,8,9.2
7/14/2004,0,16,0.4
7/15/2004,0.1,0,0.6
7/16/2004,36.2,35,3.6
7/17/2004,0.9,20,6
7/18/2004,73.5,0,23.8
7/19/2004,0.1,24,5.6
7/20/2004,20.2,3.2,16
7/21/2004,2.3,21.8,0
7/22/2004,8.7,2.6,1.6
7/23/2004,4,6.2,9
7/24/2004,2.5,0,10
7/25/2004,54.5,5,15.6
7/26/2004,1.8,20.2,0.8
7/27/2004,41.7,6,14.6
7/28/2004,19.1,33,36
7/29/2004,17.2,15.4,21
7/30/2004,3.3,39.2,16.6
7/31/2004,0,2.2,0
8/1/2004,0.4,13,6.4
8/2/2004,0,3.4,2
8/3/2004,2.4,4.6,1.4
8/4/2004,30.8,9.4,9.4
8/5/2004,3.4,11.6,1.2
8/6/2004,0,1.4,0
8/7/2004,3.6,1.2,0
8/8/2004,3.8,32.8,19
8/9/2004,10.2,2.6,0
8/10/2004,4.4,4.8,10.4
8/11/2004,0,5.2,18.8
8/12/2004,0,0,0
8/13/2004,52.1,3.2,4.4
8/14/2004,4,2.4,1
8/15/2004,0,6.8,0
8/16/2004,21.8,47.8,14.2
8/17/2004,1.5,27.2,3
8/18/2004,3.8,5.2,2.4
8/19/2004,2.1,0,6.4
8/20/2004,6.2,3.2,3
8/21/2004,1.4,7.6,4.4
8/22/2004,0,2,0
8/23/2004,0.2,22.2,0
8/24/2004,8.2,10.4,0
8/25/2004,9.4,6.2,0.8
8/26/2004,32.6,20,2.6
8/27/2004,0,0,0
8/28/2004,0,0,0.6
8/29/2004,5.6,0,4.8
8/30/2004,0.5,2,0
8/31/2004,11,8,6.7
9/1/2004,45.6,4.8,12
9/2/2004,0.2,5.4,0.8
9/3/2004,0,2.6,2
9/4/2004,3,38,8.8
9/5/2004,0,1.2,0.4
9/6/2004,8,0,0
9/7/2004,11.2,3.6,3.2
9/8/2004,9,4.6,5.2
9/9/2004,0,10.2,0.2
9/10/2004,3.6,7.2,5
9/11/2004,0,8.6,0.6
9/12/2004,9.6,29,5.8
9/13/2004,7.4,15,3.6
9/14/2004,23.6,16,19.4
9/15/2004,4.2,0,3.4
9/16/2004,9.8,0,0
9/17/2004,15.3,0,11
9/18/2004,34.7,5.6,7.4
9/19/2004,1.3,0,0.4
9/20/2004,8,0,7.6
9/21/2004,1,8.8,3.4
9/22/2004,0,0,3.8
9/23/2004,0,0,0.6
9/24/2004,0,0,0
9/25/2004,0,0,0
9/26/2004,0,0,0
9/27/2004,0,0,0
9/28/2004,0,0,0
9/29/2004,3.6,85,3.4
9/30/2004,0,0,0
10/1/2004,6.4,15.6,0
10/2/2004,6.4,1.4,20
10/3/2004,13.5,16,8.6
10/4/2004,13.3,5.8,0
10/5/2004,0.5,0,0
10/6/2004,0,8.6,0
10/7/2004,62.1,30.6,2.8
10/8/2004,1.1,19.4,0.6
10/9/2004,0,0,0
10/10/2004,0,0,0
10/11/2004,0,0,0
10/12/2004,0,0,0
10/13/2004,12.3,15,28.2
10/14/2004,0,2.2,0
10/15/2004,0.3,0,0
10/16/2004,2,0,0
10/17/2004,0,0,0
10/18/2004,0,0,0
10/19/2004,0,0,0
10/20/2004,0,0,0
10/21/2004,0,0,0
10/22/2004,0,0,0
10/23/2004,0,0,0
10/24/2004,0,0,0
10/25/2004,1.4,0,0
10/26/2004,1.2,0,0
10/27/2004,0,0,0
10/28/2004,0,0,0
10/29/2004,0,0,0
10/30/2004,0,0,0
10/31/2004,0,0,0
11/1/2004,0,0,0
11/2/2004,0,0,0
11/3/2004,0,0,0
11/4/2004,0,0,0
11/5/2004,0,0,0
11/6/2004,0,0,0
11/7/2004,0,0,0
11/8/2004,0,0,0
11/9/2004,0,0,0
11/10/2004,0,0,0
11/11/2004,0,0,0
11/12/2004,0,0,0
11/13/2004,0,0,0
11/14/2004,0,0,0
11/15/2004,0,0,0
11/16/2004,0,0,0
11/17/2004,0,0,0
11/18/2004,0,0,0
11/19/2004,0,0,0
11/20/2004,0,0,0
11/21/2004,0,0,0
11/22/2004,0,0,0
11/23/2004,0,0,0
11/24/2004,36,16.2,8.5
11/25/2004,0,0,0
11/26/2004,0,0,0
11/27/2004,0,0,0
11/28/2004,0,0,0
11/29/2004,0,0,0
11/30/2004,0,0,0
12/1/2004,0,0,0
12/2/2004,0,0,0
12/3/2004,0,0,0
12/4/2004,0,0,0
12/5/2004,0,0,0
12/6/2004,0,0,0
12/7/2004,0,0,0
12/8/2004,0,0,0
12/9/2004,0,0,0
12/10/2004,0,0,0
12/11/2004,0,0,0
12/12/2004,0,0,0
12/13/2004,0,0,0
12/14/2004,0,0,0
12/15/2004,0,0,0
12/16/2004,0,0,0
12/17/2004,0,0,0
12/18/2004,0,0,0
12/19/2004,0,0,0
12/20/2004,0,0,0
12/21/2004,0,0,0
12/22/2004,0,0,0
12/23/2004,0,0,0
12/24/2004,0,0,0
12/25/2004,0,0,0
12/26/2004,0,0,0
12/27/2004,0,0,0
12/28/2004,0,0,0
12/29/2004,0,0,0
12/30/2004,0,0,0
12/31/2004,0,0,0
1/1/2005,0,0,0
1/2/2005,0,0,0
1/3/2005,0,0,0
1/4/2005,0,0,0
1/5/2005,0,0,0
1/6/2005,0,0,0
1/7/2005,0,0,0
1/8/2005,0,0,0
1/9/2005,0,0,0
1/10/2005,0,0,0
1/11/2005,0,0,0
1/12/2005,0,0,0
1/13/2005,0,0,0
1/14/2005,0,0,0
1/15/2005,0,0,0
1/16/2005,0,0,0
1/17/2005,0,0,0.2
1/18/2005,21.7,22,2
1/19/2005,0,23.4,26.6
1/20/2005,0,0,0.4
1/21/2005,0,0,0
1/22/2005,4.9,3.2,4.2
1/23/2005,8.7,0,9
1/24/2005,19.8,0,15.5
1/25/2005,0,0,0
1/26/2005,0,0,0
1/27/2005,0,0,0
1/28/2005,0,0,0
1/29/2005,0,0,0
1/30/2005,0,0,0
1/31/2005,0,0,0
2/1/2005,1.6,0,1.4
2/2/2005,0,0,0
2/3/2005,0,0,0
2/4/2005,0,0,0
2/5/2005,0,0,0
2/6/2005,0,0,0
2/7/2005,0,0,0
2/8/2005,0,0,0
2/9/2005,0,0,0
2/10/2005,0,0,0
2/11/2005,0,0,0
2/12/2005,0,0,0
2/13/2005,0,0,0
2/14/2005,0,0,0
2/15/2005,0,0,0
2/16/2005,1.9,1.2,1.6
2/17/2005,0,0,0
2/18/2005,1.5,1.4,0.6
2/19/2005,0,0,0
2/20/2005,0,0,0
2/21/2005,0,0,0
2/22/2005,0,0,0
2/23/2005,12,7.2,8.2
2/24/2005,0,0,0
2/25/2005,0,0,0
2/26/2005,0,0,0
2/27/2005,0,0,0
2/28/2005,0,0,0
3/1/2005,0,0,0
3/2/2005,0,0,0
3/3/2005,0,0,0
3/4/2005,0,0,0.6
3/5/2005,0,0,0
3/6/2005,0,0,0
3/7/2005,0,0,0
3/8/2005,0,0,0
3/9/2005,0,0,0
3/10/2005,0,0,0
3/11/2005,0,0,0
3/12/2005,10.2,5,11.4
3/13/2005,3,0,0
3/14/2005,0,0,0
3/15/2005,0,0,0
3/16/2005,0,0,0
3/17/2005,0.8,1,0.2
3/18/2005,0,0,0
3/19/2005,22.5,35.6,26.5
3/20/2005,0.2,0,0
3/21/2005,0.3,2.4,0
3/22/2005,4.7,0,4.4
3/23/2005,3,3,3.8
3/24/2005,0,2.1,0
3/25/2005,3.2,0,3.2
3/26/2005,0,0,0
3/27/2005,0,0,0
3/28/2005,0,0,0
3/29/2005,2.2,3.1,0.2
3/30/2005,0,0,0
3/31/2005,0,0,0
4/1/2005,0,0,0
4/2/2005,0,0,0
4/3/2005,0,0,0
4/4/2005,0.5,2,0
4/5/2005,0,0,0
4/6/2005,0,0,0
4/7/2005,0,1.8,0
4/8/2005,0,0,0
4/9/2005,0.2,1.2,0.4
4/10/2005,1.6,1,2.8
4/11/2005,0,0,0
4/12/2005,0,0,0
4/13/2005,0,0,0
4/14/2005,0,0,0
4/15/2005,0,0,0
4/16/2005,0,0,0
4/17/2005,0,0,0
4/18/2005,0,0,0
4/19/2005,0,0,0
4/20/2005,0,0,0
4/21/2005,0,0,0
4/22/2005,0,0,0
4/23/2005,0.7,0,2.2
4/24/2005,6.3,45.2,6.8
4/25/2005,0.2,15,3.4
4/26/2005,0,0,0
4/27/2005,9.9,0,2.6
4/28/2005,0,0,0
4/29/2005,0,0,2.5
4/30/2005,15.4,19.2,11.8
5/1/2005,2.6,10.4,3.4
5/2/2005,0,4.2,0.6
5/3/2005,0.5,0,4.5
5/4/2005,0,0,0
5/5/2005,8.8,3,12
5/6/2005,8.3,18.2,14.6
5/7/2005,1.2,22.6,2.8
5/8/2005,0.7,0,1.8
5/9/2005,5.7,1.9,1.6
5/10/2005,0,0,0
5/11/2005,0,2.2,0
5/12/2005,0,0,0
5/13/2005,0,0,0
5/14/2005,0.7,3.2,4.4
5/15/2005,4,0,3.2
5/16/2005,0,1.2,0
5/17/2005,1.5,3,5.4
5/18/2005,0.7,9,8.2
5/19/2005,0,0,0
5/20/2005,4.9,2.4,7.4
5/21/2005,0,0,0
5/22/2005,0,0,0
5/23/2005,0,0,0
5/24/2005,0,0,0
5/25/2005,0,0,0
5/26/2005,0,0,0
5/27/2005,0,0,0
5/28/2005,1,15.2,12
5/29/2005,0,0,0
5/30/2005,0,0,0
5/31/2005,0,0,0
6/1/2005,0,0,0
6/2/2005,0,0,0
6/3/2005,0,0,0
6/4/2005,0.2,6,1.6
6/5/2005,6.5,0,1
6/6/2005,15.4,0,6.2
6/7/2005,4.8,70.1,9.6
6/8/2005,21,0,28.4
6/9/2005,0,0,0
6/10/2005,0,0,0
6/11/2005,2.2,0,0
6/12/2005,0,0,0
6/13/2005,0,1,0
6/14/2005,0,0,0
6/15/2005,23.3,0,0
6/16/2005,0,0,0
6/17/2005,0,0,0
6/18/2005,0,0,0
6/19/2005,0.2,1,0
6/20/2005,1.7,11.6,2.8
6/21/2005,10,16.2,3.2
6/22/2005,37.3,34.4,48.4
6/23/2005,7.5,0,23.2
6/24/2005,44.2,0,3
6/25/2005,1.3,0,0
6/26/2005,11.8,0,1.8
6/27/2005,6,0,2.4
6/28/2005,0,0,1.2
6/29/2005,7.1,0,2.4
6/30/2005,22.4,2.8,2
7/1/2005,0,0,2
7/2/2005,0.2,0,3.6
7/3/2005,4,0,6.6
7/4/2005,0.3,20.6,12
7/5/2005,1.2,9.4,5.3
7/6/2005,0,0,0
7/7/2005,7.2,4.4,0
7/8/2005,51.5,33.2,12.5
7/9/2005,0.2,0,0
7/10/2005,36,28.2,21
7/11/2005,7.2,20,1.8
7/12/2005,22.5,4.2,7.8
7/13/2005,9.4,0,10.8
7/14/2005,13.7,18,15.4
7/15/2005,23.5,4,15.2
7/16/2005,0,7,0.2
7/17/2005,13.8,6,11
7/18/2005,32,7.8,10
7/19/2005,2.4,1,1.4
7/20/2005,0,0,3.4
7/21/2005,4.7,5.6,15.2
7/22/2005,0.5,1.4,1
7/23/2005,0,1.8,0.2
7/24/2005,0.6,0,2.4
7/25/2005,4.8,32,3.4
7/26/2005,1.3,0,0
7/27/2005,5,7.4,0.6
7/28/2005,0.2,5,0
7/29/2005,1,39.4,6.2
7/30/2005,10.3,42.2,0.2
7/31/2005,0,1,0.4
8/1/2005,0.8,0,1
8/2/2005,0,0,0.4
8/3/2005,1.9,0,0
8/4/2005,6.7,7.2,9
8/5/2005,1.6,7.8,2.5
8/6/2005,39.3,13.6,0
8/7/2005,68.1,90.6,75.4
8/8/2005,1.3,0,2.4
8/9/2005,23.5,0,0
8/10/2005,10,0,0
8/11/2005,6.9,1,1.4
8/12/2005,12.1,14,10.2
8/13/2005,1.2,0,0.4
8/14/2005,0,0,0
8/15/2005,8.9,53.2,10.2
8/16/2005,2.2,6.2,0
8/17/2005,0.7,10.2,0
8/18/2005,1.8,2,0
8/19/2005,7.6,0,2.6
8/20/2005,18.2,54,29.2
8/21/2005,12.7,1,0
8/22/2005,24.3,7.2,10
8/23/2005,1.4,10,8
8/24/2005,0.8,10.6,4.6
8/25/2005,10.1,32.2,10.2
8/26/2005,16,8.6,9
8/27/2005,28.8,6.2,20.6
8/28/2005,2.1,0,0
8/29/2005,0,0,0
8/30/2005,0,4.8,0
8/31/2005,0.3,4.2,0
9/1/2005,0,3.8,0
9/2/2005,0,29.2,0
9/3/2005,3.5,0,10.8
9/4/2005,4,0,0
9/5/2005,2.1,0,22.5
9/6/2005,17,0,18.2
9/7/2005,0,0,0
9/8/2005,0,0,0
9/9/2005,19,0,10.4
9/10/2005,24.5,29.8,5.8
9/11/2005,12.8,5.2,6.4
9/12/2005,5.3,5.4,0
9/13/2005,1.9,0,0
9/14/2005,0.2,2,0
9/15/2005,0,1.8,0
9/16/2005,0,0,0
9/17/2005,0,0,0
9/18/2005,0,0,0
9/19/2005,1,0,0
9/20/2005,0,0,0
9/21/2005,26.5,13.8,7.4
9/22/2005,0.5,1.8,0
9/23/2005,8,2.6,0
9/24/2005,0,0,0
9/25/2005,0,0,0
9/26/2005,0,0,0.2
9/27/2005,0,0,0
9/28/2005,0.2,0,0
9/29/2005,0,0,0
9/30/2005,0,0,0
10/1/2005,0,0,0
10/2/2005,0,0,0.2
10/3/2005,0,0,0
10/4/2005,0,0,0
10/5/2005,0,0,0
10/6/2005,0,0,0
10/7/2005,0,0,0
10/8/2005,1.5,10,15.2
10/9/2005,13.3,0,0
10/10/2005,22,0,19
10/11/2005,0,0,0
10/12/2005,0,0,0
10/13/2005,0,0,0
10/14/2005,0,0,0
10/15/2005,0,0,0
10/16/2005,0,0,0
10/17/2005,0,0,0
10/18/2005,0,0,0
10/19/2005,0,0,0
10/20/2005,12,37.2,10
10/21/2005,46.8,59.6,40.8
10/22/2005,28.5,21.4,24.6
10/23/2005,2,0,0.5
10/24/2005,0,0,0
10/25/2005,0,0,0
10/26/2005,0,0,0
10/27/2005,0,0,0
10/28/2005,0,0,0
10/29/2005,0,0,0
10/30/2005,0,0,0
10/31/2005,0,0,0
11/1/2005,0,0,0
11/2/2005,0,0,0
11/3/2005,0,0,0
11/4/2005,0,0,0
11/5/2005,0,0,0
11/6/2005,0,0,0
11/7/2005,0,0,0
11/8/2005,0,0,0
11/9/2005,0,0,0
11/10/2005,0,0,0
11/11/2005,0,0,0
11/12/2005,0,0,0
11/13/2005,0,0,0
11/14/2005,0,0,0
11/15/2005,0,0,0
11/16/2005,0,0,0
11/17/2005,0,0,0
11/18/2005,0,0,0
11/19/2005,0,0,0
11/20/2005,0,0,0
11/21/2005,0,0,0
11/22/2005,0,0,0
11/23/2005,0,0,0
11/24/2005,0,0,0
11/25/2005,0,0,0
11/26/2005,0,0,0
11/27/2005,0,0,0
11/28/2005,0,0,0
11/29/2005,0,0,0
11/30/2005,0,0,0
12/1/2005,0,0,0
12/2/2005,0,0,0
12/3/2005,0,0,0
12/4/2005,0,0,0
12/5/2005,0,0,0
12/6/2005,0,0,0
12/7/2005,0,0,0
12/8/2005,0,0,0
12/9/2005,0,0,0
12/10/2005,0,0,0
12/11/2005,0,0,0
12/12/2005,0,0,0
12/13/2005,0,0,0
12/14/2005,0,0,0
12/15/2005,0,0,0
12/16/2005,0,0,0
12/17/2005,0,0,0
12/18/2005,0,0,0
12/19/2005,0,0,0
12/20/2005,0,0,0
12/21/2005,0,0,0
12/22/2005,0,0,0
12/23/2005,0,0,0
12/24/2005,0,0,0
12/25/2005,0,0,0
12/26/2005,0,0,0
12/27/2005,0,0,0
12/28/2005,0,0,0
12/29/2005,0,0,0
12/30/2005,0,0,0
12/31/2005,0,0,0
1/1/2006,0,0,0
1/2/2006,0,0,0
1/3/2006,0,0,0
1/4/2006,0,0,0
1/5/2006,0,0,0
1/6/2006,0,0,0
1/7/2006,0,0,0
1/8/2006,0,0,0
1/9/2006,0,0,0
1/10/2006,0,0,0
1/11/2006,0,0,0
1/12/2006,0,0,0
1/13/2006,0,0,0
1/14/2006,0,0,0
1/15/2006,0,0,0
1/16/2006,0,0,0
1/17/2006,0,0,0
1/18/2006,0,0,0
1/19/2006,0,0,0
1/20/2006,0,0,0
1/21/2006,0,0,0
1/22/2006,0,0,0
1/23/2006,0,0,0
1/24/2006,0,0,0
1/25/2006,0,0,0
1/26/2006,0,0,0
1/27/2006,0,0,0
1/28/2006,0,0,0
1/29/2006,0,0,0
1/30/2006,0,0,0
1/31/2006,0,0,0
2/1/2006,0,0,0
2/2/2006,0,0,0
2/3/2006,0,0,0
2/4/2006,0,0,0
2/5/2006,0,0,0
2/6/2006,0,0,0
2/7/2006,0,0,0
2/8/2006,0,0,0
2/9/2006,0,0,0
2/10/2006,0,0,0
2/11/2006,0,0,0
2/12/2006,0,0,0
2/13/2006,0,0,0
2/14/2006,0,0,0
2/15/2006,0,0,0
2/16/2006,0,0,0
2/17/2006,0,0,0
2/18/2006,0,0,0
2/19/2006,0,0,0
2/20/2006,0,0,0
2/21/2006,0,0,0
2/22/2006,0,0,0
2/23/2006,0,0,0
2/24/2006,0,0,0
2/25/2006,0,0,0
2/26/2006,0,0,0
2/27/2006,0,0,0
2/28/2006,0,0,0
3/1/2006,0,0,0
3/2/2006,0,0,0
3/3/2006,0,0,0
3/4/2006,0,0,0
3/5/2006,0,0,0
3/6/2006,0,0,0
3/7/2006,0,0,0
3/8/2006,0,0,0
3/9/2006,0,0,0
3/10/2006,0,0,0
3/11/2006,15.4,5.2,15
3/12/2006,8.8,5,6.6
3/13/2006,0,0,0
3/14/2006,0.5,0,0
3/15/2006,0,0,0
3/16/2006,6.2,12.2,3.2
3/17/2006,0,0,0.2
3/18/2006,0,0,0
3/19/2006,0,0,0
3/20/2006,0,0,0
3/21/2006,0,0,0
3/22/2006,0,0,0
3/23/2006,0,0,0
3/24/2006,0,0,0
3/25/2006,0,0,0
3/26/2006,0,0,0
3/27/2006,0,0,0
3/28/2006,0,0,0
3/29/2006,0,0,0
3/30/2006,0,0,0
3/31/2006,0,0,0
4/1/2006,0,0,0
4/2/2006,0,0,0
4/3/2006,1.5,0,0
4/4/2006,0,0,0
4/5/2006,0,0,0
4/6/2006,0,0,0
4/7/2006,3.2,0,1.4
4/8/2006,14.8,2,2.2
4/9/2006,0,0,0
4/10/2006,0,0,0
4/11/2006,13,11,18.6
4/12/2006,0,0,0
4/13/2006,0,0,0
4/14/2006,0,0,0
4/15/2006,0,0,0
4/16/2006,0,0,0
4/17/2006,0,0,0
4/18/2006,34.7,40,32.4
4/19/2006,23.4,13.6,22
4/20/2006,0.7,0,0.4
4/21/2006,0,0,0
4/22/2006,0,0,0
4/23/2006,6.8,5.2,2.2
4/24/2006,0.8,0,0
4/25/2006,0,0,0
4/26/2006,0,0,0
4/27/2006,17.2,0,0
4/28/2006,0,0,0
4/29/2006,16.7,35.2,3.4
4/30/2006,0,0,0
5/1/2006,0,0,0
5/2/2006,0,0,4.4
5/3/2006,4,11.6,7.2
5/4/2006,0.4,2.6,1.4
5/5/2006,0,1.4,0
5/6/2006,0.4,0,0
5/7/2006,0,0,0
5/8/2006,40.4,0,18.4
5/9/2006,1,1.4,0.2
5/10/2006,18.6,10.2,3.2
5/11/2006,2.2,0,0.4
5/12/2006,8.9,9.6,13
5/13/2006,0,0,3.2
5/14/2006,3.9,0,2.4
5/15/2006,0,0,0
5/16/2006,0,0,0
5/17/2006,0,0,0
5/18/2006,0,0,0
5/19/2006,2.2,9,0
5/20/2006,2,0,1.4
5/21/2006,12.8,6,5.6
5/22/2006,3.7,1.8,4
5/23/2006,2.4,0,0.2
5/24/2006,17.8,0,14.2
5/25/2006,2.3,0,0
5/26/2006,0,0,0
5/27/2006,22.1,20.8,33.2
5/28/2006,0.4,1,0.6
5/29/2006,0,0,0
5/30/2006,0,0,0
5/31/2006,0,0,0
6/1/2006,0.1,0,3
6/2/2006,0,7.2,1.2
6/3/2006,0,0,0
6/4/2006,3.2,5.8,6.4
6/5/2006,0,17.6,0
6/6/2006,15.1,61,42.6
6/7/2006,4.1,4.2,5
6/8/2006,3.9,7.4,6.8
6/9/2006,50.5,33,34
6/10/2006,0.5,0,0.4
6/11/2006,1.6,7.2,0.8
6/12/2006,0,0,0
6/13/2006,0,0,0
6/14/2006,0,0,0
6/15/2006,0,0,0
6/16/2006,0,0,0
6/17/2006,0,0,0
6/18/2006,0,0,0
6/19/2006,0,0,0
6/20/2006,0,0,1.2
6/21/2006,19.4,11.4,33
6/22/2006,0,0,0.2
6/23/2006,67.7,9.2,25
6/24/2006,1,3.4,1.4
6/25/2006,28.2,0,0.4
6/26/2006,0,11.4,7.5
6/27/2006,4.4,14.4,10.5
6/28/2006,0,3.2,0
6/29/2006,15.8,3,14
6/30/2006,0.7,1.2,0.4
7/1/2006,0,3.6,0.4
7/2/2006,26.2,5.2,6
7/3/2006,0,0,0
7/4/2006,11,8.4,0.8
7/5/2006,0,0,0
7/6/2006,0,0,0
7/7/2006,0,2,2.6
7/8/2006,13.5,6,4.8
7/9/2006,0,0,0
7/10/2006,0.1,26.6,8.4
7/11/2006,0,1.4,0
7/12/2006,39.2,0,15.6
7/13/2006,22.2,20,42.4
7/14/2006,0.1,0,1
7/15/2006,1.4,0,3.2
7/16/2006,20.3,30.4,4.2
7/17/2006,3.7,7,3.8
7/18/2006,40.5,20,7.2
7/19/2006,39,28,42
7/20/2006,32.1,10.6,7.8
7/21/2006,2.8,16,15.4
7/22/2006,2.3,2,0.4
7/23/2006,0,7,0
7/24/2006,46.2,34,9.2
7/25/2006,1.2,4,1.4
7/26/2006,8.1,18,6.6
7/27/2006,8.5,0,3.6
7/28/2006,13.3,20.6,25.2
7/29/2006,0.2,0,0.6
7/30/2006,5.1,1.4,4.6
7/31/2006,0,0,0
8/1/2006,0,0,0
8/2/2006,35.5,35,16.2
8/3/2006,13.4,12.2,18.6
8/4/2006,0,0,0
8/5/2006,0.5,3,0.6
8/6/2006,9.8,25.6,6.2
8/7/2006,0,0,0.2
8/8/2006,1.7,1,0.4
8/9/2006,0,0,0
8/10/2006,0.1,12.6,0.4
8/11/2006,0,0,0
8/12/2006,0,1.8,0
8/13/2006,0,0,9.6
8/14/2006,4,9.8,2.2
8/15/2006,0.2,33.8,0.2
8/16/2006,1.1,2.2,9.2
8/17/2006,5.1,0,1
8/18/2006,0,0,0
8/19/2006,0,29.4,0
8/20/2006,66.3,24,13
8/21/2006,6.4,2.8,4.8
8/22/2006,4.4,0,0
8/23/2006,1.4,6,0
8/24/2006,33.3,45.2,32.8
8/25/2006,26.8,40.2,6
8/26/2006,0.5,3.2,4
8/27/2006,6.5,15,15.6
8/28/2006,8.9,17,14
8/29/2006,5.5,7,15
8/30/2006,16.9,24,21.8
8/31/2006,0.1,8,0.4
9/1/2006,2,1.6,0.2
9/2/2006,3.6,6.2,0
9/3/2006,23.7,4,0
9/4/2006,0.1,1,1.8
9/5/2006,12,2,9
9/6/2006,0,0,0
9/7/2006,0,0,0
9/8/2006,0,0,0
9/9/2006,31,110.2,28
9/10/2006,9.7,18.4,13
9/11/2006,4.7,6,6
9/12/2006,20.3,50.2,49.4
9/13/2006,2.8,6.4,2
9/14/2006,0,6.2,0
9/15/2006,0,0,0
9/16/2006,19.7,49,7
9/17/2006,0,0,0
9/18/2006,0,0,0
9/19/2006,0,0,0
9/20/2006,11.4,24.2,16.4
9/21/2006,1.4,0,1.6
9/22/2006,1.1,0,1.2
9/23/2006,7.2,18.4,9.6
9/24/2006,1.4,9.2,1.8
9/25/2006,37.4,41.2,28.9
9/26/2006,11,30,11.1
9/27/2006,0,0,0
9/28/2006,0,0,0
9/29/2006,3.5,1,0
9/30/2006,13.5,3.2,0
10/1/2006,7.7,0,0
10/2/2006,0,0,0
10/3/2006,0,0,0
10/4/2006,0,0,0
10/5/2006,0,0,0
10/6/2006,0,0,0
10/7/2006,0,0,0
10/8/2006,3,7,2.4
10/9/2006,1.2,0,0
10/10/2006,0,0,0
10/11/2006,21,0,24.2
10/12/2006,0.1,0,1.4
10/13/2006,0.1,0,0
10/14/2006,0,0,0
10/15/2006,0,0,0
10/16/2006,0,0,0
10/17/2006,0,0,0
10/18/2006,0,0,0
10/19/2006,0,0,0
10/20/2006,0,0,1.2
10/21/2006,9.3,11.4,1.6
10/22/2006,1.5,0,1.4
10/23/2006,0,0,0
10/24/2006,0,0,0
10/25/2006,0,0,0
10/26/2006,0,0,0
10/27/2006,0,0,0
10/28/2006,0,0,0
10/29/2006,0,0,0
10/30/2006,0,0,0
10/31/2006,0,0,0
11/1/2006,0,0,0
11/2/2006,0,0,0
11/3/2006,0,0,0
11/4/2006,0,0,0
11/5/2006,0,0,0
11/6/2006,0,0,0
11/7/2006,0,0,0
11/8/2006,0,0,0
11/9/2006,0,0,0
11/10/2006,1.5,0,0
11/11/2006,0,4.6,1.8
11/12/2006,0,0,0
11/13/2006,0,0,0
11/14/2006,0,0,0
11/15/2006,0,0,0
11/16/2006,0,0,0
11/17/2006,0,0,0
11/18/2006,0,0,0
11/19/2006,0,0,0
11/20/2006,0,0,0
11/21/2006,0,0,0
11/22/2006,0,0,0
11/23/2006,0,0,0
11/24/2006,0,0,0
11/25/2006,0,0,0
11/26/2006,0,0,0
11/27/2006,0,0,0
11/28/2006,0,0,0
11/29/2006,0,0,0
11/30/2006,0,0,0
12/1/2006,0,0,0
12/2/2006,0,0,0
12/3/2006,0,0,0
12/4/2006,0,0,0
12/5/2006,0,0,0
12/6/2006,0,0,0
12/7/2006,0,0,0
12/8/2006,0,0,0
12/9/2006,0,0,0
12/10/2006,0,0,0
12/11/2006,0.7,3.8,2.4
12/12/2006,16.8,20.5,17
12/13/2006,0,0,0.2
12/14/2006,0,0,0
12/15/2006,0,0,0
12/16/2006,0,0,0
12/17/2006,0,0,0
12/18/2006,0,0,0
12/19/2006,0,0,0
12/20/2006,0,0,0
12/21/2006,0,0,0
12/22/2006,0,0,0
12/23/2006,0,0,0
12/24/2006,0,0,0
12/25/2006,0,0,0
12/26/2006,0,0,0
12/27/2006,0,0,0
12/28/2006,0,0,0
12/29/2006,0,0,0
12/30/2006,0,0,0
12/31/2006,0,0,0
1/1/2007,0,0,0
1/2/2007,0,0,0
1/3/2007,0,0,0
1/4/2007,0,0,0
1/5/2007,0,0,0
1/6/2007,0,0,0
1/7/2007,0,0,0
1/8/2007,0,0,0
1/9/2007,0,0,0
1/10/2007,0,0,0
1/11/2007,0,0,0
1/12/2007,0,0,0
1/13/2007,0,0,0
1/14/2007,0,0,0
1/15/2007,0,0,0
1/16/2007,0,0,0
1/17/2007,0,0,0
1/18/2007,0,0,0
1/19/2007,0,0,0
1/20/2007,0,0,0
1/21/2007,0,0,0
1/22/2007,0,0,0
1/23/2007,0,0,0
1/24/2007,0,0,0
1/25/2007,0,0,0
1/26/2007,0,0,0
1/27/2007,0,0,0
1/28/2007,0,0,0
1/29/2007,0,0,0
1/30/2007,0,0,0
1/31/2007,0,0,0
2/1/2007,0,0,0
2/2/2007,0,0,0
2/3/2007,0,0,0
2/4/2007,0,0,0
2/5/2007,0,1,0
2/6/2007,15.9,0,0
2/7/2007,0,17.2,16.2
2/8/2007,0,0,0.2
2/9/2007,0,0,0
2/10/2007,0,0,0
2/11/2007,5.3,0,0
2/12/2007,0,6.4,5.6
2/13/2007,16.3,0,0
2/14/2007,28.7,22.4,22
2/15/2007,0,32.2,31.4
2/16/2007,3,0,0
2/17/2007,0,8.8,4
2/18/2007,0,0,0
2/19/2007,0,0,0
2/20/2007,0,0,0
2/21/2007,0,0,0
2/22/2007,0,0,0
2/23/2007,0,0,0
2/24/2007,0,0,0
2/25/2007,2.6,0,0
2/26/2007,0,1.4,0.8
2/27/2007,0,0,0
2/28/2007,1,0,0
3/1/2007,7.9,0,3
3/2/2007,0,11,9.2
3/3/2007,0,0,0.2
3/4/2007,0,0,0
3/5/2007,0,0,0
3/6/2007,0,0,0
3/7/2007,0,0,0
3/8/2007,0,0,0
3/9/2007,0,0,0
3/10/2007,0,0,0
3/11/2007,0,0,0
3/12/2007,16.1,0,0
3/13/2007,4.5,20,14
3/14/2007,5,6.2,7
3/15/2007,2.8,8.4,7.5
3/16/2007,0,5.8,5.1
3/17/2007,0,0,0
3/18/2007,0,0,0
3/19/2007,0,0,0
3/20/2007,0,0,0
3/21/2007,0,0,0
3/22/2007,0,0,0
3/23/2007,0,0,0
3/24/2007,0,0,0
3/25/2007,0,0,0
3/26/2007,0,0,0
3/27/2007,0,0,0
3/28/2007,0,0,0
3/29/2007,0,0,0
3/30/2007,0,0,0
3/31/2007,0,0,0
4/1/2007,0,0,0
4/2/2007,0,0,0
4/3/2007,0,0,0
4/4/2007,0,0,0
4/5/2007,0,0,0
4/6/2007,0,0,0
4/7/2007,1.5,0,0
4/8/2007,1.7,2.2,1.2
4/9/2007,0,2.2,1.8
4/10/2007,0,0,1.4
4/11/2007,19.2,0,0
4/12/2007,0,1.6,3.6
4/13/2007,0,0,0
4/14/2007,0,0,0
4/15/2007,0,0,0
4/16/2007,0.2,0,0
4/17/2007,0,0,1.4
4/18/2007,0,0,0
4/19/2007,0,12.4,0
4/20/2007,0,0,0
4/21/2007,31.4,0,0
4/22/2007,3.3,29.6,24.6
4/23/2007,3.5,2.4,1
4/24/2007,8.5,8.4,4.8
4/25/2007,0,8.4,5
4/26/2007,0,0,0
4/27/2007,0,0,0
4/28/2007,0,0,0
4/29/2007,8.6,0,0
4/30/2007,0,6.8,5
5/1/2007,0,0,0
5/2/2007,14.7,0,0
5/3/2007,0,0,2.2
5/4/2007,5.7,0,0.2
5/5/2007,8.5,0,0
5/6/2007,1.2,7,14.8
5/7/2007,1.7,0,5.5
5/8/2007,4.5,0,0.4
5/9/2007,0,0,9
5/10/2007,0,17,0
5/11/2007,8.4,0,0
5/12/2007,0,50.4,18.6
5/13/2007,0.1,0,0
5/14/2007,0,0,0
5/15/2007,0,0,0
5/16/2007,3.2,0,0
5/17/2007,29.3,0,12.5
5/18/2007,6.5,7.8,8.2
5/19/2007,0,3,5.2
5/20/2007,1.1,0,9.8
5/21/2007,5.8,0,3.4
5/22/2007,0,0,0
5/23/2007,0,0,2
5/24/2007,0,0,0
5/25/2007,0,0,0
5/26/2007,0,0,0
5/27/2007,0,0,0
5/28/2007,0,0,0
5/29/2007,0,0,0
5/30/2007,0,0,0
5/31/2007,0,0,0
6/1/2007,0,0,0
6/2/2007,0,0,0
6/3/2007,1.5,0,0
6/4/2007,1.3,5.2,5
6/5/2007,45.4,0,1.4
6/6/2007,12.3,41.2,30.6
6/7/2007,20.7,8.2,14.2
6/8/2007,12.3,0,1.6
6/9/2007,3,0,5.4
6/10/2007,6.8,5.2,2.6
6/11/2007,6.6,12.4,5.2
6/12/2007,2.1,1.4,0.2
6/13/2007,0,3.8,1.2
6/14/2007,35.2,4,0
6/15/2007,0.5,26.2,35.6
6/16/2007,3.7,0,1.4
6/17/2007,0.3,8.2,2.8
6/18/2007,7.5,3,0
6/19/2007,0,4.8,5.6
6/20/2007,0,2.6,0
6/21/2007,0,0,1.4
6/22/2007,3.9,1.8,0
6/23/2007,20.2,3.6,0
6/24/2007,21.8,0,0
6/25/2007,0.5,3,4.8
6/26/2007,34.4,0,0.2
6/27/2007,4.4,14.8,7.1
6/28/2007,18.6,7.2,2.6
6/29/2007,0,24.6,20.6
6/30/2007,0,0,0
7/1/2007,0,0,0
7/2/2007,2.5,5.8,0
7/3/2007,4,16,35.8
7/4/2007,4.6,0,2
7/5/2007,1.3,0,0
7/6/2007,18.8,0,0
7/7/2007,0,24.4,13
7/8/2007,0.6,0,0
7/9/2007,4.4,8,1.2
7/10/2007,2.8,0,0
7/11/2007,0,13,1.7
7/12/2007,0,0,0
7/13/2007,34.6,0,0
7/14/2007,30.3,2.6,38.5
7/15/2007,8.7,7.2,1.4
7/16/2007,10.2,24.6,12
7/17/2007,0.6,20.2,8
7/18/2007,0,10.4,1.2
7/19/2007,1.9,0,1.4
7/20/2007,0.8,0,4.2
7/21/2007,7.1,5.4,13.6
7/22/2007,3.2,9.2,1.4
7/23/2007,0.4,3.8,4.5
7/24/2007,1.7,6.2,3.1
7/25/2007,2.7,10.2,5.4
7/26/2007,19.4,15.8,20.6
7/27/2007,7,34.8,25.5
7/28/2007,31.5,3.8,4.8
7/29/2007,3,20.8,17.6
7/30/2007,25.2,23.4,2
7/31/2007,0,29.4,27.2
8/1/2007,4.7,1.4,6.2
8/2/2007,15.9,14.2,18.5
8/3/2007,1.4,14.8,1
8/4/2007,0,0,0
8/5/2007,18.4,14.8,3.8
8/6/2007,0,0,0
8/7/2007,12,3.4,4.2
8/8/2007,0,1.2,0
8/9/2007,0.4,4.2,0
8/10/2007,0,0,0
8/11/2007,18.6,0,15
8/12/2007,4.3,0,3.2
8/13/2007,37.6,47.4,36.2
8/14/2007,3.4,0,14.9
8/15/2007,12.1,26,32
8/16/2007,0.3,0,1.2
8/17/2007,14.1,8.8,15.5
8/18/2007,1.9,15.6,5.8
8/19/2007,5.5,10,3.4
8/20/2007,2.7,4.2,3.1
8/21/2007,2.8,0,0
8/22/2007,0,0,0
8/23/2007,0,0,0
8/24/2007,0,60.2,0
8/25/2007,6,30.6,2.6
8/26/2007,26.4,0,3.4
8/27/2007,6.4,6.8,8
8/28/2007,2.3,9.4,2.2
8/29/2007,13,29.4,1.4
8/30/2007,0,0,0
8/31/2007,13.5,0,12.6
9/1/2007,15.4,60.4,22.3
9/2/2007,29,2.4,13
9/3/2007,8.4,10.2,3.5
9/4/2007,0.2,0,0.2
9/5/2007,52.6,61.2,74
9/6/2007,39.9,24.8,52.5
9/7/2007,20,46.2,37.6
9/8/2007,0,0,0
9/9/2007,0,0,1.5
9/10/2007,4.2,10.8,6.2
9/11/2007,0,0,0
9/12/2007,0,0,0
9/13/2007,7.8,0,14
9/14/2007,6.6,6,5.2
9/15/2007,0,3.2,0
9/16/2007,1.5,0,0
9/17/2007,0,0,0
9/18/2007,47.7,5,70.8
9/19/2007,0.9,2.6,1.4
9/20/2007,7,0,0
9/21/2007,1,0,0
9/22/2007,0.4,0,0
9/23/2007,0,0,7.2
9/24/2007,0,0,0
9/25/2007,10.5,19.2,8.4
9/26/2007,26.9,40,29.8
9/27/2007,1.8,2.8,2.8
9/28/2007,5.1,7,0.4
9/29/2007,23,23.6,28.2
9/30/2007,22.6,20.6,30.2
10/1/2007,0.2,0,0
10/2/2007,0,0,0
10/3/2007,0,0,0
10/4/2007,0,0,0
10/5/2007,0,1.4,0
10/6/2007,0,0,0
10/7/2007,0,0,0
10/8/2007,1.5,0,0
10/9/2007,0.2,4,20
10/10/2007,0,0,0
10/11/2007,0,0,0
10/12/2007,0,0,0
10/13/2007,3,16.2,0
10/14/2007,0.3,0,1.2
10/15/2007,0,0,0
10/16/2007,0,0,0.2
10/17/2007,13.2,23.6,19.8
10/18/2007,0.1,0,0
10/19/2007,0,0,0
10/20/2007,0,0,0
10/21/2007,0,0,0
10/22/2007,0,0,0
10/23/2007,0,0,0
10/24/2007,0,0,0
10/25/2007,0,0,0
10/26/2007,0,0,0
10/27/2007,0,0,0
10/28/2007,0,0,0
10/29/2007,0,0,0
10/30/2007,0,0,0
10/31/2007,0,0,0
11/1/2007,0,0,0
11/2/2007,0,0,0
11/3/2007,0,0,0
11/4/2007,0,0,0
11/5/2007,0,0,0
11/6/2007,0,0,0
11/7/2007,0,0,3.8
11/8/2007,0,0,0
11/9/2007,0,0,1.2
11/10/2007,3.2,4.4,9
11/11/2007,0,0,0
11/12/2007,0,0,0
11/13/2007,0,0,0
11/14/2007,0,0,0
11/15/2007,0,0,0
11/16/2007,0,0,0
11/17/2007,0,0,0
11/18/2007,0,0,0
11/19/2007,0,0,0
11/20/2007,0,0,0
11/21/2007,0,0,0
11/22/2007,0,0,0
11/23/2007,0,0,0
11/24/2007,0,0,0
11/25/2007,0,0,0
11/26/2007,0,0,0
11/27/2007,0,0,0
11/28/2007,0,0,0
11/29/2007,0,0,0
11/30/2007,0,0,0
12/1/2007,0,0,0
12/2/2007,0,0,0
12/3/2007,0,0,0
12/4/2007,0,0,0
12/5/2007,0,0,0
12/6/2007,0,0,0
12/7/2007,0,0,0
12/8/2007,0,0,0
12/9/2007,0,0,0
12/10/2007,0,0,0
12/11/2007,0,0,0
12/12/2007,0,0,0
12/13/2007,0,0,0
12/14/2007,0,0,0
12/15/2007,0,0,0
12/16/2007,0,0,0
12/17/2007,0,0,0
12/18/2007,0,0,0
12/19/2007,0,0,0
12/20/2007,0,0,0
12/21/2007,0,0,0
12/22/2007,0,0,0
12/23/2007,0,0,0
12/24/2007,0,0,0
12/25/2007,0,0,0
12/26/2007,0,0,0
12/27/2007,0,0,0
12/28/2007,0,0,0
12/29/2007,0,0,0
12/30/2007,0,0,0
12/31/2007,0,0,0
1/1/2008,0,0,0
1/2/2008,0,0,0
1/3/2008,0,0,0
1/4/2008,0,0,0
1/5/2008,0,0,0
1/6/2008,0,0,0
1/7/2008,0,0,0
1/8/2008,0,0,0
1/9/2008,0,0,0
1/10/2008,0,0,0
1/11/2008,0,0,0
1/12/2008,0,0,0
1/13/2008,0,0,0
1/14/2008,0,0,0
1/15/2008,0,0,0
1/16/2008,0,0,0
1/17/2008,0,0,0
1/18/2008,0,0,0
1/19/2008,4.9,7.2,0
1/20/2008,0,0,0
1/21/2008,0,0,0
1/22/2008,0,0,0
1/23/2008,0,0,0
1/24/2008,0,0,0
1/25/2008,0,0,0
1/26/2008,0,0,0
1/27/2008,0,0,0
1/28/2008,0,0,0
1/29/2008,0,0,0
1/30/2008,0,0,0
1/31/2008,0,0,0
2/1/2008,0,0,0
2/2/2008,0,0,0
2/3/2008,0,0,0
2/4/2008,0,0,0
2/5/2008,0,0,0
2/6/2008,0,0,0
2/7/2008,0,0,0
2/8/2008,0,0,0
2/9/2008,0,0,0
2/10/2008,0,0,0
2/11/2008,0,0,0
2/12/2008,0,0,0
2/13/2008,0,0,0
2/14/2008,0,0,0
2/15/2008,0,0,0
2/16/2008,0,0,0
2/17/2008,0,0,0
2/18/2008,0,0,0
2/19/2008,0,0,0
2/20/2008,0,0,0
2/21/2008,0,0,0
2/22/2008,0,0,0
2/23/2008,0,0,0
2/24/2008,0,0,0
2/25/2008,0,0,0
2/26/2008,0,0,0
2/27/2008,0,0,0
2/28/2008,0,0,0
2/29/2008,0,0,0
3/1/2008,0,0,0
3/2/2008,0,0,0
3/3/2008,12.1,0,0
3/4/2008,17.7,10,20.4
3/5/2008,0,3.8,5.8
3/6/2008,0,0,0
3/7/2008,0,0,0
3/8/2008,0,0,0
3/9/2008,0,0,0
3/10/2008,0,0,0
3/11/2008,0,0,0
3/12/2008,0,0,0
3/13/2008,0,0,0
3/14/2008,0,0,0
3/15/2008,0,0,0
3/16/2008,0,0,0
3/17/2008,0,0,6.5
3/18/2008,0.1,0,2.6
3/19/2008,4.6,18.8,3.4
3/20/2008,0,0,0
3/21/2008,0,0,0
3/22/2008,0,0,0
3/23/2008,0,0,0
3/24/2008,1.4,8.2,1.4
3/25/2008,0,0,0
3/26/2008,0,0,0
3/27/2008,0,0,0
3/28/2008,0,0,0
3/29/2008,0,0,0
3/30/2008,0,0,0.2
3/31/2008,0,0,0
4/1/2008,0.2,0,1.2
4/2/2008,8.6,0,6.4
4/3/2008,3.5,6.8,8
4/4/2008,0,0,0
4/5/2008,13.1,10.2,30
4/6/2008,0,2.4,0.4
4/7/2008,1.6,5.3,7.8
4/8/2008,0,0,0
4/9/2008,0,0,0
4/10/2008,0,0,0
4/11/2008,0,0,0
4/12/2008,1.4,1.2,1.4
4/13/2008,11,5.6,2
4/14/2008,0.7,0,0.2
4/15/2008,0,0,0
4/16/2008,0,2,0
4/17/2008,3.1,0,2.2
4/18/2008,0,0,0
4/19/2008,0,0,0
4/20/2008,0,0,0
4/21/2008,0,0,0
4/22/2008,0,0,0
4/23/2008,0,0,0
4/24/2008,0,0,0
4/25/2008,0,0,0
4/26/2008,0,0,0
4/27/2008,0,0,0
4/28/2008,0.5,0,0
4/29/2008,0,0,0
4/30/2008,0,0,0
5/1/2008,2.4,2,2.4
5/2/2008,5.8,2.2,5.8
5/3/2008,0,10,0
5/4/2008,0,0,2.8
5/5/2008,3.7,14,6
5/6/2008,26.6,9,7.6
5/7/2008,3.2,11,3
5/8/2008,0,0,0
5/9/2008,0,0,6.8
5/10/2008,11.4,20,19.6
5/11/2008,0,0,32.6
5/12/2008,0,0,4.2
5/13/2008,0,0,2.8
5/14/2008,0,0,4.6
5/15/2008,0,0,0
5/16/2008,0,0,0
5/17/2008,30.8,15.4,2.2
5/18/2008,0,0,0
5/19/2008,0,0,0
5/20/2008,2.4,0,0
5/21/2008,0.4,0,0
5/22/2008,6.7,0,12.4
5/23/2008,0.2,0,0
5/24/2008,4,0,4.4
5/25/2008,0,0,0
5/26/2008,2,2,2.6
5/27/2008,0.3,0,0
5/28/2008,0,0,0
5/29/2008,0,0,0
5/30/2008,0,0,0
5/31/2008,0,0,0
6/1/2008,0,0,0
6/2/2008,0,0,2
6/3/2008,0.8,2,2.4
6/4/2008,11,19.4,7.6
6/5/2008,0,0,1.2
6/6/2008,7.2,0,0
6/7/2008,0,6.2,0
6/8/2008,1.4,4.2,0
6/9/2008,11.3,2.2,11
6/10/2008,5.4,12,4.2
6/11/2008,5.7,40,34.4
6/12/2008,2.5,0,0
6/13/2008,0,2,0
6/14/2008,60.9,8,10.8
6/15/2008,30,61.8,20.4
6/16/2008,1,2,2
6/17/2008,1.4,5,0
6/18/2008,0,0,0
6/19/2008,14.4,16.8,9.4
6/20/2008,3.5,35.2,25.4
6/21/2008,3.5,7.8,7.2
6/22/2008,3.1,11.4,1.2
6/23/2008,15.4,16.2,0.4
6/24/2008,4.6,31.2,0.2
6/25/2008,8.5,0,7.8
6/26/2008,11.2,0,8.6
6/27/2008,13,6,3.4
6/28/2008,0,0,0
6/29/2008,19.1,25.2,20.2
6/30/2008,2.8,7,4.8
7/1/2008,9,29.2,9
7/2/2008,1.1,3,2.2
7/3/2008,0,0,1.2
7/4/2008,0,0,9
7/5/2008,2.3,1.6,6.8
7/6/2008,9.5,42,1.2
7/7/2008,0,0,4
7/8/2008,25.7,2,0.4
7/9/2008,2.5,0,0.4
7/10/2008,0.4,1.2,20.2
7/11/2008,0.2,22.2,0.4
7/12/2008,48.3,8.2,17.4
7/13/2008,6.8,0,0.8
7/14/2008,4.8,18.8,16.4
7/15/2008,23.7,10.8,2
7/16/2008,8.4,14.8,28.4
7/17/2008,2.8,2.6,3.2
7/18/2008,1.6,9.2,1.2
7/19/2008,10.2,4.2,1.4
7/20/2008,13.3,14.8,21.4
7/21/2008,2.4,12.8,17.4
7/22/2008,4.1,3.6,0.6
7/23/2008,1.5,15.8,0.4
7/24/2008,7.7,8.8,18.4
7/25/2008,0,6.4,0
7/26/2008,0,7.6,0
7/27/2008,17.9,38.6,40.2
7/28/2008,23,3.6,10.5
7/29/2008,5.5,9,0.8
7/30/2008,17.4,6,2.5
7/31/2008,5.3,10.2,1.6
8/1/2008,0.6,7.2,9.5
8/2/2008,5.4,11.6,5.2
8/3/2008,26.1,50.8,24.1
8/4/2008,13.8,18.6,12
8/5/2008,1,0,0.4
8/6/2008,6.8,10.8,17
8/7/2008,29.6,0,13.2
8/8/2008,13.5,34,25.8
8/9/2008,0,0,0
8/10/2008,29.1,33.6,50.8
8/11/2008,10.9,2.4,2.4
8/12/2008,0,5.4,0
8/13/2008,18.3,18.6,4.6
8/14/2008,11.4,34.6,21.2
8/15/2008,1.1,13,7
8/16/2008,1.7,7.6,5.4
8/17/2008,0,0,8.6
8/18/2008,0,5,1
8/19/2008,6.5,24.4,19
8/20/2008,1.5,11.8,3.2
8/21/2008,11.6,9.6,2.8
8/22/2008,0.2,0,0
8/23/2008,0,8.6,0
8/24/2008,15,9,61.2
8/25/2008,0,0,0
8/26/2008,5.4,10,5.6
8/27/2008,12.1,15,9.6
8/28/2008,2.5,4.6,1.2
8/29/2008,3.8,13.8,4.4
8/30/2008,8.1,10.2,3.8
8/31/2008,4.8,8.4,7.8
9/1/2008,0.9,0,0.4
9/2/2008,0,0,0
9/3/2008,0,0,0
9/4/2008,1,2.2,1.6
9/5/2008,2,0,1.4
9/6/2008,0,7,1.2
9/7/2008,1,28.4,0.6
9/8/2008,1.2,0,0
9/9/2008,4,0,2.2
9/10/2008,0,0,0
9/11/2008,37.4,84.6,27.4
9/12/2008,84.3,0,10.2
9/13/2008,41.3,0,14
9/14/2008,32.8,9.8,5
9/15/2008,9,0,0.2
9/16/2008,0,0,0
9/17/2008,0,0,0.4
9/18/2008,3.6,11,0.6
9/19/2008,0,0,0
9/20/2008,0,6.8,0.4
9/21/2008,0,0,1.2
9/22/2008,7.7,0,10.4
9/23/2008,0,0,0
9/24/2008,0,22.6,0
9/25/2008,27.9,18.4,71.6
9/26/2008,2.5,6.2,1.6
9/27/2008,0,0,0
9/28/2008,0,0,0
9/29/2008,30.5,17.8,5.2
9/30/2008,4.2,6.6,5.6
10/1/2008,0,0,0
10/2/2008,0,0,0
10/3/2008,0,0,0
10/4/2008,0,0,0
10/5/2008,0,0,0
10/6/2008,0,5,0
10/7/2008,5.6,8.2,4.4
10/8/2008,0,0,0
10/9/2008,0,0,0
10/10/2008,0,0,0
10/11/2008,0,0,0
10/12/2008,4.7,0,0
10/13/2008,0,0,0
10/14/2008,0,0,0
10/15/2008,0,0,0
10/16/2008,0,0,0
10/17/2008,0,0,0
10/18/2008,0,0,0
10/19/2008,0,0,0
10/20/2008,0,0,0
10/21/2008,0,0,0
10/22/2008,0,0,0
10/23/2008,0,0,0
10/24/2008,0,0,0
10/25/2008,0,0,0
10/26/2008,0,0,0
10/27/2008,0,0,0
10/28/2008,0,0,0
10/29/2008,0,0,0
10/30/2008,0,0,0
10/31/2008,0,0,0
11/1/2008,0,0,0
11/2/2008,0,0,0
11/3/2008,0,0,0
11/4/2008,0,0,0
11/5/2008,0,0,0
11/6/2008,0,0,0
11/7/2008,0,0,0
11/8/2008,0,0,0
11/9/2008,0,0,0
11/10/2008,0,0,0
11/11/2008,0,0,0
11/12/2008,0,0,0
11/13/2008,0,0,0
11/14/2008,0,0,0
11/15/2008,0,0,0
11/16/2008,0,0,0
11/17/2008,0,0,0
11/18/2008,0,0,0
11/19/2008,0,0,0
11/20/2008,0,0,0
11/21/2008,0,0,0
11/22/2008,0,0,0
11/23/2008,0,0,0
11/24/2008,0,0,0
11/25/2008,0,0,0
11/26/2008,0,0,0
11/27/2008,0,0,0
11/28/2008,0,0,0
11/29/2008,0,0,0
11/30/2008,0,0,0
12/1/2008,0,0,0
12/2/2008,0,0,0
12/3/2008,0,0,0
12/4/2008,0,0,0
12/5/2008,0,0,0
12/6/2008,0,0,0
12/7/2008,0,0,0
12/8/2008,0,0,0
12/9/2008,0,0,0
12/10/2008,0,0,0
12/11/2008,0,0,0
12/12/2008,0,0,0
12/13/2008,0,0,0
12/14/2008,0,0,0
12/15/2008,0,0,0
12/16/2008,0,0,0
12/17/2008,0,0,0
12/18/2008,0,0,0
12/19/2008,0,0,0
12/20/2008,0,0,0
12/21/2008,0,0,0
12/22/2008,0,0,0
12/23/2008,0,0,0
12/24/2008,0,0,0
12/25/2008,0,0,0
12/26/2008,0,0,0
12/27/2008,0,8.4,0
12/28/2008,0,0,0
12/29/2008,0,0,0
12/30/2008,0,0,0
12/31/2008,0,0,0
1/1/2009,0,0,0
1/2/2009,0,0,0
1/3/2009,0,0,0
1/4/2009,0,0,0
1/5/2009,0,0,0
1/6/2009,0,0,0
1/7/2009,0,0,0
1/8/2009,0,0,0
1/9/2009,0,0,0
1/10/2009,0,0,0
1/11/2009,0,0,0
1/12/2009,0,0,0
1/13/2009,0,0,0
1/14/2009,0,0,0
1/15/2009,0,0,0
1/16/2009,0,0,0
1/17/2009,0,0,0
1/18/2009,0,0,0
1/19/2009,0,0,0
1/20/2009,0,0,0
1/21/2009,0,0,0
1/22/2009,0,0,0
1/23/2009,0,0,0
1/24/2009,0,0,0
1/25/2009,0,0,0
1/26/2009,0,0,0
1/27/2009,0,0,0
1/28/2009,0,0,0
1/29/2009,0,0,0
1/30/2009,0,0,0
1/31/2009,0,0,0
2/1/2009,0,0,0
2/2/2009,0,0,0
2/3/2009,0,0,0
2/4/2009,0,0,0
2/5/2009,0,0,0
2/6/2009,0,0,0
2/7/2009,0,0,0
2/8/2009,0,0,0
2/9/2009,0,0,0
2/10/2009,0,0,0
2/11/2009,0,0,0
2/12/2009,0,0,0
2/13/2009,0,0,0
2/14/2009,0,0,0
2/15/2009,0,0,0
2/16/2009,0,0,0
2/17/2009,0,0,0
2/18/2009,0,0,0
2/19/2009,0,0,0
2/20/2009,0,0,0
2/21/2009,0,0,0
2/22/2009,0,0,0
2/23/2009,0,0,0
2/24/2009,0,0,0
2/25/2009,0,0,0
2/26/2009,0,0,0
2/27/2009,0,0,0
2/28/2009,0,0,0
3/1/2009,0,0,0
3/2/2009,0,0,0
3/3/2009,0,0,0
3/4/2009,0,0,0
3/5/2009,0,0,0
3/6/2009,0,0,0
3/7/2009,0,0,0
3/8/2009,0,0,0
3/9/2009,0,0,0
3/10/2009,0,0,0
3/11/2009,0,0,6.2
3/12/2009,0,0,1
3/13/2009,0,0,0.8
3/14/2009,0,0,0
3/15/2009,0,0,0
3/16/2009,0,0,0
3/17/2009,0,0,0
3/18/2009,0,0,0
3/19/2009,0.6,0,0.4
3/20/2009,0,0,9
3/21/2009,1,0,1
3/22/2009,0.3,0,0
3/23/2009,0.2,0,0
3/24/2009,0,0,0
3/25/2009,0,0,0
3/26/2009,0,0,0
3/27/2009,0,0,0
3/28/2009,0,0,0
3/29/2009,0.1,2,0.4
3/30/2009,18.9,7.4,6
3/31/2009,7.3,5.4,1
4/1/2009,11,3.6,3.6
4/2/2009,0,0,0
4/3/2009,0,1,0
4/4/2009,1.2,4.8,1.4
4/5/2009,0,0,0
4/6/2009,0,0,0
4/7/2009,0,0,0
4/8/2009,0,0,0
4/9/2009,0,0,0
4/10/2009,0.9,2,0
4/11/2009,0,0,0
4/12/2009,0,0,0
4/13/2009,0,0,0
4/14/2009,0,0,0
4/15/2009,0,0,0
4/16/2009,0,0,0
4/17/2009,0,0,0
4/18/2009,5.5,0,0
4/19/2009,0,0,0
4/20/2009,0,0,0
4/21/2009,0,0,0
4/22/2009,2.7,0,0
4/23/2009,0,0,0
4/24/2009,0,0,0
4/25/2009,0,0,0
4/26/2009,0,0,0
4/27/2009,0,0,0
4/28/2009,0,0,0
4/29/2009,0,0,0
4/30/2009,0,0,0
5/1/2009,0,0,0.9
5/2/2009,0,0,0
5/3/2009,10,8.6,5.4
5/4/2009,3,0,4.4
5/5/2009,11.5,2.2,1.2
5/6/2009,1.4,0,0.5
5/7/2009,0,0,0
5/8/2009,0,0,0
5/9/2009,0,0,0
5/10/2009,0,0,0
5/11/2009,7.7,0,5.2
5/12/2009,16.5,0,18.4
5/13/2009,4.5,10.6,4.6
5/14/2009,5.7,24.4,0.4
5/15/2009,0,7.2,0
5/16/2009,1.6,0,0.3
5/17/2009,0.9,10.2,0.7
5/18/2009,0,0,0
5/19/2009,0,0,0
5/20/2009,0,1.6,22.4
5/21/2009,0,0,0.6
5/22/2009,6.5,0,0.7
5/23/2009,0.5,0,0
5/24/2009,0,7.2,0
5/25/2009,1,0,7.4
5/26/2009,37.8,0,31.6
5/27/2009,8.2,22.8,9
5/28/2009,0,7.4,0
5/29/2009,8.8,0,5
5/30/2009,0,0,0
5/31/2009,6.4,10.2,21
6/1/2009,0,0,0.6
6/2/2009,0,0,0
6/3/2009,0,0,0.4
6/4/2009,4,0,0
6/5/2009,23.5,0,0
6/6/2009,12.5,0,1.2
6/7/2009,0,4.4,0
6/8/2009,0,0,0
6/9/2009,0,0,0
6/10/2009,0,0,0
6/11/2009,0,0,0
6/12/2009,1.9,4.2,4.2
6/13/2009,3.3,4.2,1.4
6/14/2009,0,0,0
6/15/2009,0,0,0
6/16/2009,0,0,0
6/17/2009,0,0,0
6/18/2009,0,0,0
6/19/2009,0,0,0
6/20/2009,0,0,0
6/21/2009,0,5.4,0
6/22/2009,2,1.8,0.4
6/23/2009,0,10,2.6
6/24/2009,0,0,0
6/25/2009,0,0,0
6/26/2009,47.3,13.4,6
6/27/2009,9.5,8.6,13
6/28/2009,2.5,0,1.2
6/29/2009,9,8.2,8.5
6/30/2009,9.5,7.8,0.5
7/1/2009,39.5,12,10.6
7/2/2009,10.2,8.2,9.4
7/3/2009,0,0,3.7
7/4/2009,0,0,0
7/5/2009,7.2,36.4,13.2
7/6/2009,4.6,4.2,0.2
7/7/2009,30.6,14.4,13
7/8/2009,7.8,5.2,10.4
7/9/2009,0,2,0
7/10/2009,0,0,0
7/11/2009,1.7,2.2,1.2
7/12/2009,5,3.2,1.6
7/13/2009,21.8,6.2,6.2
7/14/2009,0,0,0
7/15/2009,7.6,4.8,7.4
7/16/2009,0,2.2,3.6
7/17/2009,0.2,2,0
7/18/2009,0,0,0.2
7/19/2009,14.4,6.2,15.6
7/20/2009,8.1,6.4,7
7/21/2009,0.6,6.4,0
7/22/2009,2.1,5.6,4.2
7/23/2009,1.2,0,0
7/24/2009,0,0,0
7/25/2009,0,1.4,0
7/26/2009,11.5,0,2.2
7/27/2009,59.2,79.4,62.4
7/28/2009,76.5,35.2,71.6
7/29/2009,1.2,5.4,2
7/30/2009,10.3,15,7.8
7/31/2009,5,5.2,7.4
8/1/2009,29.2,6,4.6
8/2/2009,0,9,0
8/3/2009,0,2.6,0
8/4/2009,0,14,0
8/5/2009,2.2,0,1.4
8/6/2009,2.8,11.4,3.6
8/7/2009,24.2,69.4,34.2
8/8/2009,4.1,19,14.8
8/9/2009,0.2,8.2,3.4
8/10/2009,1.8,30.2,2.8
8/11/2009,23,13.8,14
8/12/2009,14.4,7.6,0.6
8/13/2009,58.7,8,67.4
8/14/2009,4.4,4.4,1.6
8/15/2009,5,4.8,4.4
8/16/2009,3.5,31.8,11.2
8/17/2009,57.3,70.2,61.2
8/18/2009,6.2,15.4,3.4
8/19/2009,21,49.2,4.4
8/20/2009,17.7,0,1.6
8/21/2009,8,19.6,2.4
8/22/2009,0,0,0
8/23/2009,0,0,1.2
8/24/2009,30.3,24,2.8
8/25/2009,6.5,10,9.4
8/26/2009,14.3,27,15.4
8/27/2009,4.1,20.2,5.2
8/28/2009,28.2,13.8,30.8
8/29/2009,0,7.6,0
8/30/2009,15.5,18.4,4.4
8/31/2009,0.3,4.8,1.2
9/1/2009,2.5,14.2,20.8
9/2/2009,24.5,0,0
9/3/2009,0,0,4
9/4/2009,0,0,2.2
9/5/2009,5.6,0,4.6
9/6/2009,14,16.4,15.4
9/7/2009,7.6,8.2,7.2
9/8/2009,1,0,6
9/9/2009,7.9,13.6,2.6
9/10/2009,2.8,6.4,1.4
9/11/2009,8.4,7.8,4.4
9/12/2009,0,0,0
9/13/2009,0,0,0
9/14/2009,0,0,0
9/15/2009,0,0,0
9/16/2009,0,0,0
9/17/2009,0,0,0
9/18/2009,0,0,9.8
9/19/2009,0,0,0
9/20/2009,0,0,0
9/21/2009,0,0,0
9/22/2009,0,0,0
9/23/2009,0,0,0
9/24/2009,0,0,0
9/25/2009,36.4,0,21.6
9/26/2009,1.3,0,13.6
9/27/2009,0,0,0
9/28/2009,0,0,0
9/29/2009,0,0,0
9/30/2009,1.4,8.2,0
10/1/2009,0.5,0,0
10/2/2009,8,0,0
10/3/2009,0.7,0,0.4
10/4/2009,6,0,4.4
10/5/2009,0,16,0.6
10/6/2009,5.2,0,0
10/7/2009,3,14,11.2
10/8/2009,45.8,37.6,55.5
10/9/2009,2.3,2.2,2.8
10/10/2009,0,0,0
10/11/2009,0,0,0
10/12/2009,0,0,0
10/13/2009,0,0,0
10/14/2009,0,0,0
10/15/2009,0,0,0
10/16/2009,0,0,0
10/17/2009,0,0,0
10/18/2009,0,0,0
10/19/2009,0,0,0
10/20/2009,0,0,0
10/21/2009,0,0,0
10/22/2009,0,0,0
10/23/2009,0,0,0
10/24/2009,0,0,0
10/25/2009,0,0,0
10/26/2009,0,0,0
10/27/2009,0,0,0
10/28/2009,0,0,0
10/29/2009,0,0,0
10/30/2009,0,0,0
10/31/2009,0,0,0
11/1/2009,0,0,0
11/2/2009,0,0,0
11/3/2009,0,0,0
11/4/2009,0,0,0
11/5/2009,0,0,0
11/6/2009,0,0,0
11/7/2009,0,0,0
11/8/2009,0,0,0
11/9/2009,0,0,0
11/10/2009,0,0,0
11/11/2009,0,0,0
11/12/2009,0,0,0
11/13/2009,1,1.4,1.2
11/14/2009,0,0,0
11/15/2009,0,0,0
11/16/2009,0,0,0
11/17/2009,0,0,0
11/18/2009,0,0,0
11/19/2009,0,0,0
11/20/2009,0,0,0
11/21/2009,0,0,0
11/22/2009,0,0,0
11/23/2009,0,0,0
11/24/2009,0,0,0
11/25/2009,0,0,0
11/26/2009,0,0,0
11/27/2009,0,0,0
11/28/2009,0,0,0
11/29/2009,0,0,0
11/30/2009,0,0,0
12/1/2009,0,0,0
12/2/2009,0,0,0
12/3/2009,0,0,0
12/4/2009,0,0,0
12/5/2009,0,0,0
12/6/2009,0,0,0
12/7/2009,0,0,0
12/8/2009,0,0,0
12/9/2009,0,0,0
12/10/2009,0,0,0
12/11/2009,0,0,0
12/12/2009,0,0,0
12/13/2009,0,0,0
12/14/2009,0,0,0
12/15/2009,0,0,0
12/16/2009,0,0,0
12/17/2009,0,0,0
12/18/2009,0,0,0
12/19/2009,0,0,0
12/20/2009,0,0,0
12/21/2009,0,0,0
12/22/2009,0,0,0
12/23/2009,0,0,0
12/24/2009,0,0,0
12/25/2009,0,0,0
12/26/2009,0,0,0
12/27/2009,0,0,0
12/28/2009,0,0,0
12/29/2009,0,0,0
12/30/2009,0,0,0
12/31/2009,3.6,1.8,3.6
1/1/2010,0,0,0
1/2/2010,0,0,0
1/3/2010,0,0,0
1/4/2010,0,0,0
1/5/2010,0,0,0
1/6/2010,0,0,0
1/7/2010,0,0,0
1/8/2010,0,0,0
1/9/2010,0,0,0
1/10/2010,0,0,0
1/11/2010,0,0,0
1/12/2010,0,0,0
1/13/2010,0,0,0
1/14/2010,1.9,5.4,2.4
1/15/2010,0,0,0
1/16/2010,0,0,0
1/17/2010,0,0,0
1/18/2010,0,0,0
1/19/2010,0,0,0
1/20/2010,0,0,0
1/21/2010,0,0,0
1/22/2010,0,0,0
1/23/2010,0,0,0
1/24/2010,0,0,0
1/25/2010,0,0,0
1/26/2010,0,0,0
1/27/2010,0,0,0
1/28/2010,0,0,0
1/29/2010,0,0,0
1/30/2010,0,0,0
1/31/2010,0,0,0
2/1/2010,0,0,0
2/2/2010,0,0,0
2/3/2010,0,0,0
2/4/2010,0,0,0
2/5/2010,0,0,0
2/6/2010,0,0,0
2/7/2010,0,0,0
2/8/2010,0,0,0
2/9/2010,0.9,1.8,0.4
2/10/2010,21.5,26.2,18.8
2/11/2010,0,0,0
2/12/2010,0,0,0
2/13/2010,0.9,1.6,1.2
2/14/2010,0,0,0
2/15/2010,0,0,0
2/16/2010,0,0,0
2/17/2010,0,0,0
2/18/2010,0,0,0
2/19/2010,0,0,0
2/20/2010,0,0,0
2/21/2010,0,0,0
2/22/2010,0,0,0
2/23/2010,0,0,0
2/24/2010,0,0,0
2/25/2010,0,0,0
2/26/2010,0,0,0
2/27/2010,0,0,0
2/28/2010,0,0,0
3/1/2010,0,0,0
3/2/2010,29.3,15.4,3.6
3/3/2010,0,0,0
3/4/2010,0,0,0
3/5/2010,0,0,0
3/6/2010,0,0,0
3/7/2010,0,0,0
3/8/2010,0,0,0
3/9/2010,0,0,0
3/10/2010,0,0,0
3/11/2010,0,0,0
3/12/2010,0,0,0
3/13/2010,0,0,0
3/14/2010,0,0,0
3/15/2010,1.5,1.4,0.2
3/16/2010,0,0,0
3/17/2010,0.5,0,0
3/18/2010,0,0,0
3/19/2010,0,0,0
3/20/2010,0,0,0
3/21/2010,0,0,0
3/22/2010,0,0,0
3/23/2010,0,0,0
3/24/2010,0,0,0
3/25/2010,0,0,0
3/26/2010,0,0,0
3/27/2010,0,0,0
3/28/2010,0,0,0
3/29/2010,0,0,0
3/30/2010,0,0,0
3/31/2010,4.4,6.2,1.4
4/1/2010,5.4,11.4,7.2
4/2/2010,0,0,0
4/3/2010,0,0,0
4/4/2010,0,0,0
4/5/2010,0,0,0
4/6/2010,0,0,0
4/7/2010,0,0,0
4/8/2010,0,0,0
4/9/2010,0,0,0
4/10/2010,0,0,0
4/11/2010,0,0,0
4/12/2010,0,0,0
4/13/2010,0,0,0
4/14/2010,2.8,6.8,3.6
4/15/2010,0,2,0
4/16/2010,0.2,0,0
4/17/2010,0,0,0
4/18/2010,5.8,4.8,2.4
4/19/2010,9.6,6.8,4.4
4/20/2010,0.7,10.2,4
4/21/2010,0,0,0
4/22/2010,0,0,0
4/23/2010,0,0,0
4/24/2010,0,0,0
4/25/2010,0,0,0
4/26/2010,0,0,0
4/27/2010,0,0,0
4/28/2010,0,0,0
4/29/2010,0,0,0
4/30/2010,20.8,10.2,79.2
5/1/2010,0,0.4,0
5/2/2010,52.2,10.4,30.4
5/3/2010,0,0,0
5/4/2010,0.8,0,14.6
5/5/2010,6.3,0,0
5/6/2010,0.4,0,0.4
5/7/2010,3.5,7.6,4.6
5/8/2010,0.5,1.4,0.2
5/9/2010,0,0,0.8
5/10/2010,0,0,0
5/11/2010,0,0,0
5/12/2010,0,0,0
5/13/2010,0,0,0
5/14/2010,0,0,0
5/15/2010,0,0,0
5/16/2010,0,0,0
5/17/2010,0,0,0
5/18/2010,0,0,0
5/19/2010,5,0,0
5/20/2010,1.6,2.8,0.4
5/21/2010,1,3.2,1.2
5/22/2010,0,0,0
5/23/2010,0,0,0
5/24/2010,47.5,18.6,24.8
5/25/2010,1.7,12,0
5/26/2010,0,0,0
5/27/2010,0,0,0
5/28/2010,26.1,12,5.6
5/29/2010,0,0,0
5/30/2010,0,0,0
5/31/2010,1.4,0,1.8
6/1/2010,0,0,0
6/2/2010,0,0,0
6/3/2010,17.7,0,17.8
6/4/2010,1.8,3.8,0.8
6/5/2010,8.3,1.8,2.4
6/6/2010,0,0,0
6/7/2010,0,0,0
6/8/2010,0,0,0
6/9/2010,0,0,0
6/10/2010,0,0,0
6/11/2010,0,0,0
6/12/2010,1,0,2.4
6/13/2010,26,28.8,31
6/14/2010,0,0,0
6/15/2010,0,0,0
6/16/2010,0,0,0
6/17/2010,5,0,0.2
6/18/2010,56.2,15.8,47.6
6/19/2010,0,0,0
6/20/2010,4.5,0,0
6/21/2010,0,7.6,0
6/22/2010,0.1,0,0.4
6/23/2010,0.4,0,0
6/24/2010,1.9,13.2,2.8
6/25/2010,0,0,0
6/26/2010,4.4,5.2,0
6/27/2010,1.6,8.2,1.4
6/28/2010,6.4,40,0
6/29/2010,1.4,4,0
6/30/2010,5,17,0.8
7/1/2010,5.5,6,0
7/2/2010,0,0,0
7/3/2010,0.2,0,2.8
7/4/2010,0.4,0,0
7/5/2010,0.3,20.2,2.6
7/6/2010,21.8,9.2,6
7/7/2010,5.8,0,0.4
7/8/2010,0,0,2.6
7/9/2010,11.4,19.2,1.6
7/10/2010,10.5,15,16.8
7/11/2010,42.5,58,17.8
7/12/2010,23.5,22.2,34.4
7/13/2010,1.7,0,14
7/14/2010,10.8,14,13
7/15/2010,0,0,0
7/16/2010,4.5,6.6,2.6
7/17/2010,11.5,10.6,0.4
7/18/2010,0.9,3.2,2
7/19/2010,27.2,8.6,12.4
7/20/2010,6.1,12.6,5
7/21/2010,3.2,0,0
7/22/2010,80.7,22,36.6
7/23/2010,3,0,3.6
7/24/2010,0,0,0
7/25/2010,4.3,6.4,3
7/26/2010,3.6,19.8,2
7/27/2010,5.3,11.8,1.8
7/28/2010,3.2,15.4,5.2
7/29/2010,6.2,18.6,6.6
7/30/2010,52.6,25.4,35.2
7/31/2010,8.2,18,0.8
8/1/2010,2.4,3.4,1.4
8/2/2010,10.5,6.8,0
8/3/2010,8.7,10.2,7.8
8/4/2010,0,0,0
8/5/2010,48.7,0,16.8
8/6/2010,7.1,11.6,5.2
8/7/2010,2.5,6.2,1.4
8/8/2010,8.8,38.6,0.2
8/9/2010,70.6,33.8,12.4
8/10/2010,37.5,0,8
8/11/2010,52.6,0,0.4
8/12/2010,3.6,20,0.2
8/13/2010,0,2,0
8/14/2010,13.2,43.4,9.4
8/15/2010,1.5,0,2.8
8/16/2010,3.2,0,6
8/17/2010,19.6,7.4,39.6
8/18/2010,1.5,0,4.6
8/19/2010,3.5,7.8,5.8
8/20/2010,45.8,27.2,10.4
8/21/2010,36,31.2,16.6
8/22/2010,4.6,11,3.6
8/23/2010,7.5,8.2,6.4
8/24/2010,37.5,42.4,46.4
8/25/2010,20.9,19.2,27.2
8/26/2010,2.7,0,12.2
8/27/2010,3.4,43.4,0
8/28/2010,21.5,0,25.2
8/29/2010,1.7,9.8,0
8/30/2010,8.7,10.4,4.4
8/31/2010,0.5,8.6,2.6
9/1/2010,12.4,11.2,7.6
9/2/2010,13.2,0,5.4
9/3/2010,24.7,0,9.4
9/4/2010,33.4,0,12.6
9/5/2010,1.9,0,0.8
9/6/2010,3.7,74,0.2
9/7/2010,70.1,35,86.4
9/8/2010,1.8,7.6,4.6
9/9/2010,0,2.8,0.6
9/10/2010,0.3,4.6,0
9/11/2010,0,33.6,0
9/12/2010,22.7,8.6,24.2
9/13/2010,3.6,4.4,9.4
9/14/2010,1.4,9.4,0
9/15/2010,2.3,35.4,14.2
9/16/2010,12.2,5.4,52.2
9/17/2010,3.3,4,6.8
9/18/2010,4,7.8,8.2
9/19/2010,2.6,3.6,5.6
9/20/2010,0,23.6,0.4
9/21/2010,3.1,0,0
9/22/2010,0,0,0
9/23/2010,0,0,0
9/24/2010,0.4,1.8,1.2
9/25/2010,0,0,0
9/26/2010,0,0,0
9/27/2010,0,0,0
9/28/2010,0,0,0
9/29/2010,0,0,0
9/30/2010,0,0,0
10/1/2010,1.6,0,0
10/2/2010,0,0,0
10/3/2010,0,0,0
10/4/2010,0,0,0
10/5/2010,0,0,0
10/6/2010,0,0,0
10/7/2010,0.3,0,0
10/8/2010,0,0,0
10/9/2010,0,3.2,2.4
10/10/2010,0,0,0
10/11/2010,0,0,0
10/12/2010,0,0,0
10/13/2010,0,0,0
10/14/2010,0,0,0
10/15/2010,1.4,0,2.2
10/16/2010,0,0,0
10/17/2010,14.8,11.6,16.2
10/18/2010,1.2,1.6,0
10/19/2010,0,0,0
10/20/2010,0,0,0
10/21/2010,5.2,13.8,32.2
10/22/2010,0,0,0
10/23/2010,0,1.4,0
10/24/2010,0,0,0
10/25/2010,0,0,0
10/26/2010,0,0,0
10/27/2010,0,0,0
10/28/2010,0,0,0
10/29/2010,0,0,0
10/30/2010,0,0,0
10/31/2010,0,0,0
11/1/2010,0,0,0
11/2/2010,0,0,0
11/3/2010,0,0,0
11/4/2010,0,0,0
11/5/2010,0,0,0
11/6/2010,0,0,0
11/7/2010,0,0,0
11/8/2010,0,0,0
11/9/2010,0,0,0
11/10/2010,0,0,0
11/11/2010,0,0,0
11/12/2010,0,0,0
11/13/2010,0,0,0
11/14/2010,0,0,0
11/15/2010,0,0,0
11/16/2010,0,0,0
11/17/2010,0,0,0
11/18/2010,0,0,0
11/19/2010,0,0,0
11/20/2010,0,0,0
11/21/2010,0,0,0
11/22/2010,0,0,0
11/23/2010,0,0,0
11/24/2010,0,0,0
11/25/2010,0,0,0
11/26/2010,0,0,0
11/27/2010,0,0,0
11/28/2010,0,0,0
11/29/2010,0,0,0
11/30/2010,0,0,0
12/1/2010,0,0,0
12/2/2010,0,0,0
12/3/2010,0,0,0
12/4/2010,0,0,0
12/5/2010,0,0,0
12/6/2010,0,0,0
12/7/2010,0,0,0
12/8/2010,0,0,0
12/9/2010,0,0,0
12/10/2010,0,0,0
12/11/2010,0,0,0
12/12/2010,0,0,0
12/13/2010,0,0,0
12/14/2010,0,0,0
12/15/2010,0,0,0
12/16/2010,0,0,0
12/17/2010,0,0,0
12/18/2010,0,0,0
12/19/2010,0,0,0
12/20/2010,0,0,0
12/21/2010,0,0,0
12/22/2010,0,0,0
12/23/2010,0,0,0
12/24/2010,0,0,0
12/25/2010,0,0,0
12/26/2010,0,0,0
12/27/2010,0,0,0
12/28/2010,0,0,0
12/29/2010,0,0,0
12/30/2010,0,0,0
12/31/2010,0,0,0
1/1/2011,3.7,2.8,3.6
1/2/2011,0,0,0
1/3/2011,0,0,0
1/4/2011,0,0,0
1/5/2011,0,0,0
1/6/2011,0,0,0
1/7/2011,0,0,0
1/8/2011,0,0,0
1/9/2011,0,0,0
1/10/2011,0,0,0
1/11/2011,0,0,0
1/12/2011,0,0,0
1/13/2011,0,0,0
1/14/2011,0,0,0
1/15/2011,0,0,0
1/16/2011,0,0,0
1/17/2011,2.5,2.4,3.4
1/18/2011,0,0,0
1/19/2011,0,0,0
1/20/2011,0,0,0
1/21/2011,0,0,0
1/22/2011,0,0,0
1/23/2011,0,0,0
1/24/2011,0,0,0
1/25/2011,0,0,0
1/26/2011,0,0,0
1/27/2011,0,0,0
1/28/2011,0,0,0
1/29/2011,0,0,0
1/30/2011,0,0,0
1/31/2011,0,0,0
2/1/2011,0,0,0
2/2/2011,0,0,0
2/3/2011,0,0,0
2/4/2011,0,0,0
2/5/2011,0,0,0
2/6/2011,0,0,0
2/7/2011,0,0,0
2/8/2011,0,0,0
2/9/2011,0,0,0
2/10/2011,0,0,0
2/11/2011,0,0,0
2/12/2011,0,0,0
2/13/2011,0,0,0
2/14/2011,0,0,0
2/15/2011,2.7,1.6,1.6
2/16/2011,14.4,18.6,12.4
2/17/2011,31.3,28.4,34.2
2/18/2011,0,0,0
2/19/2011,0,0,0
2/20/2011,0,0,0
2/21/2011,0,0,0
2/22/2011,6.5,1.4,2.4
2/23/2011,0,0,0
2/24/2011,0,0,0
2/25/2011,0,0,0
2/26/2011,0,0,0
2/27/2011,0,0,0.6
2/28/2011,0,0,0
3/1/2011,0,0,0
3/2/2011,0,0,0
3/3/2011,0,0,0
3/4/2011,0,0,0
3/5/2011,0,0,0
3/6/2011,0,0,0
3/7/2011,0,0,0
3/8/2011,0,0,0
3/9/2011,0,0,0
3/10/2011,0,0,1.2
3/11/2011,0,0,0
3/12/2011,0,0,0
3/13/2011,0,0,0
3/14/2011,0,0,0
3/15/2011,0,0,0
3/16/2011,0,0,0
3/17/2011,0,0,0
3/18/2011,0.4,0,0
3/19/2011,2.1,2,1.4
3/20/2011,0,0,0
3/21/2011,5.8,5,3
3/22/2011,0,0,0
3/23/2011,0,0,0
3/24/2011,0,0,0
3/25/2011,0,0,0
3/26/2011,0,0,0
3/27/2011,0,0,0
3/28/2011,0.7,1.3,0.4
3/29/2011,7,0,1.2
3/30/2011,0.4,0,0
3/31/2011,0,0,0
4/1/2011,2.7,0,0.6
4/2/2011,0,0,0
4/3/2011,0,1.2,0
4/4/2011,0.7,1,1.6
4/5/2011,0,0,0
4/6/2011,0,0,0
4/7/2011,0,0,0
4/8/2011,0,0,0
4/9/2011,0,0,0
4/10/2011,0,0,0
4/11/2011,1.8,3,1.8
4/12/2011,0,0,0.8
4/13/2011,12.9,11.6,9.2
4/14/2011,2.4,2.6,8.2
4/15/2011,0.2,0,0
4/16/2011,0,0,0
4/17/2011,0,0,0
4/18/2011,0,0,0
4/19/2011,0.2,0,2.4
4/20/2011,5,13.2,4.8
4/21/2011,0,0,0
4/22/2011,0,0,0
4/23/2011,0,0,0
4/24/2011,0,0,0
4/25/2011,0,0,0
4/26/2011,4.2,6.6,15.2
4/27/2011,0,0,0
4/28/2011,1,0,0
4/29/2011,16.2,16.2,22.4
4/30/2011,9.5,13,20.4
5/1/2011,15.7,8.2,21
5/2/2011,11.8,2.2,25.6
5/3/2011,0,0,0
5/4/2011,2,1.4,0
5/5/2011,0.5,8,3.2
5/6/2011,12.5,0,0
5/7/2011,27.7,16.2,4.2
5/8/2011,0.3,0,0.4
5/9/2011,12.3,1,19.4
5/10/2011,0,0,0
5/11/2011,1,0,1.2
5/12/2011,23.5,13,20.2
5/13/2011,9.5,0,9.4
5/14/2011,0,0,0
5/15/2011,0,0,0
5/16/2011,0,0,0
5/17/2011,0,0,0
5/18/2011,0,0,0
5/19/2011,15.8,8,14.2
5/20/2011,13.4,0,6.6
5/21/2011,16.3,7,19.4
5/22/2011,0,0,0
5/23/2011,0,0,0
5/24/2011,0,0,0
5/25/2011,0,0,0
5/26/2011,0,0,0
5/27/2011,0,20,0
5/28/2011,2,13.8,4.4
5/29/2011,0,0,0
5/30/2011,0.4,0,0
5/31/2011,2.7,3.4,2
6/1/2011,5.3,0,0.2
6/2/2011,3.9,7.4,6.8
6/3/2011,0.3,1.4,4.6
6/4/2011,0,0,0
6/5/2011,0,0,0
6/6/2011,0,0,27.8
6/7/2011,5.6,15,4.6
6/8/2011,0,0,0
6/9/2011,3.2,0,1.2
6/10/2011,0,0,1.2
6/11/2011,0,0,21.2
6/12/2011,0,10.2,0
6/13/2011,10.8,6,5.6
6/14/2011,33.9,0,7.2
6/15/2011,0.2,4.8,62.2
6/16/2011,40.8,0,14.6
6/17/2011,34.4,0,23.4
6/18/2011,23,8.8,31.6
6/19/2011,5.3,15.4,3.6
6/20/2011,13.7,0,15.4
6/21/2011,0,0,0
6/22/2011,0,14.8,0
6/23/2011,0,0,0
6/24/2011,0.5,38.2,0.8
6/25/2011,34.9,0,28.2
6/26/2011,20.3,17,24.8
6/27/2011,15.4,37.2,17.2
6/28/2011,22.3,34,31.8
6/29/2011,10.6,22.8,17.4
6/30/2011,21.6,23,58.6
7/1/2011,64.6,70.2,88.2
7/2/2011,40.1,2,2.2
7/3/2011,7.8,30.2,5.4
7/4/2011,12.4,42.4,1.8
7/5/2011,2.8,17.6,18.4
7/6/2011,4.5,23.2,27.6
7/7/2011,11.3,12,0.8
7/8/2011,8.4,9.6,2.4
7/9/2011,0,4.8,1
7/10/2011,0,1.6,0
7/11/2011,4.2,4.6,0
7/12/2011,26.4,0,0
7/13/2011,0,3.2,0
7/14/2011,64.5,30.2,54.6
7/15/2011,23.2,33.4,29.6
7/16/2011,14.2,21,4.2
7/17/2011,0,0,0.4
7/18/2011,1.2,3.6,0
7/19/2011,1.2,0,0
7/20/2011,73.4,37.2,46.4
7/21/2011,0.5,9.8,6.6
7/22/2011,2.5,6.4,6.8
7/23/2011,1,1,0
7/24/2011,0.3,2.4,0
7/25/2011,0,0,0.4
7/26/2011,6.7,31,2
7/27/2011,5,6,0.2
7/28/2011,14.7,43.6,9
7/29/2011,37.2,1.8,12.6
7/30/2011,7,5.8,7.2
7/31/2011,2.7,0,1.6
8/1/2011,0.7,0,1.2
8/2/2011,0.8,0,0
8/3/2011,9.8,14.4,8
8/4/2011,0,0,0
8/5/2011,24.6,62.6,15.4
8/6/2011,17.8,17.8,18
8/7/2011,38.4,46.8,80.4
8/8/2011,10.5,16.6,8.4
8/9/2011,7,0,0.2
8/10/2011,0,6,0
8/11/2011,7.8,16.8,2.2
8/12/2011,16.5,23.8,45.1
8/13/2011,6.1,10.6,1.6
8/14/2011,2.5,12.2,1.2
8/15/2011,1.8,11.2,1.4
8/16/2011,1.5,3.2,2.2
8/17/2011,0.4,5.2,11.2
8/18/2011,6.7,10.6,4.4
8/19/2011,14.5,17.8,16.6
8/20/2011,13.7,35.6,39.6
8/21/2011,3,0,0
8/22/2011,1.7,0,16.4
8/23/2011,20.2,51.6,24.8
8/24/2011,14.9,6.2,7.6
8/25/2011,6.4,24.2,56.4
8/26/2011,19.7,22.2,7.6
8/27/2011,6.4,7.6,3.4
8/28/2011,3.5,22.2,0.8
8/29/2011,5.8,0,2.4
8/30/2011,0,58.2,0
8/31/2011,2.7,0,0
9/1/2011,3.1,30,2.6
9/2/2011,0,0,0
9/3/2011,0,0,0
9/4/2011,1.2,0,0
9/5/2011,10.5,2.2,9.4
9/6/2011,0,0,0
9/7/2011,27,8.2,17.4
9/8/2011,6.3,3.2,2.2
9/9/2011,3.4,10,13.4
9/10/2011,3,30,9.2
9/11/2011,0,0,0
9/12/2011,15,31.6,1.2
9/13/2011,0.5,2,0
9/14/2011,2.8,19.8,0.2
9/15/2011,0,7.2,0
9/16/2011,0,0,0
9/17/2011,6.6,0,12.4
9/18/2011,0,4.2,0.2
9/19/2011,43.5,23.2,7.4
9/20/2011,5.2,2.4,5.2
9/21/2011,4,10.2,3.4
9/22/2011,1,11.8,1.4
9/23/2011,2.5,6.5,2.6
9/24/2011,7.5,6.8,2.4
9/25/2011,8.4,14.2,8.4
9/26/2011,57,49.6,55.4
9/27/2011,38,21,39.6
9/28/2011,38.8,0,12.8
9/29/2011,27.5,0,3.2
9/30/2011,5.2,0,0
10/1/2011,0.7,0,0
10/2/2011,0.1,0,0
10/3/2011,8.9,16.4,14.2
10/4/2011,0.1,3,2.4
10/5/2011,0,0,0
10/6/2011,0,0,0
10/7/2011,0,0,0
10/8/2011,0,0,0
10/9/2011,0,0,0
10/10/2011,0,0,0
10/11/2011,0,0,0
10/12/2011,0,0,0
10/13/2011,0,0,0
10/14/2011,0,0,0
10/15/2011,0,0,0
10/16/2011,0,0,0
10/17/2011,0,0,0
10/18/2011,0,0,0
10/19/2011,0,0,0
10/20/2011,0,5.6,0
10/21/2011,0,0,0
10/22/2011,0,0,0
10/23/2011,3.1,0,0
10/24/2011,0,0,0
10/25/2011,0,0,0
10/26/2011,0,0,0
10/27/2011,0.1,0,0.4
10/28/2011,0,0,0
10/29/2011,0,0,0
10/30/2011,0,0,0
10/31/2011,0,0,0
11/1/2011,0,0,0
11/2/2011,0,0,0
11/3/2011,0,0,0
11/4/2011,0,0,0
11/5/2011,0,0,0
11/6/2011,0,0,0
11/7/2011,9,5.6,6.2
11/8/2011,0,0,0
11/9/2011,0,0,0
11/10/2011,0,0,0
11/11/2011,0,0,0
11/12/2011,0,0,0
11/13/2011,0.4,0,0
11/14/2011,0,0,0
11/15/2011,0,0,0
11/16/2011,0,0,0
11/17/2011,3.5,1.2,0
11/18/2011,0,0,0
11/19/2011,0,0,0
11/20/2011,0,0,0
11/21/2011,0,0,0
11/22/2011,0,0,0
11/23/2011,0,0,0
11/24/2011,0,0,0
11/25/2011,0,0,0
11/26/2011,0,0,0
11/27/2011,0,0,0
11/28/2011,0,0,0
11/29/2011,0,0,0
11/30/2011,0,0,0
12/1/2011,0,0,0
12/2/2011,0,0,0
12/3/2011,0,0,0
12/4/2011,0,0,0
12/5/2011,0,0,0
12/6/2011,0,0,0
12/7/2011,0,0,0
12/8/2011,0,0,0
12/9/2011,0,0,0
12/10/2011,0,0,0
12/11/2011,0,0,0
12/12/2011,0,0,0
12/13/2011,0,0,0
12/14/2011,0,0,0
12/15/2011,0,0,0
12/16/2011,0,0,0
12/17/2011,0,0,0
12/18/2011,0,0,0
12/19/2011,0,0,0
12/20/2011,0,0,0
12/21/2011,0,0,0
12/22/2011,0,0,0
12/23/2011,0,0,0
12/24/2011,0,0,0
12/25/2011,0,0,0
12/26/2011,0,0,0
12/27/2011,0,0,0
12/28/2011,0,0,0
12/29/2011,0,0,0
12/30/2011,0,0,0
12/31/2011,0,0,0
1/1/2012,0,0,0
1/2/2012,9.9,13,9.4
1/3/2012,0.3,1.3,0.4
1/4/2012,0,0,0
1/5/2012,0,0,0
1/6/2012,0,0,0
1/7/2012,0,0,0
1/8/2012,0,0,0
1/9/2012,0,0,0
1/10/2012,7.6,7,4.4
1/11/2012,0,0,0
1/12/2012,0,5.6,0
1/13/2012,0,0,1.4
1/14/2012,0,0,0
1/15/2012,0,0,0
1/16/2012,0,0,0
1/17/2012,0,0,0
1/18/2012,0,0,0
1/19/2012,0,0,0
1/20/2012,0,0,0
1/21/2012,0,0,0
1/22/2012,0,0,0
1/23/2012,0,0,0
1/24/2012,0,0,0
1/25/2012,0,0,0
1/26/2012,0,0,0
1/27/2012,0,0,0
1/28/2012,0,0,0
1/29/2012,0,0,0
1/30/2012,0,0,0
1/31/2012,0,0,0
2/1/2012,0,0,0
2/2/2012,0,0,0
2/3/2012,0,0,0
2/4/2012,0,0,0
2/5/2012,0,0,0
2/6/2012,0,0,0
2/7/2012,0,18.2,0
2/8/2012,12.2,22,10.2
2/9/2012,29.3,2,27.2
2/10/2012,0,0,0
2/11/2012,0,0,0
2/12/2012,0,0,0
2/13/2012,0,0,0
2/14/2012,0.3,0,0.2
2/15/2012,0,0,0
2/16/2012,0,0,0
2/17/2012,0,0,0
2/18/2012,0,0,0
2/19/2012,0,0,0
2/20/2012,0,0,0
2/21/2012,0,0,0
2/22/2012,0,0,0
2/23/2012,0,0,0
2/24/2012,0,0,0
2/25/2012,0,0,0
2/26/2012,0,0,0
2/27/2012,0,0,0
2/28/2012,0,0,0
2/29/2012,0,0,0
3/1/2012,0,0,0
3/2/2012,0,0,0
3/3/2012,0,0,0
3/4/2012,0,0,0
3/5/2012,0,0,0
3/6/2012,0,0,0
3/7/2012,0,0,0
3/8/2012,0,0,0
3/9/2012,0,0,0
3/10/2012,0,0,0
3/11/2012,0,0,0
3/12/2012,0,0,0
3/13/2012,0,0,0
3/14/2012,7.8,0,7.6
3/15/2012,0,0,0
3/16/2012,7.4,0,3.8
3/17/2012,0,19.4,0
3/18/2012,0,0,0
3/19/2012,0,0,0
3/20/2012,0,0,0
3/21/2012,0,0,0
3/22/2012,0,0,0
3/23/2012,0,0,0
3/24/2012,0,0,0
3/25/2012,0,0,0
3/26/2012,0,0,0
3/27/2012,0,0,0
3/28/2012,0,0,0
3/29/2012,0,0,0
3/30/2012,0,0,0
3/31/2012,0.4,0,0.2
4/1/2012,0,0,0
4/2/2012,0,0,0
4/3/2012,0,0,0
4/4/2012,19.2,18.2,21.6
4/5/2012,0.2,1,0.4
4/6/2012,19.4,24.4,16.4
4/7/2012,0,0,0.6
4/8/2012,0,0,0
4/9/2012,8.2,3.8,3.6
4/10/2012,21.8,18.6,12
4/11/2012,8.3,1.8,1.8
4/12/2012,0.5,1.4,3
4/13/2012,1,14,1.5
4/14/2012,0.5,3.2,0
4/15/2012,0,0,0
4/16/2012,0.6,0,0.8
4/17/2012,0,0,0
4/18/2012,0,0,0
4/19/2012,0,0,0
4/20/2012,0,0,0
4/21/2012,0,0,0
4/22/2012,0,0,0
4/23/2012,0,0,0
4/24/2012,0,0,0
4/25/2012,0,0,0
4/26/2012,0,0,0
4/27/2012,0,0,0
4/28/2012,0,0,0
4/29/2012,0.4,0,0
4/30/2012,0,0,0
5/1/2012,0,0,0
5/2/2012,0,0,0
5/3/2012,0,0,0
5/4/2012,3,5.4,2.4
5/5/2012,0.6,6.2,2.2
5/6/2012,0,0,0
5/7/2012,0,0,0
5/8/2012,0,0,0
5/9/2012,0,0,0
5/10/2012,7.4,10.8,13.8
5/11/2012,17.3,15.2,25.6
5/12/2012,0,0,0
5/13/2012,1.3,9.2,1.8
5/14/2012,0,0,0
5/15/2012,0,0,0
5/16/2012,0,0,0
5/17/2012,0,0,0
5/18/2012,0,0,0
5/19/2012,0.6,6.8,3.6
5/20/2012,6.2,6.8,28.4
5/21/2012,0,0,0
5/22/2012,0,0,0
5/23/2012,2.4,0,0
5/24/2012,0,0,0
5/25/2012,0,0,0
5/26/2012,1,0,0
5/27/2012,2.4,0,0
5/28/2012,0,0,0
5/29/2012,0,0,0
5/30/2012,0,0,0
5/31/2012,0,0,0
6/1/2012,9.2,0,0
6/2/2012,12.4,19,13.8
6/3/2012,0,3,0
6/4/2012,1.8,2.2,0.4
6/5/2012,0,0,0
6/6/2012,0,0,0
6/7/2012,0,0,0
6/8/2012,0,0,0
6/9/2012,0,0,0
6/10/2012,0,0,0.2
6/11/2012,0.8,0,6.4
6/12/2012,0,1,0
6/13/2012,0,0,0
6/14/2012,1.6,4,0
6/15/2012,1.2,0,0
6/16/2012,0,0,0
6/17/2012,7.4,0,0
6/18/2012,3,3.3,3.4
6/19/2012,11.3,0,13.6
6/20/2012,5.7,38.2,0
6/21/2012,0,2.3,0
6/22/2012,7.5,0,0.4
6/23/2012,8.3,6,6.2
6/24/2012,38.5,57.6,42.4
6/25/2012,30.9,0,16.2
6/26/2012,0,0,1.6
6/27/2012,1.7,20.8,2.6
6/28/2012,0,0,17.6
6/29/2012,7.9,35.6,14.4
6/30/2012,0,0,0
7/1/2012,0.9,1.3,0
7/2/2012,4.8,0,2.8
7/3/2012,53.9,5.6,2.6
7/4/2012,16.4,14.6,12.4
7/5/2012,14.2,13.4,7.8
7/6/2012,2.3,16.8,28.2
7/7/2012,4.2,14.2,10.2
7/8/2012,1.4,6,2.4
7/9/2012,7.7,2.2,2.6
7/10/2012,0,17.8,0
7/11/2012,4.3,1.2,1.2
7/12/2012,3.4,6.8,4.6
7/13/2012,2.5,24,3.8
7/14/2012,6.2,41.4,11.6
7/15/2012,67.5,87.4,29.4
7/16/2012,19.5,42.8,37.8
7/17/2012,22.3,10,10.2
7/18/2012,4.3,19.2,7.2
7/19/2012,12.6,14,15.6
7/20/2012,12.4,1.4,20.8
7/21/2012,4.6,39.2,0
7/22/2012,13.5,9.8,17
7/23/2012,15.4,59.6,13.8
7/24/2012,32.5,32.2,28.6
7/25/2012,24.9,2.8,29.2
7/26/2012,0.5,14.2,3.2
7/27/2012,27.6,17.8,22.8
7/28/2012,18,11.6,1.2
7/29/2012,12.7,9.4,11.6
7/30/2012,9.6,13.8,23.6
7/31/2012,32.2,1.6,0
8/1/2012,1,8,0.8
8/2/2012,0.4,1.2,1.6
8/3/2012,35.6,65.2,53.6
8/4/2012,18.2,10.4,9.6
8/5/2012,0,2,0
8/6/2012,23.3,37,7.8
8/7/2012,0,8.8,0
8/8/2012,0,3.2,0
8/9/2012,18.8,37.2,36.4
8/10/2012,5.1,66,6.8
8/11/2012,3.7,6.4,0.2
8/12/2012,18.7,10.2,16.6
8/13/2012,5,27.2,2.4
8/14/2012,0,8.4,0
8/15/2012,1,10.2,0
8/16/2012,22.2,2.4,1.6
8/17/2012,0.4,0,2.8
8/18/2012,22.8,43.2,25.6
8/19/2012,1.1,5.8,0.4
8/20/2012,14.2,29,3.2
8/21/2012,2.3,1.4,2.8
8/22/2012,30.3,18.8,7.6
8/23/2012,7,13.6,25.8
8/24/2012,1.6,0,0.6
8/25/2012,4.5,14.8,3.8
8/26/2012,1.4,1.2,1.4
8/27/2012,0.8,27.2,0
8/28/2012,0,0,0
8/29/2012,1.3,0,0
8/30/2012,9.9,0,0
8/31/2012,39,0,1.2
9/1/2012,1.6,0,0.8
9/2/2012,22,19.6,8.6
9/3/2012,0,0,0
9/4/2012,10,6.8,6.2
9/5/2012,7,0,3.6
9/6/2012,11.4,0,1.4
9/7/2012,0,0,0
9/8/2012,0,1.4,0
9/9/2012,50,0,0
9/10/2012,1.7,2.6,0
9/11/2012,39,7,2.8
9/12/2012,38,26.8,20.6
9/13/2012,12.6,2.8,6.2
9/14/2012,75,17.1,19.8
9/15/2012,7.4,42.4,12.6
9/16/2012,37.2,40.2,62.4
9/17/2012,23.5,43.4,26.8
9/18/2012,23.5,32.2,25.2
9/19/2012,1.3,1.2,1.6
9/20/2012,0,0,0
9/21/2012,0,0,0.5
9/22/2012,0,0,0
9/23/2012,0,0,0
9/24/2012,0,0,0
9/25/2012,0,0,0
9/26/2012,1,0,0
9/27/2012,0,0,0
9/28/2012,0,0,0
9/29/2012,0,0,0
9/30/2012,0,0,0
10/1/2012,0,0,0
10/2/2012,0,0,0
10/3/2012,0,0,0
10/4/2012,0,0,0
10/5/2012,0,0,0
10/6/2012,0,0,0
10/7/2012,0,0,0
10/8/2012,0,0,0
10/9/2012,0,0,0
10/10/2012,13.2,0,0
10/11/2012,0,0,0
10/12/2012,0,0,0.2
10/13/2012,0,0,0
10/14/2012,0,0,0
10/15/2012,0,0,0
10/16/2012,0,0,0
10/17/2012,0,0,0
10/18/2012,0,0,0
10/19/2012,0,0,0
10/20/2012,0,0,0
10/21/2012,0,0,0
10/22/2012,0,0,0
10/23/2012,0,0,0
10/24/2012,0,0,0
10/25/2012,0,0,0
10/26/2012,0,0,0
10/27/2012,0,0,0
10/28/2012,0,0,0
10/29/2012,0,0,0
10/30/2012,0,0,0
10/31/2012,0,0,0
11/1/2012,0,0,0
11/2/2012,0,0,0
11/3/2012,0,0,0
11/4/2012,0,0,0
11/5/2012,0,0,0
11/6/2012,0,0,0
11/7/2012,0,0,0
11/8/2012,0,0,0
11/9/2012,0,0,0
11/10/2012,0,0,0
11/11/2012,0,0,0
11/12/2012,0,16.4,0
11/13/2012,0.7,0,0.8
11/14/2012,0,0,0
11/15/2012,0,0,0
11/16/2012,0,0,0
11/17/2012,0,0,0
11/18/2012,0,0,0
11/19/2012,0,0,0
11/20/2012,0,0,0
11/21/2012,0,0,0
11/22/2012,0,0,0
11/23/2012,0,0,0
11/24/2012,0,0,0
11/25/2012,0,0,0
11/26/2012,0,0,0
11/27/2012,0,0,0
11/28/2012,0,0,0
11/29/2012,0,0,0
11/30/2012,0,0,0
12/1/2012,0,0,0
12/2/2012,0,0,0
12/3/2012,0,0,0
12/4/2012,0,0,0
12/5/2012,0,0,0
12/6/2012,0,0,0
12/7/2012,0,0,0
12/8/2012,0,0,0
12/9/2012,0,0,0
12/10/2012,0,0,0
12/11/2012,0,0,0
12/12/2012,0,0,0
12/13/2012,0,0,0
12/14/2012,0,0,0
12/15/2012,0,0,0
12/16/2012,0,0,0
12/17/2012,0,0,0
12/18/2012,0,0,0
12/19/2012,0,0,0
12/20/2012,0,0,0
12/21/2012,0,0,0
12/22/2012,0,0,0
12/23/2012,0,0,0
12/24/2012,0,0,0
12/25/2012,0,0,0
12/26/2012,0,0,0
12/27/2012,0,0,0
12/28/2012,0,0,0
12/29/2012,0,0,0
12/30/2012,0,0,0
12/31/2012,0,0,0
1/1/2013,0,0,0
1/2/2013,0.2,0,0
1/3/2013,0,0,0
1/4/2013,0,0,0
1/5/2013,0,0,0
1/6/2013,0,0,0
1/7/2013,0,0,0
1/8/2013,0,0,0
1/9/2013,0,0,0
1/10/2013,0,0,0
1/11/2013,0,0,0
1/12/2013,0,0,0
1/13/2013,0,0,0
1/14/2013,0,0,0
1/15/2013,0,0,0
1/16/2013,0,0,0
1/17/2013,0,0,0
1/18/2013,0,5.4,0
1/19/2013,11.3,10.2,12.4
1/20/2013,0,0,0
1/21/2013,0,0,0
1/22/2013,0,0,0
1/23/2013,0,0,0
1/24/2013,0,0,0
1/25/2013,0,0,0
1/26/2013,0,0,0
1/27/2013,0,0,0
1/28/2013,0,0,0
1/29/2013,0,0,0
1/30/2013,0,0,0
1/31/2013,0,0,0
2/1/2013,0,0,0
2/2/2013,0,0,0
2/3/2013,0,0,0
2/4/2013,0,0,0
2/5/2013,1.5,2.2,0.6
2/6/2013,0.7,2,0.4
2/7/2013,2.5,2.3,2.8
2/8/2013,0,0,0
2/9/2013,0,0,0
2/10/2013,0,0,0
2/11/2013,0,0,0
2/12/2013,0,0,0
2/13/2013,0,0,0
2/14/2013,0,0,0
2/15/2013,0,0,0
2/16/2013,0.4,0,1.2
2/17/2013,30.6,30.2,31.7
2/18/2013,9,7.6,8.2
2/19/2013,0.4,0,0
2/20/2013,0,0,0
2/21/2013,0.2,0,0
2/22/2013,0,0,0
2/23/2013,0,0,0
2/24/2013,0,1,0
2/25/2013,0.1,0,0.2
2/26/2013,0,0,0
2/27/2013,0,0,0
2/28/2013,0,0,0
3/1/2013,0,0,0
3/2/2013,0,0,0
3/3/2013,0,0,0
3/4/2013,0,0,0
3/5/2013,0,0,0
3/6/2013,0,0,0
3/7/2013,0,0,0
3/8/2013,22.8,0,9.2
3/9/2013,0,0,0
3/10/2013,0,0,0
3/11/2013,3,3.2,0.8
3/12/2013,0,0,0
3/13/2013,0,0,0
3/14/2013,0,0,0
3/15/2013,0,0,0
3/16/2013,0,0,0
3/17/2013,0,0,0
3/18/2013,0,0,0
3/19/2013,0,0,0
3/20/2013,0,0,0
3/21/2013,0,0,0
3/22/2013,1.5,4.8,22.8
3/23/2013,0,0,0
3/24/2013,0,0,0
3/25/2013,0,0,0
3/26/2013,0,0,0
3/27/2013,0,0,0
3/28/2013,0,0,0
3/29/2013,0,0,0
3/30/2013,0,0,0
3/31/2013,0,0,0
4/1/2013,0,0,0
4/2/2013,0,0,0
4/3/2013,2,0,0
4/4/2013,0,0,0
4/5/2013,0,0,0
4/6/2013,0,0,0
4/7/2013,0,0,0
4/8/2013,0,0,0
4/9/2013,0,0,0
4/10/2013,0,0,0
4/11/2013,0,0,0
4/12/2013,0,0,0
4/13/2013,0,0,0
4/14/2013,0,0,0
4/15/2013,0,0,0
4/16/2013,0,2,0
4/17/2013,3.4,3,2.4
4/18/2013,0.7,3,1.6
4/19/2013,0.5,0,0.8
4/20/2013,13.1,4,0
4/21/2013,6.6,5.2,14.2
4/22/2013,16,23.2,14.4
4/23/2013,1.5,9.1,4.6
4/24/2013,0.1,1.9,1
4/25/2013,0.6,3.2,0.8
4/26/2013,0,0,0
4/27/2013,0,0,0
4/28/2013,0,0,0
4/29/2013,0,0,0
4/30/2013,0,0,0
5/1/2013,0,0,0
5/2/2013,0,0,0
5/3/2013,0,0,0
5/4/2013,0,0,0
5/5/2013,0,0,0
5/6/2013,0,0,0
5/7/2013,0,0,0
5/8/2013,4.3,30.4,10.8
5/9/2013,0,0,0
5/10/2013,0,0,0
5/11/2013,0,0,0
5/12/2013,2,0,1.2
5/13/2013,0,0,0
5/14/2013,0,0,0
5/15/2013,1.4,11,8.5
5/16/2013,2.8,4.2,3.8
5/17/2013,33,1.2,9.7
5/18/2013,1.2,4.8,1.5
5/19/2013,0.2,0,4.5
5/20/2013,0.5,0,0
5/21/2013,53,3.2,13.8
5/22/2013,1,0,0
5/23/2013,0.5,0,0.2
5/24/2013,100.5,47.2,75.8
5/25/2013,0,3,2.2
5/26/2013,0,0,0
5/27/2013,20.5,34.5,28.2
5/28/2013,0.4,0,0.8
5/29/2013,6.8,0,1
5/30/2013,0,35.3,0
5/31/2013,50.5,32.3,35
6/1/2013,1.7,0,0.6
6/2/2013,0,0,0
6/3/2013,0.3,2.2,0
6/4/2013,0,0,0
6/5/2013,0.2,0,0
6/6/2013,32.8,4.1,33.4
6/7/2013,1,36.9,1.2
6/8/2013,50.2,23,1.6
6/9/2013,0,1.1,0
6/10/2013,0,0,0
6/11/2013,1.4,0,0
6/12/2013,2.6,0,0
6/13/2013,19.5,21.2,0.3
6/14/2013,0,41,4.5
6/15/2013,1.4,10.2,0.2
6/16/2013,20.5,43.2,44.5
6/17/2013,0.7,20.3,1.5
6/18/2013,38.5,2.4,49.2
6/19/2013,20.2,4.4,18.6
6/20/2013,3.7,22,3.4
6/21/2013,0,0,5.4
6/22/2013,60,23.9,20.2
6/23/2013,0.6,21.4,0.4
6/24/2013,12,28.2,1.5
6/25/2013,16.5,0,33.5
6/26/2013,0.4,0,0
6/27/2013,4.1,6.2,2.4
6/28/2013,2.3,21.1,11.6
6/29/2013,4.5,6.9,3.8
6/30/2013,4,21,4.2
7/1/2013,1.6,10.4,2.8
7/2/2013,0,6.6,3.2
7/3/2013,1.1,0,0.2
7/4/2013,0.5,0,0
7/5/2013,4.5,1,0
7/6/2013,2.7,30.4,6.5
7/7/2013,15.6,38.2,23.7
7/8/2013,8.6,4.2,3.1
7/9/2013,1.8,4.2,1.5
7/10/2013,24.2,24,27.4
7/11/2013,9.5,22.4,16.8
7/12/2013,0.2,4,6.1
7/13/2013,0,0,0
7/14/2013,8.2,0,1.6
7/15/2013,44.9,0,1.4
7/16/2013,0,10.2,0
7/17/2013,4.3,4.4,0.5
7/18/2013,1,0,0
7/19/2013,9,7.8,4.5
7/20/2013,1.2,0,1.2
7/21/2013,0.5,51.7,0
7/22/2013,56.5,28.4,39
7/23/2013,12.6,6.8,10.7
7/24/2013,24.8,11,1.3
7/25/2013,75,8.2,0.2
7/26/2013,64.8,1.2,45.3
7/27/2013,5,8.8,3.5
7/28/2013,11.2,4.1,9.3
7/29/2013,3.6,0,5
7/30/2013,3.4,4.8,0
7/31/2013,32.2,0,8.2
8/1/2013,25.6,29.2,9
8/2/2013,8.2,7.1,5.7
8/3/2013,15,26.2,14.6
8/4/2013,10.2,4.1,6.4
8/5/2013,20.3,5.3,5.3
8/6/2013,2.2,1.4,5.7
8/7/2013,8.7,313,5.6
8/8/2013,22.2,25,15.2
8/9/2013,4.6,9.4,25.2
8/10/2013,0,2.2,5.7
8/11/2013,16.8,26,10.8
8/12/2013,40,20,17.5
8/13/2013,64.7,7,9.2
8/14/2013,10,22,3.7
8/15/2013,0,45.8,3.2
8/16/2013,2,11.2,3.9
8/17/2013,70.3,8.7,16.5
8/18/2013,4.3,12,19.7
8/19/2013,1.9,4.2,7.6
8/20/2013,44,6.4,3.2
8/21/2013,2.5,1.2,4.3
8/22/2013,5.2,0,1.2
8/23/2013,0.3,0,0
8/24/2013,0.3,5.3,0
8/25/2013,16.8,0,0.8
8/26/2013,26.4,0,57.5
8/27/2013,0.4,0,1.5
8/28/2013,2,0,2.3
8/29/2013,2.3,1.2,4.7
8/30/2013,3.1,0,0.9
8/31/2013,21.1,2.2,0.6
9/1/2013,1.4,4.6,6.3
9/2/2013,0.4,4,1.2
9/3/2013,3.3,6,5
9/4/2013,67.2,0,31.5
9/5/2013,0,0,0
9/6/2013,0,0,0
9/7/2013,0,0,0
9/8/2013,0,0,0
9/9/2013,10.7,0,0
9/10/2013,0,0,0
9/11/2013,1.3,0,11.9
9/12/2013,0.4,0,0
9/13/2013,0,0,0
9/14/2013,19.3,4.2,46.3
9/15/2013,6.2,12.9,2.3
9/16/2013,0,0,0
9/17/2013,0,0,0
9/18/2013,0,0,0
9/19/2013,0,0,0
9/20/2013,2,0,5.7
9/21/2013,0,0,0
9/22/2013,0,0,0
9/23/2013,46.7,0,0
9/24/2013,25,0,17.6
9/25/2013,0,0,0
9/26/2013,0,0,0
9/27/2013,0,0,0
9/28/2013,0,0,0
9/29/2013,33.4,32.1,6.2
9/30/2013,0,0,0
10/1/2013,0,1.2,1.5
10/2/2013,0.7,0,1.6
10/3/2013,6.2,3,5.4
10/4/2013,7.5,4,2.8
10/5/2013,3.3,2.2,3.7
10/6/2013,3.1,4.2,3.5
10/7/2013,2.5,4,1.3
10/8/2013,0,0,0
10/9/2013,0,0,0
10/10/2013,0,0,0
10/11/2013,0,0,0
10/12/2013,0,0,0
10/13/2013,0,0,0
10/14/2013,27.8,35.3,28.3
10/15/2013,42,32.6,43.2
10/16/2013,0.4,1.2,0.7
10/17/2013,0,0,0.8
10/18/2013,2.2,0,1.6
10/19/2013,0,0,0
10/20/2013,0,0,0
10/21/2013,0,0,0
10/22/2013,0,0,0
10/23/2013,0,0,0
10/24/2013,0,0,0
10/25/2013,0,0,0
10/26/2013,0,0,0
10/27/2013,0,0,0
10/28/2013,0,0,0
10/29/2013,0,0,0
10/30/2013,0,0,0
10/31/2013,0,0,0
11/1/2013,0,0,0
11/2/2013,0,0,0
11/3/2013,0,0,0
11/4/2013,0,0,0
11/5/2013,0,0,0
11/6/2013,0,0,0
11/7/2013,0,0,0
11/8/2013,0,0,0
11/9/2013,0,0,0
11/10/2013,0,0,0
11/11/2013,0,0,0
11/12/2013,0,0,0
11/13/2013,0,0,0
11/14/2013,0,0,0
11/15/2013,0,0,0
11/16/2013,0,0,0
11/17/2013,0,0,0
11/18/2013,0,0,0
11/19/2013,0,0,0
11/20/2013,0,0,0
11/21/2013,0,0,0
11/22/2013,0,0,0
11/23/2013,0,0,0
11/24/2013,0,0,0
11/25/2013,0,0,0
11/26/2013,0,0,0
11/27/2013,0,0,0
11/28/2013,0,0,0
11/29/2013,0,0,0
11/30/2013,0,0,0
12/1/2013,0,0,0
12/2/2013,0,0,0
12/3/2013,0,0,0
12/4/2013,0,0,0
12/5/2013,0,0,0
12/6/2013,0,0,0
12/7/2013,0,0,0
12/8/2013,0,0,0
12/9/2013,0,0,0
12/10/2013,0,0,0
12/11/2013,0,0,0
12/12/2013,0,0,0
12/13/2013,0,0,0
12/14/2013,0,0,0
12/15/2013,0,0,0
12/16/2013,0,0,0
12/17/2013,0,0,0
12/18/2013,0,0,0
12/19/2013,0,0,0
12/20/2013,0,0,0
12/21/2013,0,0,0
12/22/2013,0,0,0
12/23/2013,0,0,0
12/24/2013,0,0,0
12/25/2013,0,0,0
12/26/2013,0,0,0
12/27/2013,0,0,0
12/28/2013,0,0,0
12/29/2013,0,0,0
12/30/2013,0,0,0
12/31/2013,0,0,0
1/1/2014,0,0,0
1/2/2014,0,0,0
1/3/2014,0,0,0
1/4/2014,0,0,0
1/5/2014,0,0,0
1/6/2014,0,0,0
1/7/2014,0,0,0
1/8/2014,0,0,0
1/9/2014,0,0,0
1/10/2014,0,0,0
1/11/2014,0,0,0
1/12/2014,0,0,0
1/13/2014,0,0,0
1/14/2014,0,0,0
1/15/2014,0,0,0
1/16/2014,0,0,0
1/17/2014,0,0,0
1/18/2014,0,0,0
1/19/2014,4.2,5.4,2.5
1/20/2014,0,0,0
1/21/2014,0,0,0
1/22/2014,0,0,0
1/23/2014,0,0,0
1/24/2014,0,0,0
1/25/2014,0,0,0
1/26/2014,0,0,0
1/27/2014,0,0,0
1/28/2014,0,0,0
1/29/2014,0,0,0
1/30/2014,0,0,0
1/31/2014,0,0,0
2/1/2014,0,0,0
2/2/2014,0,0,0
2/3/2014,0,0,0
2/4/2014,0,0,0
2/5/2014,0,0,0
2/6/2014,0,0,0
2/7/2014,0,0,0
2/8/2014,0,0,0
2/9/2014,0,0,0
2/10/2014,0,0,0
2/11/2014,0,0,0
2/12/2014,0,0,0
2/13/2014,0,0,0
2/14/2014,3,1.6,2.2
2/15/2014,6.5,4.2,2.4
2/16/2014,8.5,7,13.6
2/17/2014,8.7,6.6,9.6
2/18/2014,0,0,0.4
2/19/2014,0,0,0
2/20/2014,0,0,0
2/21/2014,0,0,0
2/22/2014,0,0,0
2/23/2014,0,0,0
2/24/2014,0,0,0
2/25/2014,0,0,0
2/26/2014,0,0,0
2/27/2014,0,0,0
2/28/2014,0,0,0.4
3/1/2014,7,0,0.2
3/2/2014,15.6,14.6,11.5
3/3/2014,0,0,0
3/4/2014,0,0,0
3/5/2014,0,0,0
3/6/2014,0,0,0
3/7/2014,0,0,0
3/8/2014,0,0,0
3/9/2014,0,0,0
3/10/2014,0,0,0
3/11/2014,0,0,0
3/12/2014,0,0,0
3/13/2014,0,0,0
3/14/2014,0,0,0
3/15/2014,0,0,0
3/16/2014,0,0,0
3/17/2014,0,0,0
3/18/2014,0,0,0
3/19/2014,1,0,1.2
3/20/2014,0,5.8,0
3/21/2014,1.5,0,0
3/22/2014,18.5,0,3.1
3/23/2014,12,5,13
3/24/2014,0,7.6,1.8
3/25/2014,0,0,0
3/26/2014,3.1,0,14
3/27/2014,0,13,0
3/28/2014,0,0,0
3/29/2014,0,0,0
3/30/2014,0,0,0
3/31/2014,0,0,0
4/1/2014,0,0,0
4/2/2014,0,0,0
4/3/2014,0,0,0
4/4/2014,2.1,2.2,2.2
4/5/2014,0,0,0
4/6/2014,0,0,0
4/7/2014,0,0,0
4/8/2014,2.5,0,0
4/9/2014,0,0,0
4/10/2014,0,0,0
4/11/2014,0,0,0
4/12/2014,0,0,0
4/13/2014,0,0,0
4/14/2014,1,0,0.4
4/15/2014,0,0,0
4/16/2014,0,0,0
4/17/2014,0,0,0
4/18/2014,0,0,0
4/19/2014,0,0,0
4/20/2014,0,0,0
4/21/2014,0,0,0
4/22/2014,0,0,0
4/23/2014,0,0,0
4/24/2014,0,0,0
4/25/2014,0,0,0
4/26/2014,0,0,0
4/27/2014,0,0,0
4/28/2014,0.4,0,0
4/29/2014,0,0,0
4/30/2014,0,0,0
5/1/2014,0,0,0
5/2/2014,20.3,20.6,26
5/3/2014,28.2,2.2,9.2
5/4/2014,0.5,0,2.6
5/5/2014,42.1,42.2,45.2
5/6/2014,0.2,0,1.5
5/7/2014,0.5,0,0.2
5/8/2014,0,0,1.3
5/9/2014,0,0,0
5/10/2014,0,0,0
5/11/2014,0,0,0
5/12/2014,0,0,0
5/13/2014,0,0,0
5/14/2014,0,0,0
5/15/2014,0,0,0
5/16/2014,0,0,0
5/17/2014,0,0,0
5/18/2014,0,0,0
5/19/2014,0,0,0
5/20/2014,0,0,0
5/21/2014,0,0,0
5/22/2014,0,0,0
5/23/2014,0,0,0
5/24/2014,0,0,0
5/25/2014,4.5,4.8,7.6
5/26/2014,52.3,24.8,22.4
5/27/2014,1.7,2.2,2.5
5/28/2014,0.5,0,0.5
5/29/2014,0,0,0
5/30/2014,2.7,5.8,0.5
5/31/2014,0,0,0
6/1/2014,0,0,0
6/2/2014,1.5,45.8,1.7
6/3/2014,0,0,0
6/4/2014,0,0,0
6/5/2014,0,0,0
6/6/2014,2.7,0,0
6/7/2014,1.5,0,2.3
6/8/2014,2,4.6,1
6/9/2014,5.9,0,0
6/10/2014,0,0,0
6/11/2014,13.5,8.6,0
6/12/2014,0,0,0
6/13/2014,0,1.2,1.4
6/14/2014,0,0,0
6/15/2014,29.8,0,0
6/16/2014,0,0,19.1
6/17/2014,3,4.2,0
6/18/2014,0,0,0
6/19/2014,7.3,0,41.5
6/20/2014,12.8,0,0
6/21/2014,48.2,0,15
6/22/2014,12.8,42.2,10.2
6/23/2014,1.8,0,0.3
6/24/2014,0,0,0
6/25/2014,0,0,0
6/26/2014,0,0,0
6/27/2014,0,12,0.5
6/28/2014,23,17.8,0.2
6/29/2014,0,0,0
6/30/2014,0,0,0
7/1/2014,93.1,77.7,7.1
7/2/2014,0,0,0
7/3/2014,3.4,0,1.4
7/4/2014,1,0,2.4
7/5/2014,1.5,0,0.4
7/6/2014,1.5,7.2,10
7/7/2014,0,0,1.2
7/8/2014,0.2,0,0.6
7/9/2014,38.1,4.2,7.5
7/10/2014,0.4,8.4,0
7/11/2014,19.6,48.2,13.2
7/12/2014,3.6,3.1,2.5
7/13/2014,60,7.2,12.4
7/14/2014,0.5,10.2,13.2
7/15/2014,44.5,18.8,33.3
7/16/2014,9.9,26.6,9.1
7/17/2014,14.1,12.2,14.4
7/18/2014,0,1.2,1.5
7/19/2014,2.5,0,0.5
7/20/2014,14.6,0,4.2
7/21/2014,16.4,21.6,25.8
7/22/2014,4.3,5.6,17.5
7/23/2014,15.8,0,0
7/24/2014,28,32,35.4
7/25/2014,39.2,28.2,21.2
7/26/2014,15.4,18.2,10.3
7/27/2014,0.6,3,0.6
7/28/2014,0,0,0
7/29/2014,12.4,27.2,4.5
7/30/2014,19,40.8,7.2
7/31/2014,2.3,1.4,7.3
8/1/2014,8.2,2.4,0
8/2/2014,2.1,0,0
8/3/2014,9.5,13.2,30.5
8/4/2014,8.8,10.6,11.2
8/5/2014,9.5,0,0
8/6/2014,0,0,0
8/7/2014,0.3,2.2,4.8
8/8/2014,26,48.2,23.2
8/9/2014,3,12,5.3
8/10/2014,5.2,32.6,0
8/11/2014,1.6,0,0
8/12/2014,7,4,0
8/13/2014,14.3,8,6.4
8/14/2014,15.2,9.2,21.5
8/15/2014,30,87.2,55.6
8/16/2014,6.6,7,2.1
8/17/2014,0,0,0
8/18/2014,1.6,0,2.4
8/19/2014,1.2,0,0
8/20/2014,2,0,4.5
8/21/2014,1.2,2,1.8
8/22/2014,2.2,0,0.2
8/23/2014,12.4,5.2,5
8/24/2014,40,0,24.7
8/25/2014,3.6,7,3.6
8/26/2014,3.5,8,8.2
8/27/2014,11.3,12.2,13.5
8/28/2014,42,19.2,4.1
8/29/2014,1.2,8.4,2.4
8/30/2014,5,2.4,1.4
8/31/2014,20,0,4.2
9/1/2014,14,2,1.7
9/2/2014,0,1.3,0
9/3/2014,0,3.1,0
9/4/2014,0,0,0
9/5/2014,0,10.2,0
9/6/2014,0.5,0,1.1
9/7/2014,14.8,34,23.2
9/8/2014,0.5,1.3,0
9/9/2014,35.8,25.2,25.5
9/10/2014,10.1,15.4,1.5
9/11/2014,26,8,3.7
9/12/2014,0,1.2,0
9/13/2014,19.7,20.4,7.3
9/14/2014,12.8,50.2,1.4
9/15/2014,1.1,2.1,2
9/16/2014,0,0,0
9/17/2014,0.2,5.4,0
9/18/2014,0,0,0
9/19/2014,70.5,17,18.6
9/20/2014,13,9.4,0.5
9/21/2014,44.5,2.4,3.6
9/22/2014,6.8,12.2,4.2
9/23/2014,2.5,0,0.2
9/24/2014,2.1,8,0
9/25/2014,0,2.2,0
9/26/2014,0,7,0.2
9/27/2014,0,0,0
9/28/2014,0,0,0
9/29/2014,2.5,0,0
9/30/2014,2,0,17.5
10/1/2014,0,0,0
10/2/2014,0,0,0
10/3/2014,0,0,0
10/4/2014,0,0,0
10/5/2014,0,0,0
10/6/2014,0,0,0
10/7/2014,8.2,0,0
10/8/2014,2.4,0,0
10/9/2014,0,0,0
10/10/2014,0,0,0
10/11/2014,0,0,0
10/12/2014,0,0,0
10/13/2014,0,0,0
10/14/2014,12.6,10.8,10.2
10/15/2014,62.7,68.4,65
10/16/2014,0.5,0,0
10/17/2014,0,0,0
10/18/2014,0,0,0
10/19/2014,0,0,0
10/20/2014,0,0,0
10/21/2014,0,0,0
10/22/2014,3,0,0
10/23/2014,0,0,0
10/24/2014,0,0,0
10/25/2014,0,0,0
10/26/2014,0,0,0
10/27/2014,1.8,0,0
10/28/2014,0,0,0
10/29/2014,0,0,0
10/30/2014,0,0,0
10/31/2014,0,0,0
11/1/2014,0,0,0
11/2/2014,0,0,0
11/3/2014,0,0,0
11/4/2014,0,0,0
11/5/2014,0,0,0
11/6/2014,0,0,0
11/7/2014,0,0,0
11/8/2014,0,0,0
11/9/2014,0,0,0
11/10/2014,0,0,0
11/11/2014,0,0,0
11/12/2014,0,0,0
11/13/2014,0,0,0
11/14/2014,0,0,0
11/15/2014,0,0,0
11/16/2014,0,0,0
11/17/2014,0,0,0
11/18/2014,0,0,0
11/19/2014,0,0,0
11/20/2014,0,0,0
11/21/2014,0,0,0
11/22/2014,0,0,0
11/23/2014,0,0,0
11/24/2014,0,0,0
11/25/2014,0,0,0
11/26/2014,0,0,0
11/27/2014,0,0,0
11/28/2014,0,0,0
11/29/2014,0,0,0
11/30/2014,0,0,0
12/1/2014,0,0,0
12/2/2014,0,0,0
12/3/2014,0,0,0
12/4/2014,0,0,0
12/5/2014,0,0,0
12/6/2014,0,0,0
12/7/2014,0,0,0
12/8/2014,0,0,0
12/9/2014,0,0,0
12/10/2014,0,0,0
12/11/2014,0,0,0
12/12/2014,0,0,0
12/13/2014,0,0,0
12/14/2014,7.8,9.2,6.5
12/15/2014,11,8,10.2
12/16/2014,16.2,5.6,3.8
12/17/2014,1.7,2.6,0.5
12/18/2014,0,0,0
12/19/2014,0,0,0
12/20/2014,0,0,0
12/21/2014,0,0,0
12/22/2014,0,0,0
12/23/2014,0,0,0
12/24/2014,0,0,0
12/25/2014,0,0,0
12/26/2014,0,0,0
12/27/2014,0,0,0
12/28/2014,0,0,0
12/29/2014,0,0,0
12/30/2014,0,0,0
12/31/2014,0,0,0
1/1/2015,0,,0
1/2/2015,1.6,,0.5
1/3/2015,0,,0
1/4/2015,1,,0
1/5/2015,0,,0
1/6/2015,0,,0
1/7/2015,0,,0
1/8/2015,0.8,,1
1/9/2015,0,,0
1/10/2015,0,,0
1/11/2015,0,,0
1/12/2015,0,,0
1/13/2015,0,,0
1/14/2015,0,,0
1/15/2015,0,,0
1/16/2015,0,,0
1/17/2015,0,,0
1/18/2015,0,,0
1/19/2015,0,,0
1/20/2015,0,,0
1/21/2015,0,,0
1/22/2015,0,,0
1/23/2015,0,,0
1/24/2015,0,,0
1/25/2015,0,,0
1/26/2015,0,,0
1/27/2015,0,,0
1/28/2015,0,,0
1/29/2015,0,,0
1/30/2015,0,,0
1/31/2015,0,,0
2/1/2015,0,0,0
2/2/2015,0,0,0
2/3/2015,0,0,0
2/4/2015,1,0,2.2
2/5/2015,0,2.2,0
2/6/2015,0,0,0
2/7/2015,0,0,0
2/8/2015,0,0,0
2/9/2015,0,0,0
2/10/2015,0,0,0
2/11/2015,0,0,0
2/12/2015,0,0,0
2/13/2015,0,0,0
2/14/2015,0,0,0
2/15/2015,0,0,0
2/16/2015,0,0,0
2/17/2015,0,0,0
2/18/2015,0,0,0
2/19/2015,11,10.2,16.5
2/20/2015,0,0,0
2/21/2015,0,0,0
2/22/2015,0,0,0
2/23/2015,0,0,0
2/24/2015,0,0,0
2/25/2015,0,0,0
2/26/2015,0,0,0
2/27/2015,23.2,27.3,19.7
2/28/2015,0,0,0
3/1/2015,0,0,0
3/2/2015,37.2,19.1,39.5
3/3/2015,10.2,6.2,12.2
3/4/2015,0,0,2.2
3/5/2015,0,0,0
3/6/2015,0,0,0
3/7/2015,0,0,0
3/8/2015,0,0,0
3/9/2015,0,0,0
3/10/2015,0,0,0
3/11/2015,0,0,0
3/12/2015,0,0,0
3/13/2015,0,0,0
3/14/2015,0,0,0
3/15/2015,0,0,0
3/16/2015,2.3,0,1.1
3/17/2015,0,0,0
3/18/2015,0,0,0
3/19/2015,0,0,0
3/20/2015,0,0,0
3/21/2015,0,0,0
3/22/2015,0,0,0
3/23/2015,0,0,0
3/24/2015,7,1.2,4.2
3/25/2015,1.4,0,0.2
3/26/2015,0,0,0
3/27/2015,27.8,0,12
3/28/2015,1.3,0,3.6
3/29/2015,0,0,0
3/30/2015,0,3.1,0
3/31/2015,11.5,0,11.3
4/1/2015,0,0,0
4/2/2015,0,0,0
4/3/2015,0,0,0
4/4/2015,7.5,4.3,0
4/5/2015,3.3,6.7,3.2
4/6/2015,0,0,0
4/7/2015,0,0,0
4/8/2015,0,0,0
4/9/2015,0,0,0
4/10/2015,0,0,0
4/11/2015,0,0,0
4/12/2015,0,0,0
4/13/2015,7.2,9,17.8
4/14/2015,2.7,0,3.2
4/15/2015,0,4.4,0
4/16/2015,1,0,5.3
4/17/2015,0,7.2,5.5
4/18/2015,10.2,3,7.5
4/19/2015,0,5.1,0
4/20/2015,0,0,0
4/21/2015,0,0,0
4/22/2015,2.9,0,3.5
4/23/2015,0.3,10.3,0
4/24/2015,0,20.2,0
4/25/2015,0,14.2,8.4
4/26/2015,0,10.4,0
4/27/2015,4.3,8.7,4.6
4/28/2015,0,3,0
4/29/2015,3,0,10.2
4/30/2015,8.6,0,2.3
5/1/2015,0.5,0,0.2
5/2/2015,0,0,0
5/3/2015,0,0,0
5/4/2015,0,0,0
5/5/2015,0,0,0
5/6/2015,0,0,0
5/7/2015,0,0,0
5/8/2015,0,0,8.6
5/9/2015,0.5,0,0
5/10/2015,5.1,0,0.2
5/11/2015,115.5,18,9.5
5/12/2015,17,4.6,5
5/13/2015,0,0,0
5/14/2015,0,0,0
5/15/2015,0,0,0
5/16/2015,0,0,0
5/17/2015,2,0,6.2
5/18/2015,0,0,0
5/19/2015,0,0,0
5/20/2015,0.2,1.2,0.4
5/21/2015,0,0,0
5/22/2015,0,0,0
5/23/2015,0,0,0
5/24/2015,4.4,0,4.6
5/25/2015,0,0,0
5/26/2015,7.3,1.2,7.3
5/27/2015,3.4,2.3,6.2
5/28/2015,0,0,1.8
5/29/2015,0,0,0
5/30/2015,0,0,1.6
5/31/2015,0,0,0
6/1/2015,0,0,0
6/2/2015,0,0,0
6/3/2015,0,0,0
6/4/2015,1.5,3.8,1.8
6/5/2015,0.5,3.2,2.2
6/6/2015,0,0,0
6/7/2015,0,0,0
6/8/2015,0,0,0
6/9/2015,0,0,0
6/10/2015,6,15.2,6.2
6/11/2015,0.5,3.2,0.2
6/12/2015,5.6,2.4,6.7
6/13/2015,15.5,3.6,11.9
6/14/2015,1.6,0,1.2
6/15/2015,0,1,0
6/16/2015,2.9,0,1.7
6/17/2015,5.5,0,0
6/18/2015,0.5,14.3,6.5
6/19/2015,2.6,3.2,0.3
6/20/2015,29,12.8,2.3
6/21/2015,19.4,0,9.8
6/22/2015,0,0,0
6/23/2015,1.8,16.6,23.2
6/24/2015,2.3,4.2,0.5
6/25/2015,4.5,0,8.5
6/26/2015,5,12,0
6/27/2015,14.4,7,21.5
6/28/2015,6.5,0,20.6
6/29/2015,0,0,0.2
6/30/2015,0,0,0
7/1/2015,13.8,14.8,1.5
7/2/2015,58.4,29.2,0
7/3/2015,2.2,3.1,0
7/4/2015,0,7,1.6
7/5/2015,16.6,7.2,30.5
7/6/2015,28.5,6,32.1
7/7/2015,28,7.8,14.7
7/8/2015,7.8,16.8,19.6
7/9/2015,11,16.8,1.5
7/10/2015,11.7,26.2,11.2
7/11/2015,0.2,1,0
7/12/2015,0,0,0
7/13/2015,0,0,0
7/14/2015,0,0,0
7/15/2015,3.4,0,6.3
7/16/2015,85.2,17.8,45.7
7/17/2015,1.4,0,4.3
7/18/2015,22.4,0,31.5
7/19/2015,13.4,0,0
7/20/2015,37.8,3,13.6
7/21/2015,13,13,3.1
7/22/2015,14.1,17.2,3.4
7/23/2015,1.4,22,1.3
7/24/2015,8,0,2.1
7/25/2015,13.4,32.2,2.3
7/26/2015,16.2,17.6,33.2
7/27/2015,0,0,0
7/28/2015,3.1,47.8,2.5
7/29/2015,0,0,0
7/30/2015,25.5,33.4,11.2
7/31/2015,34.1,0,8.2
8/1/2015,4.3,11.4,1.5
8/2/2015,30.8,0,22.5
8/3/2015,0.2,10.2,1.3
8/4/2015,0.7,0,0
8/5/2015,3.3,1.2,2.2
8/6/2015,0,0,0
8/7/2015,63.2,28.4,10.6
8/8/2015,20.8,0,3.4
8/9/2015,0.3,0,1.3
8/10/2015,0,0,0
8/11/2015,27.2,14.2,21.2
8/12/2015,12.7,0,4.6
8/13/2015,25.8,23.4,0.2
8/14/2015,3.1,0,0
8/15/2015,0,7.4,0
8/16/2015,0.5,11,0
8/17/2015,67,30.4,39.2
8/18/2015,1.5,9.4,1.5
8/19/2015,17,8.2,2.3
8/20/2015,6.5,10.2,9.7
8/21/2015,50.6,4.3,36.2
8/22/2015,4.4,16.6,1.3
8/23/2015,23.2,13.2,14.5
8/24/2015,0,0,0
8/25/2015,0.3,0,0
8/26/2015,36.3,18.2,35.2
8/27/2015,21.8,22.5,0.5
8/28/2015,10,6.7,14.7
8/29/2015,0.7,0,1.5
8/30/2015,2.2,0,3.7
8/31/2015,17.6,5,0.6
9/1/2015,0,0,0
9/2/2015,7.5,0,2.5
9/3/2015,35.6,5,2.4
9/4/2015,0,0,1.1
9/5/2015,0,0,0
9/6/2015,0,0,0
9/7/2015,0,0,0
9/8/2015,9.2,0,0
9/9/2015,3.4,0,0
9/10/2015,0,0,0
9/11/2015,12.5,0,0
9/12/2015,54,5,1.6
9/13/2015,8.3,10.2,3.4
9/14/2015,0,0,0.2
9/15/2015,28,2.2,0.8
9/16/2015,0,0,0
9/17/2015,0,0,0
9/18/2015,0.5,0,2.5
9/19/2015,3,0,0
9/20/2015,7.5,0,2.4
9/21/2015,12.5,4,7.1
9/22/2015,0,0,18.7
9/23/2015,0,1.6,2.3
9/24/2015,0.3,5.2,1.5
9/25/2015,2.5,0,0
9/26/2015,0,0,0
9/27/2015,0,0,0
9/28/2015,4.6,0,0
9/29/2015,0,0,0
9/30/2015,0,0,0
10/1/2015,0,0,0
10/2/2015,0,0,0
10/3/2015,0,0,0
10/4/2015,0,0,0
10/5/2015,0,0,0
10/6/2015,0,0,0
10/7/2015,0,0,0
10/8/2015,0,0,0
10/9/2015,0,0,0
10/10/2015,0,0,0
10/11/2015,0,0,0
10/12/2015,46.6,0,0
10/13/2015,0,0,0
10/14/2015,1.5,0,2.1
10/15/2015,4.6,0,12.9
10/16/2015,0.3,0,0
10/17/2015,0.8,0,0
10/18/2015,0,0,0
10/19/2015,0,0,0
10/20/2015,0,0,0
10/21/2015,0,0,0
10/22/2015,0,0,0
10/23/2015,0,0,0
10/24/2015,0,0,0
10/25/2015,0,0,0
10/26/2015,0,0,0
10/27/2015,0,0,0
10/28/2015,0,0,0
10/29/2015,10.7,15,9.6
10/30/2015,3.1,21,2.9
10/31/2015,0,0,0
11/1/2015,0,0,0
11/2/2015,0,0,0
11/3/2015,0,0,0
11/4/2015,0,0,0
11/5/2015,0,0,0
11/6/2015,0,0,0
11/7/2015,0,0,0
11/8/2015,0,0,0
11/9/2015,0,0,0
11/10/2015,0,0,0
11/11/2015,0,0,0
11/12/2015,0,0,0
11/13/2015,0,0,0
11/14/2015,0,0,0
11/15/2015,0,0,0
11/16/2015,0,0,0
11/17/2015,0,0,0
11/18/2015,0,0,0
11/19/2015,0,0,0
11/20/2015,0,0,0
11/21/2015,0,0,0
11/22/2015,0,0,0
11/23/2015,0,0,0
11/24/2015,0,0,0
11/25/2015,0,0,0
11/26/2015,0,0,0
11/27/2015,0,0,0
11/28/2015,0,0,0
11/29/2015,0,0,0
11/30/2015,0,0,0
12/1/2015,0,0,0
12/2/2015,0,0,0
12/3/2015,0,0,0
12/4/2015,0,0,0
12/5/2015,0,0,0
12/6/2015,0,0,0
12/7/2015,0,0,0
12/8/2015,0,0,0
12/9/2015,0,0,0
12/10/2015,0,0,0
12/11/2015,0,0,0
12/12/2015,0,0,0
12/13/2015,0,0,0
12/14/2015,0,0,0
12/15/2015,0,0,0
12/16/2015,0,0,0
12/17/2015,0,0,0
12/18/2015,0,0,0
12/19/2015,0,0,0
12/20/2015,0,0,0
12/21/2015,0,0,0
12/22/2015,0,0,0
12/23/2015,0,0,0
12/24/2015,0,0,0
12/25/2015,0,0,0
12/26/2015,0,0,0
12/27/2015,0,0,0
12/28/2015,0,0,0
12/29/2015,0,0,0
12/30/2015,0,0,0
12/31/2015,0,0,0
1/1/2016,0,0,0
1/2/2016,0,0,0
1/3/2016,0,0,0
1/4/2016,0,0,0
1/5/2016,0,0,0
1/6/2016,0,0,0
1/7/2016,0,0,0
1/8/2016,0,0,0
1/9/2016,0,0,0
1/10/2016,0,0,0
1/11/2016,0,0,0
1/12/2016,0,0,0
1/13/2016,0,0,0
1/14/2016,0,0,0
1/15/2016,0,0,0
1/16/2016,0,0,0
1/17/2016,0,0,0
1/18/2016,0,0,0
1/19/2016,0,0,0
1/20/2016,0.4,0,0.2
1/21/2016,0,0,0
1/22/2016,0,0,0
1/23/2016,0,0,0
1/24/2016,0,0,0
1/25/2016,0,0,0
1/26/2016,0,0,0
1/27/2016,0,0,0
1/28/2016,0,0,0
1/29/2016,0,0,0
1/30/2016,0,0,0
1/31/2016,0,0,0
2/1/2016,0,0,0
2/2/2016,0,0,0
2/3/2016,0,0,0
2/4/2016,0,0,0
2/5/2016,0,0,0
2/6/2016,0,0,0
2/7/2016,0,0,0
2/8/2016,2.5,0,4.5
2/9/2016,1.2,0,1.6
2/10/2016,0,0,0
2/11/2016,0,0,0
2/12/2016,0,0,0
2/13/2016,0,0,0
2/14/2016,0,0,0
2/15/2016,0,0,0
2/16/2016,0,0,0
2/17/2016,0,0,0
2/18/2016,0,0,0
2/19/2016,0,0,0
2/20/2016,0,0,0
2/21/2016,0,0,0.2
2/22/2016,0,0,0
2/23/2016,0,0,0
2/24/2016,0,0,0
2/25/2016,0,0,0
2/26/2016,0,0,0
2/27/2016,0,0,0
2/28/2016,0,0,0
2/29/2016,21.6,20.3,12.8
3/1/2016,0,0,0
3/2/2016,0.6,0,0
3/3/2016,0,0,0
3/4/2016,0,0,0
3/5/2016,0,0,0
3/6/2016,0,0,0
3/7/2016,0,0,0.2
3/8/2016,0,0,0
3/9/2016,0,0,0
3/10/2016,0,0,0
3/11/2016,0,0,0
3/12/2016,0,0,0
3/13/2016,0,0,0
3/14/2016,0,5.6,0
3/15/2016,5.6,0,6.2
3/16/2016,0,0,0
3/17/2016,0,0,0
3/18/2016,0,0,0
3/19/2016,0,0,0
3/20/2016,0,0,0
3/21/2016,0,0,0
3/22/2016,0,0,0
3/23/2016,0,0,0
3/24/2016,0,0,0
3/25/2016,0,0,0
3/26/2016,0,0,0
3/27/2016,0,0,0
3/28/2016,0,1.4,0
3/29/2016,0.1,3.8,0.2
3/30/2016,0,0,0
3/31/2016,0,0,0
4/1/2016,7.5,0,9.2
4/2/2016,0,0,0
4/3/2016,0,0,0
4/4/2016,0,0,0
4/5/2016,0,0,0
4/6/2016,0,0,0
4/7/2016,0,0,0
4/8/2016,0,0,0
4/9/2016,0,0,0
4/10/2016,0,0,0
4/11/2016,0,0,0
4/12/2016,0,0,0
4/13/2016,0,0,0
4/14/2016,0,0,0
4/15/2016,0,0,0
4/16/2016,0,0,0
4/17/2016,0,0,0.2
4/18/2016,0,0,0
4/19/2016,3.5,1.6,1.2
4/20/2016,0,0,0
4/21/2016,0,0,0
4/22/2016,0,0,0
4/23/2016,0,0,0
4/24/2016,0,0,0
4/25/2016,0,0,0
4/26/2016,0,0,0
4/27/2016,0,0,0
4/28/2016,0,0,0
4/29/2016,0,0,0
4/30/2016,0,0,0
5/1/2016,0,0,0
5/2/2016,0,0,0
5/3/2016,0,0,0
5/4/2016,0,0,0
5/5/2016,4.2,5,4.6
5/6/2016,0,0,3.9
5/7/2016,1.2,0,0.5
5/8/2016,0,0,0
5/9/2016,0,0,0
5/10/2016,0.6,0,0
5/11/2016,6,11.4,87
5/12/2016,0,1,10.4
5/13/2016,11,14,17.4
5/14/2016,5.9,11.2,11.2
5/15/2016,1.3,3.6,0
5/16/2016,0.3,0,0
5/17/2016,0,0,0
5/18/2016,8.9,0,5.2
5/19/2016,0,6,0
5/20/2016,10,14.6,1.6
5/21/2016,3.6,27.6,2.4
5/22/2016,0.3,0,0
5/23/2016,0,0,0
5/24/2016,0,0,21.5
5/25/2016,4,0,0
5/26/2016,3.5,6,4.2
5/27/2016,0.5,0,4.8
5/28/2016,12.6,0,0.2
5/29/2016,3,8.8,6.2
5/30/2016,4.2,6,5.4
5/31/2016,11.2,7.2,2.5
6/1/2016,0.3,4.4,2.6
6/2/2016,0,0,0
6/3/2016,17.6,0,0
6/4/2016,0,0,10.2
6/5/2016,0,0,0
6/6/2016,17.6,0,0
6/7/2016,17.8,0,1.6
6/8/2016,2.6,3,6.2
6/9/2016,9.7,0,0
6/10/2016,0,0,0
6/11/2016,32.2,7,13.4
6/12/2016,34.2,14.8,7.9
6/13/2016,3.3,11,3.9
6/14/2016,0,0,0.6
6/15/2016,1.4,0,0
6/16/2016,21,8.3,8.4
6/17/2016,9.5,12.8,9.1
6/18/2016,3.5,0,1.8
6/19/2016,0,11.1,1.6
6/20/2016,31.8,3.2,0.3
6/21/2016,31.8,6.4,1.3
6/22/2016,28.8,14.6,14.2
6/23/2016,9.5,17.6,4.3
6/24/2016,0,0,0
6/25/2016,0,3.6,0
6/26/2016,0.8,29.2,4.1
6/27/2016,0.9,8.2,3.8
6/28/2016,0,2.2,3.2
6/29/2016,1.3,15.6,0
6/30/2016,94.6,4.6,12.4
7/1/2016,22.8,2,2.4
7/2/2016,59.4,32.6,74.6
7/3/2016,5.6,7,13.9
7/4/2016,19,2.4,7.6
7/5/2016,3.8,3.8,2.5
7/6/2016,0,0,0
7/7/2016,0,6.8,0
7/8/2016,6.5,19.4,7.2
7/9/2016,0,2.2,0.8
7/10/2016,2.5,4.8,9.5
7/11/2016,7.3,34.8,5.6
7/12/2016,2.2,2.6,1.4
7/13/2016,0.9,0,0
7/14/2016,29.1,22.8,10.5
7/15/2016,24,15.6,15.2
7/16/2016,20,20,23.8
7/17/2016,10.9,6.2,46.7
7/18/2016,46.3,1,45.9
7/19/2016,0.5,4.4,0.3
7/20/2016,24,13,6.7
7/21/2016,12.4,17,13.5
7/22/2016,9,10,14.8
7/23/2016,31.4,14,10.6
7/24/2016,0.5,27,16.5
7/25/2016,25.2,0,16.2
7/26/2016,86.9,40,56.3
7/27/2016,2.3,1,3.1
7/28/2016,0.5,7.2,2.4
7/29/2016,11.4,16,4.2
7/30/2016,11.6,14.4,0
7/31/2016,1.8,3.2,2.3
8/1/2016,3.6,13,9.8
8/2/2016,8.3,4.3,29.3
8/3/2016,1,1,8.4
8/4/2016,0.5,0,0
8/5/2016,7.2,5.2,11.2
8/6/2016,13,4.2,5.1
8/7/2016,0.3,0,0
8/8/2016,1.8,6,1.2
8/9/2016,2.3,5,12.5
8/10/2016,0.2,3,9.2
8/11/2016,11,6.2,3.1
8/12/2016,0,0,0
8/13/2016,6,17,0.2
8/14/2016,4.5,7.1,0
8/15/2016,1.2,1.2,6.5
8/16/2016,3.1,14.8,0.5
8/17/2016,21,6.8,8.3
8/18/2016,0,0,0
8/19/2016,0.2,2,0.2
8/20/2016,0.5,0,0
8/21/2016,0,0,0
8/22/2016,10.3,0,12.6
8/23/2016,3.4,2.1,7.5
8/24/2016,0,0,0
8/25/2016,0,1,0
8/26/2016,15.2,8.8,6.2
8/27/2016,0.2,0,14.7
8/28/2016,0,25.2,14.7
8/29/2016,0,0,0
8/30/2016,1,0,0
8/31/2016,11,25.2,8.5
9/1/2016,4.2,2,1.7
9/2/2016,0,3,1.3
9/3/2016,62.3,22,39.5
9/4/2016,19,2,12.7
9/5/2016,0.2,0,1.1
9/6/2016,0,22.2,0.5
9/7/2016,8.2,6.2,2.4
9/8/2016,2.4,18,1.8
9/9/2016,0,0,0
9/10/2016,2.3,1,5.3
9/11/2016,14.1,5.4,7.5
9/12/2016,66.8,65.4,3.2
9/13/2016,20.4,18,32.5
9/14/2016,0,2.1,0.2
9/15/2016,24,18.5,0
9/16/2016,0,0,0
9/17/2016,1.5,0,2.3
9/18/2016,16,44.4,16.5
9/19/2016,0.8,0,0
9/20/2016,0,0,0
9/21/2016,24,10.4,9.1
9/22/2016,0.8,0,1.7
9/23/2016,0,0,0
9/24/2016,4.5,0,0
9/25/2016,9.5,15,9.7
9/26/2016,0,0,0.2
9/27/2016,0,0,1.3
9/28/2016,0.4,0,0
9/29/2016,0.3,0,0.5
9/30/2016,0,0,0
10/1/2016,17,8,2.1
10/2/2016,6.2,0,3.8
10/3/2016,0,0,0
10/4/2016,37.8,8.4,12.2
10/5/2016,1.8,1.2,0
10/6/2016,1.4,13,6.5
10/7/2016,0,0,0
10/8/2016,0,2,0
10/9/2016,0,0,0
10/10/2016,0.3,4.4,0
10/11/2016,0,0,2.2
10/12/2016,0,0,0
10/13/2016,0,0,0
10/14/2016,0,0,0
10/15/2016,0.5,0,0
10/16/2016,0,0,0
10/17/2016,0,0,0
10/18/2016,0,0,0
10/19/2016,26,0,0
10/20/2016,0,0,0
10/21/2016,0,0,0
10/22/2016,0,0,0
10/23/2016,0,0,0
10/24/2016,0,0,0
10/25/2016,0,0,0
10/26/2016,0,0,0
10/27/2016,0,0,0
10/28/2016,0,0,0
10/29/2016,0,0,0
10/30/2016,0,0,0
10/31/2016,0,0,0
11/1/2016,0,0,0
11/2/2016,0,0,0
11/3/2016,0,0,0
11/4/2016,0,0,0
11/5/2016,0,0,0
11/6/2016,0,0,0
11/7/2016,0,0,0
11/8/2016,0,0,0
11/9/2016,0,0,0
11/10/2016,0,0,0
11/11/2016,0,0,0
11/12/2016,0,0,0
11/13/2016,0,0,0
11/14/2016,0,0,0
11/15/2016,0,0,0
11/16/2016,0,0,0
11/17/2016,0,0,0
11/18/2016,0,0,0
11/19/2016,0,0,0
11/20/2016,0,0,0
11/21/2016,0,0,0
11/22/2016,0,0,0
11/23/2016,0,0,0
11/24/2016,0,0,0
11/25/2016,0,0,0
11/26/2016,0,0,0
11/27/2016,0,0,0
11/28/2016,0,0,0
11/29/2016,0,0,0
11/30/2016,0,0,0
12/1/2016,0,0,0
12/2/2016,0,0,0
12/3/2016,0,0,0
12/4/2016,0,0,0
12/5/2016,0,0,0
12/6/2016,0,0,0
12/7/2016,0,0,0
12/8/2016,0,0,0
12/9/2016,0,0,0
12/10/2016,0,0,0
12/11/2016,0,0,0
12/12/2016,0,0,0
12/13/2016,0,0,0
12/14/2016,0,0,0
12/15/2016,0,0,0
12/16/2016,0,0,0
12/17/2016,0,0,0
12/18/2016,0,0,0
12/19/2016,0,0,0
12/20/2016,0,0,0
12/21/2016,0,0,0
12/22/2016,0,0,0
12/23/2016,0,0,0
12/24/2016,0,0,0
12/25/2016,0,0,0
12/26/2016,0,0,0
12/27/2016,0,0,0
12/28/2016,0,0,0
12/29/2016,0,0,0
12/30/2016,0,0,0
12/31/2016,0,0,0
1/1/2017,0.1,0,0
1/2/2017,0.1,0,0.4
1/3/2017,1.5,0,3.2
1/4/2017,0,0,0
1/5/2017,0,0,0
1/6/2017,0,0,0
1/7/2017,0,0,0
1/8/2017,0,0,0
1/9/2017,0,0,0
1/10/2017,0,0,0
1/11/2017,0,0,0
1/12/2017,0,0,0
1/13/2017,0,0,0
1/14/2017,0,0,0
1/15/2017,0,0,0
1/16/2017,0,0,0
1/17/2017,0,0,0
1/18/2017,0,0,0
1/19/2017,0,0,0
1/20/2017,0,0,0
1/21/2017,0,0,0
1/22/2017,0,0,0
1/23/2017,0,0,0
1/24/2017,0,0,0
1/25/2017,0,0,0
1/26/2017,0,0,0
1/27/2017,0,0,0
1/28/2017,11.6,0,11.2
1/29/2017,0,0,0
1/30/2017,0,0,0
1/31/2017,0,0,0
2/1/2017,0,0,0
2/2/2017,0,0,0
2/3/2017,0,0,0
2/4/2017,0,0,0
2/5/2017,0,0,0
2/6/2017,0,0,0
2/7/2017,0,0,0
2/8/2017,0,0,0
2/9/2017,0,0,0
2/10/2017,0,0,0
2/11/2017,0,0,0
2/12/2017,0,0,0
2/13/2017,0,0,0
2/14/2017,0,0,0
2/15/2017,0,0,0
2/16/2017,0,0,0
2/17/2017,0,0,0
2/18/2017,0,0,0
2/19/2017,0,0,0
2/20/2017,0,0,0
2/21/2017,0.5,1.3,0
2/22/2017,0,0,0
2/23/2017,0,0,0
2/24/2017,0,0,0
2/25/2017,0,0,0
2/26/2017,0,0,0
2/27/2017,0,0,0
2/28/2017,0,0,0
3/1/2017,0,0,0
3/2/2017,0,0,0
3/3/2017,1.5,0,0
3/4/2017,0,0,0
3/5/2017,0,0,0
3/6/2017,0,0,0
3/7/2017,0,0,0
3/8/2017,0,0,0
3/9/2017,0,0,0
3/10/2017,0,0,0.2
3/11/2017,35.7,39,30.8
3/12/2017,65,6.2,7.8
3/13/2017,0,0,0.2
3/14/2017,0,0,0
3/15/2017,0,0,0
3/16/2017,0,0,0
3/17/2017,0.1,0,0
3/18/2017,2,0,0
3/19/2017,4.9,0,0
3/20/2017,0,0,0
3/21/2017,0.4,0,1.4
3/22/2017,0,0,0
3/23/2017,0,0,0.6
3/24/2017,0,0,0
3/25/2017,15.5,12.2,2.4
3/26/2017,0,0,0
3/27/2017,0,0,0
3/28/2017,0,0,0
3/29/2017,2.7,5.2,3.2
3/30/2017,7.2,2,0.8
3/31/2017,0,0,0
4/1/2017,0,0,0
4/2/2017,6.2,11,12.6
4/3/2017,0,0,0
4/4/2017,6.5,0,2.4
4/5/2017,0,0,0
4/6/2017,0,0,0
4/7/2017,0,0,0
4/8/2017,5,6.2,5.4
4/9/2017,0,0,0
4/10/2017,0,0,0
4/11/2017,0,0,0
4/12/2017,0,0,0
4/13/2017,0,0,0
4/14/2017,0,0,0
4/15/2017,2.5,12,5.5
4/16/2017,0.3,0,1.2
4/17/2017,0,0,0
4/18/2017,0,0,0
4/19/2017,0,0,0
4/20/2017,0.7,0,6.2
4/21/2017,12.2,0,20.7
4/22/2017,1.2,0,2.4
4/23/2017,24,0,20
4/24/2017,0.5,0,0.6
4/25/2017,0,0,0
4/26/2017,0,0,0
4/27/2017,0,0,0
4/28/2017,0,0,0
4/29/2017,0,0,0
4/30/2017,16.6,21.2,10.6
5/1/2017,3.5,6.4,2.5
5/2/2017,11.1,9.6,7.8
5/3/2017,0,0,0
5/4/2017,0.5,0,0
5/5/2017,12.8,14.8,18.7
5/6/2017,0,0,0
5/7/2017,0.1,4,4.6
5/8/2017,0,0,0
5/9/2017,15.5,29.2,3.8
5/10/2017,2.2,5.2,2.6
5/11/2017,0,0,0
5/12/2017,3.7,1.2,0
5/13/2017,0,0,0
5/14/2017,0,0,0
5/15/2017,3.6,2,0
5/16/2017,40.6,7,35.5
5/17/2017,0.6,2,1.3
5/18/2017,0,5.2,2.7
5/19/2017,0,0,0
5/20/2017,0,0,0
5/21/2017,0,0,0
5/22/2017,2.4,7.2,1.3
5/23/2017,0.5,0,0
5/24/2017,0,0,0
5/25/2017,2.2,0,0
5/26/2017,0,0,2.4
5/27/2017,23.4,0,47.2
5/28/2017,3.2,1.8,8.2
5/29/2017,0,0,2.4
5/30/2017,0,5.2,3.4
5/31/2017,1.5,7,4.2
6/1/2017,0,0,0
6/2/2017,0,0,3.8
6/3/2017,0,0,0
6/4/2017,0,0,0
6/5/2017,0,0,0
6/6/2017,0.6,11.6,6.2
6/7/2017,0,0,0
6/8/2017,0,0,0
6/9/2017,0.7,0,3.5
6/10/2017,11.5,0,7.2
6/11/2017,0,0,0
6/12/2017,0,0,0
6/13/2017,0,0,0
6/14/2017,0,0,0
6/15/2017,0,0,0
6/16/2017,0,0,0
6/17/2017,3.6,6,4.6
6/18/2017,0.2,3.2,0
6/19/2017,0,0,0
6/20/2017,0,4.2,0.7
6/21/2017,17.5,20.2,16.5
6/22/2017,6.5,0,0.5
6/23/2017,0,3.2,0
6/24/2017,12.5,7,20.8
6/25/2017,30.5,12.6,25.2
6/26/2017,23.4,2.2,63.4
6/27/2017,1.2,6.2,0.6
6/28/2017,5.4,10.4,13
6/29/2017,5.2,5.1,2.5
6/30/2017,1.8,8.4,0
7/1/2017,0,3,2.4
7/2/2017,2.6,0,0
7/3/2017,4,18,0.6
7/4/2017,24.5,198,37.2
7/5/2017,1,5.2,4.8
7/6/2017,5.1,3.2,9.5
7/7/2017,2,1.2,3.6
7/8/2017,0,0,1.4
7/9/2017,14.4,21.8,12.5
7/10/2017,19.6,9.4,21.4
7/11/2017,2.5,7.6,6.2
7/12/2017,0,6.2,2.5
7/13/2017,0,0,0
7/14/2017,0,1.3,0
7/15/2017,16,23.2,10.2
7/16/2017,9.8,41.4,4.6
7/17/2017,13,6.2,2.6
7/18/2017,1.7,7.4,1.5
7/19/2017,3.6,5.2,0.5
7/20/2017,8.2,12.3,8.5
7/21/2017,7.5,20.3,3.8
7/22/2017,2.8,9.6,12.6
7/23/2017,5.1,17.5,11.8
7/24/2017,30.5,10.1,20.4
7/25/2017,4.8,1.2,3.2
7/26/2017,8,13.1,15.6
7/27/2017,0.4,0,0.5
7/28/2017,0,0,0
7/29/2017,33.2,20.2,3.2
7/30/2017,61.5,19.3,13.8
7/31/2017,0.4,3,1.3
8/1/2017,1.5,2,21.2
8/2/2017,10,13.2,8.4
8/3/2017,38.5,19,16.4
8/4/2017,1,0,3.1
8/5/2017,6.5,2,3.4
8/6/2017,8,1,15.8
8/7/2017,9.5,3.6,2.3
8/8/2017,0.3,0,0.4
8/9/2017,10.5,0,0
8/10/2017,8.9,4.8,2.6
8/11/2017,19.2,19.8,11.4
8/12/2017,11,13,4.2
8/13/2017,47.1,28.2,75.6
8/14/2017,3.3,10,3.7
8/15/2017,0.6,0,0
8/16/2017,4.5,0,0
8/17/2017,0,8,0.8
8/18/2017,0,25.2,4.2
8/19/2017,2.5,4.2,35.4
8/20/2017,6.2,8.3,0
8/21/2017,14.8,1.4,2.5
8/22/2017,14.1,5.6,0.5
8/23/2017,42,8.2,3.6
8/24/2017,0.4,0,0
8/25/2017,3.1,7.6,3.5
8/26/2017,35.4,6.4,2.7
8/27/2017,0,19.2,0
8/28/2017,6.7,23.4,7.9
8/29/2017,0,0,0
8/30/2017,0,9.6,0
8/31/2017,55,13.8,36.5
9/1/2017,0,0,14.7
9/2/2017,32.5,0,0
9/3/2017,11,10.2,3.6
9/4/2017,0,0,1.4
9/5/2017,0,0,0
9/6/2017,0,0,0
9/7/2017,0.5,4.3,0
9/8/2017,7.5,1.3,0
9/9/2017,0,0,0
9/10/2017,0,0,0
9/11/2017,0,1,0
9/12/2017,9.2,10.2,12.6
9/13/2017,0,2.2,0.2
9/14/2017,0,0,0
9/15/2017,0,0,0
9/16/2017,0,0,0
9/17/2017,0.1,4.2,0
9/18/2017,11.3,22.6,41.7
9/19/2017,1.5,19.4,1.8
9/20/2017,0.2,0,2.6
9/21/2017,7.2,29.2,21.2
9/22/2017,0.5,4.3,3.5
9/23/2017,0,0,0
9/24/2017,0,0,0
9/25/2017,0,0,0
9/26/2017,0,0,0
9/27/2017,0,0,0
9/28/2017,0,0,0
9/29/2017,0,0,0
9/30/2017,17,0,0
10/1/2017,0.5,0,0.2
10/2/2017,7.2,0,0
10/3/2017,12.9,0,0
10/4/2017,0,0,0
10/5/2017,0,0,0
10/6/2017,1.5,0,0
10/7/2017,11,0,0
10/8/2017,0,0,0
10/9/2017,0,0,0
10/10/2017,0,0,0
10/11/2017,0,0,0
10/12/2017,0,0,0
10/13/2017,0,0,0
10/14/2017,0,0,0
10/15/2017,0,0,0
10/16/2017,0,0,0
10/17/2017,0,2,0
10/18/2017,0,0,0
10/19/2017,0,0,0
10/20/2017,0,0,0
10/21/2017,0,0,0
10/22/2017,0,0,0
10/23/2017,0,0,0
10/24/2017,0,0,0
10/25/2017,0,0,0
10/26/2017,0,0,0
10/27/2017,0,0,0
10/28/2017,0,0,0
10/29/2017,26.3,0,0
10/30/2017,4,0,0.5
10/31/2017,0.5,0,0.4
11/1/2017,1.5,1.6,0.3
11/2/2017,0,0,0
11/3/2017,0,0,0
11/4/2017,0,0,0
11/5/2017,0,0,0
11/6/2017,0,0,0
11/7/2017,0,0,0
11/8/2017,0,0,0
11/9/2017,0,0,0
11/10/2017,0,0,0
11/11/2017,0,0,0
11/12/2017,0,0,0
11/13/2017,0,0,0
11/14/2017,0,0,0
11/15/2017,0,0,0
11/16/2017,0,0,0
11/17/2017,0,0,0
11/18/2017,0,0,0
11/19/2017,0,0,0
11/20/2017,0,0,0
11/21/2017,0,0,0
11/22/2017,0,0,0
11/23/2017,0,0,0
11/24/2017,0,0,0
11/25/2017,0,0,0
11/26/2017,0,0,0
11/27/2017,0,0,0
11/28/2017,0,0,0
11/29/2017,0,0,0
11/30/2017,0,0,0
12/1/2017,0,0,0
12/2/2017,0,0,0
12/3/2017,0,0,0
12/4/2017,0,0,0
12/5/2017,0,0,0
12/6/2017,0.1,0,0
12/7/2017,0,0,0
12/8/2017,0,0,0
12/9/2017,0,0,0
12/10/2017,0,0,0
12/11/2017,0,0,0
12/12/2017,0,0,0
12/13/2017,0,0,0
12/14/2017,0,0,0
12/15/2017,0,0,0
12/16/2017,0,0,0
12/17/2017,0,0,0
12/18/2017,0,0,0
12/19/2017,0,0,0
12/20/2017,0,0,0
12/21/2017,0,0,0
12/22/2017,0,0,0
12/23/2017,0,0,0
12/24/2017,0,0,0
12/25/2017,0,0,0
12/26/2017,0,0,0
12/27/2017,0,0,0
12/28/2017,0,0,0
12/29/2017,0,0,0
12/30/2017,0,0,0
12/31/2017,0,0,0
