Station_ID,909,1030,1036,1038,1029,905,906,1007,1121,1004,1107,904,910,912,919,921,922,1022,1024,1035,1039,1043,1049,1052,1059,1060,1071,1073,1074,1075,1109,1115,1117,1118,1120,1122
2005-01-01,0.0,0.0,0.0,0.0,0.0,,0.0,0.0,0.0,0.0,0.0,0.0,0.0,0.0,0.0,0.0,0.0,0.0,0.0,0.0,0.0,0.0,0.0,0.0,0.0,0.0,0.0,0.0,0.0,0.0,0.0,0.0,0.0,0.0,0.0,
2005-01-02,0.0,0.0,0.0,0.0,0.0,,0.0,0.0,0.0,0.0,0.0,0.0,0.0,0.0,0.0,0.0,0.0,0.0,0.0,0.0,0.0,0.0,0.0,0.0,0.0,0.0,0.0,0.0,0.0,0.0,0.0,0.0,0.0,0.0,0.0,
2005-01-03,0.0,0.0,0.0,0.0,0.0,,0.0,0.0,0.0,0.0,0.0,0.0,0.0,0.0,0.0,5.0,0.0,0.0,0.0,0.0,0.0,0.0,0.0,0.0,0.0,0.0,0.0,0.0,0.0,0.0,0.0,0.0,0.0,0.0,0.0,
2005-01-04,0.0,0.0,0.0,0.0,0.0,,1.4,0.0,0.0,0.0,0.0,0.0,0.0,0.0,0.0,0.0,0.0,0.0,0.0,0.0,0.0,0.0,0.0,0.0,0.0,0.0,0.0,0.0,0.0,0.0,0.0,0.0,0.0,3.0,0.0,
2005-01-05,0.0,0.0,0.0,0.0,0.0,,0.0,0.0,0.0,0.0,0.0,0.0,0.0,0.0,0.0,0.0,0.0,0.0,0.0,0.0,0.0,0.0,0.0,0.0,0.0,0.0,0.0,0.0,0.0,0.0,0.0,0.0,0.0,0.0,0.0,
2005-01-06,0.0,0.0,0.0,0.0,0.0,,0.0,0.0,0.0,0.0,0.0,0.0,0.0,0.0,0.0,0.0,9.5,0.0,0.0,0.0,0.0,0.0,0.0,0.0,0.0,0.0,0.0,0.0,0.0,0.0,0.0,0.0,0.0,0.0,0.0,
2005-01-07,0.0,0.0,0.0,0.0,0.0,,0.0,0.0,0.0,0.0,0.0,0.0,0.0,0.0,0.0,0.0,0.0,0.0,0.0,0.0,0.0,0.0,0.0,0.0,0.0,0.0,0.0,0.0,0.0,0.0,0.0,0.0,0.0,0.0,0.0,
2005-01-08,0.0,0.0,0.0,0.0,0.0,,0.0,0.0,0.0,0.0,0.0,0.0,0.0,0.0,0.0,0.0,0.0,0.0,0.0,0.0,0.0,0.0,0.0,0.0,0.0,0.0,0.0,0.0,0.0,0.0,0.0,0.0,0.0,0.0,0.0,
2005-01-09,0.0,0.0,0.0,0.0,0.0,,0.0,0.0,0.0,0.0,0.0,0.0,0.0,0.0,0.0,0.0,0.0,0.0,0.0,0.0,0.0,0.0,0.0,0.0,0.0,0.0,0.0,0.0,9.3,0.0,0.0,0.0,0.0,0.0,0.0,
2005-01-10,0.0,0.0,1.0,0.0,0.0,,0.0,0.6,0.0,0.0,0.0,0.0,0.0,0.0,0.0,0.0,0.0,0.0,2.0,0.0,0.0,3.4,0.6,0.0,0.0,0.0,0.0,0.0,0.0,0.0,0.0,0.0,0.0,0.0,0.0,
2005-01-11,0.0,0.0,0.0,0.0,0.0,,0.0,0.0,0.0,0.0,0.0,0.0,0.0,0.0,0.0,0.0,0.0,0.0,0.0,0.0,0.0,0.0,0.0,0.0,0.0,0.0,0.0,0.0,0.0,0.0,0.0,0.0,0.0,0.0,0.0,
2005-01-12,0.0,0.0,0.0,0.0,0.0,,0.0,0.0,0.0,3.1,0.0,0.0,0.0,0.0,0.0,0.0,11.5,0.0,0.0,0.0,0.0,0.0,0.0,0.0,0.0,0.0,0.0,0.0,0.0,0.0,0.0,0.0,0.0,0.0,0.0,
2005-01-13,0.0,0.0,0.0,0.0,0.0,,0.0,0.0,0.0,0.0,0.0,0.0,0.0,0.0,0.0,0.0,0.0,0.0,0.0,0.0,0.0,0.0,0.0,0.0,0.0,0.0,0.0,0.0,0.0,0.0,0.0,0.0,0.0,0.0,0.0,
2005-01-14,0.0,0.0,0.0,0.0,0.0,,0.0,0.0,0.0,0.0,0.0,0.0,0.0,0.0,0.0,0.0,0.0,0.0,0.0,0.0,0.0,0.0,0.0,0.0,0.0,0.0,0.0,0.0,0.0,0.0,0.0,0.0,0.0,0.0,0.0,
2005-01-15,0.0,0.0,0.0,0.0,0.0,,0.0,0.0,0.0,0.0,0.0,0.0,0.0,0.0,0.0,0.0,0.0,0.0,0.0,0.0,0.0,0.0,0.0,0.0,0.0,0.0,0.0,0.0,0.0,0.0,0.0,0.0,0.0,0.0,0.0,
2005-01-16,0.0,0.0,0.0,0.0,0.0,,7.0,0.0,0.0,0.0,0.0,0.0,0.0,0.0,0.0,1.0,0.0,0.0,0.0,0.0,0.0,0.0,0.0,0.0,0.0,0.0,0.0,0.0,0.0,0.0,0.0,0.0,0.0,0.0,0.0,
2005-01-17,0.9,0.0,0.0,0.0,0.2,,18.4,2.0,0.0,0.0,0.0,0.1,0.0,12.4,0.0,2.0,0.0,0.3,0.0,2.0,0.0,0.0,0.4,0.1,0.0,0.0,0.0,0.0,6.2,0.0,0.0,0.0,0.0,0.0,0.0,
2005-01-18,2.0,21.7,1.0,22.0,2.0,,1.2,11.8,0.0,19.0,4.0,1.0,0.4,0.0,3.3,0.0,15.2,0.0,1.2,0.0,3.3,2.3,3.0,0.3,3.3,2.3,0.0,2.0,18.7,0.0,3.0,3.5,35.1,2.5,0.8,
2005-01-19,4.2,0.0,12.0,23.4,26.6,,0.0,6.2,0.0,0.0,16.2,41.0,22.8,0.0,13.5,0.0,0.0,39.0,14.2,25.0,20.3,11.7,11.6,32.1,17.7,39.0,2.2,38.0,22.4,55.4,1.0,0.0,0.0,3.0,3.2,
2005-01-20,0.0,0.0,0.0,0.0,0.4,,0.0,1.2,0.0,0.0,0.0,0.0,0.0,0.0,0.0,0.0,0.0,0.0,0.0,0.0,0.0,0.0,0.2,0.0,0.0,0.0,0.0,2.2,0.0,0.0,0.0,0.0,0.0,0.0,0.0,
2005-01-21,0.0,0.0,0.0,0.0,0.0,,0.0,0.0,0.0,0.0,0.0,0.0,0.0,11.2,0.0,0.0,0.0,0.0,0.0,6.0,8.0,0.0,0.0,0.0,0.0,0.0,0.0,0.0,0.0,0.0,0.0,0.0,2.1,0.0,0.0,
2005-01-22,1.0,4.9,5.5,3.2,4.2,,1.4,10.4,0.0,10.3,0.3,4.1,0.4,18.4,4.5,6.0,0.0,4.5,6.2,0.0,10.0,8.5,8.8,6.3,6.4,5.0,31.4,7.0,4.3,10.2,0.0,0.0,13.3,0.0,0.0,
2005-01-23,5.8,8.7,5.5,0.0,9.0,,8.2,20.0,0.0,21.0,5.6,25.0,3.6,0.0,2.5,3.0,0.0,5.8,7.0,14.0,7.4,6.1,6.4,11.0,7.7,4.5,23.2,8.0,18.4,25.4,0.0,0.0,0.0,0.0,0.0,
2005-01-24,8.6,19.8,21.0,0.0,15.5,,0.0,4.6,0.0,0.0,11.2,2.1,9.2,0.0,18.0,0.0,0.0,23.0,24.0,16.0,0.0,20.8,19.2,12.2,22.1,14.0,4.4,22.2,14.5,10.8,11.1,0.0,0.0,12.0,10.6,
2005-01-25,0.0,0.0,0.0,0.0,0.0,,0.0,0.0,0.0,0.0,0.0,0.0,0.0,0.0,0.0,0.0,13.4,0.0,0.0,0.0,0.0,0.0,0.2,0.0,0.0,0.0,0.0,0.0,0.0,0.0,0.0,0.0,0.0,0.0,0.0,
2005-01-26,0.0,0.0,0.0,0.0,0.0,,0.0,0.0,0.0,0.0,0.0,0.0,0.0,50.4,0.0,0.0,0.0,0.0,0.0,0.0,0.0,0.0,0.0,0.0,0.0,0.0,0.0,0.0,0.0,0.0,0.0,0.0,0.0,0.0,0.0,
2005-01-27,0.0,0.0,0.0,0.0,0.0,,0.0,0.0,0.0,0.0,0.0,0.0,0.0,0.0,0.0,0.0,0.0,0.0,0.0,0.0,0.0,0.0,0.0,0.0,0.0,0.0,0.0,0.0,0.0,0.0,0.0,0.0,0.0,0.0,0.0,
2005-01-28,0.0,0.0,0.0,0.0,0.0,,0.0,0.0,0.0,0.0,0.0,0.0,0.0,36.5,0.0,0.0,0.0,0.0,0.0,0.0,0.0,0.0,0.0,0.0,0.0,0.0,0.0,0.0,0.0,0.0,0.0,0.0,0.0,0.0,0.0,
2005-01-29,0.0,0.0,0.0,0.0,0.0,,0.0,0.0,0.0,0.0,0.0,0.0,0.0,0.0,0.0,0.0,0.0,0.0,0.0,0.0,0.0,0.0,0.0,0.0,0.0,0.0,0.0,0.0,0.0,0.0,0.0,0.0,0.0,0.0,0.0,
2005-01-30,0.0,0.0,0.0,0.0,0.0,,0.0,0.0,0.0,0.0,0.0,0.1,0.0,0.0,0.0,0.0,0.0,0.0,0.0,0.0,0.0,0.0,0.0,0.0,0.0,0.0,0.0,0.0,0.0,0.0,0.0,0.0,0.0,0.0,0.0,
2005-01-31,0.0,0.0,0.0,0.0,0.0,,0.0,0.0,0.0,0.0,0.0,0.0,0.0,0.0,0.0,0.0,0.0,0.0,0.0,0.0,0.0,0.0,0.0,0.0,0.0,0.0,0.0,0.0,0.0,0.0,0.0,0.0,0.0,0.0,0.0,
2005-02-01,0.0,1.6,,0.0,1.4,,1.0,3.6,0.0,,0.0,0.0,0.8,0.0,0.0,0.0,0.0,1.4,0.0,0.0,0.0,3.0,0.6,0.1,4.2,0.8,0.0,1.8,1.2,0.0,0.0,0.0,1.6,2.0,1.4,
2005-02-02,0.0,0.0,,0.0,0.0,,0.0,0.0,0.0,,0.0,1.0,0.2,0.0,0.0,0.0,0.0,0.0,0.0,0.0,0.0,0.0,4.2,0.0,0.0,0.0,0.0,0.8,0.0,0.0,0.0,0.0,0.0,0.0,0.0,
2005-02-03,0.0,0.0,,0.0,0.0,,0.0,0.0,0.0,,0.0,0.0,0.0,0.0,0.0,0.0,0.0,0.0,0.0,0.0,0.0,0.0,0.0,0.0,0.0,0.0,0.0,0.0,0.0,0.0,0.0,0.0,0.0,0.0,0.0,
2005-02-04,0.0,0.0,,0.0,0.0,,0.0,0.0,0.0,,0.0,0.0,0.0,0.0,0.0,0.0,0.0,0.0,0.0,0.0,0.0,0.0,0.0,0.0,0.0,0.0,0.0,0.0,0.0,0.0,0.0,0.0,0.0,0.0,0.0,
2005-02-05,0.0,0.0,,0.0,0.0,,0.0,0.0,0.0,,0.0,0.0,0.0,0.0,0.0,0.0,0.0,0.0,0.0,0.0,0.0,0.0,0.0,0.0,0.0,0.0,0.0,0.0,0.0,0.0,0.0,0.0,0.0,0.0,0.0,
2005-02-06,0.0,0.0,,0.0,0.0,,0.0,0.0,0.0,,0.0,0.0,0.0,0.0,0.0,0.0,0.0,0.0,0.0,0.0,0.0,0.0,0.0,0.0,0.0,0.0,0.0,0.0,0.0,0.0,0.0,0.0,0.0,0.0,0.0,
2005-02-07,0.0,0.0,,0.0,0.0,,0.0,0.0,0.0,,0.0,0.0,0.0,0.0,0.0,0.0,0.0,0.0,0.0,0.0,0.0,0.0,0.0,0.0,0.0,0.0,0.0,0.0,0.0,0.0,0.0,0.0,0.0,0.0,0.0,
2005-02-08,0.0,0.0,,0.0,0.0,,0.0,0.0,0.0,,0.0,0.0,0.0,0.0,0.0,0.0,0.0,0.0,0.0,0.0,0.0,0.0,0.0,0.0,0.0,0.0,0.0,0.0,0.0,0.0,0.0,0.0,0.0,0.0,0.0,
2005-02-09,0.0,0.0,,0.0,0.0,,0.0,0.0,0.0,,0.0,0.0,0.0,0.0,0.0,4.0,0.0,0.0,0.0,0.0,0.0,0.0,1.8,0.0,0.0,0.0,0.0,0.0,0.0,1.0,0.0,0.0,0.0,0.0,0.0,
2005-02-10,0.0,0.0,,0.0,0.0,,0.0,0.0,0.0,,0.0,0.0,0.0,0.0,0.0,0.0,0.0,0.0,0.0,0.0,0.0,0.0,0.0,0.0,0.0,0.0,0.0,0.0,0.0,0.0,0.0,0.0,0.0,0.0,0.0,
2005-02-11,0.0,0.0,,0.0,0.0,,0.0,0.0,0.0,,0.0,0.0,0.0,0.0,0.0,0.0,0.0,0.0,0.0,0.0,0.0,0.0,0.0,0.0,0.0,0.0,0.0,0.0,0.0,0.0,0.0,0.0,0.0,0.0,0.0,
2005-02-12,0.0,0.0,,0.0,0.0,,0.0,0.0,0.0,,0.0,0.0,0.0,0.0,0.0,0.0,0.0,0.0,0.0,0.0,0.0,0.0,0.0,0.0,0.0,0.0,0.0,0.0,0.0,0.0,0.0,0.0,0.0,0.0,0.0,
2005-02-13,0.0,0.0,,0.0,0.0,,0.0,0.0,0.0,,0.0,0.0,0.0,0.0,0.0,0.0,0.0,0.0,0.0,0.0,0.0,0.0,0.0,0.0,0.0,0.0,0.0,0.0,0.0,0.0,0.0,0.0,1.1,0.0,0.0,
2005-02-14,0.0,0.0,,0.0,0.0,,0.0,0.0,0.0,,0.0,0.0,0.0,0.0,0.0,0.0,0.0,0.0,0.0,0.0,0.0,0.0,0.0,0.0,0.0,0.0,0.0,0.0,0.0,0.0,0.0,0.0,0.0,0.0,0.0,
2005-02-15,0.0,0.0,,0.0,0.0,,0.0,0.0,0.0,,0.0,0.0,0.0,0.0,0.0,0.0,0.0,0.0,0.0,0.0,0.0,0.0,0.0,0.0,0.0,0.0,0.0,0.0,0.0,0.0,0.0,0.0,0.0,0.0,0.0,
2005-02-16,0.2,1.9,,1.2,1.6,,0.4,5.4,0.0,,0.0,2.0,0.4,0.0,0.0,1.0,0.0,0.0,2.4,0.0,2.2,2.0,1.6,0.0,1.3,1.7,0.0,0.0,2.2,2.4,0.0,0.0,0.0,0.0,0.8,
2005-02-17,0.0,0.0,,0.0,0.0,,0.0,0.0,0.0,,0.0,0.0,0.0,0.0,0.0,2.0,0.0,0.0,0.0,0.0,2.3,0.0,0.0,1.4,0.0,0.0,0.0,0.0,0.0,0.0,0.0,0.0,0.0,0.0,0.0,
2005-02-18,0.0,1.5,,1.4,0.6,,0.0,6.2,0.0,,0.0,0.0,0.0,0.0,0.0,0.0,0.0,0.0,2.0,0.0,0.0,3.3,1.0,0.0,2.0,0.0,10.8,0.0,3.1,2.0,0.0,0.0,0.0,0.0,3.0,
2005-02-19,0.0,0.0,,0.0,0.0,,0.0,0.0,0.0,,0.0,0.0,0.0,0.0,0.0,0.0,0.0,0.0,0.0,0.0,0.0,0.0,0.0,1.3,0.0,0.0,0.0,0.0,0.0,0.0,0.0,0.0,0.0,0.0,0.0,
2005-02-20,0.0,0.0,,0.0,0.0,,0.0,0.0,0.0,,0.0,0.0,0.0,0.0,0.0,0.0,0.0,0.0,0.0,0.0,7.6,0.0,0.0,0.0,0.0,0.0,0.0,0.0,0.0,0.0,0.0,0.0,0.0,0.0,0.0,
2005-02-21,0.0,0.0,,0.0,0.0,,0.0,0.0,0.0,,0.0,0.0,0.0,0.0,0.0,0.0,0.0,0.0,0.0,0.0,0.0,0.0,0.0,0.0,0.0,0.0,0.0,0.0,0.0,0.0,0.0,0.0,0.0,0.0,0.0,
2005-02-22,0.0,0.0,,0.0,0.0,,0.0,0.0,0.0,,0.0,14.2,0.0,0.0,0.0,0.0,12.6,0.0,0.0,0.0,0.0,0.0,0.0,0.0,0.0,0.0,0.0,0.0,0.0,0.0,0.0,0.0,4.5,0.0,0.0,
2005-02-23,3.0,12.0,,7.2,8.2,,6.4,8.2,0.0,,0.0,0.0,3.4,0.0,0.0,0.0,0.0,13.1,7.2,0.0,0.0,9.4,6.4,9.0,10.6,8.5,7.0,12.4,8.1,0.0,0.0,0.0,0.0,6.6,6.6,
2005-02-24,0.0,0.0,,0.0,0.0,,0.0,0.0,0.0,,0.0,0.0,0.0,0.0,0.0,0.0,0.0,0.0,0.0,0.0,0.0,0.0,0.0,0.0,0.0,0.0,0.0,0.0,0.0,19.2,0.0,0.0,0.0,0.0,0.0,
2005-02-25,0.0,0.0,,0.0,0.0,,0.0,0.0,0.0,,0.0,0.0,0.0,0.0,0.0,0.0,0.0,0.0,0.0,0.0,0.0,0.0,0.0,0.0,0.0,0.0,0.0,0.0,0.0,0.0,0.0,0.0,0.0,0.0,0.0,
2005-02-26,0.0,0.0,,0.0,0.0,,0.0,0.0,0.0,,0.0,0.0,0.0,0.0,0.0,0.0,0.0,0.0,0.0,0.0,0.0,0.0,0.0,0.0,0.0,0.0,0.0,0.0,0.0,0.0,0.0,0.0,0.0,0.0,0.0,
2005-02-27,0.0,0.0,,0.0,0.0,,0.0,0.0,0.0,,0.0,0.0,0.0,0.0,0.0,0.0,0.0,0.0,0.0,0.0,0.0,0.0,0.0,0.0,0.0,0.0,0.0,0.0,0.0,0.0,0.0,0.0,0.0,0.0,0.0,
2005-02-28,0.0,0.0,,0.0,0.0,,0.0,0.0,0.0,,0.0,0.0,0.0,0.0,0.0,0.0,0.0,0.0,0.0,0.0,0.0,0.0,0.0,0.0,0.0,0.0,0.0,0.0,0.0,0.0,0.0,0.0,0.0,0.0,0.0,
2005-03-01,0.0,0.0,,0.0,0.0,,0.0,0.0,0.0,,0.0,0.0,0.0,0.0,0.0,0.0,0.0,0.0,0.0,0.0,0.0,0.0,0.0,0.0,0.0,0.0,0.0,0.0,0.0,0.0,0.0,0.0,0.0,0.0,0.0,
2005-03-02,0.0,0.0,,0.0,0.0,,0.0,0.0,0.0,,0.0,0.0,0.0,0.0,1.2,0.0,0.0,0.0,0.0,0.0,0.0,0.0,0.0,0.0,0.0,0.0,0.0,0.0,0.0,0.0,0.0,0.0,0.0,0.0,0.0,
2005-03-03,0.0,0.0,,0.0,0.0,,0.0,0.0,0.0,,0.0,0.0,0.0,0.0,0.0,0.0,0.0,0.0,0.0,0.0,0.0,0.0,0.0,0.0,0.0,0.0,0.0,0.0,0.0,0.0,0.0,0.0,0.0,0.0,0.0,
2005-03-04,0.0,0.0,,0.0,0.6,,0.0,0.0,0.0,,0.0,0.0,0.0,0.0,0.0,0.0,0.0,0.0,0.0,0.0,0.0,0.0,0.0,0.0,0.0,0.0,0.0,0.0,0.0,0.0,0.0,0.0,0.0,0.0,0.0,
2005-03-05,0.0,0.0,,0.0,0.0,,0.0,5.2,0.0,,0.0,0.0,0.0,8.4,0.0,0.0,0.0,0.0,0.0,0.0,0.0,0.0,0.0,0.0,0.0,0.0,0.0,0.0,0.0,0.0,0.0,0.0,0.0,0.0,0.0,
2005-03-06,0.0,0.0,,0.0,0.0,,0.0,0.0,0.0,,0.0,0.0,0.0,0.0,0.0,0.0,0.0,0.0,0.0,0.0,0.0,0.0,0.0,0.0,0.0,0.0,0.0,0.0,0.0,0.0,0.0,0.0,0.0,0.0,0.0,
2005-03-07,0.0,0.0,,0.0,0.0,,0.0,0.0,0.0,,0.0,0.0,0.0,0.0,0.0,0.0,0.0,0.0,0.0,0.0,0.0,0.0,0.0,0.0,0.0,0.0,0.0,0.0,0.0,0.0,0.0,0.0,0.0,0.0,0.0,
2005-03-08,0.0,0.0,,0.0,0.0,,0.0,0.0,0.0,,0.0,0.0,0.0,0.0,0.0,0.0,0.0,0.0,0.0,0.0,0.0,0.0,0.0,0.0,0.0,0.0,0.0,0.0,0.0,0.0,0.0,0.0,0.0,0.0,0.0,
2005-03-09,0.0,0.0,,0.0,0.0,,0.0,0.0,0.0,,0.0,0.0,0.0,0.0,0.0,0.0,0.0,0.0,0.0,0.0,0.0,0.0,0.0,0.0,0.0,0.0,0.0,0.0,1.2,0.0,0.0,0.0,0.0,0.0,0.0,
2005-03-10,0.0,0.0,,0.0,0.0,,0.0,0.0,0.0,,0.0,0.0,0.0,0.0,0.0,0.0,0.0,0.0,0.0,0.0,0.0,0.0,0.0,0.0,0.0,0.0,0.0,0.0,0.0,0.0,0.0,0.0,0.0,0.0,0.0,
2005-03-11,0.0,0.0,,0.0,0.0,,0.0,0.0,0.0,,0.0,0.0,0.0,0.0,0.3,0.0,0.0,0.0,0.0,0.0,0.0,0.0,0.0,0.0,0.0,33.0,0.0,0.0,0.0,0.0,0.0,0.0,0.0,0.0,0.0,
2005-03-12,0.0,10.2,,5.0,11.4,,17.0,6.0,0.0,,0.0,15.0,0.0,0.0,0.0,0.0,0.0,5.0,4.2,0.0,0.0,5.0,7.2,11.0,6.1,0.0,0.0,16.4,0.3,39.0,0.0,0.0,0.0,0.0,0.0,
2005-03-13,0.0,3.0,,0.0,0.0,,1.0,0.0,0.0,,0.0,4.3,0.0,0.0,0.0,0.0,0.0,1.0,0.0,0.0,6.4,1.0,0.4,0.0,0.0,0.0,0.0,0.0,0.0,0.0,0.0,0.0,0.0,0.0,0.0,
2005-03-14,0.0,0.0,,0.0,0.0,,0.0,0.0,0.0,,0.0,0.0,0.0,0.0,0.0,0.0,0.0,0.0,0.0,0.0,0.0,0.0,0.0,0.0,0.0,0.0,0.0,0.0,0.0,0.0,0.0,0.0,0.0,0.0,0.0,
2005-03-15,0.0,0.0,,0.0,0.0,,0.0,0.0,0.0,,0.0,0.0,0.0,0.0,0.0,0.0,0.0,0.0,0.0,0.0,0.0,0.0,0.0,0.0,0.0,0.0,0.0,0.0,0.0,0.0,0.0,0.0,0.0,0.0,0.0,
2005-03-16,0.0,0.0,,0.0,0.0,,0.0,0.0,0.0,,0.0,0.0,0.0,0.0,0.0,0.0,0.0,0.0,0.0,0.0,0.0,0.0,0.0,0.0,0.0,0.0,0.0,0.0,0.0,0.0,0.0,0.0,0.0,0.0,0.0,
2005-03-17,0.0,0.8,,1.0,0.2,,0.0,0.0,0.0,,0.0,0.0,0.0,0.0,0.0,0.0,0.0,0.0,0.0,0.0,2.1,0.0,0.0,0.0,0.0,0.2,0.0,0.8,0.0,2.4,0.0,0.0,1.3,0.0,0.0,
2005-03-18,0.0,0.0,,0.0,0.0,,33.4,0.0,0.0,,0.0,0.0,3.4,15.5,61.4,0.0,0.0,0.0,0.0,0.0,37.3,0.0,0.6,0.0,0.9,0.0,0.0,0.0,0.0,4.2,0.0,0.0,39.5,0.0,0.0,
2005-03-19,1.0,22.5,,35.6,26.5,,4.2,39.6,80.0,,38.4,14.4,25.2,9.4,1.0,0.0,0.0,15.5,22.2,4.4,20.0,15.5,21.4,17.3,27.0,10.0,31.6,23.2,4.1,9.0,12.1,18.2,0.0,12.0,112.6,
2005-03-20,19.2,0.2,,0.0,0.0,,2.2,3.0,0.0,,0.0,1.2,0.4,7.2,0.0,0.0,0.0,0.0,0.0,10.2,0.0,0.0,2.0,1.0,0.3,0.0,1.7,0.6,0.1,0.0,0.0,0.0,7.1,0.0,0.2,
2005-03-21,0.0,0.3,,2.4,0.0,,1.8,0.0,0.0,,0.0,0.0,0.0,0.0,0.0,0.0,0.0,0.0,0.0,0.0,0.0,0.0,1.6,0.0,0.7,0.0,0.0,0.2,0.0,0.0,4.5,0.0,0.0,0.0,0.0,
2005-03-22,0.0,4.7,,0.0,4.4,,8.4,6.4,0.0,,0.0,0.0,28.4,4.2,50.0,0.0,0.0,6.9,5.0,8.2,5.1,6.9,5.2,10.0,4.0,5.0,0.0,6.2,3.4,2.0,0.0,5.3,2.0,0.0,0.0,
2005-03-23,1.0,3.0,,3.0,3.8,,0.0,3.2,5.0,,2.4,13.0,6.2,7.5,0.0,0.0,0.0,4.5,5.2,12.0,0.0,4.5,7.8,6.0,2.6,0.0,14.5,5.8,4.2,0.0,3.4,4.2,0.0,0.0,0.2,
2005-03-24,0.0,0.0,,2.1,0.0,,0.0,0.0,0.0,,0.0,0.0,0.0,0.0,0.0,2.0,0.0,1.6,0.0,0.0,0.0,1.6,2.0,0.0,0.0,0.0,0.0,0.0,0.0,0.0,0.0,0.0,0.0,0.0,0.0,
2005-03-25,0.0,3.2,,0.0,3.2,,0.0,3.6,0.0,,0.0,0.0,0.0,9.4,0.0,0.0,0.0,0.5,3.2,26.6,0.0,0.5,3.2,4.0,2.4,0.0,4.8,6.2,0.0,1.0,0.0,0.0,0.0,0.0,0.2,
2005-03-26,0.0,0.0,,0.0,0.0,,0.0,0.0,0.0,,0.0,0.0,0.0,0.0,0.0,0.0,0.0,0.0,0.0,0.0,0.0,0.0,0.0,0.0,0.0,0.0,0.0,0.0,0.0,0.0,0.0,0.0,0.0,0.0,0.0,
2005-03-27,0.0,0.0,,0.0,0.0,,0.0,0.0,0.0,,0.0,0.0,0.0,0.0,0.0,0.0,0.0,0.0,0.0,0.0,0.0,0.0,0.0,0.0,0.0,0.0,0.0,0.0,0.0,0.0,0.0,0.0,0.0,0.0,0.0,
2005-03-28,0.0,0.0,,0.0,0.0,,0.0,3.4,0.0,,0.0,0.0,0.0,0.0,0.0,0.0,0.0,0.0,0.0,0.0,0.0,0.0,0.0,0.0,0.6,0.0,0.0,0.0,0.2,0.0,0.0,0.0,0.0,0.0,0.0,
2005-03-29,0.0,2.2,,3.1,0.2,,0.0,7.2,0.0,,0.0,0.0,0.0,0.0,0.0,0.0,0.0,4.6,0.0,0.0,0.0,4.6,0.8,1.3,3.1,5.2,10.8,0.0,1.8,2.0,0.0,0.0,0.0,0.0,0.0,
2005-03-30,0.0,0.0,,0.0,0.0,,0.0,0.0,0.0,,0.0,0.0,0.0,0.0,0.0,0.0,0.0,0.0,0.0,0.0,0.0,0.0,0.0,0.0,0.0,0.0,0.0,0.0,0.0,0.0,0.0,0.0,0.0,0.0,0.0,
2005-03-31,0.0,0.0,,0.0,0.0,,0.0,0.0,0.0,,0.0,0.0,0.0,0.0,0.0,0.0,0.0,0.0,0.0,0.0,0.0,0.0,0.0,0.0,0.0,0.0,0.0,0.0,0.0,0.0,0.0,0.0,0.0,0.0,0.0,
2005-04-01,0.0,0.0,0.0,0.0,0.0,0.0,0.0,0.0,0.0,,0.0,0.2,0.0,0.0,0.1,0.0,0.0,0.0,0.0,0.0,0.0,0.0,0.0,0.0,0.0,0.0,0.0,0.0,0.0,0.0,0.0,0.0,0.0,0.0,0.0,
2005-04-02,0.0,0.0,0.0,0.0,0.0,0.0,0.0,0.0,0.0,,0.0,0.0,0.0,0.0,0.0,0.0,0.0,0.0,0.0,0.0,0.0,0.0,0.0,0.0,0.0,0.0,0.0,0.0,0.0,0.0,0.0,0.0,0.0,0.0,0.0,
2005-04-03,0.0,0.0,0.0,0.0,0.0,0.0,0.0,0.0,0.0,,11.2,0.0,0.0,0.0,1.0,0.0,0.0,0.0,0.0,0.0,0.0,0.0,0.0,0.0,0.0,0.0,0.0,0.0,0.0,0.0,0.0,0.0,0.0,0.0,0.0,
2005-04-04,0.0,0.5,0.0,2.0,0.0,13.7,0.0,1.0,0.0,,0.0,0.0,0.0,0.0,0.0,0.0,0.0,0.0,0.0,0.0,0.0,0.0,3.4,0.0,2.2,1.0,2.4,0.0,0.0,3.5,0.0,0.0,0.0,0.0,0.0,
2005-04-05,0.0,0.0,0.0,0.0,0.0,0.0,0.0,0.0,0.0,,0.0,0.0,0.0,0.0,0.2,0.0,0.0,0.0,0.0,0.0,0.0,0.0,0.0,0.0,0.0,0.0,0.0,0.0,0.0,0.0,0.0,0.0,0.0,0.0,0.0,
2005-04-06,0.0,0.0,0.0,0.0,0.0,0.0,0.0,0.0,0.0,,0.0,0.0,0.0,0.0,0.0,0.0,0.0,0.0,0.0,0.0,0.0,0.0,0.0,0.0,0.0,0.0,0.0,0.0,0.0,0.0,0.0,0.0,0.0,0.0,0.0,
2005-04-07,0.0,0.0,0.0,1.8,0.0,0.0,0.0,0.0,0.0,,0.0,0.1,0.0,0.0,0.0,0.0,0.0,0.0,0.0,0.0,0.0,1.0,0.0,0.0,0.4,0.0,0.0,0.0,0.0,0.0,0.0,0.0,0.0,0.0,0.0,
2005-04-08,0.0,0.0,0.0,0.0,0.0,0.0,0.0,0.0,0.0,,0.0,0.0,0.0,0.0,0.0,0.0,0.0,9.0,0.0,0.0,0.0,0.0,0.0,0.0,0.0,0.0,0.0,0.0,0.0,0.0,0.0,0.0,0.0,0.0,0.0,
2005-04-09,0.0,0.2,2.0,1.2,0.4,1.0,0.0,0.0,0.0,,0.0,0.0,0.0,0.0,0.0,0.0,0.0,0.0,3.2,0.0,0.0,1.5,3.0,3.3,0.0,0.3,0.0,1.4,0.0,3.0,0.0,0.0,0.0,0.0,0.0,
2005-04-10,0.0,1.6,1.0,1.0,2.8,6.5,0.0,0.0,0.0,,0.0,17.2,0.0,0.0,0.0,0.0,0.0,0.0,20.1,0.0,20.2,0.0,3.2,2.0,1.0,0.1,0.0,2.9,0.0,5.0,0.0,0.0,0.0,0.0,1.8,
2005-04-11,0.0,0.0,0.0,0.0,0.0,0.0,0.0,0.0,0.0,,0.0,0.0,0.0,0.0,0.0,0.0,0.0,0.0,0.0,0.0,0.0,0.0,0.0,0.0,0.0,0.0,0.0,0.0,0.0,0.0,0.0,0.0,0.0,0.0,0.0,
2005-04-12,0.0,0.0,0.0,0.0,0.0,0.0,0.0,0.0,0.0,,0.0,0.0,0.0,0.0,0.0,0.0,0.0,0.0,0.0,0.0,0.0,0.0,0.0,0.0,0.0,0.0,0.0,0.0,0.0,0.0,0.0,0.0,0.0,0.0,0.0,
2005-04-13,0.0,0.0,0.0,0.0,0.0,0.0,0.0,0.0,0.0,,0.0,0.0,0.0,0.0,0.0,0.0,0.0,0.0,0.0,0.0,4.5,0.0,0.0,0.0,0.0,0.0,0.0,0.0,0.0,0.0,0.0,0.0,0.0,0.0,0.0,
2005-04-14,0.0,0.0,0.0,0.0,0.0,0.0,0.0,0.0,0.0,,0.0,0.0,0.0,0.0,0.0,0.0,0.0,0.0,0.0,0.0,0.0,0.0,0.0,0.0,0.0,0.0,0.0,0.0,0.0,0.0,0.0,0.0,0.0,0.0,0.0,
2005-04-15,0.0,0.0,0.0,0.0,0.0,0.0,0.0,0.0,0.0,,0.0,0.0,0.0,0.0,1.0,0.0,0.0,0.0,0.0,0.0,0.0,0.0,0.0,0.0,0.0,0.0,0.0,0.0,0.0,0.0,0.0,0.0,0.0,0.0,0.0,
2005-04-16,0.0,0.0,0.0,0.0,0.0,0.0,0.0,0.0,0.0,,0.0,0.0,0.0,0.0,4.0,0.0,0.0,0.0,0.0,0.0,0.0,0.0,0.0,0.0,0.0,0.0,0.0,0.0,0.0,0.0,0.0,0.0,0.0,0.0,0.0,
2005-04-17,0.0,0.0,0.0,0.0,0.0,0.0,0.0,0.0,0.0,,0.0,0.0,0.0,0.0,0.2,0.0,0.0,0.0,0.0,0.0,0.0,0.0,0.0,0.0,0.0,0.0,0.0,0.0,0.0,0.0,0.0,0.0,0.0,0.0,0.0,
2005-04-18,0.0,0.0,0.0,0.0,0.0,15.5,0.0,0.0,0.0,,0.0,8.2,0.0,0.0,3.0,0.0,0.0,0.0,0.0,0.0,0.0,0.0,0.0,0.0,0.0,0.0,0.0,0.0,0.0,0.0,0.0,0.0,0.0,0.0,0.0,
2005-04-19,0.0,0.0,0.0,0.0,0.0,0.0,0.0,0.0,0.0,,0.0,7.4,0.0,0.0,0.0,0.0,0.0,0.0,0.0,0.0,0.0,0.0,0.0,0.0,0.0,0.0,0.0,0.0,0.0,0.0,0.0,0.0,0.0,0.0,0.0,
2005-04-20,0.0,0.0,0.0,0.0,0.0,0.0,0.0,0.0,0.0,,0.0,0.0,0.0,0.0,0.0,0.0,10.4,0.0,0.0,0.0,0.0,0.0,0.0,0.0,0.0,0.0,0.0,0.0,0.0,0.0,0.0,0.0,0.0,0.0,0.0,
2005-04-21,0.0,0.0,0.0,0.0,0.0,0.0,0.0,0.0,0.0,,0.0,0.0,0.0,0.0,0.0,0.0,0.0,0.0,0.0,0.0,0.0,0.0,0.0,0.0,0.0,0.0,0.0,0.0,0.0,1.0,0.0,0.0,0.0,0.0,0.0,
2005-04-22,0.0,0.0,0.0,0.0,0.0,0.0,0.0,0.0,0.0,,0.0,0.1,0.0,0.0,0.0,0.0,0.0,43.0,0.0,0.0,0.0,0.0,2.8,0.0,0.0,0.0,0.0,0.0,0.0,0.0,0.0,0.0,0.0,0.0,0.0,
2005-04-23,0.0,0.7,0.0,0.0,2.2,0.0,0.0,0.0,0.0,,45.1,0.0,0.0,0.0,0.0,0.0,22.5,12.2,0.0,0.0,0.0,0.0,5.0,0.0,0.0,0.0,0.0,0.0,0.0,0.0,0.0,0.0,2.0,0.0,0.0,
2005-04-24,8.6,6.3,0.0,45.2,6.8,46.0,22.0,3.6,3.0,,0.0,3.1,9.8,5.4,0.0,0.0,0.0,4.1,2.0,1.4,0.0,7.8,4.6,43.0,4.2,9.4,0.0,8.4,1.5,8.0,7.8,0.0,8.2,0.0,0.0,
2005-04-25,0.4,0.2,3.0,15.0,3.4,29.9,0.0,6.6,3.2,,0.0,2.4,8.8,8.2,0.0,0.0,0.0,0.0,0.0,2.6,0.0,4.7,0.8,1.7,2.1,6.0,0.0,4.8,3.0,5.0,5.0,0.0,0.0,9.0,8.4,
2005-04-26,0.0,0.0,0.0,0.0,0.0,0.0,0.0,0.0,0.0,,23.4,0.0,0.0,0.0,0.0,0.0,0.0,0.0,0.0,3.2,0.0,0.0,0.0,0.0,0.0,0.0,0.0,0.0,0.0,0.0,0.0,0.0,0.0,0.0,3.0,
2005-04-27,0.0,9.9,5.3,0.0,2.6,16.0,11.8,3.4,0.0,,0.0,12.0,2.4,0.0,0.0,0.0,0.0,6.9,4.0,8.5,2.2,10.3,1.2,6.5,6.2,2.5,0.0,4.2,7.3,6.5,3.5,21.0,0.0,0.0,0.0,
2005-04-28,0.0,0.0,0.0,0.0,0.0,0.0,0.0,0.0,0.0,,0.8,6.2,1.6,0.0,0.0,0.0,0.0,0.0,0.0,1.4,0.0,0.0,0.0,0.0,0.0,0.0,0.0,0.0,0.0,0.0,0.0,0.0,0.0,0.0,0.0,
2005-04-29,13.3,0.0,0.8,0.0,2.5,0.0,0.3,1.8,0.0,,0.0,0.1,9.2,18.4,2.0,0.0,10.0,1.0,0.0,2.2,0.0,0.0,0.0,1.5,0.0,0.0,0.0,8.0,0.0,1.4,0.0,2.1,0.0,0.0,0.0,
2005-04-30,50.6,15.4,8.7,19.2,11.8,0.0,12.0,15.6,18.0,,30.0,13.0,40.4,8.4,0.0,1.0,0.0,11.8,14.2,4.2,10.2,12.2,1.4,11.2,15.4,23.0,28.4,26.2,0.0,12.4,0.0,7.3,28.5,17.0,30.4,
2005-05-01,1.4,2.6,2.0,10.4,3.4,0.0,2.0,2.4,4.0,,0.0,7.1,1.2,3.0,1.4,0.0,21.6,0.5,3.2,16.5,10.7,1.8,8.0,3.1,3.0,1.0,0.0,4.2,0.0,1.0,10.4,5.0,0.0,9.0,7.4,
2005-05-02,2.2,0.0,0.0,4.2,0.6,0.0,0.0,2.6,0.0,,8.0,0.0,11.4,0.0,11.0,0.0,0.0,8.5,0.0,6.0,5.7,17.3,23.2,2.3,0.0,0.5,0.0,3.2,0.0,1.0,20.5,0.0,0.0,0.0,20.2,
2005-05-03,1.2,0.5,15.8,0.0,4.5,0.0,0.0,1.4,0.0,,0.0,0.0,1.4,0.0,4.5,3.0,0.0,0.0,3.2,4.2,0.0,0.9,0.4,14.5,0.0,0.0,0.0,0.2,0.0,1.0,0.0,0.0,42.2,0.0,0.0,
2005-05-04,0.0,0.0,0.0,0.0,0.0,0.5,0.0,1.0,3.0,,1.8,4.1,1.2,0.0,0.0,0.0,0.0,0.0,0.0,16.4,0.0,5.3,0.2,0.0,18.7,1.0,0.0,0.3,6.0,0.0,15.7,0.0,38.3,15.0,2.6,
2005-05-05,0.0,8.8,2.5,3.0,12.0,5.3,0.0,11.4,3.6,,6.6,7.0,0.0,0.0,0.0,0.0,0.0,23.5,15.0,4.6,0.0,19.0,15.0,26.9,5.4,0.0,18.6,2.4,4.9,9.0,10.5,4.0,62.0,0.0,0.0,
2005-05-06,5.0,8.3,8.3,18.2,14.6,0.0,39.4,6.6,3.2,,61.0,2.1,20.4,22.4,0.0,36.0,30.5,16.1,7.0,8.0,26.2,9.0,12.8,8.7,3.8,14.2,15.2,15.2,9.2,13.5,30.5,5.2,0.0,0.0,32.0,
2005-05-07,3.6,1.2,0.0,22.6,2.8,0.0,12.8,19.4,0.0,,33.0,36.4,16.4,0.0,0.0,0.0,0.0,0.0,2.0,10.0,1.4,2.5,1.6,1.6,0.0,3.5,0.0,5.4,0.0,2.8,0.0,6.0,0.0,26.0,0.0,
2005-05-08,0.0,0.7,0.0,0.0,1.8,10.3,2.0,4.2,0.0,,21.6,1.3,0.0,0.0,0.0,0.0,0.0,0.0,0.0,0.0,9.0,0.5,0.4,0.0,4.1,0.0,4.0,0.0,0.0,0.0,0.0,0.0,5.3,0.0,0.0,
2005-05-09,0.0,5.7,4.0,1.9,1.6,0.0,8.6,14.0,0.0,,0.0,3.4,0.0,0.0,0.0,0.0,0.0,0.0,0.0,0.0,8.1,5.1,0.2,3.0,0.0,4.5,5.8,2.2,1.4,3.5,0.0,0.0,10.2,0.0,0.0,
2005-05-10,0.0,0.0,0.0,0.0,0.0,0.0,0.0,0.0,0.0,,0.0,1.0,0.0,0.0,0.0,0.0,24.2,0.0,0.0,0.0,0.0,0.2,0.0,0.0,0.0,0.0,0.0,0.0,0.2,0.0,0.0,0.0,0.0,0.0,0.0,
2005-05-11,0.0,0.0,0.0,2.2,0.0,0.0,0.0,0.0,0.0,,0.0,0.0,0.0,0.0,0.0,0.0,0.0,0.0,0.0,0.0,0.0,0.0,0.0,0.0,0.0,1.0,0.0,0.0,0.0,0.0,0.0,0.0,0.0,0.0,0.0,
2005-05-12,0.0,0.0,0.0,0.0,0.0,0.0,0.0,0.0,0.0,,0.0,0.0,0.0,0.0,1.0,0.0,0.0,0.0,0.0,0.0,0.0,0.0,0.0,0.0,0.0,0.0,0.0,0.0,0.0,0.0,0.0,0.0,0.0,0.0,0.0,
2005-05-13,0.0,0.0,0.0,0.0,0.0,0.0,0.0,0.0,0.0,,0.0,0.0,0.0,0.0,0.0,0.0,0.0,0.0,0.0,0.0,0.0,0.0,0.0,0.0,0.0,0.0,0.0,0.0,0.0,0.0,0.0,0.0,0.0,0.0,0.0,
2005-05-14,0.0,0.7,4.5,3.2,4.4,5.7,0.0,0.0,0.0,,0.0,0.0,0.0,0.0,0.0,0.0,0.0,0.0,12.2,0.0,0.0,0.5,1.6,0.0,0.0,0.0,0.0,5.0,0.0,3.0,0.0,0.0,0.0,0.0,0.0,
2005-05-15,2.0,4.0,0.0,0.0,3.2,0.0,5.0,4.8,0.0,,0.0,0.0,0.0,0.0,0.0,0.0,0.0,11.5,4.2,1.5,4.2,5.4,3.8,4.3,0.0,0.0,4.8,3.2,0.0,4.0,0.0,0.0,0.0,0.0,0.0,
2005-05-16,0.0,0.0,2.0,1.2,0.0,0.0,0.0,0.0,0.0,,0.0,0.0,0.0,0.0,0.0,0.0,19.2,0.0,0.0,0.0,0.0,0.0,0.0,0.0,0.0,0.0,0.0,0.0,0.0,0.0,0.0,0.0,0.0,0.0,0.0,
2005-05-17,1.8,1.5,4.0,3.0,5.4,0.0,0.0,1.6,0.0,,7.2,2.1,0.0,0.0,2.0,3.0,0.0,0.0,0.0,6.4,2.0,1.8,0.4,2.4,2.4,4.0,5.0,3.0,0.0,2.0,0.0,3.0,7.3,0.0,0.0,
2005-05-18,4.0,0.7,4.1,9.0,8.2,0.0,4.0,4.2,0.0,,0.0,0.0,9.6,0.0,0.0,8.0,0.0,9.5,4.0,0.0,2.5,3.7,2.2,5.3,3.0,3.8,4.2,9.4,0.0,17.5,4.3,0.0,5.3,0.0,0.0,
2005-05-19,0.0,0.0,0.0,0.0,0.0,0.0,3.0,2.2,0.0,,0.0,8.2,0.0,0.0,0.0,15.0,0.0,0.0,0.0,0.0,0.0,5.3,0.0,0.0,0.0,1.4,6.6,0.0,0.0,0.0,0.0,0.0,0.0,0.0,0.0,
2005-05-20,1.4,4.9,6.3,2.4,7.4,0.0,0.0,2.6,0.0,,0.0,7.4,0.0,0.0,4.2,29.0,0.0,0.0,7.0,8.0,4.1,0.0,4.4,8.1,10.0,1.2,0.0,6.0,0.0,2.0,0.0,0.0,0.0,0.0,3.0,
2005-05-21,0.0,0.0,0.0,0.0,0.0,0.0,0.0,0.0,0.0,,0.0,0.0,0.0,0.0,0.0,0.0,0.0,0.0,0.0,0.0,0.0,0.0,0.0,0.0,0.0,0.0,0.0,0.0,0.0,0.0,0.0,0.0,0.0,0.0,0.0,
2005-05-22,0.0,0.0,0.0,0.0,0.0,0.0,0.0,0.0,0.0,,0.0,0.0,0.0,0.0,0.0,0.0,20.0,0.0,0.0,0.0,0.0,0.0,0.0,0.0,0.0,0.0,0.0,0.0,0.0,0.0,0.0,1.0,0.0,0.0,0.0,
2005-05-23,3.0,0.0,0.0,0.0,0.0,0.2,0.0,0.0,0.0,,0.0,0.2,0.0,0.0,0.0,0.0,0.0,0.0,0.0,0.0,0.0,0.5,0.0,0.0,0.4,0.0,0.0,0.0,0.0,0.0,0.0,3.4,0.0,0.0,0.0,
2005-05-24,0.0,0.0,0.0,0.0,0.0,0.0,0.0,1.6,0.0,,0.0,0.0,0.0,0.0,0.0,0.0,0.0,0.0,0.0,0.0,0.0,0.2,0.0,0.0,0.3,0.0,0.0,0.0,0.0,0.0,0.0,0.0,0.0,0.0,0.0,
2005-05-25,0.0,0.0,0.0,0.0,0.0,0.0,0.0,0.0,0.0,,3.8,0.0,0.0,0.0,0.0,0.0,0.0,0.0,0.0,0.0,0.0,24.8,0.0,0.0,0.0,0.0,0.0,0.0,0.0,0.0,0.0,0.0,0.0,0.0,0.0,
2005-05-26,0.0,0.0,0.0,0.0,0.0,0.0,0.0,0.0,0.0,,0.0,0.0,0.0,0.0,0.0,0.0,0.0,0.0,0.0,0.0,0.0,0.0,0.0,0.0,0.0,0.0,0.0,0.0,0.0,0.0,0.0,0.0,0.0,0.0,0.0,
2005-05-27,0.0,0.0,0.0,0.0,0.0,0.0,0.0,0.0,0.0,,0.0,0.0,0.0,0.0,0.0,0.0,0.0,0.0,0.0,0.0,0.0,0.0,0.0,0.0,0.0,0.0,0.0,0.0,0.0,0.0,0.0,0.0,0.0,0.0,0.0,
2005-05-28,0.0,1.0,0.0,15.2,12.0,12.0,0.0,2.4,0.0,,0.0,0.0,0.0,0.0,0.0,0.0,0.0,19.5,0.0,0.0,0.0,0.4,5.2,5.1,0.4,0.0,0.0,28.8,0.0,13.5,0.0,0.0,0.0,0.0,0.0,
2005-05-29,0.0,0.0,0.0,0.0,0.0,0.0,0.0,0.0,0.0,,0.0,0.0,0.0,0.0,0.0,0.0,50.2,0.0,0.0,0.0,0.0,0.0,0.0,0.0,0.0,0.0,0.0,0.0,0.0,0.0,0.0,0.0,0.0,0.0,0.0,
2005-05-30,0.0,0.0,0.0,0.0,0.0,0.0,0.0,0.0,0.0,,0.0,0.0,0.0,0.0,0.0,0.0,0.0,0.0,0.0,0.0,0.0,0.0,0.0,0.0,0.0,0.0,0.0,0.0,0.0,0.0,5.4,0.0,0.0,0.0,0.0,
2005-05-31,0.0,0.0,0.0,0.0,0.0,0.0,0.0,0.0,0.0,,0.0,0.0,0.0,0.0,0.0,0.0,0.0,0.0,0.0,0.0,0.0,0.0,0.0,0.0,0.0,0.0,0.0,0.0,0.0,0.0,0.0,0.0,0.0,0.0,0.0,
2005-06-01,0.0,0.0,0.0,0.0,0.0,0.0,0.0,0.0,0.0,,0.0,0.0,0.0,0.0,0.0,0.0,0.0,0.0,0.0,0.0,0.0,0.0,0.0,0.0,0.0,0.0,0.0,0.0,0.0,0.0,0.0,0.0,0.0,0.0,0.0,
2005-06-02,0.0,0.0,0.0,0.0,0.0,0.0,0.0,0.0,0.0,,0.0,0.0,0.0,0.0,0.0,0.0,5.5,0.0,0.0,0.0,0.0,0.0,0.0,0.0,0.0,0.0,0.0,0.0,0.0,0.0,0.0,0.0,0.0,0.0,0.0,
2005-06-03,0.0,0.0,0.0,0.0,0.0,0.0,0.0,0.0,0.0,,0.0,0.0,0.0,0.0,10.5,0.0,0.0,0.0,0.0,4.2,0.0,0.0,0.0,0.0,0.0,0.0,0.0,0.0,0.0,0.0,16.0,0.0,15.3,0.0,0.0,
2005-06-04,1.2,0.2,9.5,6.0,1.6,1.5,15.5,0.0,7.2,,0.0,1.0,0.0,0.0,0.0,0.0,28.0,0.0,9.1,16.8,0.0,0.0,4.4,10.0,0.6,0.0,0.0,0.4,0.0,0.0,0.0,2.1,18.2,0.0,0.0,
2005-06-05,26.4,6.5,2.3,0.0,1.0,7.8,0.0,0.0,17.0,,0.0,0.0,14.4,0.0,0.0,0.0,0.0,0.0,1.2,4.6,0.0,0.0,3.8,0.5,0.8,0.0,8.4,0.0,0.0,0.0,0.0,4.6,0.0,0.0,0.0,
2005-06-06,0.0,15.4,0.0,0.0,6.2,0.0,0.0,3.6,0.0,,0.0,0.0,0.0,8.5,20.2,0.0,0.0,23.9,1.3,10.0,3.5,0.0,14.6,18.1,41.6,0.0,11.2,7.4,0.0,0.0,0.0,10.5,24.4,0.0,0.0,
2005-06-07,2.2,4.8,2.0,70.1,9.6,13.7,42.2,12.2,8.0,,0.0,2.3,5.6,15.4,2.0,0.0,0.0,17.8,2.0,8.0,38.5,19.5,9.0,7.5,17.6,8.4,14.4,12.2,0.0,15.0,23.3,0.0,0.0,13.6,8.0,
2005-06-08,5.4,21.0,9.5,0.0,28.4,8.5,1.0,3.8,0.0,,0.0,24.0,0.0,0.0,0.0,0.0,7.7,0.0,7.0,0.0,0.0,7.6,6.8,23.2,13.0,7.5,4.8,33.8,0.0,28.0,0.0,0.0,0.0,0.0,1.0,
2005-06-09,0.0,0.0,0.0,0.0,0.0,0.0,0.0,0.0,0.0,,0.0,14.2,0.0,0.0,0.0,0.0,8.2,0.0,0.0,0.0,0.0,0.0,0.0,0.0,0.0,0.0,0.0,0.0,0.0,0.0,0.0,0.0,0.0,0.0,0.0,
2005-06-10,0.0,0.0,0.0,0.0,0.0,5.0,0.0,0.0,0.0,,0.0,0.0,0.0,0.0,0.0,0.0,0.0,0.0,0.0,0.0,20.0,0.0,0.6,0.0,0.0,0.0,0.0,0.0,0.0,0.0,0.0,0.0,0.0,0.0,0.0,
2005-06-11,0.0,2.2,0.0,0.0,0.0,0.0,0.0,1.5,0.0,,22.0,12.0,0.0,0.0,0.0,0.0,17.3,0.0,0.0,1.0,0.0,1.0,0.4,0.0,1.5,0.0,11.4,0.0,0.0,0.0,0.0,0.0,0.0,0.0,0.0,
2005-06-12,0.0,0.0,20.8,0.0,0.0,6.0,0.0,0.0,0.0,,0.0,0.0,0.0,0.0,0.0,0.0,0.0,0.0,6.2,30.0,0.0,50.9,0.6,0.0,12.8,0.0,0.0,0.0,0.0,0.0,0.0,0.0,0.0,0.0,0.0,
2005-06-13,31.2,0.0,0.0,1.0,0.0,0.0,0.0,2.3,0.0,,0.0,42.0,6.8,0.0,2.1,0.0,0.0,0.0,0.0,2.0,0.0,0.4,0.0,0.0,0.0,0.0,0.0,2.2,0.0,0.0,0.0,0.0,0.0,0.0,0.0,
2005-06-14,0.0,0.0,0.0,0.0,0.0,0.0,1.4,0.0,0.0,,0.0,0.0,0.0,0.0,0.0,0.0,0.0,0.0,0.0,0.0,0.0,0.0,0.0,0.0,4.4,0.0,0.0,0.0,23.2,0.0,0.0,0.0,0.0,0.0,0.0,
2005-06-15,0.0,23.3,0.0,0.0,0.0,0.0,2.4,0.0,0.0,,1.2,0.0,0.0,0.0,1.0,0.0,21.0,0.0,4.0,0.0,0.0,0.0,0.0,0.0,0.9,0.0,0.0,0.0,0.2,0.0,0.0,0.0,0.0,0.0,0.0,0.0
2005-06-16,0.0,0.0,0.0,0.0,0.0,6.5,0.0,0.0,0.0,,1.6,0.0,0.0,0.0,0.0,0.0,0.0,0.0,0.0,0.0,0.0,0.0,0.0,0.0,0.0,0.0,0.0,0.0,0.0,0.0,0.0,0.0,0.0,0.0,0.0,0.0
2005-06-17,0.0,0.0,0.0,0.0,0.0,0.0,0.0,0.0,0.0,,0.0,0.0,0.0,0.0,0.0,0.0,0.0,0.0,0.0,0.0,0.0,0.0,0.0,0.0,0.0,0.0,0.0,0.0,0.0,0.0,0.0,0.0,0.0,0.0,0.0,0.0
2005-06-18,0.0,0.0,0.0,0.0,0.0,0.0,0.0,0.0,0.0,,0.0,0.0,0.0,0.0,0.0,0.0,0.0,0.0,0.0,0.0,0.0,0.0,0.0,0.0,0.0,0.0,0.0,0.0,0.0,0.0,0.0,0.0,10.0,0.0,0.0,0.0
2005-06-19,2.6,0.2,0.0,1.0,0.0,15.0,19.2,0.2,0.0,,5.0,6.0,0.0,7.5,17.0,29.0,0.0,0.3,0.0,0.0,0.0,0.4,0.0,0.0,0.2,0.0,0.2,0.0,0.1,0.0,12.4,0.0,5.0,0.0,0.0,0.0
2005-06-20,6.2,1.7,4.5,11.6,2.8,6.5,13.2,1.8,44.0,,42.4,76.0,32.4,15.4,11.5,13.0,0.0,9.4,4.0,4.2,4.0,1.2,9.0,0.6,3.8,3.2,2.0,8.2,1.4,16.0,22.1,11.1,13.1,0.0,0.0,0.0
2005-06-21,0.2,10.0,6.5,16.2,3.2,22.5,10.2,13.4,0.0,,15.6,12.0,1.2,5.2,0.0,5.0,34.7,6.5,4.2,36.4,6.4,5.9,8.8,2.3,4.2,7.5,0.0,5.0,0.2,5.4,0.0,0.0,27.0,8.0,10.4,18.0
2005-06-22,46.8,37.3,4.5,34.4,48.4,48.5,9.3,102.0,0.0,,7.8,36.0,39.6,0.0,0.0,8.0,17.0,56.5,13.2,2.4,40.3,15.2,17.2,6.0,14.9,43.5,36.8,40.8,0.9,55.4,0.0,76.3,18.6,0.0,0.0,30.0
2005-06-23,88.8,7.5,11.0,0.0,23.2,34.3,19.8,67.6,33.0,,7.9,53.0,58.4,27.4,0.0,38.0,22.0,64.6,18.2,2.2,15.0,10.2,21.0,18.0,11.4,46.0,38.2,23.8,0.3,62.2,0.0,10.8,33.1,33.0,9.8,25.0
2005-06-24,15.0,44.2,3.0,0.0,3.0,1.5,5.0,44.4,9.0,,14.3,41.1,0.0,23.5,0.0,0.0,0.0,22.8,5.2,4.6,58.3,22.4,8.6,38.5,40.6,4.5,37.6,4.9,9.7,6.0,0.0,8.2,64.1,0.0,0.0,15.0
2005-06-25,3.0,1.3,6.8,0.0,0.0,1.0,11.0,6.4,64.0,,0.0,0.0,43.4,0.0,0.0,20.0,0.0,0.0,6.0,18.2,0.0,0.4,12.4,0.0,0.0,0.0,2.2,1.8,1.3,2.0,19.0,2.0,33.0,0.0,0.0,0.0
2005-06-26,0.0,11.8,0.0,0.0,1.8,0.0,2.0,51.6,0.0,,0.0,0.0,0.0,0.0,13.4,0.0,0.0,0.0,0.0,0.0,20.0,17.8,0.2,4.0,23.0,0.0,21.0,1.0,0.0,2.0,0.0,3.1,0.0,0.0,0.0,5.0
2005-06-27,0.0,6.0,0.0,0.0,2.4,1.0,0.0,28.4,0.0,,30.2,0.0,0.0,20.4,8.0,22.0,0.0,14.6,0.0,3.0,22.7,0.2,0.6,3.1,11.3,0.0,14.4,4.6,0.0,3.0,0.0,0.0,0.0,7.0,0.0,0.0
2005-06-28,0.0,0.0,0.0,0.0,1.2,0.8,0.0,0.8,35.0,,0.0,0.0,0.0,10.5,0.0,0.0,0.0,0.0,0.0,1.0,1.5,3.1,0.0,4.9,0.0,0.4,29.2,4.4,0.0,0.0,41.0,0.0,0.0,0.0,0.0,0.0
2005-06-29,0.0,7.1,3.0,0.0,2.4,5.0,1.0,30.0,0.0,,68.2,0.0,3.2,15.2,2.0,0.0,0.0,5.5,4.0,0.0,9.4,8.5,5.2,8.1,10.1,0.6,14.0,2.2,12.4,4.0,0.0,0.0,17.3,0.0,0.0,0.0
2005-06-30,0.0,22.4,6.0,2.8,2.0,30.5,17.0,23.4,0.0,,0.0,61.0,0.0,0.0,6.0,12.0,0.0,0.0,34.2,0.0,23.2,0.0,3.4,30.4,11.4,0.0,12.0,7.6,0.0,6.0,0.0,0.0,0.0,0.0,0.0,0.0
2005-07-01,0.0,0.0,0.0,0.0,2.0,0.5,0.0,1.4,0.0,,1.8,7.0,0.0,0.0,50.5,2.0,9.6,0.0,0.0,0.0,0.0,10.0,0.0,0.0,0.0,0.0,0.0,0.0,0.7,0.0,,0.0,10.0,0.0,1.2,39.0
2005-07-02,4.0,0.2,0.0,0.0,3.6,10.0,15.0,20.3,0.0,,0.0,3.0,18.8,10.5,60.2,5.0,0.0,9.5,2.2,0.0,0.0,0.0,4.6,0.4,7.6,5.3,8.6,4.8,0.8,10.0,,0.0,18.0,11.0,2.2,0.0
2005-07-03,4.2,4.0,1.0,0.0,6.6,21.2,11.2,1.2,0.0,,3.4,4.0,0.0,0.0,18.0,5.0,0.0,7.5,4.2,0.0,2.7,2.3,8.0,8.5,1.2,22.1,25.8,7.2,3.6,19.0,,0.0,64.1,0.0,3.2,0.0
2005-07-04,0.1,0.3,0.0,20.6,12.0,35.2,62.6,8.2,7.0,,5.0,24.0,7.8,0.0,0.0,12.0,17.2,0.0,2.0,1.0,0.4,1.2,7.4,0.0,10.4,32.0,13.8,21.8,2.3,31.5,,0.0,18.0,0.0,0.0,0.0
2005-07-05,2.8,1.2,0.0,9.4,5.3,28.9,4.0,7.4,17.0,,20.6,66.0,8.6,0.0,0.0,0.0,0.0,36.2,0.0,0.0,1.4,0.5,11.2,4.5,3.3,8.0,0.0,8.2,0.0,19.0,,3.4,2.0,0.0,3.4,9.5
2005-07-06,7.4,0.0,0.0,0.0,0.0,28.4,0.0,0.0,1.3,,3.4,37.0,0.8,0.0,1.0,2.0,0.0,0.5,0.0,2.0,0.0,0.5,0.2,0.0,0.0,0.8,0.2,0.3,0.0,2.5,,0.0,20.5,5.0,4.2,15.0
2005-07-07,0.0,7.2,0.0,4.4,0.0,6.6,80.8,0.6,0.0,,33.0,3.0,0.0,4.2,9.0,5.0,0.0,0.0,0.0,2.0,8.5,7.7,0.0,0.0,0.0,0.0,1.8,0.2,0.2,3.0,,0.0,14.0,0.0,0.0,0.0
2005-07-08,17.8,51.5,2.0,33.2,12.5,6.5,154.6,74.6,0.0,,31.0,44.0,0.0,0.0,46.5,40.0,0.0,0.0,0.0,22.6,60.0,0.5,54.6,23.8,31.2,6.5,72.4,14.6,50.5,14.5,,32.5,41.0,0.0,0.0,0.0
2005-07-09,1.0,0.2,4.0,0.0,0.0,0.0,0.0,0.0,136.0,,41.0,7.0,4.6,0.0,38.7,2.0,0.0,0.0,3.0,0.0,0.0,91.5,6.8,0.4,0.0,15.2,0.0,1.8,11.3,5.0,,8.4,77.5,10.0,0.0,0.0
2005-07-10,11.8,36.0,55.0,28.2,21.0,29.0,6.0,35.6,9.0,,51.0,57.0,18.6,20.5,12.4,6.0,0.0,42.8,62.0,62.2,52.0,1.8,45.2,47.2,42.4,32.0,88.4,17.5,8.2,28.5,,26.2,10.2,0.0,10.4,0.0
2005-07-11,1.0,7.2,2.5,20.0,1.8,4.0,0.6,7.4,0.0,,0.0,0.0,0.6,0.0,7.0,4.0,0.0,1.6,0.0,2.0,4.2,5.7,2.6,1.3,2.6,0.6,10.2,6.0,8.4,3.5,,0.0,5.0,0.0,0.0,0.0
2005-07-12,0.0,22.5,2.0,4.2,7.8,3.0,46.2,21.4,0.0,,0.0,9.4,0.0,0.0,16.5,12.0,18.6,0.0,2.0,0.0,8.3,6.3,1.0,6.1,20.4,22.4,11.4,3.0,0.0,24.0,,0.0,39.0,0.0,0.0,0.0
2005-07-13,89.4,9.4,2.0,0.0,10.8,20.5,0.0,11.2,34.0,,23.6,8.2,28.4,0.0,40.0,10.0,0.0,41.2,9.2,8.2,2.5,39.4,3.8,6.0,16.9,0.0,7.8,9.2,4.4,55.0,,3.0,23.5,19.0,3.2,15.0
2005-07-14,38.0,13.7,31.0,18.0,15.4,26.1,81.4,8.4,45.0,,2.8,46.0,121.6,20.4,28.5,21.0,0.0,39.9,51.0,22.2,20.0,40.5,33.2,28.6,19.6,12.5,18.4,9.8,10.2,12.5,,15.5,42.0,40.0,10.2,0.0
2005-07-15,2.6,23.5,7.8,4.0,15.2,21.7,52.8,17.0,1.5,,31.4,39.0,3.4,25.5,44.0,41.0,9.5,17.9,23.0,18.0,30.4,0.5,39.6,19.2,0.0,22.0,10.2,16.6,0.0,23.0,,0.0,23.2,0.0,0.0,0.0
2005-07-16,26.0,0.0,0.0,7.0,0.2,11.5,9.8,18.2,24.2,,3.0,36.0,18.4,0.0,22.0,41.0,0.0,0.5,0.0,0.0,19.5,9.8,0.6,0.0,0.0,2.0,8.0,0.2,3.8,12.4,,10.6,18.2,40.6,48.2,33.0
2005-07-17,96.8,13.8,10.6,6.0,11.0,36.5,96.6,20.2,36.0,,37.8,91.0,132.6,0.0,55.0,60.0,0.0,10.3,11.0,0.0,0.0,18.7,3.0,6.7,22.0,10.9,7.8,11.2,2.4,16.0,,6.0,1.0,66.0,33.8,7.0
2005-07-18,19.0,32.0,10.0,7.8,10.0,48.0,37.0,70.4,33.0,,17.6,4.2,31.4,0.0,43.0,29.0,0.0,17.7,22.2,40.0,14.4,6.5,24.6,21.0,27.0,19.5,16.0,16.8,1.8,17.0,,10.2,40.1,10.0,8.6,7.0
2005-07-19,6.2,2.4,0.6,1.0,1.4,9.0,38.8,18.2,2.0,,38.4,46.2,4.8,12.4,29.0,36.0,20.5,0.0,0.0,14.2,0.0,0.4,2.8,4.0,1.7,1.0,6.2,1.4,0.5,1.0,,3.5,49.0,3.0,0.0,0.0
2005-07-20,0.6,0.0,6.5,0.0,3.4,5.4,27.2,28.4,72.0,,22.5,3.0,0.2,0.0,41.3,12.0,0.0,2.2,14.0,1.2,0.0,4.5,8.0,0.0,0.0,0.0,9.2,5.6,3.4,3.5,,10.3,42.4,0.0,0.0,0.0
2005-07-21,6.4,4.7,0.0,5.6,15.2,19.9,31.0,51.6,18.0,,19.4,1.0,34.8,0.0,24.8,9.0,0.0,4.8,2.0,0.0,0.0,11.0,5.0,1.7,0.0,6.5,3.2,43.8,27.4,5.0,,3.2,0.0,24.5,61.4,40.0
2005-07-22,50.8,0.5,0.0,1.4,1.0,0.0,0.0,13.2,0.0,,6.6,0.0,1.2,0.0,0.0,0.0,0.0,7.4,0.0,10.4,23.1,2.6,1.4,19.5,14.1,0.6,4.4,0.8,2.2,3.5,,0.0,14.2,29.5,9.2,26.0
2005-07-23,1.4,0.0,0.0,1.8,0.2,1.7,0.0,14.4,8.0,,5.3,0.0,0.0,16.2,0.0,0.0,0.0,5.1,0.0,5.0,17.2,0.5,2.0,0.0,0.0,3.5,0.0,1.0,1.2,5.0,,0.0,0.0,11.0,15.4,0.0
2005-07-24,0.0,0.6,6.0,0.0,2.4,0.0,21.4,1.4,0.0,,13.2,0.0,0.0,18.4,3.5,0.0,10.5,4.8,0.0,18.0,15.1,7.6,12.2,2.0,0.0,6.0,36.0,4.8,1.0,10.5,,0.0,0.0,0.0,0.0,0.0
2005-07-25,0.0,4.8,2.0,32.0,3.4,0.0,0.0,44.8,0.0,,49.4,0.0,0.0,0.0,7.0,0.0,0.0,2.1,0.0,16.0,0.0,0.7,1.8,4.9,0.0,1.5,17.4,0.4,2.6,7.0,,0.0,2.0,0.0,4.0,0.0
2005-07-26,0.0,1.3,0.0,0.0,0.0,0.0,25.8,12.2,0.0,,0.0,0.0,0.0,0.0,9.0,5.0,0.0,5.7,0.0,4.0,0.0,0.2,0.2,10.7,8.0,15.0,4.2,0.0,35.4,5.0,,0.0,0.0,0.0,0.0,0.0
2005-07-27,0.0,5.0,4.3,7.4,0.6,0.0,0.0,22.8,0.0,,3.0,21.0,0.0,0.0,6.5,0.0,0.0,0.0,3.1,10.0,20.0,6.5,2.6,4.6,6.4,5.4,0.0,1.2,0.8,2.5,,0.0,0.0,0.0,0.0,0.0
2005-07-28,0.0,0.2,1.0,5.0,0.0,9.0,8.8,23.0,0.0,,18.0,0.0,2.0,50.4,12.5,10.0,28.4,0.0,0.0,16.4,0.0,43.2,0.0,0.7,1.1,0.0,2.2,0.0,2.0,0.0,,0.0,0.0,0.0,0.0,0.0
2005-07-29,0.0,1.0,2.8,39.4,6.2,0.0,0.0,79.0,36.0,,41.0,0.0,0.8,0.0,8.0,0.0,0.0,6.0,2.0,0.0,4.0,43.6,1.0,0.0,0.0,2.8,16.8,7.4,4.0,0.0,,0.0,0.0,0.0,0.0,10.0
2005-07-30,27.4,10.3,31.0,42.2,0.2,4.5,0.0,36.0,0.0,,50.4,5.2,27.4,36.5,41.2,0.0,0.0,3.2,0.0,0.0,2.0,0.0,10.2,19.0,29.0,0.0,0.0,0.2,0.2,5.0,,0.0,52.0,0.0,0.0,0.0
2005-07-31,0.0,0.0,4.2,1.0,0.4,1.0,18.4,8.6,21.2,,0.0,0.0,5.4,0.0,4.0,0.0,0.0,5.8,17.2,4.0,0.0,0.0,20.6,1.6,1.6,7.1,6.4,1.0,0.8,15.0,,0.0,0.0,0.0,0.0,0.0
2005-08-01,0.0,0.8,0.0,0.0,1.0,0.0,0.0,1.4,0.0,,,0.0,0.0,0.0,27.5,0.0,0.0,0.0,0.0,20.0,15.0,1.5,2.0,0.0,11.0,1.3,2.4,0.0,4.2,0.0,0.0,0.0,1.1,0.0,0.0,0.0
2005-08-02,0.0,0.0,2.2,0.0,0.4,4.5,0.0,4.0,0.0,,,12.0,0.0,0.0,0.0,0.0,0.0,0.0,0.0,8.0,0.0,0.4,0.0,0.7,0.0,2.6,5.2,1.2,0.3,2.5,0.0,0.0,0.0,0.0,0.0,0.0
2005-08-03,0.0,1.9,0.0,0.0,0.0,1.0,0.0,18.2,0.0,,,9.3,0.0,0.0,4.0,0.0,16.5,9.0,0.0,5.0,25.1,40.6,0.0,2.3,0.0,0.8,7.4,0.0,3.8,14.5,0.0,0.0,1.6,0.0,0.0,0.0
2005-08-04,0.0,6.7,32.5,7.2,9.0,29.6,3.4,41.6,0.0,,,3.1,0.0,0.0,21.0,0.0,0.0,15.4,58.0,40.0,13.4,4.5,19.8,9.5,12.0,19.0,8.6,15.8,4.0,26.0,0.0,0.0,0.0,0.0,0.0,0.0
2005-08-05,0.0,1.6,4.0,7.8,2.5,4.6,0.8,10.4,0.0,,,12.0,0.0,20.2,2.5,0.0,0.0,3.7,9.0,6.0,3.4,20.3,9.4,1.2,13.0,5.1,21.4,4.4,2.2,3.5,0.0,0.0,0.0,0.0,0.0,0.0
2005-08-06,0.0,39.3,0.0,13.6,0.0,14.7,1.2,4.2,0.0,,,84.0,0.0,80.4,10.2,17.0,0.0,17.5,10.0,42.2,5.0,113.5,3.8,0.0,29.0,87.0,37.4,0.4,4.8,35.0,0.0,21.2,0.0,0.0,0.0,0.0
2005-08-07,50.0,68.1,135.0,90.6,75.4,90.0,160.4,104.0,160.0,,,88.0,97.4,7.2,116.4,0.0,0.0,21.8,123.0,58.2,60.0,6.5,120.8,88.5,60.0,0.5,58.2,76.4,17.8,98.5,41.0,95.1,252.0,38.6,24.6,184.0
2005-08-08,12.4,1.3,13.3,0.0,2.4,3.5,30.0,0.4,17.0,,,0.0,25.8,4.4,11.5,51.0,0.0,0.0,14.0,3.5,0.8,14.4,11.0,0.0,7.0,0.0,10.2,4.4,22.8,5.0,23.1,65.0,24.5,60.0,10.8,0.0
2005-08-09,9.2,23.5,0.0,0.0,0.0,3.0,50.0,0.0,0.0,,,0.0,8.2,43.2,153.2,0.0,20.0,0.0,30.0,24.0,0.7,63.8,6.6,0.0,0.4,0.0,4.2,0.0,29.2,1.0,43.0,0.0,28.2,21.0,36.2,20.0
2005-08-10,0.0,10.0,1.8,0.0,0.0,1.0,0.0,14.4,40.6,,,2.0,2.8,18.4,17.2,0.0,0.0,3.5,0.0,4.2,5.1,9.0,0.0,0.0,11.4,2.5,5.0,0.0,11.4,15.0,25.6,3.2,40.0,3.0,4.2,143.0
2005-08-11,14.2,6.9,2.7,1.0,1.4,3.2,31.6,8.8,54.0,,,30.1,110.0,5.2,22.4,60.0,0.0,4.5,7.2,2.4,3.3,17.6,15.6,14.2,24.4,2.8,2.8,1.4,1.4,4.0,35.3,0.0,55.5,5.0,4.6,0.0
2005-08-12,119.2,12.1,14.0,14.0,10.2,25.0,4.6,23.2,114.0,,,1.1,112.6,20.4,75.0,0.0,0.0,15.7,14.0,7.5,11.2,4.1,10.4,11.3,13.0,15.0,18.8,13.2,14.4,15.0,41.5,30.2,0.0,156.0,132.2,87.0
2005-08-13,0.4,1.2,2.0,0.0,0.4,1.2,1.0,5.6,0.0,,,5.2,0.0,2.1,25.5,35.0,5.4,12.5,9.0,2.0,2.0,22.8,1.2,2.3,4.5,0.0,5.4,1.0,1.4,2.0,0.0,0.0,9.1,4.0,0.0,0.0
2005-08-14,80.4,0.0,2.0,0.0,0.0,18.5,0.0,0.8,0.0,,,2.0,3.8,0.0,41.3,0.0,0.0,20.5,19.2,4.0,0.0,19.0,3.6,0.0,3.6,0.0,6.8,0.0,2.2,5.0,29.0,1.5,42.0,17.0,81.0,35.0
2005-08-15,6.4,8.9,3.2,53.2,10.2,3.1,5.6,44.6,0.0,,,4.0,16.4,0.0,19.0,0.0,0.0,0.0,10.0,10.2,12.3,0.5,8.0,6.7,10.1,0.0,17.2,3.6,0.8,5.0,0.0,2.4,0.0,28.0,98.4,37.0
2005-08-16,0.0,2.2,0.0,6.2,0.0,2.0,4.6,14.6,0.0,,,10.1,0.6,0.0,16.5,35.0,0.0,0.0,0.0,0.0,2.5,10.0,0.4,3.7,1.3,2.0,36.4,1.2,3.8,0.0,0.0,0.0,10.0,0.0,0.0,0.0
2005-08-17,0.0,0.7,0.0,10.2,0.0,1.1,0.0,12.0,12.0,,,0.0,3.2,10.4,0.0,0.0,15.0,3.5,0.0,28.2,0.0,28.9,0.0,0.9,0.0,3.5,0.2,0.0,3.2,6.0,13.3,0.4,0.0,22.0,9.0,0.0
2005-08-18,34.0,1.8,5.0,2.0,0.0,1.0,2.0,21.0,68.0,,,0.0,46.8,5.5,0.0,65.0,0.0,0.0,28.0,22.0,22.4,65.6,8.2,2.8,6.6,0.0,1.6,0.0,2.9,0.0,0.0,1.0,66.5,0.0,0.0,0.0
2005-08-19,93.4,7.6,7.3,0.0,2.6,4.2,48.6,87.8,62.0,,,28.2,21.6,17.2,17.0,48.0,0.0,37.5,9.0,42.2,22.0,50.9,7.4,27.9,26.0,16.5,32.4,3.2,4.2,21.0,15.5,0.0,61.0,90.0,20.0,0.0
2005-08-20,117.0,18.2,30.5,54.0,29.2,50.5,75.6,41.0,80.0,,,77.0,142.0,68.4,96.5,13.0,0.0,61.4,49.0,95.6,20.2,26.0,22.8,31.7,40.0,41.2,4.6,37.8,7.1,2.2,15.5,27.2,84.2,57.0,25.6,13.0
2005-08-21,1.0,12.7,21.0,1.0,0.0,14.2,2.2,9.2,0.0,,,13.0,2.4,0.0,3.2,0.0,0.0,42.1,0.0,18.1,2.5,36.3,2.0,5.3,4.3,0.4,16.8,2.0,9.4,3.5,11.0,2.0,0.0,11.0,0.2,0.0
2005-08-22,7.8,24.3,0.0,7.2,10.0,40.5,15.0,25.8,0.0,,,18.0,0.0,0.0,18.4,20.0,0.0,0.0,22.0,18.0,13.3,22.0,18.8,6.9,7.7,22.6,6.6,6.0,17.4,45.0,0.0,0.0,19.1,2.0,0.0,0.0
2005-08-23,14.5,1.4,21.5,10.0,8.0,41.0,18.6,18.2,0.0,,,33.2,0.0,0.0,27.5,42.0,0.0,18.5,3.0,32.3,2.0,33.4,2.6,2.4,12.0,22.0,16.6,23.4,11.2,25.0,0.0,0.0,31.5,28.0,0.0,0.0
2005-08-24,8.2,0.8,0.0,10.6,4.6,7.5,23.8,2.4,16.0,,,17.0,24.4,10.5,41.2,58.0,0.0,11.5,3.2,1.7,0.0,27.5,2.2,1.7,2.1,15.0,18.4,7.2,2.3,18.0,0.0,0.0,42.0,28.0,32.8,0.0
2005-08-25,141.8,10.1,12.0,32.2,10.2,35.0,34.8,20.8,10.0,,,109.0,84.0,32.4,25.5,62.0,0.0,39.5,19.2,22.8,14.2,7.5,10.4,7.8,11.2,32.1,20.2,30.0,3.3,47.0,15.3,11.3,42.1,28.6,20.0,55.0
2005-08-26,88.6,16.0,17.0,8.6,9.0,21.5,23.8,10.2,120.0,,,26.3,41.4,162.5,62.5,0.0,31.2,26.2,31.2,32.0,22.0,0.3,11.2,0.0,24.6,20.0,11.6,21.8,0.2,30.0,45.0,7.6,80.3,201.0,190.0,140.0
2005-08-27,73.8,28.8,13.5,6.2,20.6,20.5,186.8,22.8,68.0,,,219.5,129.6,82.5,162.2,80.0,0.0,0.0,21.2,44.5,12.9,4.0,15.0,80.9,21.0,0.0,26.8,21.6,7.2,39.0,37.0,17.5,31.0,48.0,9.8,0.0
2005-08-28,24.4,2.1,1.3,0.0,0.0,1.0,25.2,11.2,12.0,,,0.0,9.6,25.4,3.0,0.0,0.0,0.0,6.0,18.3,2.2,6.8,0.2,5.2,0.0,0.0,2.4,0.4,6.2,2.0,7.2,0.0,0.8,0.5,11.4,0.0
2005-08-29,1.0,0.0,1.0,0.0,0.0,0.0,25.2,8.8,0.0,,,0.0,0.4,10.2,6.6,0.0,0.0,0.0,11.0,0.0,0.0,0.0,3.0,0.0,0.0,0.0,4.2,0.0,6.1,0.0,0.0,0.0,0.0,0.0,0.0,0.0
2005-08-30,0.0,0.0,0.0,4.8,0.0,15.0,6.3,5.6,0.0,,,2.0,0.0,0.0,19.2,0.0,0.0,0.0,0.0,0.0,2.2,0.0,1.2,0.0,0.0,0.0,0.0,0.0,2.2,0.0,0.0,0.0,0.0,0.0,0.0,0.0
2005-08-31,0.0,0.3,0.0,4.2,0.0,0.0,26.0,45.6,0.0,,,7.0,2.0,0.0,0.0,0.0,0.0,17.2,0.0,8.0,0.0,0.0,0.0,0.0,4.4,0.0,30.6,0.0,1.2,0.0,0.0,0.0,0.0,0.0,0.0,0.0
2005-09-01,0.0,0.0,0.0,3.8,0.0,0.0,0.0,2.4,0.0,,,0.0,,0.0,0.0,0.0,0.0,0.0,0.0,0.0,4.0,28.9,0.0,0.0,0.0,0.0,1.0,0.0,5.2,0.0,0.0,0.0,0.0,0.0,0.0,0.0
2005-09-02,0.0,0.0,0.0,29.2,0.0,0.0,0.0,14.0,0.0,,,0.0,,0.0,0.0,0.0,0.0,0.0,0.0,4.6,13.2,11.8,0.0,0.0,0.0,0.0,0.0,0.0,5.1,2.0,0.0,0.0,0.0,0.0,0.0,0.0
2005-09-03,0.0,3.5,3.2,0.0,10.8,0.0,0.0,11.6,0.0,,,0.0,,0.0,0.0,0.0,30.2,35.2,0.0,6.2,3.0,30.2,0.0,14.5,0.0,0.2,1.4,0.0,4.3,0.0,0.0,0.0,0.0,0.0,0.0,0.0
2005-09-04,0.0,4.0,0.0,0.0,0.0,26.0,0.0,46.2,0.0,,,0.0,,0.0,23.0,0.0,0.0,1.2,0.0,20.0,0.0,28.9,0.0,3.4,9.2,0.0,12.6,0.0,3.3,0.0,0.0,0.0,0.0,0.0,0.0,0.0
2005-09-05,0.0,2.1,0.0,0.0,22.5,0.0,0.2,45.4,0.0,,,3.0,,0.0,0.0,20.0,0.0,24.3,2.0,6.3,2.0,20.1,4.4,15.1,0.6,0.0,8.2,0.0,2.2,15.0,0.0,0.0,30.0,0.0,0.0,19.0
2005-09-06,4.6,17.0,6.0,0.0,18.2,0.0,9.6,32.0,0.0,,,18.0,,0.0,20.5,8.0,0.0,23.0,20.0,18.0,8.6,9.0,7.2,26.5,13.4,0.0,9.2,1.1,3.1,42.0,20.5,17.8,0.0,41.0,0.0,20.5
2005-09-07,0.0,0.0,0.0,0.0,0.0,0.0,0.6,10.5,0.0,,,4.0,,0.0,6.5,0.0,0.0,0.0,0.0,30.0,12.4,66.0,0.2,0.0,0.0,0.2,0.0,0.0,1.1,0.0,0.0,0.0,0.0,2.0,0.0,5.0
2005-09-08,0.0,0.0,30.0,0.0,0.0,0.0,0.0,0.0,0.0,,,5.1,,39.4,11.5,0.0,0.0,0.0,1.2,52.2,17.3,0.1,0.6,0.0,0.0,0.0,0.0,14.8,0.2,0.0,0.0,0.0,4.1,0.0,0.0,0.0
2005-09-09,94.8,19.0,22.0,0.0,10.4,8.5,0.0,29.0,0.0,,,13.2,,10.2,14.0,0.0,0.0,12.4,14.0,0.0,0.0,0.5,14.0,10.7,12.0,8.0,21.6,0.0,17.0,20.0,0.0,26.0,0.0,0.0,0.0,4.0
2005-09-10,0.0,24.5,3.5,29.8,5.8,0.0,2.0,40.2,0.0,,,0.0,,0.0,0.0,0.0,0.0,5.5,14.2,0.0,13.0,0.2,3.6,11.8,39.0,4.5,30.4,12.4,22.0,24.0,0.0,8.2,0.0,0.0,0.0,0.0
2005-09-11,0.0,12.8,0.0,5.2,6.4,0.0,29.5,0.6,0.0,,,0.0,,0.0,1.0,0.0,0.0,2.0,1.2,0.0,0.0,3.0,11.4,8.5,9.0,2.4,0.0,0.0,11.8,2.0,0.0,29.2,0.0,0.0,0.0,0.0
2005-09-12,0.0,5.3,0.0,5.4,0.0,0.0,3.2,5.2,0.0,,,0.0,,0.0,0.5,0.0,9.5,0.0,0.0,0.0,21.2,2.5,0.0,0.0,0.0,0.2,0.0,0.0,22.1,0.0,0.0,3.1,0.0,0.0,0.0,0.0
2005-09-13,0.0,1.9,0.0,0.0,0.0,0.0,0.0,3.4,0.0,,,0.0,,0.0,3.0,0.0,0.0,0.0,0.0,0.0,8.7,3.4,0.0,0.0,0.0,0.0,0.0,1.0,2.8,0.0,0.0,0.0,0.0,0.0,0.0,0.0
2005-09-14,0.9,0.2,1.0,2.0,0.0,0.0,0.0,0.0,0.0,,,0.1,,0.0,0.0,0.0,0.0,0.0,0.0,0.0,0.0,12.4,0.4,0.0,0.3,0.0,0.0,0.0,0.0,1.0,0.0,0.0,0.0,0.0,0.0,0.0
2005-09-15,0.0,0.0,0.0,1.8,0.0,0.0,0.0,0.0,0.0,,,0.0,,0.0,0.0,0.0,0.0,0.0,0.0,0.0,0.0,0.3,0.0,0.0,0.0,0.0,0.0,0.0,0.3,0.0,0.0,0.0,0.0,0.0,0.0,0.0
2005-09-16,0.1,0.0,0.0,0.0,0.0,0.0,0.0,0.0,0.0,,,0.0,,0.0,0.0,0.0,0.0,0.0,0.0,0.0,0.0,22.2,0.2,0.0,0.0,0.0,0.0,0.0,0.2,0.0,0.0,0.0,0.0,0.0,0.0,0.0
2005-09-17,0.0,0.0,0.0,0.0,0.0,0.0,0.0,0.0,0.0,,,0.0,,0.0,0.0,0.0,10.2,0.0,0.0,0.0,0.0,13.8,0.6,0.0,0.0,0.0,0.0,0.0,10.4,0.0,0.0,0.0,6.5,0.0,0.0,0.0
2005-09-18,0.0,0.0,0.0,0.0,0.0,0.0,8.0,13.6,0.0,,,0.0,,0.0,2.4,0.0,0.0,0.0,0.0,2.0,0.0,0.3,0.2,0.0,0.0,0.0,0.0,0.0,0.2,0.0,0.0,0.0,0.0,0.0,0.0,0.0
2005-09-19,0.0,1.0,0.0,0.0,0.0,0.0,0.0,0.0,0.0,,,0.0,,0.0,0.0,0.0,0.0,0.0,0.0,0.0,1.0,4.1,1.0,0.0,0.0,4.0,2.8,0.0,0.0,6.0,0.0,0.0,20.2,0.0,0.0,0.0
2005-09-20,0.0,0.0,3.1,0.0,0.0,2.5,8.2,0.0,0.0,,,0.0,,0.0,0.0,0.0,0.0,0.0,0.0,0.0,0.0,1.5,0.4,0.0,3.8,2.5,0.0,11.4,0.0,25.0,0.0,0.0,48.0,0.0,0.0,0.0
2005-09-21,5.6,26.5,4.5,13.8,7.4,8.5,39.0,124.6,0.0,,,12.0,,1.4,0.0,0.0,0.0,14.4,4.2,28.0,40.6,0.0,4.8,6.0,13.1,0.0,92.2,39.4,23.6,2.0,42.0,101.0,42.5,0.0,0.0,0.0
2005-09-22,0.2,0.5,0.0,1.8,0.0,3.0,17.2,4.2,0.0,,,0.1,,5.2,0.0,0.0,0.0,0.0,0.0,2.0,6.1,0.0,0.4,1.1,2.4,7.2,25.8,33.4,1.1,0.0,7.6,0.0,0.0,0.0,0.0,0.0
2005-09-23,0.0,8.0,0.0,2.6,0.0,0.5,0.0,22.4,0.0,,,0.2,,0.0,1.2,0.0,0.0,19.0,2.0,2.2,0.4,0.0,3.2,26.5,11.4,0.0,4.0,1.8,0.0,0.0,0.0,0.0,0.0,0.0,0.0,0.0
2005-09-24,0.4,0.0,0.0,0.0,0.0,0.2,7.4,0.0,0.0,,,2.1,,0.0,0.4,0.0,0.0,4.6,0.0,0.0,0.0,0.0,0.6,0.0,0.0,0.0,0.0,0.0,0.0,0.0,0.0,0.0,48.6,0.0,0.0,30.0
2005-09-25,0.0,0.0,0.0,0.0,0.0,0.0,8.2,0.0,0.0,,,1.0,,0.0,0.0,0.0,0.0,0.0,0.0,0.0,0.0,0.0,0.0,0.0,0.0,0.0,0.0,0.0,0.1,0.0,0.0,0.0,56.0,0.0,0.0,0.0
2005-09-26,1.2,0.0,0.0,0.0,0.2,3.2,48.2,0.0,0.0,,,0.0,,0.0,82.4,0.0,0.0,0.0,0.0,0.0,0.0,0.0,0.0,0.9,0.0,0.0,1.4,0.0,1.4,0.0,0.0,0.0,10.3,0.0,6.0,10.0
2005-09-27,0.0,0.0,0.0,0.0,0.0,0.0,29.6,8.6,0.0,,,0.0,,0.0,18.0,0.0,0.0,0.0,0.0,0.0,0.0,0.0,0.4,0.0,0.9,0.0,0.0,0.0,0.0,0.0,0.0,0.0,0.0,0.0,0.0,0.0
2005-09-28,0.0,0.2,0.0,0.0,0.0,0.0,0.0,3.4,0.0,,,0.0,,0.0,0.0,0.0,0.0,0.0,0.0,16.0,3.0,0.0,0.0,0.0,0.0,0.0,0.0,0.0,0.0,0.0,0.0,0.0,0.0,0.0,0.0,0.0
2005-09-29,0.0,0.0,0.0,0.0,0.0,0.0,0.0,0.0,0.0,,,0.0,,0.0,11.0,0.0,0.0,0.0,0.0,0.0,0.0,0.0,0.0,0.0,0.5,0.0,0.6,0.0,0.0,0.0,0.0,0.0,0.0,0.0,0.0,0.0
2005-09-30,0.0,0.0,0.0,0.0,0.0,0.0,0.0,0.0,0.0,,,0.0,,0.0,0.0,0.0,0.0,0.0,0.0,0.0,0.0,0.0,0.0,0.0,0.0,0.0,0.0,0.0,0.0,0.0,0.0,0.0,0.0,0.0,0.0,0.0
2005-10-01,0.0,0.0,0.0,0.0,0.0,0.0,0.0,4.2,12.0,,,0.0,,0.0,3.5,2.0,0.0,0.0,0.0,0.0,0.0,9.2,0.0,0.0,7.9,0.0,0.0,0.0,0.0,0.0,0.0,0.0,41.0,0.0,0.0,0.0
2005-10-02,0.0,0.0,0.0,0.0,0.2,0.0,0.0,0.6,26.0,,,0.0,,0.0,0.0,0.0,0.0,0.0,0.0,0.0,0.0,14.5,0.8,0.0,0.0,0.0,0.0,0.0,0.0,0.0,11.0,0.0,0.0,0.0,0.0,0.0
2005-10-03,0.0,0.0,0.0,0.0,0.0,0.0,39.8,0.0,1.0,,,0.0,,0.0,7.0,6.0,18.4,0.0,0.0,0.0,0.0,36.6,0.0,0.0,6.4,0.0,0.0,0.0,0.0,0.0,41.1,0.0,10.5,0.0,0.0,0.0
2005-10-04,0.1,0.0,0.0,0.0,0.0,2.5,19.4,4.2,3.0,,,0.0,,0.0,13.0,0.0,0.0,0.0,0.0,0.0,0.0,0.4,0.0,0.0,7.4,0.0,0.0,0.0,0.0,0.0,0.0,0.0,0.0,0.0,0.0,0.0
2005-10-05,8.8,0.0,0.0,0.0,0.0,8.5,0.0,0.0,26.0,,,12.0,,0.0,0.0,0.0,0.0,0.0,0.0,0.0,0.0,39.0,0.0,0.0,0.0,0.0,0.0,0.0,0.0,0.0,0.0,0.0,8.3,0.0,0.0,0.0
2005-10-06,1.0,0.0,0.0,0.0,0.0,0.0,6.8,0.0,11.0,,,0.0,,0.0,10.4,0.0,0.0,0.0,0.0,0.0,0.0,0.0,0.2,0.0,0.0,0.0,0.0,1.1,0.0,0.0,0.0,0.0,20.0,5.0,0.0,0.0
2005-10-07,0.0,0.0,2.0,0.0,0.0,0.0,0.0,0.8,0.0,,,0.0,,0.0,2.0,0.0,0.0,0.0,18.0,0.0,0.0,0.0,1.0,0.0,8.7,1.2,0.0,0.0,12.2,0.0,0.0,0.0,0.0,0.0,0.0,0.0
2005-10-08,0.0,1.5,0.0,10.0,15.2,0.0,0.0,2.6,0.0,,,0.0,,0.0,0.0,0.0,0.0,0.0,0.0,10.2,0.0,0.0,0.6,1.7,0.2,0.0,14.2,14.8,0.0,0.0,0.0,0.0,0.0,0.0,0.0,0.0
2005-10-09,0.0,13.3,0.0,0.0,0.0,0.0,3.5,3.2,0.0,,,0.1,,0.0,0.0,0.0,0.0,0.0,0.0,0.0,2.5,0.0,0.0,0.0,6.6,0.0,28.6,0.0,0.0,15.0,0.0,0.0,0.0,0.0,0.0,0.0
2005-10-10,0.0,22.0,0.0,0.0,19.0,0.0,0.0,18.0,0.0,,,2.0,,0.0,0.0,0.0,0.0,0.0,0.0,22.4,6.5,0.0,0.0,2.5,2.2,0.0,0.0,12.4,22.8,16.0,0.0,0.0,0.0,35.0,0.0,0.0
2005-10-11,0.0,0.0,0.0,0.0,0.0,0.0,0.0,2.4,0.0,,,0.0,,0.0,0.0,0.0,0.0,0.0,0.0,18.0,4.8,0.0,0.0,6.0,7.1,0.0,0.0,0.0,6.4,0.0,0.0,0.0,0.0,0.0,0.0,0.0
2005-10-12,0.0,0.0,0.0,0.0,0.0,0.0,0.0,0.0,0.0,,,0.0,,0.0,0.0,0.0,0.0,0.0,0.0,0.0,0.0,0.0,0.0,0.0,0.0,0.0,0.0,0.0,0.0,0.0,0.0,0.0,0.0,0.0,0.0,0.0
2005-10-13,0.0,0.0,0.0,0.0,0.0,0.0,0.0,0.0,0.0,,,0.0,,0.0,0.0,0.0,0.0,0.0,0.0,14.4,0.0,0.0,0.0,0.0,0.0,0.0,0.0,1.0,0.0,0.0,0.0,0.0,0.0,0.0,0.0,0.0
2005-10-14,0.0,0.0,0.0,0.0,0.0,0.0,0.0,0.0,0.0,,,0.0,,0.0,0.0,0.0,19.5,0.0,0.0,16.6,0.0,0.0,0.0,0.0,0.0,0.0,0.0,0.0,0.0,0.0,0.0,0.0,0.0,0.0,0.0,0.0
2005-10-15,0.0,0.0,0.0,0.0,0.0,0.0,0.0,0.0,0.0,,,0.0,,0.0,0.0,0.0,0.0,0.0,0.0,0.0,0.0,0.0,0.0,0.0,0.0,0.0,0.0,0.0,0.0,0.0,0.0,0.0,0.0,0.0,0.0,0.0
2005-10-16,0.0,0.0,0.0,0.0,0.0,0.0,0.0,0.0,0.0,,,0.0,,0.0,0.0,0.0,0.0,0.0,0.0,0.0,0.0,0.0,0.0,0.0,0.0,0.0,0.0,0.0,0.0,0.0,0.0,0.0,0.0,0.0,0.0,0.0
2005-10-17,0.0,0.0,0.0,0.0,0.0,0.0,0.0,0.0,0.0,,,0.0,,0.0,0.0,0.0,0.0,0.0,0.0,0.0,0.0,0.0,0.0,0.0,0.0,0.0,0.0,0.0,0.0,0.0,0.0,0.0,0.0,0.0,0.0,0.0
2005-10-18,0.0,0.0,0.0,0.0,0.0,0.0,1.8,0.0,0.0,,,0.0,,0.0,0.0,0.0,0.0,0.0,0.0,0.0,0.0,0.0,0.0,0.0,0.0,0.0,0.0,0.0,0.0,0.0,0.0,0.0,1.0,0.0,0.0,0.0
2005-10-19,0.0,0.0,0.0,0.0,0.0,0.0,32.6,0.0,2.0,,,8.0,,0.0,4.0,0.0,0.0,0.0,0.0,0.0,0.0,0.0,0.8,0.0,0.0,0.0,0.0,0.0,0.0,0.0,0.0,0.0,42.0,0.0,0.0,0.0
2005-10-20,5.8,12.0,14.3,37.2,10.0,40.0,3.6,7.6,0.0,,,42.0,,0.0,75.5,0.0,0.0,0.0,15.2,0.0,6.3,0.0,12.2,40.3,10.4,17.5,7.4,11.4,40.7,35.0,0.0,4.0,42.0,0.5,0.0,0.0
2005-10-21,26.0,46.8,33.0,59.6,40.8,50.0,32.6,83.2,12.0,,,43.2,,51.4,37.2,27.0,0.0,78.6,41.0,0.0,40.4,0.0,54.0,73.0,45.7,41.7,74.6,39.4,32.8,46.0,41.0,27.4,13.1,15.5,12.4,0.0
2005-10-22,17.5,28.5,26.3,21.4,24.6,2.5,15.4,15.4,58.0,,,32.5,,0.0,44.0,10.0,0.0,36.5,46.0,0.0,34.4,0.0,57.4,26.4,30.1,37.0,0.0,33.4,28.6,52.4,0.0,12.0,0.0,75.0,45.0,18.0
2005-10-23,0.0,2.0,0.0,0.0,0.5,1.5,0.0,10.6,0.0,,,0.0,,0.0,4.5,0.0,0.0,2.4,0.0,0.0,0.0,0.0,0.4,3.0,0.0,4.2,0.0,1.8,3.1,0.0,19.0,0.0,0.0,0.0,0.0,0.0
2005-10-24,0.0,0.0,0.0,0.0,0.0,0.0,0.0,0.0,0.0,,,0.0,,0.0,2.0,0.0,0.0,0.0,0.0,0.0,0.0,0.0,0.0,0.0,0.0,0.0,0.0,0.0,0.0,0.0,0.0,0.0,0.0,0.0,0.0,0.0
2005-10-25,0.0,0.0,0.0,0.0,0.0,0.0,0.0,0.0,0.0,,,0.0,,0.0,0.0,0.0,0.0,0.0,0.0,0.0,0.0,0.0,0.0,0.0,0.0,0.0,0.0,0.0,0.0,0.0,0.0,0.0,0.0,0.0,0.0,0.0
2005-10-26,8.2,0.0,0.0,0.0,0.0,0.0,0.0,0.0,0.0,,,0.0,,0.0,0.0,0.0,0.0,0.0,0.0,0.0,0.0,0.0,0.0,0.0,0.0,0.0,0.0,0.0,0.0,0.0,0.0,0.0,0.0,0.0,0.0,0.0
2005-10-27,0.0,0.0,0.0,0.0,0.0,0.0,0.0,0.0,0.0,,,0.0,,0.0,0.0,0.0,0.0,0.0,0.0,0.0,0.0,0.0,0.0,0.0,0.0,0.0,0.0,0.0,0.0,0.0,0.0,0.0,0.0,0.0,0.0,0.0
2005-10-28,0.0,0.0,0.0,0.0,0.0,0.0,0.0,0.0,0.0,,,0.0,,0.0,0.0,0.0,0.0,0.0,0.0,0.0,0.0,0.0,0.0,0.0,0.0,0.0,0.0,0.0,0.0,0.0,0.0,0.0,0.0,0.0,0.0,0.0
2005-10-29,0.0,0.0,0.0,0.0,0.0,0.0,0.0,0.0,0.0,,,0.0,,0.0,0.0,0.0,0.0,0.0,0.0,0.0,0.0,0.0,0.0,0.0,0.0,0.0,0.0,0.0,0.0,0.0,0.0,0.0,0.0,0.0,0.0,0.0
2005-10-30,0.0,0.0,0.0,0.0,0.0,0.0,0.0,0.0,0.0,,,0.0,,0.0,0.0,0.0,0.0,0.0,0.0,0.0,0.0,0.0,0.0,0.0,0.0,0.0,0.0,0.0,0.0,0.0,0.0,0.0,0.0,0.0,0.0,0.0
2005-10-31,0.0,0.0,0.0,0.0,0.0,0.0,0.0,0.0,0.0,,,0.0,,0.0,0.0,0.0,10.0,0.0,0.0,0.0,0.0,0.0,0.0,0.0,0.0,0.0,0.0,0.0,0.0,0.0,0.0,0.0,0.0,0.0,0.0,0.0
2005-11-01,0.0,0.0,0.0,0.0,0.0,0.0,0.0,0.0,0.0,,,0.0,,0.0,,0.0,0.0,0.0,0.0,0.0,0.0,0.0,0.0,0.0,0.0,0.0,0.0,0.0,0.0,0.0,0.0,0.0,0.0,0.0,0.0,0.0
2005-11-02,0.0,0.0,0.0,0.0,0.0,0.0,0.0,0.0,0.0,,,0.0,,0.0,,0.0,0.0,0.0,0.0,0.0,0.0,0.0,0.0,0.0,0.0,0.0,0.0,0.0,0.0,0.0,0.0,0.0,0.0,0.0,0.0,0.0
2005-11-03,0.0,0.0,0.0,0.0,0.0,0.0,0.0,0.0,0.0,,,0.0,,0.0,,0.0,0.0,0.0,0.0,0.0,0.0,0.0,0.0,0.0,0.0,0.0,0.0,0.0,0.0,0.0,0.0,0.0,0.0,0.0,0.0,0.0
2005-11-04,0.0,0.0,0.0,0.0,0.0,0.0,0.0,0.0,0.0,,,0.0,,0.0,,0.0,0.0,0.0,0.0,0.0,0.0,0.0,0.0,0.0,0.0,0.0,0.0,0.0,0.0,0.0,0.0,0.0,0.0,0.0,0.0,0.0
2005-11-05,0.0,0.0,0.0,0.0,0.0,0.0,0.0,0.0,0.0,,,0.0,,0.0,,0.0,0.0,0.0,0.0,0.0,0.0,0.0,0.0,0.0,0.0,0.0,0.0,0.0,0.0,0.0,0.0,0.0,0.0,0.0,0.0,0.0
2005-11-06,0.0,0.0,0.0,0.0,0.0,0.0,0.0,0.0,0.0,,,0.0,,0.0,,0.0,0.0,0.0,0.0,0.0,0.0,0.0,0.0,0.0,0.0,0.0,0.0,0.0,0.0,0.0,0.0,0.0,0.0,0.0,0.0,0.0
2005-11-07,0.0,0.0,0.0,0.0,0.0,0.0,0.0,0.0,0.0,,,0.0,,0.0,,0.0,0.0,0.0,0.0,0.0,0.0,0.0,0.0,0.0,0.0,0.0,0.0,0.0,0.0,0.0,0.0,0.0,0.0,0.0,0.0,0.0
2005-11-08,0.0,0.0,0.0,0.0,0.0,0.0,0.0,0.0,0.0,,,0.0,,0.0,,0.0,0.0,0.0,0.0,0.0,0.0,0.0,0.0,0.0,0.0,0.0,0.0,0.0,0.0,0.0,0.0,0.0,0.0,0.0,0.0,0.0
2005-11-09,0.0,0.0,0.0,0.0,0.0,0.0,0.0,0.0,0.0,,,0.0,,0.0,,0.0,0.0,0.0,0.0,0.0,0.0,0.0,0.0,0.0,0.0,0.0,0.0,0.0,0.0,0.0,0.0,0.0,0.0,0.0,0.0,0.0
2005-11-10,0.0,0.0,0.0,0.0,0.0,0.0,0.0,0.0,0.0,,,0.0,,0.0,,0.0,0.0,0.0,0.0,0.0,0.0,0.0,0.0,0.0,0.0,0.0,0.0,0.0,0.0,0.0,0.0,0.0,0.0,0.0,0.0,0.0
2005-11-11,0.0,0.0,0.0,0.0,0.0,0.0,0.0,0.0,0.0,,,0.0,,0.0,,0.0,0.0,0.0,0.0,0.0,0.0,0.0,0.0,0.0,0.0,0.0,0.0,0.0,0.0,0.0,0.0,0.0,0.0,0.0,0.0,0.0
2005-11-12,0.0,0.0,0.0,0.0,0.0,0.0,0.0,0.0,0.0,,,0.0,,0.0,,0.0,0.0,0.0,0.0,0.0,0.0,0.0,0.0,0.0,0.0,0.0,0.0,0.0,0.0,0.0,0.0,0.0,0.0,0.0,0.0,0.0
2005-11-13,0.0,0.0,0.0,0.0,0.0,0.0,0.0,0.0,0.0,,,0.0,,0.0,,0.0,0.0,0.0,0.0,0.0,0.0,0.0,0.0,0.0,0.0,0.0,0.0,0.0,0.0,0.0,0.0,0.0,0.0,0.0,0.0,0.0
2005-11-14,0.0,0.0,0.0,0.0,0.0,0.0,0.0,0.0,0.0,,,0.0,,0.0,,0.0,0.0,0.0,0.0,0.0,0.0,0.0,0.0,0.0,0.0,0.0,0.0,0.0,0.0,0.0,0.0,0.0,0.0,0.0,0.0,0.0
2005-11-15,0.0,0.0,0.0,0.0,0.0,0.0,0.0,0.0,0.0,,,0.0,,0.0,,0.0,0.0,0.0,0.0,0.0,0.0,0.0,0.0,0.0,0.0,0.0,0.0,0.0,0.0,0.0,0.0,0.0,0.0,0.0,0.0,0.0
2005-11-16,0.0,0.0,0.0,0.0,0.0,0.0,0.0,0.0,0.0,,,0.0,,0.0,,0.0,0.0,0.0,0.0,0.0,0.0,0.0,0.0,0.0,0.0,0.0,0.0,0.0,0.0,0.0,0.0,0.0,0.0,0.0,0.0,0.0
2005-11-17,0.0,0.0,0.0,0.0,0.0,0.0,0.0,0.0,0.0,,,0.0,,0.0,,0.0,0.0,0.0,0.0,0.0,0.0,0.0,0.0,0.0,0.0,0.0,0.0,0.0,0.0,3.0,0.0,0.0,0.0,0.0,0.0,0.0
2005-11-18,0.0,0.0,0.0,0.0,0.0,0.0,0.0,0.0,0.0,,,0.0,,0.0,,0.0,0.0,0.0,0.0,0.0,0.0,0.0,0.0,0.0,0.0,0.0,0.0,0.0,0.0,0.0,0.0,0.0,0.0,0.0,0.0,0.0
2005-11-19,0.0,0.0,0.0,0.0,0.0,0.0,0.0,0.0,0.0,,,0.0,,0.0,,0.0,0.0,0.0,0.0,0.0,0.0,0.0,0.0,0.0,0.0,0.0,0.0,0.0,0.0,0.0,0.0,0.0,0.0,0.0,0.0,0.0
2005-11-20,0.0,0.0,0.0,0.0,0.0,0.0,0.0,0.0,0.0,,,0.0,,0.0,,0.0,0.0,0.0,0.0,0.0,0.0,0.0,0.0,0.0,0.0,0.0,0.0,0.0,0.0,0.0,0.0,0.0,0.0,0.0,0.0,0.0
2005-11-21,0.0,0.0,0.0,0.0,0.0,0.0,0.0,0.0,0.0,,,0.0,,0.0,,0.0,0.0,0.0,0.0,0.0,0.0,0.0,0.0,0.0,0.0,0.0,0.0,0.0,0.0,0.0,0.0,0.0,0.0,0.0,0.0,0.0
2005-11-22,0.0,0.0,0.0,0.0,0.0,0.0,0.0,0.0,0.0,,,0.0,,0.0,,0.0,0.0,0.0,0.0,0.0,0.0,0.0,0.0,0.0,0.0,0.0,0.0,0.0,0.0,0.0,0.0,0.0,0.0,0.0,0.0,0.0
2005-11-23,0.0,0.0,0.0,0.0,0.0,0.0,0.0,0.0,0.0,,,0.0,,0.0,,0.0,0.0,0.0,0.0,0.0,0.0,0.0,0.0,0.0,0.0,0.0,0.0,0.0,0.0,0.0,0.0,0.0,0.0,0.0,0.0,0.0
2005-11-24,0.0,0.0,0.0,0.0,0.0,0.0,0.0,0.0,0.0,,,0.0,,0.0,,0.0,0.0,0.0,0.0,0.0,0.0,0.0,0.0,0.0,0.0,0.0,0.0,0.0,0.0,0.0,0.0,0.0,0.0,0.0,0.0,0.0
2005-11-25,0.0,0.0,0.0,0.0,0.0,0.0,0.0,0.0,0.0,,,0.0,,0.0,,0.0,0.0,0.0,0.0,0.0,0.0,0.0,0.0,0.0,0.0,0.0,0.0,0.0,0.0,0.0,0.0,0.0,0.0,0.0,0.0,0.0
2005-11-26,0.0,0.0,0.0,0.0,0.0,0.0,0.0,0.0,0.0,,,0.0,,0.0,,0.0,0.0,0.0,0.0,0.0,0.0,0.0,0.0,0.0,0.0,0.0,0.0,0.0,0.0,0.0,0.0,0.0,0.0,0.0,0.0,0.0
2005-11-27,0.0,0.0,0.0,0.0,0.0,0.0,0.0,0.0,0.0,,,0.0,,0.0,,0.0,0.0,0.0,0.0,0.0,0.0,0.0,0.0,0.0,0.0,0.0,0.0,0.0,0.0,0.0,0.0,0.0,0.0,0.0,0.0,0.0
2005-11-28,0.0,0.0,0.0,0.0,0.0,0.0,0.0,0.0,0.0,,,0.0,,0.0,,0.0,0.0,0.0,0.0,0.0,0.0,0.0,0.0,0.0,0.0,0.0,0.0,0.0,0.0,0.0,0.0,0.0,0.0,0.0,0.0,0.0
2005-11-29,0.0,0.0,0.0,0.0,0.0,0.0,0.0,0.0,0.0,,,0.0,,0.0,,0.0,0.0,0.0,0.0,0.0,0.0,0.0,0.0,0.0,0.0,0.0,0.0,0.0,0.0,0.0,0.0,0.0,0.0,0.0,0.0,0.0
2005-11-30,0.0,0.0,0.0,0.0,0.0,0.0,0.0,0.0,0.0,,,0.0,,0.0,,0.0,0.0,0.0,0.0,0.0,0.0,0.0,0.0,0.0,0.0,0.0,0.0,0.0,0.0,0.0,0.0,0.0,0.0,0.0,0.0,0.0
2005-12-01,0.0,0.0,0.0,0.0,0.0,0.0,0.0,0.0,0.0,,,0.0,,0.0,,0.0,0.0,0.0,0.0,0.0,0.0,0.0,0.0,0.0,0.0,0.0,0.0,0.0,0.0,0.0,0.0,0.0,0.0,0.0,0.0,0.0
2005-12-02,0.0,0.0,0.0,0.0,0.0,0.0,0.0,0.0,0.0,,,0.0,,0.0,,0.0,0.0,0.0,0.0,0.0,0.0,0.0,0.0,0.0,0.0,0.0,0.0,0.0,0.0,0.0,0.0,0.0,0.0,0.0,0.0,0.0
2005-12-03,0.0,0.0,0.0,0.0,0.0,0.0,0.0,0.0,0.0,,,0.0,,0.0,,0.0,0.0,0.0,0.0,0.0,0.0,0.0,0.0,0.0,0.0,0.0,0.0,0.0,0.0,0.0,0.0,0.0,0.0,0.0,0.0,0.0
2005-12-04,0.0,0.0,0.0,0.0,0.0,0.0,0.0,0.0,0.0,,,0.0,,0.0,,0.0,0.0,0.0,0.0,0.0,0.0,0.0,0.0,0.0,0.0,0.0,0.0,0.0,0.0,0.0,0.0,0.0,0.0,0.0,0.0,0.0
2005-12-05,0.0,0.0,0.0,0.0,0.0,0.0,0.0,0.0,0.0,,,0.0,,0.0,,0.0,0.0,0.0,0.0,0.0,0.0,0.0,0.0,0.0,0.0,0.0,0.0,0.0,0.0,0.0,0.0,0.0,0.0,0.0,0.0,0.0
2005-12-06,0.0,0.0,0.0,0.0,0.0,0.0,0.0,0.0,0.0,,,0.0,,0.0,,0.0,0.0,0.0,0.0,0.0,0.0,0.0,0.0,0.0,0.0,0.0,0.0,0.0,0.0,0.0,0.0,0.0,0.0,0.0,0.0,0.0
2005-12-07,0.0,0.0,0.0,0.0,0.0,0.0,0.0,0.0,0.0,,,0.0,,0.0,,0.0,0.0,0.0,0.0,0.0,0.0,0.0,0.0,0.0,0.0,0.0,0.0,0.0,0.0,0.0,0.0,0.0,0.0,0.0,0.0,0.0
2005-12-08,0.0,0.0,0.0,0.0,0.0,0.0,0.0,0.0,0.0,,,0.0,,0.0,,0.0,0.0,0.0,0.0,0.0,0.0,0.0,0.0,0.0,0.0,0.0,0.0,0.0,0.0,0.0,0.0,0.0,0.0,0.0,0.0,0.0
2005-12-09,0.0,0.0,0.0,0.0,0.0,0.0,0.0,0.0,0.0,,,0.0,,0.0,,0.0,0.0,0.0,0.0,0.0,0.0,0.0,0.0,0.0,0.0,0.0,0.0,0.0,0.0,0.0,0.0,0.0,0.0,0.0,0.0,0.0
2005-12-10,0.0,0.0,0.0,0.0,0.0,0.0,0.0,0.0,0.0,,,0.0,,0.0,,0.0,0.0,0.0,0.0,0.0,0.0,0.0,0.0,0.0,0.0,0.0,0.0,0.0,0.0,0.0,0.0,0.0,0.0,0.0,0.0,0.0
2005-12-11,0.0,0.0,0.0,0.0,0.0,0.0,0.0,0.0,0.0,,,0.0,,0.0,,0.0,0.0,0.0,0.0,0.0,0.0,0.0,0.0,0.0,0.0,0.0,0.0,0.0,0.0,0.0,0.0,0.0,0.0,0.0,0.0,0.0
2005-12-12,0.0,0.0,0.0,0.0,0.0,0.0,0.0,0.0,0.0,,,0.0,,0.0,,0.0,0.0,0.0,0.0,0.0,0.0,0.0,0.0,0.0,0.0,0.0,0.0,0.0,0.0,0.0,0.0,0.0,0.0,0.0,0.0,0.0
2005-12-13,0.0,0.0,0.0,0.0,0.0,0.0,0.0,0.0,0.0,,,0.0,,0.0,,0.0,0.0,0.0,0.0,0.0,0.0,0.0,0.0,0.0,0.0,0.0,0.0,0.0,0.0,0.0,0.0,0.0,0.0,0.0,0.0,0.0
2005-12-14,0.0,0.0,0.0,0.0,0.0,0.0,0.0,0.0,0.0,,,0.0,,0.0,,0.0,0.0,0.0,0.0,0.0,0.0,0.0,0.0,0.0,0.0,0.0,0.0,0.0,0.0,0.0,0.0,0.0,0.0,0.0,0.0,0.0
2005-12-15,0.0,0.0,0.0,0.0,0.0,0.0,0.0,0.0,0.0,,,0.0,,0.0,,0.0,0.0,0.0,0.0,0.0,0.0,0.0,0.0,0.0,0.0,0.0,0.0,0.0,0.0,0.0,0.0,0.0,0.0,0.0,0.0,0.0
2005-12-16,0.0,0.0,0.0,0.0,0.0,0.0,0.0,0.0,0.0,,,0.0,,0.0,,0.0,0.0,0.0,0.0,0.0,0.0,0.0,0.0,0.0,0.0,0.0,0.0,0.0,0.0,0.0,0.0,0.0,0.0,0.0,0.0,0.0
2005-12-17,0.0,0.0,0.0,0.0,0.0,0.0,0.0,0.0,0.0,,,0.0,,0.0,,0.0,0.0,0.0,0.0,0.0,0.0,0.0,0.0,0.0,0.0,0.0,0.0,0.0,0.0,0.0,0.0,0.0,0.0,0.0,0.0,0.0
2005-12-18,0.0,0.0,0.0,0.0,0.0,0.0,0.0,0.0,0.0,,,0.0,,0.0,,0.0,0.0,0.0,0.0,0.0,0.0,0.0,0.0,0.0,0.0,0.0,0.0,0.0,0.0,0.0,0.0,0.0,0.0,0.0,0.0,0.0
2005-12-19,0.0,0.0,0.0,0.0,0.0,0.0,0.0,0.0,0.0,,,0.0,,0.0,,0.0,0.0,0.0,0.0,0.0,0.0,0.0,0.0,0.0,0.0,0.0,0.0,0.0,0.0,0.0,0.0,0.0,0.0,0.0,0.0,0.0
2005-12-20,0.0,0.0,0.0,0.0,0.0,0.0,0.0,0.0,0.0,,,0.0,,0.0,,0.0,0.0,0.0,0.0,0.0,0.0,0.0,0.0,0.0,0.0,0.0,0.0,0.0,0.0,0.0,0.0,0.0,0.0,0.0,0.0,0.0
2005-12-21,0.0,0.0,0.0,0.0,0.0,0.0,0.0,0.0,0.0,,,0.0,,0.0,,0.0,0.0,0.0,0.0,0.0,0.0,0.0,0.0,0.0,0.0,0.0,0.0,0.0,0.0,0.0,0.0,0.0,0.0,0.0,0.0,0.0
2005-12-22,0.0,0.0,0.0,0.0,0.0,0.0,0.0,0.0,0.0,,,0.0,,0.0,,0.0,0.0,0.0,0.0,0.0,0.0,0.0,0.0,0.0,0.0,0.0,0.0,0.0,0.0,0.0,0.0,0.0,0.0,0.0,0.0,0.0
2005-12-23,0.0,0.0,0.0,0.0,0.0,0.0,0.0,0.0,0.0,,,0.0,,0.0,,0.0,0.0,0.0,0.0,0.0,0.0,0.0,0.0,0.0,0.0,0.0,0.0,0.0,0.0,0.0,0.0,0.0,0.0,0.0,0.0,0.0
2005-12-24,0.0,0.0,0.0,0.0,0.0,0.0,0.0,0.0,0.0,,,0.0,,0.0,,0.0,0.0,0.0,0.0,0.0,0.0,0.0,0.0,0.0,0.0,0.0,0.0,0.0,0.0,0.0,0.0,0.0,0.0,0.0,0.0,0.0
2005-12-25,2.0,0.0,0.0,0.0,0.0,0.0,0.0,0.0,0.0,,,0.0,,0.0,,0.0,0.0,0.0,0.0,0.0,0.0,0.0,0.0,0.0,0.0,0.0,0.0,0.0,0.0,0.0,2.9,0.0,0.0,0.0,0.0,0.0
2005-12-26,0.0,0.0,0.0,0.0,0.0,0.0,0.0,0.0,0.0,,,0.0,,0.0,,0.0,0.0,0.0,0.0,0.0,0.0,0.0,0.0,0.0,0.0,0.0,0.0,0.0,0.0,0.0,0.0,0.0,0.0,0.0,0.0,0.0
2005-12-27,0.0,0.0,0.0,0.0,0.0,0.0,0.0,0.0,0.0,,,0.0,,0.0,,0.0,0.0,0.0,0.0,0.0,0.0,0.0,0.0,0.0,0.0,0.0,0.0,0.0,0.0,0.0,0.0,0.0,0.0,0.0,0.0,0.0
2005-12-28,0.0,0.0,0.0,0.0,0.0,0.0,0.0,0.0,0.0,,,0.0,,0.0,,0.0,0.0,0.0,0.0,0.0,0.0,0.0,0.0,0.0,0.0,0.0,0.0,0.0,0.0,0.0,0.0,0.0,0.0,0.0,0.0,0.0
2005-12-29,0.0,0.0,0.0,0.0,0.0,0.0,0.0,0.0,0.0,,,0.0,,0.0,,0.0,0.0,0.0,0.0,0.0,0.0,0.0,0.0,0.0,0.0,0.0,0.0,0.0,0.0,0.0,0.0,0.0,0.0,0.0,0.0,0.0
2005-12-30,0.0,0.0,0.0,0.0,0.0,0.0,0.0,0.0,0.0,,,0.0,,0.0,,0.0,0.0,0.0,0.0,0.0,0.0,0.0,0.0,0.0,0.0,0.0,0.0,0.0,0.0,0.0,0.0,0.0,0.0,0.0,0.0,0.0
2005-12-31,0.0,0.0,0.0,0.0,0.0,0.0,0.0,0.0,0.0,,,0.0,,0.0,,0.0,0.0,0.0,0.0,0.0,0.0,0.0,0.0,0.0,0.0,0.0,0.0,0.0,0.0,0.0,0.0,0.0,0.0,0.0,0.0,0.0
2006-01-01,0.0,0.0,0.0,0.0,0.0,0.0,0.0,0.0,0.0,0.0,,0.0,0.0,0.0,0.0,0.0,,0.0,0.0,0.0,0.0,0.0,0.0,0.0,0.0,0.0,0.0,0.0,0.0,0.0,0.0,0.0,0.0,0.0,0.0,0.0
2006-01-02,0.0,0.0,0.0,0.0,0.0,0.0,0.0,0.0,0.0,0.0,,0.0,0.0,0.0,0.0,0.0,,0.0,0.0,0.0,0.0,0.0,0.0,0.0,0.0,0.0,0.0,0.0,0.0,0.0,0.0,0.0,0.0,0.0,0.0,0.0
2006-01-03,0.0,0.0,0.0,0.0,0.0,0.0,0.0,0.0,0.0,0.0,,0.0,0.0,0.0,0.0,0.0,,0.0,0.0,0.0,0.0,0.0,0.0,0.0,0.0,0.0,0.0,0.0,0.0,0.0,0.0,0.0,0.0,0.0,0.0,0.0
2006-01-04,0.0,0.0,0.0,0.0,0.0,0.0,0.0,0.0,0.0,0.0,,0.0,0.0,0.0,0.0,0.0,,0.0,0.0,0.0,0.0,0.0,0.0,0.0,0.0,0.0,0.0,0.0,0.0,0.0,0.0,0.0,0.0,0.0,0.0,0.0
2006-01-05,0.0,0.0,0.0,0.0,0.0,0.0,0.0,0.0,0.0,0.0,,0.0,0.0,0.0,0.0,0.0,,0.0,0.0,0.0,0.0,0.0,0.0,0.0,0.0,0.0,0.0,0.0,0.0,0.0,0.0,0.0,0.0,0.0,0.0,0.0
2006-01-06,0.0,0.0,0.0,0.0,0.0,0.0,0.0,0.0,0.0,0.0,,0.0,0.0,0.0,0.0,0.0,,0.0,0.0,0.0,0.0,0.0,0.0,0.0,0.0,0.0,0.0,0.0,0.0,0.0,0.0,0.0,0.0,0.0,0.0,0.0
2006-01-07,0.0,0.0,0.0,0.0,0.0,0.0,0.0,0.0,0.0,0.0,,0.0,0.0,0.0,0.0,0.0,,0.0,0.0,0.0,0.0,0.0,0.0,0.0,0.0,0.0,0.0,0.0,0.0,0.0,0.0,0.0,0.0,0.0,0.0,0.0
2006-01-08,0.0,0.0,0.0,0.0,0.0,0.0,0.0,0.0,0.0,0.0,,0.0,0.0,0.0,0.0,0.0,,0.0,0.0,0.0,0.0,0.0,0.0,0.0,0.0,0.0,0.0,0.0,0.0,0.0,0.0,0.0,0.0,0.0,0.0,0.0
2006-01-09,0.0,0.0,0.0,0.0,0.0,0.0,0.0,0.0,0.0,0.0,,0.0,0.0,0.0,0.0,0.0,,0.0,0.0,0.0,0.0,0.0,0.0,0.0,0.0,0.0,0.0,0.0,0.0,0.0,0.0,0.0,0.0,0.0,0.0,0.0
2006-01-10,0.0,0.0,0.0,0.0,0.0,0.0,0.0,0.0,0.0,0.0,,0.0,0.0,0.0,0.0,0.0,,0.0,0.0,0.0,0.0,0.0,0.0,0.0,0.0,0.0,0.0,0.0,0.0,0.0,0.0,0.0,0.0,0.0,0.0,0.0
2006-01-11,0.0,0.0,0.0,0.0,0.0,0.0,0.0,0.0,0.0,0.0,,0.0,0.0,0.0,0.0,0.0,,0.0,0.0,0.0,0.0,0.0,0.0,0.0,0.0,0.0,0.0,0.0,0.0,0.0,0.0,0.0,0.0,0.0,0.0,0.0
2006-01-12,0.0,0.0,0.0,0.0,0.0,0.0,0.0,0.0,0.0,0.0,,0.0,0.0,0.0,0.0,0.0,,0.0,0.0,0.0,0.0,0.0,0.0,0.0,0.0,0.0,0.0,0.0,0.0,0.0,0.0,0.0,0.0,0.0,0.0,0.0
2006-01-13,0.0,0.0,0.0,0.0,0.0,0.0,0.0,0.0,0.0,0.0,,0.0,0.0,0.0,0.0,0.0,,0.0,0.0,0.0,0.0,0.0,0.0,0.0,0.0,0.0,0.0,0.0,0.0,0.0,0.0,0.0,0.0,0.0,0.0,0.0
2006-01-14,0.0,0.0,0.0,0.0,0.0,0.0,0.0,0.0,0.0,0.0,,0.0,0.0,0.0,0.0,0.0,,0.0,0.0,0.0,0.0,0.0,0.0,0.0,0.0,0.0,0.0,0.0,0.0,0.0,0.0,0.0,0.0,0.0,0.0,0.0
2006-01-15,0.0,0.0,0.0,0.0,0.0,0.0,0.0,0.0,0.0,0.0,,0.0,0.0,0.0,0.0,0.0,,0.0,0.0,0.0,0.0,0.0,0.0,0.0,0.0,0.0,0.0,0.0,0.0,0.0,0.0,0.0,0.0,0.0,0.0,0.0
2006-01-16,0.0,0.0,0.0,0.0,0.0,0.0,0.0,0.0,0.0,0.0,,0.0,0.0,0.0,0.0,0.0,,0.0,0.0,0.0,0.0,0.0,0.0,0.0,0.0,0.0,0.0,0.0,0.0,0.0,0.0,0.0,0.0,0.0,0.0,0.0
2006-01-17,0.0,0.0,0.0,0.0,0.0,0.0,0.0,0.0,0.0,0.0,,0.0,0.0,0.0,0.0,0.0,,0.0,0.0,0.0,0.0,0.0,0.0,0.0,0.0,0.0,0.0,0.0,0.0,0.0,0.0,0.0,0.0,0.0,0.0,0.0
2006-01-18,0.0,0.0,0.0,0.0,0.0,0.0,0.0,0.0,0.0,0.0,,0.0,0.0,0.0,0.0,0.0,,0.0,0.0,0.0,0.0,0.0,0.0,0.0,0.0,0.0,0.0,0.0,0.0,0.0,0.0,0.0,0.0,0.0,0.0,0.0
2006-01-19,0.0,0.0,0.0,0.0,0.0,0.0,0.0,0.0,0.0,0.0,,0.0,0.0,0.0,0.0,0.0,,0.0,0.0,0.0,0.0,0.0,0.0,0.0,0.0,0.0,0.0,0.0,0.0,0.0,0.0,0.0,0.0,0.0,0.0,0.0
2006-01-20,0.0,0.0,0.0,0.0,0.0,0.0,0.0,0.0,0.0,0.0,,0.0,0.0,0.0,0.0,0.0,,0.0,0.0,0.0,0.0,0.0,0.0,0.0,0.0,0.0,0.0,0.0,0.0,0.0,0.0,0.0,0.0,0.0,0.0,0.0
2006-01-21,0.0,0.0,0.0,0.0,0.0,0.0,0.0,0.0,0.0,0.0,,0.0,0.0,0.0,0.0,0.0,,0.0,0.0,0.0,0.0,0.0,0.0,0.0,0.0,0.0,0.0,0.0,0.0,0.0,0.0,0.0,0.0,0.0,0.0,0.0
2006-01-22,0.0,0.0,0.0,0.0,0.0,0.0,0.0,0.0,0.0,0.0,,0.0,0.0,0.0,0.0,0.0,,0.0,0.0,0.0,0.0,0.0,0.0,0.0,0.0,0.0,0.0,0.0,0.0,0.0,0.0,0.0,0.0,0.0,0.0,0.0
2006-01-23,0.0,0.0,0.0,0.0,0.0,0.0,0.0,0.0,0.0,0.0,,0.0,0.0,0.0,0.0,0.0,,0.0,0.0,0.0,0.0,0.0,0.0,0.0,0.0,0.0,0.0,0.0,0.0,0.0,0.0,0.0,0.0,0.0,0.0,0.0
2006-01-24,0.0,0.0,0.0,0.0,0.0,0.0,0.0,0.0,0.0,0.0,,0.0,0.0,0.0,0.0,0.0,,0.0,0.0,0.0,0.0,0.0,0.0,0.0,0.0,0.0,0.0,0.0,0.0,0.0,0.0,0.0,0.0,0.0,0.0,0.0
2006-01-25,0.0,0.0,0.0,0.0,0.0,0.0,0.0,0.0,0.0,0.0,,0.0,0.0,0.0,0.0,0.0,,0.0,0.0,0.0,0.0,0.0,0.0,0.0,0.0,0.0,0.0,0.0,0.0,0.0,0.0,0.0,0.0,0.0,0.0,0.0
2006-01-26,0.0,0.0,0.0,0.0,0.0,0.0,0.0,0.0,0.0,0.0,,0.0,0.0,0.0,0.0,0.0,,0.0,0.0,0.0,0.0,0.0,0.0,0.0,0.0,0.0,0.0,0.0,0.0,0.0,0.0,0.0,0.0,0.0,0.0,0.0
2006-01-27,0.0,0.0,0.0,0.0,0.0,0.0,0.0,0.0,0.0,0.0,,0.0,0.0,0.0,0.0,0.0,,0.0,0.0,0.0,0.0,0.0,0.0,0.0,0.0,0.0,0.0,0.0,0.0,0.0,0.0,0.0,0.0,0.0,0.0,0.0
2006-01-28,0.0,0.0,0.0,0.0,0.0,0.0,0.0,0.0,0.0,0.0,,0.0,0.0,0.0,0.0,0.0,,0.0,0.0,0.0,0.0,0.0,0.0,0.0,0.0,0.0,0.0,0.0,0.0,0.0,0.0,0.0,0.0,0.0,0.0,0.0
2006-01-29,0.0,0.0,0.0,0.0,0.0,0.0,0.0,0.0,0.0,0.0,,0.0,0.0,0.0,0.0,0.0,,0.0,0.0,0.0,0.0,0.0,0.0,0.0,0.0,0.0,0.0,0.0,0.0,0.0,0.0,0.0,0.0,0.0,0.0,0.0
2006-01-30,0.0,0.0,0.0,0.0,0.0,0.0,0.0,0.0,0.0,0.0,,0.0,0.0,0.0,0.0,0.0,,0.0,0.0,0.0,0.0,0.0,0.0,0.0,0.0,0.0,0.0,0.0,0.0,0.0,0.0,0.0,0.0,0.0,0.0,0.0
2006-01-31,0.0,0.0,0.0,0.0,0.0,0.0,0.0,0.0,0.0,0.0,,0.0,0.0,0.0,0.0,0.0,,0.0,0.0,0.0,0.0,0.0,0.0,0.0,0.0,0.0,0.0,0.0,0.0,0.0,0.0,0.0,0.0,0.0,0.0,0.0
2006-02-01,0.0,0.0,0.0,0.0,0.0,0.0,0.0,0.0,0.0,0.0,,0.0,0.0,0.0,0.0,0.0,,0.0,0.0,0.0,0.0,0.0,0.0,0.0,0.0,0.0,0.0,0.0,0.0,0.0,0.0,0.0,0.0,0.0,0.0,0.0
2006-02-02,0.0,0.0,0.0,0.0,0.0,0.0,0.0,0.0,0.0,0.0,,0.0,0.0,0.0,0.0,0.0,,0.0,0.0,0.0,0.0,0.0,0.0,0.0,0.0,0.0,0.0,0.0,0.0,0.0,0.0,0.0,0.0,0.0,0.0,0.0
2006-02-03,0.0,0.0,0.0,0.0,0.0,0.0,0.0,0.0,0.0,0.0,,0.0,0.0,0.0,0.0,0.0,,0.0,0.0,0.0,0.0,0.0,0.0,0.0,0.0,0.0,0.0,0.0,0.0,0.0,0.0,0.0,0.0,0.0,0.0,0.0
2006-02-04,0.0,0.0,0.0,0.0,0.0,0.0,0.0,0.0,0.0,0.0,,0.0,0.0,0.0,0.0,0.0,,0.0,0.0,0.0,0.0,0.0,0.0,0.0,0.0,0.0,0.0,0.0,0.0,0.0,0.0,0.0,0.0,0.0,0.0,0.0
2006-02-05,0.0,0.0,0.0,0.0,0.0,0.0,0.0,0.0,0.0,0.0,,0.0,0.0,0.0,0.0,0.0,,0.0,0.0,0.0,0.0,0.0,0.0,0.0,0.0,0.0,0.0,0.0,0.0,0.0,0.0,0.0,0.0,0.0,0.0,0.0
2006-02-06,0.0,0.0,0.0,0.0,0.0,0.0,0.0,0.0,0.0,0.0,,0.0,0.0,0.0,0.0,0.0,,0.0,0.0,0.0,0.0,0.0,0.0,0.0,0.0,0.0,0.0,0.0,0.0,0.0,0.0,0.0,0.0,0.0,0.0,0.0
2006-02-07,0.0,0.0,0.0,0.0,0.0,0.0,0.0,0.0,0.0,0.0,,0.0,0.0,0.0,0.0,0.0,,0.0,0.0,0.0,0.0,0.0,0.0,0.0,0.0,0.0,0.0,0.0,0.0,0.0,0.0,0.0,0.0,0.0,0.0,0.0
2006-02-08,0.0,0.0,0.0,0.0,0.0,0.0,0.0,0.0,0.0,0.0,,0.0,0.0,0.0,0.0,0.0,,0.0,0.0,0.0,0.0,0.0,0.0,0.0,0.0,0.0,0.0,0.0,0.0,0.0,0.0,0.0,0.0,0.0,0.0,0.0
2006-02-09,0.0,0.0,0.0,0.0,0.0,0.0,0.0,0.0,0.0,0.0,,0.0,0.0,0.0,0.0,0.0,,0.0,0.0,0.0,0.0,0.0,0.0,0.0,0.0,0.0,0.0,0.0,0.0,0.0,0.0,0.0,0.0,0.0,0.0,0.0
2006-02-10,0.0,0.0,0.0,0.0,0.0,0.0,0.0,0.0,0.0,0.0,,4.2,0.0,0.0,0.0,0.0,,0.0,0.0,0.0,0.0,0.0,0.0,0.0,0.0,0.0,0.0,0.0,0.0,0.0,0.0,0.0,0.0,0.0,0.0,0.0
2006-02-11,0.0,0.0,0.0,0.0,0.0,0.0,0.0,0.0,0.0,0.0,,0.0,0.0,0.0,0.0,0.0,,0.0,0.0,0.0,0.0,0.0,0.0,0.0,0.0,0.0,0.0,0.0,0.0,0.0,0.0,0.0,0.0,0.0,0.0,0.0
2006-02-12,0.0,0.0,0.0,0.0,0.0,0.0,0.0,0.0,0.0,0.0,,0.0,0.0,0.0,0.0,0.0,,0.0,0.0,0.0,0.0,0.0,0.0,0.0,0.0,0.0,0.0,0.0,0.0,0.0,0.0,0.0,0.0,0.0,0.0,0.0
2006-02-13,0.0,0.0,0.0,0.0,0.0,0.0,0.0,0.0,0.0,0.0,,0.0,0.0,0.0,0.0,0.0,,0.0,0.0,0.0,0.0,0.0,0.0,0.0,0.0,0.0,0.0,0.0,0.0,0.0,0.0,0.0,0.0,0.0,0.0,0.0
2006-02-14,0.0,0.0,0.0,0.0,0.0,0.0,0.0,0.0,0.0,0.0,,0.0,0.0,0.0,0.0,0.0,,0.0,0.0,0.0,0.0,0.0,0.0,0.0,0.0,0.0,0.0,0.0,0.0,0.0,0.0,0.0,0.0,0.0,0.0,0.0
2006-02-15,0.0,0.0,0.0,0.0,0.0,0.0,0.0,0.0,0.0,0.0,,2.6,0.0,0.0,0.0,0.0,,0.0,0.0,0.0,0.0,0.0,0.0,0.0,0.0,0.0,0.0,0.0,0.0,0.0,0.0,0.0,0.0,0.0,0.0,0.0
2006-02-16,0.0,0.0,0.0,0.0,0.0,0.0,0.0,0.0,0.0,0.0,,0.0,0.0,0.0,0.0,0.0,,0.0,0.0,0.0,0.0,0.0,0.0,0.0,0.0,0.0,0.0,0.0,0.0,0.0,0.0,0.0,0.0,0.0,0.0,0.0
2006-02-17,0.0,0.0,0.0,0.0,0.0,0.0,0.0,0.0,0.0,0.0,,0.0,0.0,0.0,0.0,0.0,,0.0,0.0,0.0,0.0,0.0,0.0,0.0,0.0,0.0,0.0,0.0,0.0,0.0,0.0,0.0,0.0,0.0,0.0,0.0
2006-02-18,0.0,0.0,0.0,0.0,0.0,0.0,0.0,0.0,0.0,0.0,,0.0,0.0,0.0,0.0,0.0,,0.0,0.0,0.0,0.0,0.0,0.0,0.0,0.0,0.0,0.0,0.0,0.0,0.0,0.0,0.0,0.0,0.0,0.0,0.0
2006-02-19,0.0,0.0,0.0,0.0,0.0,0.0,0.0,0.0,0.0,0.0,,0.0,0.0,0.0,0.0,0.0,,0.0,0.0,0.0,0.0,0.0,0.0,0.0,0.0,0.0,0.0,0.0,0.0,0.0,0.0,0.0,0.0,0.0,0.0,0.0
2006-02-20,0.0,0.0,0.0,0.0,0.0,0.0,0.2,0.0,0.0,0.0,,0.0,0.0,0.0,0.5,0.0,,0.0,0.0,0.0,0.0,0.0,0.0,0.0,0.0,0.0,0.0,0.0,0.0,0.0,0.0,0.0,0.0,0.0,0.0,0.0
2006-02-21,0.0,0.0,0.0,0.0,0.0,0.0,0.0,0.0,0.0,0.0,,0.0,0.0,0.0,0.0,0.0,,0.0,0.0,0.0,0.0,0.0,0.0,0.0,0.0,0.0,0.0,0.0,0.0,0.0,0.0,0.0,0.0,0.0,0.0,0.0
2006-02-22,0.0,0.0,0.0,0.0,0.0,0.0,0.0,0.0,0.0,0.0,,0.0,0.0,0.0,0.0,0.0,,0.0,0.0,0.0,0.0,0.0,0.0,0.0,0.0,0.0,0.0,0.0,0.0,0.0,0.0,0.0,0.0,0.0,0.0,0.0
2006-02-23,0.0,0.0,0.0,0.0,0.0,0.0,0.0,0.0,0.0,0.0,,0.0,0.0,0.0,0.0,0.0,,0.0,0.0,0.0,0.0,0.0,0.0,0.0,0.0,0.0,0.0,0.0,0.0,0.0,0.0,0.0,0.0,0.0,0.0,0.0
2006-02-24,0.0,0.0,0.0,0.0,0.0,0.0,0.0,0.0,0.0,0.0,,0.0,0.0,0.0,0.0,0.0,,0.0,0.0,0.0,0.0,0.0,0.0,0.0,0.0,0.0,0.0,0.0,0.0,0.0,0.0,0.0,0.0,0.0,0.0,0.0
2006-02-25,0.0,0.0,0.0,0.0,0.0,0.0,0.0,0.0,0.0,0.0,,0.0,0.0,0.0,0.0,0.0,,0.0,0.0,0.0,0.0,0.0,0.0,0.0,0.0,0.0,0.0,0.0,0.0,0.0,0.0,0.0,0.0,0.0,0.0,0.0
2006-02-26,0.0,0.0,0.0,0.0,0.0,0.0,0.0,0.0,0.0,0.0,,0.0,0.0,0.0,0.0,0.0,,0.0,0.0,0.0,0.0,0.0,0.0,0.0,0.0,0.0,0.0,0.0,0.0,0.0,0.0,0.0,0.0,0.0,0.0,0.0
2006-02-27,0.0,0.0,0.0,0.0,0.0,0.0,0.0,0.0,0.0,0.0,,0.0,0.0,0.0,0.0,0.0,,0.0,0.0,0.0,0.0,0.0,0.0,0.0,0.0,0.0,0.0,0.0,0.0,0.0,0.0,0.0,0.0,0.0,0.0,0.0
2006-02-28,0.0,0.0,0.0,0.0,0.0,0.0,0.0,0.0,0.0,0.0,,0.0,0.0,0.0,0.0,0.0,,0.0,0.0,0.0,0.0,0.0,0.0,0.0,0.0,0.0,0.0,0.0,0.0,0.0,0.0,0.0,0.0,0.0,0.0,0.0
2006-03-01,0.0,0.0,0.0,0.0,0.0,0.0,0.0,0.0,0.0,0.0,,0.0,0.0,0.0,0.0,0.0,,0.0,0.0,0.0,0.0,0.0,0.0,0.0,0.0,0.0,0.0,0.0,0.0,0.0,0.0,0.0,0.0,0.0,0.0,0.0
2006-03-02,0.0,0.0,0.0,0.0,0.0,0.0,0.0,0.0,0.0,0.0,,0.0,0.0,0.0,0.0,0.0,,0.0,0.0,0.0,0.0,0.0,0.0,0.0,0.0,0.0,0.0,0.0,0.0,0.0,0.0,0.0,0.0,0.0,0.0,0.0
2006-03-03,0.0,0.0,0.0,0.0,0.0,0.0,0.0,0.0,0.0,0.0,,0.0,0.0,0.0,0.0,0.0,,0.0,0.0,0.0,0.0,0.0,0.0,0.0,0.0,0.0,0.0,0.0,0.0,0.0,0.0,0.0,0.0,0.0,0.0,0.0
2006-03-04,0.0,0.0,0.0,0.0,0.0,0.0,0.0,0.0,0.0,0.0,,0.0,0.0,0.0,0.0,0.0,,0.0,0.0,0.0,0.0,0.0,0.0,0.0,0.0,0.0,0.0,0.0,0.0,0.0,0.0,0.0,0.0,0.0,0.0,0.0
2006-03-05,0.0,0.0,0.0,0.0,0.0,0.0,0.0,0.0,0.0,0.0,,0.0,0.0,0.0,0.0,0.0,,0.0,0.0,0.0,0.0,0.0,0.0,0.0,0.0,0.0,0.0,0.0,0.0,0.0,0.0,0.0,0.0,0.0,0.0,0.0
2006-03-06,0.0,0.0,0.0,0.0,0.0,0.0,0.0,0.0,0.0,0.0,,8.4,0.0,0.0,0.0,0.0,,0.0,0.0,0.0,0.0,0.0,0.0,0.0,0.0,0.0,0.0,0.0,0.0,0.0,0.0,0.0,0.0,0.0,0.0,0.0
2006-03-07,0.0,0.0,0.0,0.0,0.0,0.0,0.0,0.0,0.0,0.0,,7.8,0.0,0.0,0.0,0.0,,0.0,0.0,0.0,0.0,0.0,0.0,0.0,0.0,0.0,0.0,0.0,0.0,0.0,0.0,0.0,0.0,0.0,0.0,0.0
2006-03-08,0.0,0.0,0.0,0.0,0.0,0.0,0.0,0.0,0.0,0.0,,0.0,0.0,0.0,0.0,0.0,,0.0,0.0,0.0,0.0,0.0,0.0,0.0,0.0,0.0,0.0,0.0,0.0,0.0,0.0,0.0,0.0,0.0,0.0,0.0
2006-03-09,0.0,0.0,0.0,0.0,0.0,0.0,0.0,0.0,0.0,0.0,,0.0,0.0,0.0,0.0,0.0,,0.0,0.0,0.0,0.0,0.0,0.0,0.0,0.0,0.0,0.0,0.0,0.0,0.0,0.0,0.0,0.0,0.0,0.0,0.0
2006-03-10,1.0,0.0,2.0,0.0,0.0,0.0,0.0,0.0,0.0,0.0,,0.0,1.1,0.0,0.0,3.0,,0.0,0.0,0.0,0.0,0.0,0.0,0.0,0.0,0.0,0.0,0.0,0.0,0.0,0.0,26.7,5.1,0.0,0.0,0.0
2006-03-11,2.4,15.4,3.0,5.2,15.0,18.2,2.4,18.6,0.0,15.4,,35.0,2.3,4.2,4.0,2.0,,0.0,14.0,0.0,13.0,26.4,29.2,24.6,20.3,17.0,14.6,18.0,0.5,20.0,2.8,12.0,42.1,2.0,0.0,0.0
2006-03-12,0.7,8.8,0.0,5.0,6.6,4.5,1.9,5.2,0.0,5.7,,21.2,0.0,90.4,9.2,0.0,,20.0,3.2,0.0,5.5,6.5,3.0,2.0,6.4,2.5,7.2,5.4,22.8,4.0,27.0,0.0,0.0,0.0,0.4,0.0
2006-03-13,0.0,0.0,0.0,0.0,0.0,16.5,0.1,4.8,0.0,0.0,,0.0,0.0,0.0,0.0,0.0,,0.0,0.0,15.0,0.0,0.0,0.0,0.0,0.0,0.0,0.0,0.0,0.2,0.0,0.0,0.0,0.0,0.0,10.1,0.0
2006-03-14,0.0,0.5,0.0,0.0,0.0,0.0,0.0,0.0,0.0,0.0,,6.6,0.0,0.0,0.0,0.0,,0.0,0.0,0.0,0.0,0.0,0.0,0.0,0.2,0.0,0.0,0.0,8.1,0.0,0.0,0.0,0.0,0.0,0.0,0.0
2006-03-15,0.0,0.0,1.6,0.0,0.0,0.0,0.0,0.0,0.0,0.0,,6.0,0.0,2.4,0.0,0.0,,0.0,0.0,5.0,0.0,0.0,0.0,0.0,0.0,0.0,0.0,4.0,1.5,0.0,0.0,0.0,0.0,0.0,0.0,0.0
2006-03-16,1.4,6.2,0.0,12.2,3.2,9.5,22.6,1.8,0.0,0.0,,2.6,0.0,0.0,0.0,0.0,,4.4,3.0,0.0,1.0,6.5,3.2,16.7,12.4,5.5,18.0,1.6,4.3,0.0,0.0,0.0,0.0,0.0,0.0,0.0
2006-03-17,0.0,0.0,0.0,0.0,0.2,0.0,0.0,0.0,0.0,0.0,,0.0,0.0,0.0,0.0,0.0,,0.0,0.0,0.0,0.0,0.0,0.4,0.0,0.0,0.0,0.0,0.0,0.0,7.0,0.0,0.0,0.0,0.0,0.0,0.0
2006-03-18,0.0,0.0,0.0,0.0,0.0,0.0,0.0,0.0,0.0,0.0,,0.2,0.0,0.0,0.0,0.0,,0.0,0.0,0.0,0.0,0.0,0.0,0.0,0.0,0.0,0.0,0.0,0.0,0.0,0.0,0.0,0.0,0.0,0.0,0.0
2006-03-19,0.0,0.0,0.0,0.0,0.0,0.0,0.0,0.0,0.0,0.0,,0.0,0.0,0.0,0.0,0.0,,0.0,0.0,0.0,0.0,0.0,0.0,0.0,0.0,0.0,0.0,0.0,0.0,0.0,0.0,0.0,0.0,0.0,0.0,0.0
2006-03-20,0.0,0.0,0.0,0.0,0.0,0.0,0.0,0.0,0.0,0.0,,0.0,0.0,0.0,0.0,0.0,,0.0,0.0,0.0,0.0,0.0,0.0,0.0,0.0,0.0,0.0,0.0,0.0,0.0,0.0,0.0,0.0,0.0,0.0,0.0
2006-03-21,0.0,0.0,0.0,0.0,0.0,0.0,0.0,0.0,0.0,0.0,,10.6,0.0,0.0,0.0,0.0,,0.0,0.0,0.0,0.0,0.0,0.0,0.0,0.0,0.0,0.0,0.0,0.0,0.0,0.0,0.0,0.0,0.0,0.0,0.0
2006-03-22,0.0,0.0,0.0,0.0,0.0,0.0,0.0,3.8,0.0,0.0,,0.0,0.0,0.0,0.0,0.0,,0.0,0.0,0.0,3.0,0.5,0.0,0.0,0.0,0.0,0.0,0.0,0.0,0.0,0.0,0.0,0.0,0.0,0.0,0.0
2006-03-23,0.0,0.0,0.0,0.0,0.0,0.0,0.0,1.4,0.0,0.0,,1.0,0.0,0.0,0.0,0.0,,0.0,0.0,0.0,0.0,0.0,0.0,0.0,0.0,0.0,0.0,0.0,0.0,0.0,0.0,0.0,0.0,0.0,0.0,0.0
2006-03-24,0.0,0.0,0.0,0.0,0.0,0.0,0.0,0.0,0.0,0.0,,0.0,0.0,0.0,0.0,0.0,,0.0,0.0,0.0,0.0,0.0,0.0,0.0,0.0,0.0,0.0,0.0,0.0,0.0,0.0,0.0,0.0,0.0,0.0,0.0
2006-03-25,0.0,0.0,0.0,0.0,0.0,0.0,0.0,0.0,0.0,0.0,,0.0,0.0,0.0,0.0,0.0,,0.0,0.0,0.0,0.0,0.0,0.0,0.0,0.0,0.0,0.0,0.0,0.0,0.0,0.0,0.0,0.0,0.0,0.0,0.0
2006-03-26,0.0,0.0,0.0,0.0,0.0,0.0,0.0,0.0,0.0,0.0,,0.0,0.0,0.0,0.0,0.0,,0.0,0.0,0.0,0.0,0.0,0.0,0.0,0.0,0.0,0.0,0.0,0.0,0.0,0.0,0.0,0.0,0.0,0.0,0.0
2006-03-27,0.0,0.0,0.0,0.0,0.0,0.0,0.0,0.0,0.0,0.0,,0.0,0.0,0.0,0.0,0.0,,0.0,0.0,0.0,0.0,0.0,0.0,0.0,0.0,0.0,20.0,0.0,0.0,0.0,0.0,0.0,0.0,0.0,0.0,0.0
2006-03-28,0.0,0.0,0.0,0.0,0.0,0.0,0.0,0.0,0.0,0.0,,8.8,0.0,0.0,0.0,0.0,,0.0,0.0,0.0,0.0,0.0,0.0,0.0,0.0,0.0,0.0,0.0,0.0,0.0,0.0,0.0,0.0,0.0,0.0,0.0
2006-03-29,0.0,0.0,0.0,0.0,0.0,0.0,0.0,0.0,0.0,0.0,,4.4,0.0,0.0,0.0,0.0,,0.0,0.0,0.0,0.0,0.0,0.0,0.0,0.0,0.0,0.0,0.0,0.0,0.0,0.0,0.0,0.0,0.0,0.0,0.0
2006-03-30,0.0,0.0,0.0,0.0,0.0,0.0,0.0,0.0,0.0,0.0,,0.0,0.0,0.0,0.0,0.0,,0.0,0.0,0.0,0.0,0.0,0.0,0.0,0.0,0.0,0.0,0.0,0.0,0.0,0.0,0.0,0.0,0.0,0.0,0.0
2006-03-31,0.0,0.0,0.0,0.0,0.0,0.0,0.0,0.0,0.0,0.0,,0.0,0.0,0.0,0.0,0.0,,0.0,0.0,0.0,0.0,0.0,0.0,0.0,0.0,0.0,0.0,0.0,0.0,0.0,0.0,0.0,0.0,0.0,0.0,0.0
2006-04-01,0.0,0.0,0.0,0.0,0.0,0.0,0.0,0.0,0.0,0.0,,0.0,0.0,0.0,0.0,0.0,,0.0,0.0,0.0,0.0,0.0,0.0,0.0,0.0,0.0,0.0,0.0,0.0,0.0,0.0,0.0,0.0,0.0,0.0,0.0
2006-04-02,0.0,0.0,0.0,0.0,0.0,0.0,0.0,0.0,0.0,0.0,,0.0,0.0,0.0,0.0,0.0,,0.0,0.0,0.0,0.0,0.0,0.0,0.0,0.0,0.0,0.0,0.0,0.0,0.0,0.0,0.0,0.0,0.0,0.0,0.0
2006-04-03,0.0,1.5,0.0,0.0,0.0,0.0,0.0,1.2,0.0,0.0,,7.0,0.0,0.0,0.0,0.0,,0.0,0.0,0.0,0.4,6.5,0.0,7.9,6.6,0.0,2.4,0.0,0.0,0.0,0.0,0.0,1.0,0.0,0.0,0.0
2006-04-04,0.0,0.0,0.0,0.0,0.0,0.0,0.0,0.0,0.0,0.0,,0.0,0.0,0.0,0.0,0.0,,0.0,0.0,0.0,0.0,0.0,0.0,0.0,0.0,0.0,0.0,0.0,0.0,0.0,2.8,3.1,0.0,0.0,0.0,0.0
2006-04-05,0.0,0.0,0.0,0.0,0.0,0.0,0.0,0.0,0.0,0.0,,0.0,0.0,0.0,0.0,0.0,,0.0,0.0,0.0,0.0,0.0,0.0,0.0,0.0,0.0,0.0,0.0,0.1,0.0,0.0,0.0,0.0,0.0,0.0,0.0
2006-04-06,0.0,0.0,0.0,0.0,0.0,0.0,0.0,0.0,0.0,0.0,,0.0,0.0,0.0,0.0,0.0,,0.0,0.0,0.0,11.5,0.0,0.0,0.0,0.0,0.0,0.0,0.0,5.2,0.0,0.0,0.0,0.0,0.0,0.0,0.0
2006-04-07,0.0,3.2,0.8,0.0,1.4,3.1,0.0,32.0,0.0,10.4,,0.0,0.0,0.0,0.0,0.0,,0.0,16.2,40.0,19.5,11.5,1.2,13.2,7.8,0.0,26.4,0.4,4.4,0.0,0.0,0.0,0.0,0.0,0.0,0.0
2006-04-08,0.0,14.8,21.0,2.0,2.2,7.2,0.0,10.8,0.0,30.4,,1.0,0.0,0.0,0.0,0.0,,2.1,17.2,56.4,0.0,67.4,3.0,11.8,13.3,0.0,28.8,1.0,16.6,0.0,0.0,0.0,0.0,0.0,1.0,0.0
2006-04-09,0.0,0.0,0.0,0.0,0.0,1.2,4.6,0.0,0.0,0.0,,0.0,0.0,0.0,0.5,0.0,,0.0,2.0,0.0,0.0,1.9,0.0,0.0,0.0,0.0,0.0,0.0,0.0,0.0,9.2,0.0,0.0,0.0,0.0,0.0
2006-04-10,0.0,0.0,0.0,0.0,0.0,0.0,0.0,1.2,0.0,0.0,,4.2,3.2,0.0,0.0,8.0,,0.0,0.0,14.2,0.0,0.0,0.2,0.0,0.2,0.0,0.0,0.0,2.6,0.0,0.0,0.0,0.0,0.0,0.0,0.0
2006-04-11,4.0,13.0,0.0,11.0,18.6,3.6,0.5,7.2,0.0,8.0,,2.6,0.0,0.0,0.0,0.0,,0.0,9.2,0.0,6.8,7.2,11.0,12.0,10.8,9.6,0.0,20.6,5.3,10.0,0.0,0.0,0.0,0.0,7.6,0.0
2006-04-12,0.0,0.0,0.0,0.0,0.0,0.0,0.0,0.0,0.0,0.0,,0.0,0.0,0.0,0.0,0.0,,0.0,0.0,0.0,0.0,0.0,0.0,0.0,0.0,0.0,18.2,0.0,0.0,0.0,0.0,0.0,0.0,0.0,0.0,0.0
2006-04-13,0.0,0.0,0.0,0.0,0.0,0.0,0.0,0.0,0.0,0.0,,0.0,0.0,0.0,0.0,0.0,,0.0,0.0,0.0,0.0,0.0,0.0,0.0,0.0,0.0,0.0,0.0,0.0,0.0,0.0,0.0,0.0,0.0,0.0,0.0
2006-04-14,0.0,0.0,0.0,0.0,0.0,0.0,0.0,0.0,0.0,0.0,,0.0,0.0,0.0,0.0,0.0,,0.0,0.0,0.0,4.8,0.0,0.0,0.0,0.0,0.0,0.0,0.0,0.0,0.0,0.0,0.0,0.0,0.0,0.0,0.0
2006-04-15,0.0,0.0,0.0,0.0,0.0,0.0,0.0,0.0,0.0,0.0,,0.0,1.2,0.0,0.0,0.0,,0.0,0.0,0.0,0.0,0.0,0.0,0.0,0.0,0.0,0.0,0.0,7.8,0.0,0.0,0.0,0.0,0.0,0.0,0.0
2006-04-16,0.0,0.0,0.0,0.0,0.0,0.0,0.0,0.0,0.0,0.0,,0.0,0.0,0.0,0.0,0.0,,0.0,0.0,0.0,0.0,0.0,0.0,0.0,0.0,0.0,0.0,0.0,0.0,0.0,0.0,0.0,0.0,0.0,0.0,0.0
2006-04-17,0.0,0.0,0.0,0.0,0.0,0.0,0.0,0.0,0.0,0.0,,0.0,0.0,0.0,0.0,8.0,,0.0,0.0,0.0,38.4,0.0,0.0,0.0,0.0,0.0,0.0,0.0,0.0,0.0,0.0,0.0,18.4,0.0,0.0,0.0
2006-04-18,46.8,34.7,33.0,40.0,32.4,45.0,30.5,38.6,40.0,10.4,,1.8,4.2,20.4,0.0,70.0,,0.0,41.0,34.4,11.2,35.0,31.2,34.4,34.3,40.0,40.2,36.4,52.4,42.0,30.0,20.1,27.0,20.0,2.2,6.5
2006-04-19,5.4,23.4,3.4,13.6,22.0,18.9,8.4,20.2,92.0,30.4,,9.2,3.1,107.4,25.5,2.0,,82.0,4.0,36.0,20.5,41.5,38.8,33.0,31.4,36.4,20.4,23.6,14.7,31.4,93.0,31.5,0.0,45.0,50.2,43.0
2006-04-20,0.0,0.7,0.0,0.0,0.4,0.6,0.0,1.8,0.0,22.0,,2.0,0.0,0.0,0.0,0.0,,0.0,0.0,2.0,0.0,2.2,0.4,0.0,1.3,0.0,0.8,0.0,0.0,0.0,0.0,0.0,0.0,0.0,0.0,0.0
2006-04-21,0.0,0.0,2.2,0.0,0.0,0.0,0.0,4.3,0.0,0.0,,0.0,1.1,0.0,0.0,0.0,,0.0,0.0,0.0,0.0,4.3,0.0,0.0,1.5,0.0,0.0,0.0,0.0,0.0,0.0,5.6,0.0,0.0,0.0,0.0
2006-04-22,0.0,0.0,0.0,0.0,0.0,0.0,0.0,0.2,0.0,0.0,,1.2,0.0,0.0,0.0,0.0,,0.0,0.0,0.0,4.2,0.0,0.0,0.0,0.0,0.0,0.0,0.0,0.0,0.0,0.0,0.0,26.0,0.0,0.0,0.0
2006-04-23,3.8,6.8,14.0,5.2,2.2,16.5,17.3,14.6,6.0,0.0,,0.0,2.3,0.0,0.0,4.0,,4.8,26.0,0.0,12.5,19.6,18.6,11.0,2.6,7.4,0.0,1.8,0.0,12.0,13.1,0.0,5.1,14.0,4.4,7.5
2006-04-24,0.0,0.8,0.0,0.0,0.0,1.5,1.7,4.6,0.0,0.0,,0.0,0.0,10.4,0.0,2.0,,0.0,0.0,12.4,0.0,0.0,0.0,0.0,1.2,0.1,16.6,0.0,3.2,0.0,0.0,0.0,0.0,3.0,1.4,5.5
2006-04-25,0.0,0.0,9.0,0.0,0.0,0.0,0.0,0.0,0.0,0.0,,0.0,0.0,0.0,0.0,0.0,,0.0,0.0,0.0,0.0,1.5,0.0,0.6,0.0,6.3,7.2,0.0,0.3,0.0,0.0,0.0,0.0,0.0,0.0,0.0
2006-04-26,0.0,0.0,1.0,0.0,0.0,0.0,0.0,0.8,0.0,0.0,,0.0,0.0,0.0,0.0,4.0,,0.0,0.0,0.0,0.0,3.5,0.0,0.0,0.0,0.0,0.0,0.0,0.0,15.0,0.0,0.0,0.0,0.0,0.0,0.0
2006-04-27,59.2,17.2,0.0,0.0,0.0,7.0,3.4,0.0,0.0,0.0,,0.0,4.4,29.5,0.0,0.0,,0.0,0.0,0.0,0.0,0.0,0.0,0.0,0.0,4.5,0.0,0.0,0.0,0.0,9.6,0.0,0.0,21.0,0.0,9.5
2006-04-28,0.0,0.0,0.0,0.0,0.0,0.0,0.0,0.0,0.0,0.0,,0.0,0.0,0.0,0.0,8.0,,0.0,0.0,0.0,0.0,0.0,0.0,0.0,0.0,0.0,0.0,0.0,0.0,0.0,0.0,0.0,0.0,0.0,0.0,0.0
2006-04-29,0.0,16.7,1.0,35.2,3.4,0.5,0.0,12.4,0.0,25.4,,0.0,2.3,0.0,0.0,0.0,,0.0,3.0,0.0,0.0,0.0,20.0,8.5,0.0,1.4,0.0,9.8,0.0,0.0,0.0,0.0,0.0,0.0,0.0,0.0
2006-04-30,0.0,0.0,0.0,0.0,0.0,0.0,0.0,0.0,0.0,0.0,,0.0,5.1,0.0,0.0,0.0,,0.0,0.0,0.0,0.0,14.0,0.0,0.0,0.0,0.0,0.0,0.0,0.0,0.0,0.0,0.0,0.0,0.0,0.0,0.0
2006-05-01,0.0,0.0,6.2,0.0,0.0,0.0,0.0,0.0,0.0,0.0,,0.0,0.0,0.0,0.0,0.0,,0.0,0.0,0.0,0.0,0.0,0.0,0.0,0.0,0.0,0.0,0.0,0.0,0.0,0.0,21.0,0.0,0.0,0.0,0.0
2006-05-02,0.0,0.0,0.0,0.0,4.4,0.0,0.0,9.6,0.0,0.0,,0.0,1.1,0.0,1.4,4.0,,8.5,7.0,72.2,9.2,26.8,2.8,12.0,15.6,4.5,12.2,7.2,63.4,4.0,0.0,7.2,0.0,2.0,0.0,0.0
2006-05-03,0.0,4.0,1.0,11.6,7.2,5.5,17.6,3.0,0.0,0.0,,0.0,4.2,0.0,3.0,17.0,,12.3,8.2,8.0,2.0,8.0,6.0,7.3,3.7,12.8,2.6,10.0,0.0,0.0,0.0,0.0,0.0,0.0,2.6,58.0
2006-05-04,0.0,0.4,0.0,2.6,1.4,1.0,1.2,0.0,0.0,0.0,,0.0,0.0,0.0,1.2,0.0,,0.0,0.0,0.0,0.0,0.0,0.8,3.6,0.0,0.0,0.0,3.8,0.0,0.0,0.0,0.0,0.0,0.0,0.0,0.0
2006-05-05,1.6,0.0,1.0,1.4,0.0,0.5,1.7,0.8,0.0,0.0,,0.0,0.0,0.0,0.0,0.0,,0.0,3.2,0.0,0.0,0.0,6.2,0.0,0.0,0.0,2.0,0.0,0.0,0.0,0.0,0.0,0.0,0.0,1.0,4.0
2006-05-06,0.0,0.4,2.0,0.0,0.0,1.1,0.0,2.4,0.0,0.0,,0.0,3.1,0.0,0.0,0.0,,0.0,21.0,48.0,0.0,16.5,0.6,0.0,33.8,0.0,32.2,0.0,5.3,0.0,0.0,0.0,4.0,0.0,0.0,0.0
2006-05-07,0.0,0.0,0.0,0.0,0.0,0.0,0.0,4.2,0.0,0.0,,0.0,0.2,0.0,0.0,0.0,,0.0,0.0,0.0,2.5,0.0,0.0,0.0,0.0,0.0,0.6,0.0,0.8,0.0,0.0,0.0,0.0,0.0,0.0,0.0
2006-05-08,0.0,40.4,6.0,0.0,18.4,2.5,1.2,6.4,0.0,0.0,,0.0,0.0,0.0,0.0,0.0,,16.7,5.0,26.2,23.4,12.2,2.2,15.3,31.0,11.5,22.0,6.4,0.0,5.0,0.0,0.0,0.0,38.0,0.0,0.0
2006-05-09,0.0,1.0,0.0,1.4,0.2,3.2,0.0,10.4,0.0,0.0,,0.8,0.0,72.5,0.0,24.0,,3.1,0.0,26.5,0.0,4.6,6.4,0.0,4.9,0.1,28.8,0.0,38.4,0.0,0.0,0.0,0.0,0.0,0.0,0.0
2006-05-10,30.4,18.6,2.0,10.2,3.2,38.3,41.4,12.0,15.0,14.0,,2.2,1.2,0.0,58.0,13.0,,12.0,10.0,46.4,12.2,37.2,16.8,0.0,51.8,4.2,22.4,7.4,28.7,4.0,71.5,0.0,0.0,0.0,20.8,3.0
2006-05-11,25.2,2.2,0.7,0.0,0.4,0.5,18.9,1.0,0.0,6.0,,6.2,0.0,0.0,0.0,0.0,,0.0,14.2,4.0,3.5,11.7,34.4,0.0,1.4,0.0,2.6,0.4,0.0,0.0,0.0,0.0,0.0,18.0,0.0,0.0
2006-05-12,27.8,8.9,7.5,9.6,13.0,0.0,1.0,8.2,0.0,0.0,,0.0,7.2,21.4,0.2,20.0,,1.1,30.0,6.2,6.1,47.5,1.2,24.5,22.4,1.3,22.8,14.6,35.8,2.0,0.0,0.0,8.1,0.0,0.0,0.0
2006-05-13,3.6,0.0,12.0,0.0,3.2,0.0,16.9,40.2,2.0,0.0,,0.0,2.1,0.0,0.0,0.0,,0.0,9.0,8.4,0.0,0.0,20.6,1.1,0.0,0.0,2.4,1.6,14.4,2.4,1.8,10.0,0.0,0.0,21.4,35.0
2006-05-14,0.0,3.9,1.6,0.0,2.4,3.0,0.0,39.2,0.0,0.0,,0.0,0.0,0.0,0.0,0.0,,0.0,1.0,10.5,7.5,5.9,4.6,26.6,50.0,0.0,2.4,2.0,0.0,2.0,0.0,4.5,0.0,0.0,0.2,0.0
2006-05-15,0.0,0.0,0.0,0.0,0.0,0.0,0.0,4.6,0.0,0.0,,0.0,0.0,0.0,0.0,0.0,,0.0,0.0,0.0,0.0,0.0,0.0,0.0,0.0,0.0,2.2,0.0,0.0,0.0,0.0,0.0,0.0,0.0,0.0,0.0
2006-05-16,0.0,0.0,0.0,0.0,0.0,0.0,0.0,3.6,0.0,25.0,,0.0,0.0,0.0,0.0,0.0,,0.0,0.0,0.0,21.0,0.0,0.0,2.2,0.0,1.5,0.0,2.8,0.0,12.4,0.0,0.0,0.0,0.0,0.0,0.0
2006-05-17,0.0,0.0,0.0,0.0,0.0,0.0,0.0,1.8,0.0,0.0,,0.0,0.0,0.0,10.8,0.0,,0.0,0.0,2.2,0.0,0.0,0.0,0.0,0.0,0.0,0.6,0.0,0.0,0.0,0.0,0.0,0.0,0.0,0.0,0.0
2006-05-18,0.0,0.0,5.0,0.0,0.0,0.0,0.0,0.0,0.0,8.0,,0.0,0.0,0.0,3.4,0.0,,0.0,0.0,32.0,1.5,0.0,3.2,0.0,0.0,0.0,0.0,0.8,0.8,0.0,0.0,0.0,0.0,0.0,0.0,0.0
2006-05-19,0.0,2.2,2.0,9.0,0.0,0.0,14.2,2.6,5.0,0.0,,8.6,0.0,10.5,0.0,0.0,,14.7,2.0,8.6,5.0,11.0,6.0,22.0,15.5,0.0,2.0,0.2,17.2,2.5,26.6,0.0,0.0,0.0,11.2,11.0
2006-05-20,1.6,2.0,0.0,0.0,1.4,48.5,12.4,2.4,0.0,0.0,,0.0,0.0,23.4,0.0,0.0,,0.0,2.2,0.0,23.1,2.0,8.2,5.1,16.0,0.0,2.2,2.8,17.0,4.2,0.0,0.0,4.1,0.0,0.0,0.0
2006-05-21,32.2,12.8,1.3,6.0,5.6,9.0,1.1,51.2,0.0,0.0,,0.0,0.0,0.0,0.0,11.0,,50.6,4.0,12.2,4.1,6.7,0.0,15.0,11.0,1.2,32.8,0.2,55.9,28.4,0.0,0.0,0.0,0.0,0.0,0.0
2006-05-22,4.2,3.7,2.0,1.8,4.0,15.6,0.0,1.4,0.0,0.0,,0.0,7.3,0.0,1.0,42.0,,0.0,2.0,10.5,4.7,1.5,5.6,2.3,3.3,10.6,2.4,4.4,19.2,18.4,0.0,0.0,0.0,0.0,0.0,0.0
2006-05-23,10.2,2.4,0.0,0.0,0.2,15.2,0.0,1.2,34.0,0.0,,0.0,4.2,0.0,0.0,0.0,,0.0,0.0,14.4,2.4,3.1,6.0,0.0,1.2,0.9,3.4,8.6,34.2,16.2,34.3,0.0,0.0,0.0,0.0,0.0
2006-05-24,0.0,17.8,0.0,0.0,14.2,2.3,2.3,7.2,0.0,0.0,,0.6,0.0,0.0,0.0,21.0,,0.0,0.0,2.0,0.0,2.6,8.2,0.0,2.8,3.4,2.2,1.2,14.7,2.0,0.0,0.0,0.0,0.0,0.0,0.0
2006-05-25,0.0,2.3,23.0,0.0,0.0,7.2,0.0,14.7,0.0,0.0,,5.6,3.1,0.0,0.0,0.0,,0.0,0.0,0.0,5.0,6.5,3.0,26.7,13.6,0.0,3.4,0.0,28.1,0.0,0.0,0.0,0.0,30.0,0.8,3.0
2006-05-26,0.1,0.0,6.3,0.0,0.0,0.0,67.8,7.6,0.0,30.4,,2.8,0.2,10.4,0.0,15.0,,5.4,11.0,2.2,6.4,4.5,2.6,0.0,0.0,20.0,30.4,0.0,0.0,0.0,0.0,26.0,18.0,0.0,0.0,0.0
2006-05-27,0.0,22.1,6.2,20.8,33.2,31.5,37.7,43.2,27.0,5.4,,1.2,4.3,15.5,0.4,0.0,,39.5,8.2,20.5,10.1,21.3,21.2,24.4,40.5,23.4,17.6,48.8,36.4,45.0,54.7,18.0,10.1,24.0,67.6,0.0
2006-05-28,3.6,0.4,0.0,1.0,0.6,1.5,2.2,3.2,0.0,44.5,,3.0,1.2,0.0,0.0,0.0,,0.0,0.0,0.0,0.0,0.0,0.0,0.0,0.6,2.5,0.0,1.8,0.0,0.0,0.0,0.0,0.0,0.0,12.6,10.0
2006-05-29,1.8,0.0,0.0,0.0,0.0,37.5,20.7,27.8,2.0,0.0,,0.0,2.5,0.0,0.0,27.0,,0.0,0.0,0.0,16.0,0.0,0.6,1.8,0.0,1.2,0.0,1.8,0.0,4.0,1.6,0.0,0.0,0.0,44.2,42.0
2006-05-30,0.0,0.0,0.0,0.0,0.0,4.5,3.6,0.2,0.0,0.0,,3.4,9.1,0.0,0.0,9.0,,0.0,10.0,1.2,0.0,3.2,8.4,0.0,0.4,0.0,0.0,0.0,0.0,0.0,0.0,0.0,0.0,0.0,0.0,0.0
2006-05-31,0.0,0.0,0.3,0.0,0.0,0.0,12.3,0.0,0.0,0.0,,0.0,2.2,0.0,18.0,0.0,,0.0,0.0,4.0,0.0,0.0,1.8,0.0,0.0,0.0,0.0,0.0,0.0,0.0,16.0,0.0,5.0,0.0,0.0,0.0
2006-06-01,0.0,0.1,0.0,0.0,3.0,0.0,0.0,0.0,0.0,15.4,,0.0,5.2,0.0,6.0,0.0,,0.0,0.0,2.4,0.0,0.5,0.0,0.0,0.0,1.5,6.4,0.0,0.0,0.0,0.0,0.0,0.0,0.0,0.0,0.0
2006-06-02,4.6,0.0,6.3,7.2,1.2,3.2,12.6,8.5,0.0,0.0,,0.0,3.1,0.0,15.5,0.0,,12.6,21.0,18.5,0.0,0.0,4.0,1.3,1.3,3.4,13.2,7.4,0.0,2.0,4.1,0.0,9.1,0.0,0.0,0.0
2006-06-03,0.2,0.0,1.0,0.0,0.0,5.0,41.1,0.0,0.0,0.0,,1.4,0.0,0.0,10.3,11.0,,0.0,0.0,0.0,0.0,0.0,2.6,0.0,0.0,4.3,8.6,1.8,2.0,0.0,0.0,0.0,11.4,7.0,0.0,0.0
2006-06-04,30.8,3.2,8.8,5.8,6.4,46.0,4.5,6.4,20.0,0.0,,18.4,4.4,14.4,4.7,0.0,,0.0,8.0,8.4,0.0,14.5,8.0,18.6,40.0,8.0,0.0,15.0,3.0,26.4,0.0,9.1,6.0,0.0,4.2,0.0
2006-06-05,0.0,0.0,0.0,17.6,0.0,44.0,24.3,6.2,0.0,0.0,,8.4,2.2,30.5,11.0,0.0,,11.2,5.2,14.0,0.0,10.4,0.4,7.9,3.0,0.0,4.6,0.4,0.2,0.0,9.0,1.5,24.5,0.0,0.0,0.0
2006-06-06,3.0,15.1,0.0,61.0,42.6,30.0,5.4,88.4,0.0,0.0,,5.8,3.1,22.4,4.0,35.0,,20.5,25.0,16.0,28.2,26.5,17.4,23.5,52.2,9.0,12.6,37.0,34.9,15.0,10.2,0.0,17.0,4.0,0.0,18.0
2006-06-07,29.4,4.1,20.2,4.2,5.0,14.0,6.8,14.2,20.0,0.0,,0.0,7.3,11.2,21.0,8.0,,14.8,22.0,10.2,9.1,18.6,10.0,7.3,5.6,8.5,8.4,6.4,28.5,9.0,24.1,16.0,32.1,34.0,6.4,31.0
2006-06-08,14.6,3.9,0.0,7.4,6.8,19.2,12.8,16.2,32.0,0.0,,0.0,2.1,14.4,16.5,26.0,,9.9,6.2,0.0,4.0,5.0,8.4,5.7,2.6,12.2,40.2,10.4,0.3,21.4,14.8,9.0,19.3,0.0,28.2,10.0
2006-06-09,17.2,50.5,42.0,33.0,34.0,71.0,37.3,61.2,28.4,0.0,,2.2,3.1,3.5,65.0,5.0,,26.4,34.2,0.0,34.6,42.5,29.2,44.7,40.0,22.4,23.0,26.6,70.3,40.0,53.6,0.0,23.0,32.0,9.2,0.0
2006-06-10,10.2,0.5,0.0,0.0,0.4,2.0,12.1,4.0,25.0,92.4,,3.4,11.5,40.4,1.0,0.0,,1.8,0.0,0.0,0.0,1.0,4.4,1.3,2.2,1.0,2.4,1.0,1.2,0.0,16.0,0.0,42.4,0.0,66.8,0.0
2006-06-11,13.8,1.6,0.0,7.2,0.8,27.5,4.3,15.2,0.0,0.0,,0.6,7.4,5.2,0.0,0.0,,0.0,15.0,0.0,4.2,0.0,16.0,0.0,4.4,0.0,0.4,1.2,0.0,4.0,0.0,0.0,0.0,0.0,0.0,0.0
2006-06-12,0.0,0.0,0.0,0.0,0.0,0.0,0.0,2.6,0.0,0.0,,0.0,0.0,0.0,0.0,0.0,,0.0,0.0,0.0,0.0,0.0,0.0,0.0,0.0,0.0,0.0,0.0,0.0,0.0,0.0,0.0,0.0,0.0,0.0,0.0
2006-06-13,0.0,0.0,0.0,0.0,0.0,0.0,0.0,0.0,0.0,0.0,,0.6,0.0,0.0,0.0,0.0,,0.0,0.0,0.0,0.0,0.0,0.0,0.0,0.0,0.0,0.0,0.0,0.0,0.0,0.0,0.0,0.0,0.0,0.0,0.0
2006-06-14,7.2,0.0,0.0,0.0,0.0,0.0,1.3,0.0,2.0,0.0,,0.0,4.2,4.2,0.0,0.0,,0.0,0.0,0.0,2.4,0.0,4.0,0.0,0.0,0.0,0.0,0.0,0.0,0.0,0.0,0.0,0.0,0.0,2.0,0.0
2006-06-15,0.0,0.0,0.0,0.0,0.0,0.0,0.0,0.0,0.0,0.0,,1.6,0.0,0.0,0.0,0.0,,0.0,0.0,14.0,0.0,11.1,0.0,0.0,0.0,0.0,2.2,0.0,0.0,0.0,3.0,0.0,0.0,0.0,0.0,0.0
2006-06-16,0.0,0.0,0.0,0.0,0.0,0.0,0.0,0.4,0.0,0.0,,0.0,0.0,0.0,0.0,0.0,,0.0,9.0,2.0,0.0,0.0,5.0,0.6,0.0,0.0,0.0,0.0,0.0,0.0,0.0,0.0,32.2,0.0,0.0,0.0
2006-06-17,0.0,0.0,0.0,0.0,0.0,0.0,0.0,0.0,0.0,0.0,,0.0,0.0,4.2,2.5,0.0,,0.0,0.0,0.0,0.0,0.0,10.4,0.0,0.0,0.0,0.0,0.0,0.0,0.0,0.0,0.0,0.0,0.0,0.0,0.0
2006-06-18,2.0,0.0,0.0,0.0,0.0,4.1,9.8,3.6,16.0,0.0,,0.0,5.3,0.0,28.7,0.0,,0.0,0.0,4.6,0.0,2.7,0.0,0.0,0.0,0.0,0.0,0.0,0.0,0.0,14.0,0.0,3.5,21.0,12.2,0.0
2006-06-19,0.0,0.0,0.0,0.0,0.0,0.0,2.9,0.0,0.0,0.0,,0.0,0.0,0.0,0.0,0.0,,0.0,0.0,0.0,0.0,0.0,0.0,0.0,0.0,0.0,0.0,0.0,0.0,0.0,0.0,0.0,0.0,0.0,0.0,0.0
2006-06-20,0.0,0.0,0.0,0.0,1.2,0.0,0.0,0.0,0.0,0.0,,0.0,0.0,0.0,0.0,0.0,,0.0,0.0,5.0,5.2,0.0,1.8,0.0,0.0,0.0,0.0,4.2,0.0,0.0,0.0,0.0,0.0,0.0,0.0,0.0
2006-06-21,6.0,19.4,40.0,11.4,33.0,14.5,0.0,10.2,0.0,0.0,,0.0,0.0,0.0,0.0,2.0,,69.5,20.2,4.0,0.0,34.3,71.6,92.3,34.1,40.4,39.4,40.0,36.1,55.4,26.1,0.0,0.0,0.0,0.0,0.0
2006-06-22,0.0,0.0,25.0,0.0,0.2,18.0,0.0,0.0,0.0,0.6,,0.0,0.0,0.0,11.0,0.0,,0.0,0.0,0.0,19.3,13.3,0.4,3.1,16.1,0.0,35.6,0.0,21.3,0.0,0.0,0.0,0.0,0.0,0.0,0.0
2006-06-23,0.0,67.7,1.0,9.2,25.0,10.4,0.0,0.0,2.0,0.0,,0.0,0.0,0.0,6.5,0.0,,53.7,18.2,6.0,62.4,19.0,8.6,21.4,31.0,10.8,43.8,25.2,7.6,28.4,0.0,0.0,10.0,0.0,0.0,0.0
2006-06-24,0.0,1.0,1.0,3.4,1.4,35.0,15.2,0.0,0.0,0.0,,0.0,0.0,0.0,21.0,0.0,,18.9,2.2,8.0,0.0,3.5,0.8,2.0,0.0,0.0,16.4,3.0,18.3,18.2,0.0,0.0,14.1,0.0,0.0,0.0
2006-06-25,0.0,28.2,0.0,0.0,0.4,24.0,0.2,27.6,11.0,0.0,,2.8,0.0,0.0,4.0,0.0,,0.0,5.2,2.0,5.0,3.7,4.0,6.3,7.1,11.1,22.2,0.0,0.0,6.4,0.0,1.2,31.0,0.0,0.0,0.0
2006-06-26,21.0,0.0,1.5,11.4,7.5,1.5,2.3,5.4,0.0,0.0,,1.0,3.2,25.4,25.0,23.0,,0.0,5.2,1.0,0.0,0.0,28.0,6.5,0.0,10.0,18.2,3.8,0.0,8.0,7.0,19.5,42.4,5.0,0.0,0.0
2006-06-27,4.4,4.4,5.5,14.4,10.5,23.5,97.4,31.4,84.0,0.0,,0.0,60.3,42.5,60.2,3.0,,11.3,14.0,0.0,0.0,2.5,8.0,0.0,22.6,11.7,14.6,17.0,16.3,6.0,85.4,0.0,13.5,30.0,32.4,113.0
2006-06-28,0.8,0.0,0.0,3.2,0.0,6.5,8.6,20.6,160.0,0.0,,4.4,52.5,30.2,16.5,110.0,,3.0,4.2,2.0,2.0,4.5,1.4,4.8,0.0,2.4,6.4,0.0,4.0,0.0,92.8,87.2,139.1,10.0,51.8,14.0
2006-06-29,144.4,15.8,1.0,3.0,14.0,19.5,30.9,23.8,94.0,0.0,,8.4,108.3,23.5,75.5,0.0,,18.4,6.0,1.4,14.2,0.0,7.8,11.9,8.4,19.0,15.4,15.0,13.1,28.5,0.0,5.0,4.3,17.0,0.0,0.0
2006-06-30,8.0,0.7,0.0,1.2,0.4,5.0,11.5,4.2,86.0,0.0,,0.0,13.4,0.0,1.3,0.0,,0.0,4.0,0.0,0.0,0.0,1.2,2.7,2.1,0.8,0.0,2.0,0.0,4.0,94.6,,0.0,1.0,21.4,0.0
2006-07-01,0.0,0.0,0.0,3.6,0.4,4.6,11.3,0.6,0.0,0.0,,2.8,2.1,0.0,0.0,0.0,,0.0,0.0,0.0,13.0,0.0,3.2,0.0,0.0,1.7,18.8,0.0,0.0,2.0,0.0,0.0,0.0,0.0,2.2,0.0
2006-07-02,0.0,26.2,0.0,5.2,6.0,0.1,0.0,93.2,0.0,40.5,,0.0,0.0,0.0,0.0,0.0,,5.3,0.0,80.0,4.0,50.2,11.0,39.7,63.0,0.0,27.4,3.0,80.3,0.0,17.6,0.0,0.0,0.0,0.0,0.0
2006-07-03,0.0,0.0,0.0,0.0,0.0,0.0,0.6,0.4,0.0,0.0,,0.0,0.0,0.0,10.0,0.0,,0.0,0.0,0.0,0.0,0.0,0.0,0.0,0.0,0.3,0.0,0.0,1.2,0.0,0.0,0.0,0.0,0.0,0.0,0.0
2006-07-04,0.0,11.0,0.0,8.4,0.8,0.0,0.0,0.0,0.0,0.0,,0.0,4.3,0.0,2.0,2.0,,0.0,0.0,4.0,3.0,0.0,0.0,12.4,0.0,0.4,2.4,1.2,0.0,0.0,4.6,0.0,0.0,0.0,0.0,0.0
2006-07-05,0.0,0.0,0.0,0.0,0.0,6.0,4.4,0.8,9.3,0.0,,2.6,9.1,0.0,1.0,11.0,,0.0,0.0,12.0,0.0,0.0,0.0,0.0,0.0,0.5,4.2,0.0,43.2,0.0,0.0,0.0,0.0,0.0,4.0,0.0
2006-07-06,1.4,0.0,0.0,0.0,0.0,1.8,1.6,63.2,8.0,22.5,,0.0,0.0,0.0,11.0,69.0,,0.0,0.0,14.0,0.0,3.6,0.0,0.0,0.0,3.3,8.8,0.0,0.0,0.0,11.2,0.0,39.5,7.0,5.4,37.5
2006-07-07,111.0,0.0,0.0,2.0,2.6,0.0,26.2,18.0,74.0,0.0,,0.4,103.2,100.5,5.6,71.0,,4.0,10.4,8.4,4.5,3.3,3.2,3.1,0.0,2.7,9.6,5.4,0.0,0.0,58.0,0.0,32.3,75.0,84.4,0.0
2006-07-08,104.0,13.5,35.5,6.0,4.8,1.3,0.0,30.2,84.0,30.5,,0.0,76.4,125.4,12.0,11.0,,5.0,48.0,24.0,22.8,0.0,18.4,18.1,23.0,3.3,20.0,5.6,0.0,12.4,94.5,0.0,0.0,117.0,30.2,44.0
2006-07-09,3.0,0.0,0.0,0.0,0.0,21.5,1.2,0.0,0.0,5.4,,0.0,81.2,0.0,0.0,3.0,,0.0,0.0,6.0,0.0,1.4,0.6,0.0,0.0,1.0,36.2,0.0,0.0,0.0,0.3,0.0,0.0,7.0,10.8,6.0
2006-07-10,25.2,0.1,5.5,26.6,8.4,1.9,0.0,26.6,0.0,0.0,,3.0,7.4,35.2,1.4,47.0,,0.0,15.0,4.0,2.5,11.0,4.4,0.0,5.3,3.8,7.2,4.6,0.0,9.6,16.6,39.4,69.1,17.0,55.2,0.0
2006-07-11,2.8,0.0,2.1,1.4,0.0,9.8,12.3,22.8,0.0,16.4,,3.2,21.3,5.2,14.0,3.0,,0.0,18.0,10.0,0.0,17.4,0.4,6.1,1.1,5.4,40.0,2.4,0.0,10.4,41.2,0.0,0.0,54.0,16.2,15.0
2006-07-12,57.8,39.2,7.0,0.0,15.6,8.5,40.4,28.2,4.0,0.0,,0.6,11.2,6.4,0.8,15.0,,34.8,8.2,22.8,60.0,3.9,51.0,12.2,30.6,10.5,17.2,18.6,0.0,20.0,32.0,5.5,112.0,3.0,27.2,10.0
2006-07-13,66.2,22.2,3.5,20.0,42.4,48.2,44.0,19.0,49.0,0.0,,14.4,64.3,5.2,24.0,2.0,,0.0,13.0,18.0,27.0,15.7,11.2,20.5,15.3,47.5,14.2,39.8,0.0,68.4,34.5,6.0,1.1,2.0,6.0,23.0
2006-07-14,3.0,0.1,1.0,0.0,1.0,0.0,0.5,0.0,0.0,30.5,,10.6,13.2,2.4,0.0,0.0,,52.6,0.0,10.2,10.0,0.0,0.6,0.0,0.0,3.4,12.0,1.8,1.2,4.0,0.0,7.4,42.0,2.0,0.2,0.0
2006-07-15,6.6,1.4,6.0,0.0,3.2,2.5,10.4,17.2,10.0,0.0,,7.8,21.4,10.2,0.0,10.0,,4.9,0.0,14.5,10.4,0.0,0.0,0.0,0.0,2.6,11.0,0.0,2.6,4.2,10.2,0.0,0.0,3.0,0.0,0.0
2006-07-16,1.0,20.3,0.0,30.4,4.2,4.6,5.6,21.4,26.0,0.0,,0.0,41.3,12.4,0.0,8.0,,20.2,0.0,0.0,0.0,2.2,2.4,3.3,0.0,11.0,3.0,7.8,0.0,8.4,0.9,7.6,0.0,7.0,7.6,0.0
2006-07-17,0.0,3.7,34.0,7.0,3.8,1.8,0.0,3.0,0.0,0.0,,1.4,,4.2,11.0,4.0,,5.0,18.0,4.8,4.7,11.2,11.0,3.5,9.1,8.4,2.4,4.0,20.5,17.5,6.1,0.0,0.0,0.0,13.6,0.0
2006-07-18,0.0,40.5,60.0,20.0,7.2,1.5,1.2,6.2,22.0,10.4,,3.8,,0.0,30.0,0.0,,5.4,0.0,36.2,31.5,8.5,0.2,13.3,34.5,11.2,24.4,9.8,45.2,28.0,12.5,0.0,0.0,0.0,0.0,0.0
2006-07-19,2.6,39.0,41.0,28.0,42.0,22.2,4.4,73.2,0.0,20.4,,0.8,,2.4,0.0,20.0,,26.8,57.0,40.5,47.7,37.7,24.2,38.1,54.6,18.0,26.4,27.0,25.6,20.4,6.0,4.2,18.3,0.0,0.0,8.5
2006-07-20,18.6,32.1,6.0,10.6,7.8,10.3,6.2,36.4,18.4,0.0,,0.0,,10.5,0.0,0.0,,26.0,22.2,28.0,58.8,66.9,10.8,12.3,34.3,7.5,47.8,6.6,29.2,12.4,0.0,0.0,0.0,6.0,0.4,3.0
2006-07-21,0.0,2.8,4.2,16.0,15.4,0.0,10.6,30.6,0.0,10.5,,0.6,,8.2,0.0,0.0,,8.6,0.0,40.8,5.0,7.0,0.8,13.3,4.7,24.5,6.2,9.0,0.0,28.0,0.0,0.0,0.0,0.0,0.0,0.0
2006-07-22,0.0,2.3,0.0,2.0,0.4,4.5,0.0,17.2,1.2,0.0,,0.0,,0.0,22.0,0.0,,0.0,1.2,0.0,4.0,8.1,0.4,2.1,4.6,0.0,9.2,0.0,0.0,0.0,0.0,0.0,8.4,0.0,1.2,0.0
2006-07-23,0.0,0.0,8.0,7.0,0.0,0.0,0.8,2.6,6.0,23.0,,4.6,,10.4,18.5,0.0,,0.0,0.0,0.0,0.0,0.0,0.0,0.0,0.0,0.0,0.0,0.0,20.6,14.0,0.0,0.0,0.0,0.0,0.0,0.0
2006-07-24,0.0,46.2,16.0,34.0,9.2,1.5,5.5,20.2,11.0,40.4,,0.6,,20.2,15.0,0.0,,29.3,11.0,18.0,38.3,11.2,14.6,15.3,12.8,17.2,32.2,13.4,0.0,4.0,0.0,4.6,33.0,3.0,10.2,0.0
2006-07-25,16.7,1.2,2.0,4.0,1.4,1.6,11.2,28.0,40.0,40.4,,6.4,,0.0,0.0,20.0,,4.4,1.2,4.0,2.0,14.5,2.2,4.0,3.6,1.9,1.2,0.4,0.0,2.0,34.7,1.7,61.4,0.0,14.2,25.0
2006-07-26,94.6,8.1,2.0,18.0,6.6,0.0,0.0,2.0,42.0,5.3,,0.2,,0.0,0.0,15.0,,0.0,32.2,8.5,8.2,31.2,10.0,30.7,13.2,3.2,4.2,6.6,0.0,0.0,38.0,26.1,118.5,14.0,6.4,0.0
2006-07-27,12.6,8.5,16.0,0.0,3.6,0.0,13.5,19.2,7.0,0.0,,2.0,,0.0,31.0,0.0,,6.4,0.0,14.2,9.4,0.5,1.0,2.8,2.5,6.6,0.0,3.6,2.2,6.0,1.3,4.0,26.5,2.0,5.4,0.0
2006-07-28,0.0,13.3,0.0,20.6,25.2,0.0,56.1,12.8,0.0,0.0,,0.0,,0.0,4.5,0.0,,11.9,11.0,4.5,11.0,12.1,16.0,11.0,8.5,7.5,20.8,17.0,16.8,20.0,0.0,15.5,37.0,0.0,0.0,0.0
2006-07-29,0.0,0.2,4.0,0.0,0.6,4.6,0.0,4.6,0.0,0.0,,0.0,,0.0,2.7,0.0,,22.7,0.0,6.4,17.0,0.0,0.2,5.8,8.6,15.0,4.2,2.6,5.0,30.0,2.2,0.0,31.2,0.0,0.0,0.0
2006-07-30,9.8,5.1,0.0,1.4,4.6,4.5,6.9,28.0,0.0,0.0,,0.0,,0.0,0.0,0.0,,12.5,14.0,0.0,0.0,23.3,19.8,6.1,4.8,19.4,6.2,21.2,2.0,20.6,0.0,3.1,0.0,7.0,6.0,9.0
2006-07-31,0.0,0.0,0.0,0.0,0.0,3.2,0.0,2.6,0.0,0.0,,0.0,,0.0,0.0,0.0,,0.0,0.0,0.0,0.0,0.0,0.0,0.0,0.0,0.0,0.0,0.0,0.2,0.0,0.0,0.0,0.0,0.0,0.0,0.0
2006-08-01,0.0,0.0,0.0,0.0,0.0,0.0,0.0,6.8,0.0,0.0,,0.0,,0.0,18.0,0.0,,0.0,0.0,0.0,0.0,0.0,0.4,0.0,0.0,0.7,0.0,0.0,1.7,0.0,0.0,0.0,11.0,0.0,0.0,0.0
2006-08-02,30.8,35.5,22.0,35.0,16.2,12.9,8.0,34.0,26.0,80.4,,0.0,,0.0,22.7,0.0,,26.8,30.0,36.4,56.8,7.6,15.2,37.5,27.5,17.6,40.4,20.8,2.3,30.0,0.0,26.6,0.0,7.0,14.4,10.5
2006-08-03,5.3,13.4,19.0,12.2,18.6,22.5,56.9,11.4,13.0,20.4,,12.0,,0.0,9.4,0.0,,28.8,28.0,16.2,15.6,27.8,43.0,16.6,19.6,36.0,25.8,25.4,21.4,31.4,40.0,0.0,8.1,0.0,0.0,0.0
2006-08-04,0.0,0.0,0.0,0.0,0.0,8.9,17.6,0.0,0.0,42.4,,0.0,,0.0,0.0,0.0,,1.6,0.0,20.0,0.0,0.0,0.0,0.0,0.6,1.5,0.0,0.2,0.0,4.0,0.0,0.0,10.2,0.0,0.0,0.0
2006-08-05,0.0,0.5,1.0,3.0,0.6,23.0,0.0,4.8,0.0,0.0,,2.4,,0.0,0.0,0.0,,0.0,0.0,40.4,0.0,0.0,0.0,0.0,1.1,2.3,0.0,0.4,5.6,2.0,0.0,0.0,28.0,0.0,0.0,0.0
2006-08-06,4.2,9.8,0.0,25.6,6.2,6.5,28.9,9.8,0.0,0.0,,1.0,,0.0,41.0,0.0,,0.0,2.0,10.2,18.4,5.6,1.0,0.0,0.0,9.3,15.4,16.2,5.4,5.0,2.7,0.0,0.0,0.0,0.0,0.0
2006-08-07,0.2,0.0,0.0,0.0,0.2,2.0,0.0,72.4,0.0,0.0,,0.2,,0.0,28.3,0.0,,16.2,2.2,12.8,0.0,1.8,3.4,7.5,8.2,3.2,17.8,0.6,1.2,15.0,0.0,0.0,0.0,0.0,0.0,0.0
2006-08-08,0.1,1.7,0.0,1.0,0.4,5.0,3.9,6.4,0.0,0.0,,0.0,,0.0,37.4,0.0,,0.0,0.0,18.5,0.0,6.6,0.6,0.0,13.4,0.0,12.4,0.0,0.0,18.0,0.0,0.0,0.0,5.5,0.0,0.0
2006-08-09,0.0,0.0,0.0,0.0,0.0,0.0,0.0,9.4,0.0,0.0,,2.4,,0.0,141.4,0.0,,0.0,6.0,4.6,0.0,11.7,9.8,0.0,10.6,2.4,6.6,0.0,2.4,9.2,0.0,0.0,0.0,0.0,0.0,0.0
2006-08-10,0.0,0.1,0.0,12.6,0.4,0.0,12.5,0.0,0.0,0.0,,0.0,,0.0,60.6,0.0,,16.2,0.0,0.0,18.3,1.6,1.2,3.8,12.0,12.0,0.6,0.0,0.0,45.6,0.0,7.0,0.0,0.0,18.4,0.0
2006-08-11,7.6,0.0,0.0,0.0,0.0,0.0,0.0,0.0,0.0,0.0,,0.0,,0.0,2.8,0.0,,0.0,0.0,0.0,0.0,0.0,0.0,0.0,0.0,0.5,0.0,0.0,3.2,0.0,0.0,0.0,0.0,0.0,0.0,0.0
2006-08-12,0.0,0.0,0.0,1.8,0.0,0.0,0.0,0.0,0.0,0.0,,0.0,,0.0,12.0,0.0,,0.0,0.0,8.6,10.2,8.0,0.0,0.0,0.0,2.0,0.0,0.0,2.4,0.0,0.0,0.0,1.1,0.0,0.0,0.0
2006-08-13,0.0,0.0,0.0,0.0,9.6,0.0,21.5,0.0,0.0,0.0,,0.0,,0.0,21.7,0.0,,5.7,0.0,8.0,0.0,0.0,0.4,3.2,2.1,16.4,0.6,8.8,10.6,12.3,0.0,0.0,2.4,0.0,0.0,0.0
2006-08-14,0.0,4.0,30.0,9.8,2.2,0.0,8.9,24.0,0.0,0.0,,0.0,,0.0,5.0,0.0,,2.6,5.0,14.2,0.0,10.7,1.2,0.0,5.7,82.5,12.0,1.2,12.4,1.4,0.0,0.0,0.7,0.0,0.0,0.0
2006-08-15,0.0,0.2,1.0,33.8,0.2,0.0,2.0,4.2,0.0,0.0,,0.0,,0.0,0.0,0.0,,1.0,0.0,8.0,12.0,7.0,3.2,4.0,0.0,9.4,35.8,0.0,55.2,4.0,0.0,0.0,1.8,0.0,0.0,0.0
2006-08-16,0.0,1.1,0.0,2.2,9.2,0.0,0.0,7.4,0.0,0.0,,0.0,,0.0,0.0,0.0,,4.1,3.0,10.2,2.0,20.3,1.4,0.0,18.8,33.2,20.4,0.0,12.4,0.0,0.0,0.0,0.0,0.0,0.0,0.0
2006-08-17,0.0,5.1,10.0,0.0,1.0,0.0,1.5,2.4,0.0,0.0,,1.8,0.0,0.0,0.0,0.0,,11.5,2.2,4.0,7.0,5.1,6.2,11.6,40.1,3.5,2.6,1.0,8.3,0.0,0.0,0.0,0.0,0.0,0.0,0.0
2006-08-18,0.0,0.0,0.0,0.0,0.0,0.0,0.0,3.6,0.0,0.0,,0.0,0.0,0.0,0.0,0.0,,0.0,0.0,2.2,12.5,0.0,0.0,0.0,0.0,0.0,0.4,0.0,19.4,0.0,0.0,2.1,0.0,0.0,0.0,0.0
2006-08-19,0.0,0.0,3.0,29.4,0.0,0.0,7.6,7.2,0.0,0.0,,0.0,0.0,0.0,18.0,0.0,,0.0,0.0,12.4,52.1,0.0,0.0,0.0,0.0,16.5,24.8,0.0,68.2,0.0,0.0,3.2,10.5,0.0,0.0,0.0
2006-08-20,0.0,66.3,20.0,24.0,13.0,0.0,5.5,50.0,0.0,0.0,,0.0,0.0,20.5,3.4,0.0,,0.0,10.2,0.0,12.0,13.9,6.0,17.2,39.0,41.2,10.4,24.4,21.3,8.2,0.0,1.2,42.1,10.0,0.0,6.5
2006-08-21,0.0,6.4,26.0,2.8,4.8,37.5,5.4,6.2,0.0,0.0,,0.0,0.0,10.4,6.0,0.0,,26.1,12.2,0.0,3.3,13.5,3.8,6.4,7.1,0.4,4.4,6.2,13.3,12.2,0.0,7.5,0.0,40.0,61.6,22.0
2006-08-22,25.2,4.4,0.0,0.0,0.0,40.0,4.7,18.0,2.0,0.0,,1.2,3.2,0.0,15.5,0.0,,0.5,0.0,2.2,47.5,0.0,0.0,18.7,26.3,22.6,7.8,0.0,8.4,22.4,29.1,4.1,0.0,7.5,61.2,20.0
2006-08-23,0.0,1.4,0.0,6.0,0.0,28.0,0.0,21.0,0.0,50.0,,0.0,0.0,0.0,9.0,0.0,,0.0,0.0,6.4,3.3,7.0,23.4,0.0,3.1,22.0,7.2,0.0,1.8,30.2,0.0,18.0,2.1,0.0,0.0,0.0
2006-08-24,2.0,33.3,7.0,45.2,32.8,0.0,7.2,68.5,12.0,40.4,,8.0,0.0,0.0,0.0,0.0,,50.9,2.0,1.0,47.0,10.0,0.8,18.1,34.0,15.0,41.6,30.0,24.9,42.4,0.0,0.0,3.0,0.0,0.0,0.0
2006-08-25,0.0,26.8,30.5,40.2,6.0,0.0,30.2,79.0,2.0,20.4,,1.0,0.0,10.4,160.0,0.0,,17.2,15.2,0.0,52.3,34.0,6.6,14.7,27.2,32.1,40.0,6.6,10.3,15.2,0.0,0.0,10.5,0.0,0.0,0.0
2006-08-26,52.4,0.5,1.0,3.2,4.0,30.1,49.9,24.2,5.2,40.0,,3.0,93.2,30.5,104.0,8.0,,0.0,15.0,0.0,2.0,3.5,18.8,1.6,0.0,20.0,6.0,5.4,12.2,42.6,25.8,2.5,42.5,0.0,0.0,0.0
2006-08-27,1.4,6.5,25.0,15.0,15.6,12.5,30.2,10.0,51.0,20.3,,0.4,87.4,0.0,17.0,5.0,,41.3,26.0,2.4,17.0,16.5,24.4,13.4,18.0,0.0,1.8,16.2,5.2,20.0,47.5,3.1,33.5,84.0,99.0,0.0
2006-08-28,37.8,8.9,6.0,17.0,14.0,0.0,12.6,7.2,23.0,0.0,,1.0,62.1,0.0,1.0,5.0,,25.0,7.2,0.0,7.3,4.7,10.0,10.8,10.2,0.0,5.4,22.2,46.4,43.5,37.0,10.2,29.2,11.0,24.2,0.0
2006-08-29,22.0,5.5,2.0,7.0,15.0,0.0,11.8,2.0,6.2,0.0,,0.2,5.4,0.0,13.5,6.0,,27.8,0.0,6.2,4.0,0.7,2.2,5.7,23.9,0.0,3.6,18.0,48.9,34.2,33.1,2.0,15.5,4.0,3.8,0.0
2006-08-30,0.0,16.9,4.5,24.0,21.8,22.0,8.7,12.0,0.0,20.4,,1.2,0.0,0.0,0.0,3.0,,17.4,10.0,2.4,40.5,4.8,13.0,14.6,18.8,0.0,15.4,35.2,0.0,33.4,0.0,5.1,0.0,0.0,1.8,0.0
2006-08-31,0.0,0.1,0.0,8.0,0.4,0.0,1.1,0.6,0.0,0.0,,2.8,0.0,0.0,6.6,0.0,,0.5,0.0,8.4,0.0,0.0,0.2,0.0,0.0,0.0,0.0,0.0,0.0,6.4,0.0,0.0,0.0,0.0,0.0,0.0
2006-09-01,14.8,2.0,0.0,1.6,0.2,0.0,0.0,0.4,0.0,0.0,,0.2,3.2,35.4,20.2,13.0,,0.0,0.0,8.5,0.0,5.4,0.6,2.0,27.5,0.0,6.0,2.2,0.0,10.7,0.0,0.0,0.0,5.0,1.0,0.0
2006-09-02,0.0,3.6,0.0,6.2,0.0,0.0,4.3,21.6,0.0,0.0,,0.0,0.0,0.0,0.0,0.0,,0.0,9.2,14.2,0.0,12.5,5.0,0.0,0.0,0.0,0.0,0.0,0.0,4.0,0.0,0.0,0.0,0.0,0.0,0.0
2006-09-03,0.0,23.7,0.0,4.0,0.0,0.0,0.0,13.4,0.0,38.5,,0.0,1.1,0.0,0.0,0.0,,12.7,0.0,0.0,30.0,11.7,0.0,0.0,0.0,0.2,28.4,0.6,0.0,16.4,10.5,0.0,16.5,0.0,0.0,0.0
2006-09-04,3.2,0.1,0.0,1.0,1.8,7.0,0.0,11.2,0.0,0.0,,0.0,0.0,0.0,4.5,0.0,,0.0,7.0,0.0,0.0,9.5,32.8,0.0,0.0,0.0,3.6,1.4,0.0,4.0,0.0,0.0,0.0,0.0,3.0,33.0
2006-09-05,0.0,12.0,4.0,2.0,9.0,0.0,3.7,45.6,0.0,38.5,,0.2,0.0,0.0,28.0,0.0,,12.4,0.0,0.0,17.0,7.4,0.0,5.7,12.0,0.0,30.4,14.8,0.0,2.0,0.0,0.0,0.0,0.0,0.0,0.0
2006-09-06,0.0,0.0,0.0,0.0,0.0,0.0,0.0,0.0,0.0,0.0,,0.0,0.0,0.0,11.4,0.0,,0.0,0.0,0.0,0.0,0.0,0.0,0.0,0.0,0.0,0.0,0.0,0.0,0.0,0.0,0.0,14.2,0.0,0.0,0.0
2006-09-07,0.0,0.0,0.0,0.0,0.0,50.0,2.8,0.0,0.0,0.0,,0.0,0.0,0.0,41.5,0.0,,0.0,0.0,0.0,0.0,0.0,0.0,0.0,0.0,0.2,0.0,2.4,0.0,0.0,0.0,0.0,0.0,0.0,0.0,0.0
2006-09-08,0.0,0.0,0.0,0.0,0.0,37.5,23.5,0.0,0.0,0.0,,0.0,86.3,0.0,38.0,16.0,,0.0,0.0,4.0,0.0,0.0,0.0,0.0,0.0,0.0,0.0,0.0,0.0,0.0,0.0,0.0,30.5,0.0,71.5,0.0
2006-09-09,53.0,31.0,47.0,110.2,28.0,43.5,174.5,60.6,109.0,0.0,,1.2,108.5,78.5,8.0,30.0,,46.4,45.2,30.8,38.7,47.6,41.0,29.0,16.2,8.0,38.2,37.6,0.0,55.4,112.4,45.0,294.0,14.0,48.5,67.0
2006-09-10,47.6,9.7,16.5,18.4,13.0,60.0,135.4,8.6,110.0,0.0,,0.2,103.2,85.4,3.0,33.0,,19.0,20.0,2.2,15.4,16.4,12.2,16.5,20.4,4.5,19.6,12.6,0.0,30.2,55.4,11.4,50.5,64.0,40.0,12.5
2006-09-11,28.4,4.7,9.5,6.0,6.0,55.0,47.6,3.2,43.0,0.0,,0.0,93.4,52.2,17.7,25.0,,3.0,7.2,18.4,0.0,9.6,4.8,0.0,23.0,2.4,1.0,12.0,0.0,0.0,40.0,14.2,5.1,56.0,0.0,48.0
2006-09-12,98.2,20.3,15.0,50.2,49.4,31.5,107.6,27.2,63.0,0.0,,3.2,52.3,38.4,10.4,10.0,,52.9,0.0,34.2,30.3,39.2,38.6,22.5,22.2,0.2,21.0,65.2,0.0,72.5,64.1,26.0,18.2,30.0,44.2,0.0
2006-09-13,62.0,2.8,2.0,6.4,2.0,24.0,13.7,3.4,42.0,0.0,,0.2,61.2,10.2,13.0,6.0,,3.5,0.0,8.6,20.2,6.7,0.8,2.1,1.6,0.0,3.0,2.4,0.0,5.0,58.0,0.0,11.3,34.0,40.0,0.0
2006-09-14,0.0,0.0,0.0,6.2,0.0,0.0,42.2,4.2,0.0,0.0,,5.2,0.0,30.4,43.0,5.0,,0.0,0.0,0.0,0.0,0.0,0.6,0.0,0.0,0.0,0.0,0.2,0.0,0.0,0.0,0.0,0.0,4.0,11.8,30.0
2006-09-15,8.4,0.0,0.0,0.0,0.0,0.0,3.6,0.4,50.0,0.0,,0.2,2.1,12.2,1.0,0.0,,0.0,0.0,0.0,0.0,0.0,4.0,0.0,0.0,0.0,0.0,0.0,0.0,0.0,67.4,0.0,25.0,12.0,1.0,0.0
2006-09-16,3.0,19.7,2.5,49.0,7.0,2.5,10.0,31.6,6.0,0.0,,0.6,1.1,0.0,5.0,0.0,,2.8,14.0,0.0,4.5,5.1,31.0,4.7,20.4,0.0,28.4,9.2,0.0,0.0,0.0,0.0,12.4,0.0,0.0,0.0
2006-09-17,0.0,0.0,0.0,0.0,0.0,0.0,20.6,0.0,0.0,0.0,,0.0,0.0,0.0,2.0,0.0,,0.0,0.0,0.0,0.0,0.0,0.0,0.0,0.0,0.0,0.0,0.0,0.0,0.0,0.3,0.0,39.3,0.0,18.6,0.0
2006-09-18,0.0,0.0,2.0,0.0,0.0,0.0,4.1,2.4,0.0,0.0,,0.0,3.2,0.0,5.4,0.0,,0.0,0.0,0.0,0.0,0.0,2.0,0.0,0.0,0.0,0.0,0.6,0.0,0.0,10.2,0.0,23.4,0.0,0.0,0.0
2006-09-19,1.0,0.0,0.0,0.0,0.0,0.0,4.1,0.0,0.0,0.0,,6.2,0.0,0.0,0.2,0.0,,1.1,2.0,6.4,0.0,0.0,1.8,0.0,0.0,2.0,0.0,0.0,0.0,0.0,0.0,0.0,0.0,0.0,0.0,0.0
2006-09-20,0.0,11.4,0.0,24.2,16.4,0.0,0.0,11.6,0.0,0.0,,0.2,0.0,0.0,0.0,0.0,,8.2,0.0,24.4,17.2,0.0,0.4,0.0,0.0,0.0,4.6,16.2,2.1,10.2,18.0,0.5,28.4,0.0,0.0,0.0
2006-09-21,4.0,1.4,6.3,0.0,1.6,0.0,1.5,10.2,25.3,0.0,,0.2,4.2,10.4,0.0,0.0,,3.0,5.0,6.0,0.0,12.5,3.2,29.2,0.0,4.6,3.0,2.2,30.4,1.0,0.0,0.0,32.2,24.0,0.0,0.0
2006-09-22,0.0,1.1,1.0,0.0,1.2,0.0,11.0,6.8,0.0,0.0,,0.0,1.4,20.2,18.5,0.0,,3.4,17.0,4.0,3.2,13.4,5.2,0.0,0.0,1.3,0.6,2.4,10.0,4.0,3.6,0.0,63.1,0.0,0.6,0.0
2006-09-23,16.8,7.2,0.0,18.4,9.6,23.2,27.8,12.4,15.0,0.0,,6.0,33.4,8.5,6.0,18.0,,16.3,5.2,16.4,7.0,8.2,8.4,9.7,12.0,17.8,6.4,17.6,6.2,35.4,21.5,3.1,80.3,32.0,18.4,0.0
2006-09-24,33.2,1.4,1.5,9.2,1.8,10.8,16.9,6.2,39.0,0.0,,4.6,96.2,50.4,0.0,7.0,,2.0,3.0,18.2,6.0,4.5,4.2,9.5,3.4,4.0,5.4,4.0,30.8,4.0,39.5,10.2,10.1,23.0,31.8,84.0
2006-09-25,78.2,37.4,9.3,41.2,28.9,0.0,45.6,41.2,79.0,0.0,,0.2,106.1,160.4,0.0,60.0,,44.0,42.0,8.0,32.7,32.6,38.6,22.3,37.1,43.8,40.0,41.2,45.2,49.5,143.8,53.0,9.4,171.0,160.0,45.0
2006-09-26,10.8,11.0,15.0,30.0,11.1,0.0,2.9,18.2,12.0,0.0,,0.0,1.3,27.2,11.4,40.0,,14.2,11.0,4.0,12.8,20.7,12.2,27.5,12.3,10.5,18.6,15.0,50.9,34.4,8.3,19.5,0.0,4.0,40.6,41.0
2006-09-27,0.0,0.0,0.0,0.0,0.0,0.0,0.0,1.2,0.0,0.0,,0.0,0.0,5.4,22.0,0.0,,0.0,0.0,0.0,0.0,0.0,0.6,0.0,0.0,0.0,0.0,0.0,0.0,6.2,0.0,0.0,0.0,0.0,0.2,46.0
2006-09-28,0.0,0.0,0.0,0.0,0.0,0.0,0.0,0.0,0.0,0.0,,0.0,0.0,18.5,19.0,0.0,,0.0,0.0,1.2,0.0,33.0,7.0,0.0,2.3,0.0,0.0,0.0,5.5,4.0,0.0,0.0,0.0,0.0,0.0,0.0
2006-09-29,0.0,3.5,0.0,1.0,0.0,0.0,3.4,13.0,0.0,0.0,,0.0,0.0,0.0,25.5,0.0,,3.8,0.0,2.0,0.0,9.5,8.4,0.0,2.0,0.0,0.6,0.0,0.0,0.0,0.0,0.0,0.0,0.0,0.0,0.0
2006-09-30,0.0,13.5,0.0,3.2,0.0,0.0,0.0,14.2,0.0,0.0,,0.0,0.0,0.0,6.7,0.0,,0.5,0.0,78.0,40.2,1.1,0.0,3.3,21.2,0.0,28.6,0.0,0.0,0.0,0.0,0.0,22.3,0.0,0.0,0.0
2006-10-01,0.0,7.7,0.0,0.0,0.0,0.0,0.0,2.6,0.0,,,0.0,0.0,0.0,0.0,0.0,,4.8,0.0,0.0,0.0,3.1,0.0,0.0,4.8,0.4,0.0,0.0,11.2,0.0,0.0,0.0,10.1,0.0,7.0,0.0
2006-10-02,0.0,0.0,0.0,0.0,0.0,0.0,21.8,0.0,0.0,,,0.0,13.2,0.0,0.0,0.0,,0.0,0.0,0.0,0.0,0.0,0.0,1.2,0.0,0.0,0.0,0.0,0.0,0.0,0.0,0.0,0.0,0.0,0.0,0.0
2006-10-03,0.0,0.0,0.0,0.0,0.0,0.0,1.1,0.0,7.0,,,0.0,0.0,0.0,0.0,0.0,,0.0,0.0,0.0,0.0,0.0,0.0,5.2,0.0,0.0,0.0,0.0,0.0,0.0,49.0,0.0,0.0,0.0,0.0,0.0
2006-10-04,0.0,0.0,0.0,0.0,0.0,0.0,0.0,0.0,0.0,,,0.0,0.0,0.0,0.0,0.0,,0.0,0.0,4.2,0.0,0.0,0.0,2.4,0.0,0.0,0.0,0.0,0.0,0.0,0.0,0.0,0.0,0.0,0.0,0.0
2006-10-05,0.0,0.0,0.0,0.0,0.0,0.0,0.0,0.0,0.0,,,0.0,0.0,0.0,4.0,0.0,,0.0,0.0,2.6,0.0,0.0,0.0,3.2,0.0,0.0,0.0,0.0,0.0,0.0,0.0,0.0,0.0,0.0,0.0,0.0
2006-10-06,0.0,0.0,0.0,0.0,0.0,0.0,0.0,0.0,0.0,,,0.0,0.0,0.0,7.5,0.0,,0.0,0.0,4.6,0.0,0.0,0.0,5.6,0.0,0.0,0.0,0.0,0.0,0.0,0.0,0.0,0.0,0.0,0.0,0.0
2006-10-07,3.2,0.0,0.0,0.0,0.0,0.0,0.6,0.0,52.0,,,1.2,0.0,0.0,0.0,0.0,,0.0,0.0,6.4,5.2,0.0,0.0,2.0,0.0,0.0,0.0,0.0,0.0,0.0,18.3,0.0,0.0,37.0,11.4,0.0
2006-10-08,1.0,3.0,5.5,7.0,2.4,0.0,0.0,26.0,0.0,,,0.0,0.0,22.4,0.0,0.0,,1.0,15.2,0.0,7.2,27.2,13.8,20.8,48.1,0.0,6.4,0.6,0.0,2.4,0.0,0.0,0.0,0.0,0.0,0.0
2006-10-09,0.0,1.2,0.0,0.0,0.0,0.0,0.0,0.0,0.0,,,0.0,0.0,25.2,0.0,0.0,,0.6,0.0,0.0,2.0,0.0,0.0,0.0,5.8,0.0,0.0,0.0,0.0,0.0,0.0,0.0,0.0,0.0,0.0,0.0
2006-10-10,0.0,0.0,0.0,0.0,0.0,6.0,0.0,0.0,0.0,,,0.0,0.0,0.0,1.0,0.0,,0.0,0.0,0.0,0.0,0.0,0.0,15.3,0.0,0.0,0.0,0.0,0.0,0.0,0.0,0.0,0.0,0.0,0.0,0.0
2006-10-11,0.0,21.0,10.3,0.0,24.2,0.0,0.0,0.8,0.0,,,0.0,0.0,0.0,0.0,0.0,,1.6,6.2,30.2,5.0,9.8,9.6,0.0,11.8,4.0,3.2,23.0,0.0,1.0,0.0,0.0,0.0,0.0,0.0,0.0
2006-10-12,0.2,0.1,3.5,0.0,1.4,0.0,0.0,1.2,0.0,,,0.4,0.0,0.0,0.0,0.0,,0.0,0.0,2.1,1.0,3.2,0.0,0.0,0.5,0.0,0.8,0.0,0.0,0.0,0.0,0.0,0.0,0.0,0.0,0.0
2006-10-13,0.0,0.1,0.0,0.0,0.0,0.0,3.3,0.0,0.0,,,0.0,0.0,0.0,0.0,0.0,,0.0,2.0,4.0,0.0,1.0,4.0,0.0,0.0,0.0,0.0,2.2,0.0,0.0,0.0,0.0,0.5,0.0,0.0,0.0
2006-10-14,0.0,0.0,0.0,0.0,0.0,0.0,0.0,0.0,0.0,,,0.0,0.0,0.0,2.4,0.0,,0.0,0.0,0.0,0.0,0.0,0.4,0.0,0.0,0.4,0.0,0.0,0.0,0.0,0.0,0.0,0.0,0.0,0.0,0.0
2006-10-15,0.0,0.0,0.0,0.0,0.0,0.0,5.3,0.0,0.0,,,0.0,0.0,0.0,3.0,0.0,,0.0,0.0,0.0,0.0,0.0,3.6,0.0,0.0,0.0,0.0,0.0,0.0,7.2,0.0,0.0,0.0,0.0,0.0,0.0
2006-10-16,0.0,0.0,0.0,0.0,0.0,0.0,0.0,0.0,0.0,,,0.0,0.0,0.0,8.3,0.0,,0.0,0.0,0.0,0.0,0.0,0.0,0.0,0.0,0.0,0.0,0.0,0.0,0.0,0.0,0.0,0.0,0.0,0.0,0.0
2006-10-17,0.0,0.0,0.0,0.0,0.0,0.0,0.0,0.0,0.0,,,0.4,0.0,0.0,0.0,0.0,,0.0,0.0,0.0,0.0,0.0,0.0,0.0,0.0,0.0,0.0,0.0,0.0,0.0,0.0,0.0,0.0,0.0,0.0,0.0
2006-10-18,0.0,0.0,0.0,0.0,0.0,0.0,0.0,0.0,0.0,,,0.0,0.0,0.0,0.0,0.0,,0.0,0.0,0.0,0.0,0.0,0.0,0.0,0.0,0.0,0.0,0.0,0.0,0.0,0.0,0.0,0.0,0.0,0.0,0.0
2006-10-19,0.0,0.0,0.0,0.0,0.0,0.0,0.0,0.0,0.0,,,2.8,0.0,0.0,0.0,0.0,,0.0,0.0,2.2,0.0,0.0,0.0,0.0,0.0,0.0,0.0,0.0,0.0,0.0,0.0,0.0,0.0,0.0,0.0,0.0
2006-10-20,0.0,0.0,0.0,0.0,1.2,0.0,0.0,0.0,0.0,,,0.0,0.0,0.0,0.0,0.0,,0.0,0.0,0.0,0.0,0.0,0.0,0.0,0.0,0.0,0.0,0.4,0.0,6.0,0.0,0.0,0.0,0.0,0.0,0.0
2006-10-21,57.8,9.3,4.0,11.4,1.6,0.0,20.0,13.6,72.0,,,0.0,52.3,129.4,0.0,110.0,,3.9,6.2,12.5,0.0,18.0,9.6,6.7,20.1,3.0,11.8,1.2,0.0,4.0,22.5,0.0,21.1,30.0,5.4,0.0
2006-10-22,10.0,1.5,4.5,0.0,1.4,0.0,6.2,0.0,0.0,,,6.2,0.0,0.0,0.0,0.0,,3.5,2.2,10.2,0.0,0.0,2.2,1.5,1.8,1.3,1.4,2.4,0.0,0.0,0.0,0.0,0.0,0.0,1.0,0.0
2006-10-23,0.0,0.0,18.3,0.0,0.0,0.0,0.0,3.0,0.0,,,0.2,0.0,0.0,0.0,0.0,,0.0,0.0,16.4,0.0,7.7,0.0,0.0,0.0,0.0,2.0,0.0,0.0,2.4,0.0,0.0,0.0,0.0,0.0,0.0
2006-10-24,0.0,0.0,0.0,0.0,0.0,0.0,0.0,0.0,0.0,,,0.0,0.0,0.0,11.0,0.0,,7.7,0.0,2.1,0.0,0.0,0.0,0.0,0.0,0.2,0.0,0.0,0.0,0.0,0.0,0.0,0.0,0.0,0.0,0.0
2006-10-25,0.0,0.0,0.0,0.0,0.0,0.0,0.0,0.0,0.0,,,0.0,0.0,0.0,3.5,0.0,,0.0,0.0,0.0,0.0,0.0,0.0,0.0,0.0,0.0,0.0,0.0,0.0,0.0,0.0,0.0,0.0,0.0,0.0,0.0
2006-10-26,0.0,0.0,0.0,0.0,0.0,0.0,0.0,0.0,0.0,,,0.0,0.0,0.0,0.0,0.0,,0.0,0.0,0.0,0.0,0.0,0.0,0.0,0.0,0.0,0.0,0.0,0.0,0.0,0.0,0.0,0.0,0.0,0.0,0.0
2006-10-27,0.0,0.0,0.0,0.0,0.0,0.0,0.0,0.0,0.0,,,0.0,0.0,0.0,0.0,0.0,,0.0,0.0,0.0,0.0,0.0,0.0,0.0,0.0,0.0,4.0,0.0,0.0,0.0,0.0,0.0,0.0,0.0,0.0,0.0
2006-10-28,0.0,0.0,0.0,0.0,0.0,0.0,0.0,0.0,0.0,,,0.4,0.0,0.0,0.0,0.0,,0.0,0.0,0.0,0.0,0.0,0.0,0.0,0.0,0.0,0.0,0.0,0.0,0.0,0.0,0.0,0.0,0.0,0.0,0.0
2006-10-29,0.0,0.0,0.0,0.0,0.0,0.0,0.0,0.0,0.0,,,0.0,0.0,0.0,0.0,0.0,,0.0,0.0,0.0,0.0,0.0,0.0,0.0,0.0,0.0,0.0,0.0,0.0,0.0,0.0,0.0,0.0,0.0,0.0,0.0
2006-10-30,0.0,0.0,0.0,0.0,0.0,0.0,0.0,0.0,0.0,,,0.0,0.0,0.0,0.0,0.0,,0.0,0.0,0.0,0.0,0.0,0.0,0.0,0.0,0.0,0.0,0.0,0.0,0.0,0.0,0.0,0.0,0.0,0.0,0.0
2006-10-31,0.0,0.0,0.0,0.0,0.0,0.0,0.0,0.0,0.0,,,0.0,0.0,0.0,0.0,0.0,,0.0,0.0,0.0,0.0,0.0,0.0,0.0,0.0,0.0,0.0,0.0,0.0,0.0,0.0,0.0,0.0,0.0,0.0,0.0
2006-11-01,0.0,0.0,0.0,0.0,0.0,0.0,0.0,0.0,0.0,0.0,,0.0,0.0,0.0,0.0,0.0,,0.0,0.0,0.0,0.0,0.0,0.0,0.0,0.0,0.0,0.0,0.0,0.0,0.0,0.0,0.0,0.0,0.0,0.0,0.0
2006-11-02,0.0,0.0,0.0,0.0,0.0,0.0,0.0,0.0,0.0,0.0,,0.0,0.0,0.0,0.0,0.0,,0.0,0.0,0.0,0.0,0.0,0.0,0.0,0.0,0.0,0.0,0.0,0.0,0.0,0.0,0.0,0.0,0.0,0.0,0.0
2006-11-03,0.0,0.0,0.0,0.0,0.0,0.0,0.0,0.0,0.0,0.0,,0.0,0.0,0.0,0.0,0.0,,0.0,0.0,0.0,0.0,0.0,0.0,0.0,0.0,0.0,0.0,0.0,0.0,0.0,0.0,0.0,0.0,0.0,0.0,0.0
2006-11-04,0.0,0.0,0.0,0.0,0.0,0.0,0.0,0.0,0.0,0.0,,0.0,0.0,0.0,0.0,0.0,,0.0,0.0,0.0,0.0,0.0,0.0,0.0,0.0,0.0,0.0,0.0,0.0,0.0,0.0,0.0,0.0,0.0,0.0,0.0
2006-11-05,0.0,0.0,0.0,0.0,0.0,0.0,0.0,0.0,0.0,0.0,,0.0,0.0,0.0,0.0,0.0,,0.0,0.0,0.0,0.0,0.0,0.0,0.0,0.0,0.0,0.0,0.0,0.0,0.0,0.0,0.0,0.0,0.0,0.0,0.0
2006-11-06,0.0,0.0,0.0,0.0,0.0,0.0,0.0,0.0,0.0,0.0,,0.0,0.0,0.0,0.0,0.0,,0.0,0.0,0.0,0.0,0.0,0.0,0.0,0.0,0.0,0.0,0.0,0.0,0.0,0.0,0.0,0.0,0.0,0.0,0.0
2006-11-07,0.0,0.0,0.0,0.0,0.0,0.0,0.0,0.0,0.0,0.0,,0.0,0.0,0.0,0.0,0.0,,0.0,0.0,0.0,0.0,0.0,0.0,0.0,0.0,0.0,0.0,0.0,0.0,0.0,0.0,0.0,0.0,0.0,0.0,0.0
2006-11-08,0.0,0.0,0.0,0.0,0.0,0.0,0.0,0.0,0.0,0.0,,0.0,0.0,0.0,18.0,2.0,,0.0,0.0,0.0,0.0,1.8,0.0,0.0,7.6,0.0,0.0,0.0,0.0,0.0,0.0,0.0,0.0,0.0,0.0,0.0
2006-11-09,0.0,0.0,0.0,0.0,0.0,0.0,0.0,0.0,0.0,0.0,,0.0,0.0,0.0,0.0,0.0,,0.0,0.0,0.0,0.0,0.0,0.0,0.0,0.0,0.0,0.0,0.0,0.0,0.0,0.0,0.0,0.0,0.0,0.0,0.0
2006-11-10,0.0,1.5,0.0,0.0,0.0,0.0,0.0,0.0,0.0,0.0,,0.0,0.0,0.0,0.0,0.0,,0.0,0.0,0.0,0.0,0.0,0.0,0.0,2.7,0.0,0.0,0.0,0.0,0.0,0.0,0.0,0.0,0.0,0.0,0.0
2006-11-11,1.0,0.0,2.0,4.6,1.8,15.0,1.0,5.6,0.0,0.0,,0.0,0.0,0.0,0.0,0.0,,1.5,0.0,0.0,0.0,2.3,1.6,0.0,0.0,0.0,3.2,2.2,0.0,4.0,0.0,0.0,2.2,0.0,0.6,0.0
2006-11-12,0.0,0.0,0.0,0.0,0.0,0.0,3.8,0.0,0.0,0.0,,0.0,0.0,0.0,0.0,0.0,,0.0,0.0,0.0,0.0,0.0,0.0,0.0,0.0,0.0,0.0,0.0,0.0,0.0,18.6,0.0,0.0,0.0,0.0,0.0
2006-11-13,0.0,0.0,0.0,0.0,0.0,0.0,0.0,0.0,0.0,0.0,,0.0,0.0,0.0,2.0,0.0,,0.0,0.0,0.0,0.0,0.0,0.0,0.0,0.0,0.0,0.0,0.0,0.0,0.0,0.0,0.0,0.0,0.0,0.0,0.0
2006-11-14,0.0,0.0,0.0,0.0,0.0,0.0,0.0,0.0,0.0,0.0,,0.0,0.0,0.0,0.0,0.0,,0.0,0.0,0.0,0.0,0.0,0.0,0.0,0.0,0.0,0.0,0.0,0.0,0.0,0.0,0.0,0.0,0.0,0.0,0.0
2006-11-15,0.0,0.0,0.0,0.0,0.0,0.0,1.8,0.0,0.0,0.0,,0.0,0.0,0.0,0.0,0.0,,0.0,0.0,0.0,0.0,0.0,0.0,0.0,0.0,0.0,0.0,0.0,0.0,0.0,0.0,0.0,0.0,0.0,0.0,0.0
2006-11-16,0.0,0.0,0.0,0.0,0.0,0.0,0.0,0.0,0.0,0.0,,0.0,0.0,0.0,0.0,0.0,,0.0,0.0,0.0,0.0,0.0,0.0,0.0,0.0,0.0,0.0,0.0,0.0,0.0,0.0,0.0,0.0,0.0,0.0,0.0
2006-11-17,0.0,0.0,0.0,0.0,0.0,0.0,0.0,0.0,0.0,0.0,,0.0,0.0,0.0,0.0,0.0,,0.0,0.0,0.0,0.0,0.0,0.0,0.0,0.0,0.0,0.0,0.0,0.0,0.0,0.0,0.0,0.0,0.0,0.0,0.0
2006-11-18,0.0,0.0,0.0,0.0,0.0,0.0,0.0,0.0,0.0,0.0,,0.0,0.0,0.0,0.0,0.0,,0.0,0.0,0.0,0.0,0.0,0.0,0.0,0.0,0.0,0.0,0.0,0.0,0.0,0.0,0.0,0.0,0.0,0.0,0.0
2006-11-19,0.0,0.0,0.0,0.0,0.0,0.0,0.0,0.0,0.0,0.0,,0.0,0.0,0.0,0.0,0.0,,0.0,0.0,0.0,0.0,0.0,0.0,0.0,0.0,0.0,0.0,0.0,0.0,0.0,0.0,0.0,0.0,0.0,0.0,0.0
2006-11-20,0.0,0.0,0.0,0.0,0.0,0.0,0.0,0.0,0.0,0.0,,0.0,0.0,0.0,0.0,0.0,,0.0,0.0,0.0,0.0,0.0,0.0,0.0,0.0,0.0,0.0,0.0,0.0,0.0,0.0,0.0,0.0,0.0,0.0,0.0
2006-11-21,0.0,0.0,0.0,0.0,0.0,0.0,0.0,0.0,0.0,0.0,,0.0,0.0,0.0,0.0,0.0,,0.0,0.0,0.0,0.0,0.0,0.0,0.0,0.0,0.0,0.0,0.0,0.0,0.0,0.0,0.0,0.0,0.0,0.0,0.0
2006-11-22,0.0,0.0,0.0,0.0,0.0,0.0,0.0,0.0,0.0,0.0,,0.0,0.0,0.0,0.0,0.0,,0.0,0.0,0.0,0.0,0.0,0.0,0.0,0.0,0.0,0.0,0.0,0.0,0.0,0.0,0.0,0.0,0.0,0.0,0.0
2006-11-23,0.0,0.0,0.0,0.0,0.0,0.0,0.0,0.0,0.0,0.0,,0.0,0.0,0.0,0.0,0.0,,0.0,0.0,0.0,0.0,0.0,0.0,0.0,0.0,0.0,0.0,0.0,0.0,0.0,0.0,0.0,0.0,0.0,0.0,0.0
2006-11-24,0.0,0.0,0.0,0.0,0.0,0.0,0.0,0.0,0.0,0.0,,1.8,0.0,0.0,0.0,0.0,,0.0,0.0,0.0,0.0,0.0,0.0,0.0,0.0,0.0,0.0,0.0,0.0,0.0,0.0,0.0,1.0,0.0,0.0,0.0
2006-11-25,0.0,0.0,0.0,0.0,0.0,0.0,0.0,0.0,0.0,0.0,,0.0,0.0,0.0,0.0,0.0,,0.0,0.0,0.0,0.0,0.0,0.0,0.0,0.0,0.0,0.0,0.0,0.0,0.0,0.0,0.0,0.0,0.0,0.0,0.0
2006-11-26,0.0,0.0,0.0,0.0,0.0,0.0,0.0,0.0,0.0,0.0,,0.0,0.0,0.0,0.0,0.0,,0.0,0.0,0.0,0.0,0.0,0.0,0.0,0.0,0.0,0.0,0.0,0.0,0.0,0.0,0.0,0.0,0.0,0.0,0.0
2006-11-27,0.0,0.0,0.0,0.0,0.0,0.0,0.0,0.0,0.0,0.0,,0.0,0.0,0.0,0.0,0.0,,0.0,0.0,0.0,0.0,0.0,0.0,0.0,0.0,0.0,0.0,0.0,0.0,0.0,0.0,0.0,0.0,0.0,0.0,0.0
2006-11-28,0.0,0.0,0.0,0.0,0.0,0.0,0.0,0.0,0.0,0.0,,0.0,0.0,0.0,0.0,0.0,,0.0,0.0,0.0,0.0,0.0,0.0,0.0,0.0,0.0,0.0,0.0,0.0,0.0,0.0,0.0,0.0,0.0,0.0,0.0
2006-11-29,0.0,0.0,0.0,0.0,0.0,0.0,0.0,0.0,0.0,0.0,,0.0,0.0,0.0,0.0,0.0,,0.0,0.0,0.0,0.0,0.0,0.0,0.0,0.0,0.0,0.0,0.0,0.0,0.0,0.0,0.0,0.0,0.0,0.0,0.0
2006-11-30,0.0,0.0,0.0,0.0,0.0,0.0,0.0,0.0,0.0,0.0,,0.0,0.0,0.0,0.0,0.0,,0.0,0.0,0.0,0.0,0.0,0.0,0.0,0.0,0.0,0.0,0.0,0.0,0.0,0.0,0.0,0.0,0.0,0.0,0.0
2006-12-01,0.0,0.0,0.0,0.0,0.0,0.0,0.0,0.0,0.0,0.0,,0.2,0.0,0.0,0.0,0.0,,0.0,0.0,0.0,0.0,0.0,0.0,0.0,0.0,0.0,0.0,0.0,0.0,0.0,0.0,0.0,0.0,0.0,0.0,0.0
2006-12-02,0.0,0.0,0.0,0.0,0.0,0.0,0.0,0.0,0.0,0.0,,0.0,0.0,0.0,0.0,0.0,,0.0,0.0,0.0,0.0,0.0,0.0,0.0,0.0,0.0,0.0,0.0,0.0,0.0,0.0,0.0,0.0,0.0,0.0,0.0
2006-12-03,0.0,0.0,0.0,0.0,0.0,0.0,0.0,0.0,0.0,0.0,,0.0,0.0,0.0,0.0,0.0,,0.0,0.0,0.0,0.0,0.0,0.0,0.0,0.0,0.0,0.0,0.0,0.0,0.0,0.0,0.0,0.0,0.0,0.0,0.0
2006-12-04,0.0,0.0,0.0,0.0,0.0,0.0,0.0,0.0,0.0,0.0,,0.0,0.0,0.0,0.0,0.0,,0.0,0.0,0.0,0.0,0.0,0.0,0.0,0.0,0.0,0.0,0.0,0.0,0.0,0.0,0.0,0.0,0.0,0.0,0.0
2006-12-05,0.0,0.0,0.0,0.0,0.0,0.0,0.0,0.0,0.0,0.0,,0.0,0.0,0.0,0.0,0.0,,0.0,0.0,0.0,0.0,0.0,0.0,0.0,0.0,0.0,0.0,0.0,0.0,0.0,0.0,0.0,0.0,0.0,0.0,0.0
2006-12-06,0.0,0.0,0.0,0.0,0.0,0.0,0.0,0.0,0.0,0.0,,0.0,0.0,0.0,0.0,0.0,,0.0,0.0,0.0,0.0,0.0,0.0,0.0,0.0,0.0,0.0,0.0,0.0,0.0,0.0,0.0,0.0,0.0,0.0,0.0
2006-12-07,0.0,0.0,0.0,0.0,0.0,0.0,0.0,0.0,0.0,0.0,,0.0,0.0,0.0,0.0,0.0,,0.0,0.0,0.0,0.0,0.0,0.0,0.0,0.0,0.0,0.0,0.0,0.0,0.0,0.0,0.0,0.0,0.0,0.0,0.0
2006-12-08,0.0,0.0,0.0,0.0,0.0,0.0,0.0,0.0,0.0,0.0,,0.0,0.0,0.0,0.0,0.0,,0.0,0.0,0.0,0.0,0.0,0.0,0.0,0.0,0.0,0.0,0.0,0.0,0.0,0.0,0.0,0.0,0.0,0.0,0.0
2006-12-09,0.0,0.0,0.0,0.0,0.0,0.0,0.0,0.0,0.0,0.0,,0.0,0.0,0.0,0.0,0.0,,0.0,0.0,0.0,0.0,0.0,0.0,0.0,0.0,0.0,0.0,0.0,0.0,0.0,0.0,0.0,0.0,0.0,0.0,0.0
2006-12-10,0.0,0.0,0.0,0.0,0.0,0.0,0.0,0.0,0.0,0.0,,0.0,0.0,0.0,0.0,0.0,,0.0,0.0,0.0,0.0,0.0,0.0,0.0,0.0,0.0,0.0,0.0,0.0,0.0,0.0,0.0,0.0,0.0,0.0,0.0
2006-12-11,4.0,0.7,0.0,3.8,2.4,0.0,7.2,9.8,6.0,17.2,,1.8,4.1,50.4,2.3,15.0,,0.0,20.5,26.6,0.0,0.0,2.0,0.0,0.0,4.5,0.0,3.8,2.8,0.0,2.2,0.0,15.0,0.0,0.0,0.0
2006-12-12,10.2,16.8,20.0,20.5,17.0,32.2,14.6,15.2,10.0,3.5,,1.0,6.3,0.0,8.0,0.0,,24.8,24.0,0.0,23.1,22.8,25.2,20.5,19.6,21.1,22.6,23.2,19.4,40.5,20.1,0.0,0.0,9.0,10.0,12.0
2006-12-13,0.0,0.0,0.0,0.0,0.2,0.0,0.0,0.0,0.0,0.0,,0.0,0.0,0.0,0.0,0.0,,0.0,0.0,0.0,0.0,0.0,0.0,0.0,0.0,0.0,0.0,0.0,0.0,0.0,0.0,0.0,0.0,0.0,0.0,0.0
2006-12-14,0.0,0.0,0.0,0.0,0.0,0.0,0.0,0.0,0.0,0.0,,0.0,0.0,0.0,0.0,0.0,,0.0,0.0,0.0,0.0,0.0,0.0,0.0,0.0,0.0,0.0,0.0,0.0,0.0,0.0,0.0,0.0,0.0,0.0,0.0
2006-12-15,0.0,0.0,0.0,0.0,0.0,0.0,0.0,0.0,0.0,0.0,,0.0,0.0,0.0,0.0,0.0,,0.0,0.0,0.0,0.0,0.0,0.0,0.0,0.0,0.0,0.0,0.0,0.0,0.0,0.0,0.0,0.0,0.0,0.0,0.0
2006-12-16,0.0,0.0,0.0,0.0,0.0,0.0,0.0,0.0,0.0,0.0,,0.0,0.0,0.0,0.0,0.0,,0.0,0.0,0.0,0.0,0.0,0.0,0.0,0.0,0.0,0.0,0.0,0.0,0.0,0.0,0.0,0.0,0.0,0.0,0.0
2006-12-17,0.0,0.0,0.0,0.0,0.0,0.0,0.0,0.0,0.0,0.0,,0.0,0.0,0.0,0.0,0.0,,0.0,0.0,0.0,0.0,0.0,0.0,0.0,0.0,0.0,0.0,0.0,0.0,0.0,0.0,0.0,0.0,0.0,0.0,0.0
2006-12-18,0.0,0.0,0.0,0.0,0.0,0.0,0.0,0.0,0.0,0.0,,0.0,0.0,0.0,0.0,0.0,,0.0,0.0,0.0,0.0,0.0,0.0,0.0,0.0,0.0,0.0,0.0,0.0,0.0,0.0,0.0,0.0,0.0,0.0,0.0
2006-12-19,0.0,0.0,0.0,0.0,0.0,0.0,0.0,0.0,0.0,0.0,,0.0,0.0,0.0,0.0,0.0,,0.0,0.0,0.0,0.0,0.0,0.0,0.0,0.0,0.0,0.0,0.0,0.0,0.0,0.0,0.0,0.0,0.0,0.0,0.0
2006-12-20,0.0,0.0,0.0,0.0,0.0,0.0,0.0,0.0,0.0,0.0,,0.0,0.0,0.0,0.0,0.0,,0.0,0.0,0.0,0.0,0.0,0.0,0.0,0.0,0.0,0.0,0.0,0.0,0.0,0.0,0.0,0.0,0.0,0.0,0.0
2006-12-21,0.0,0.0,0.0,0.0,0.0,0.0,0.0,0.0,0.0,0.0,,0.0,0.0,0.0,0.0,0.0,,0.0,0.0,0.0,0.0,0.0,0.0,0.0,0.0,0.0,0.0,0.0,0.0,0.0,0.0,0.0,0.0,0.0,0.0,0.0
2006-12-22,0.0,0.0,0.0,0.0,0.0,0.0,0.0,0.0,0.0,0.0,,0.0,0.0,0.0,0.0,0.0,,0.0,0.0,0.0,0.0,0.0,0.0,0.0,0.0,0.0,0.0,0.0,0.0,0.0,0.0,0.0,0.0,0.0,0.0,0.0
2006-12-23,0.0,0.0,0.0,0.0,0.0,0.0,0.0,0.0,0.0,0.0,,0.0,0.0,0.0,0.0,0.0,,0.0,0.0,0.0,0.0,0.0,0.0,0.0,0.0,0.0,0.0,0.0,0.0,0.0,0.0,0.0,0.0,0.0,0.0,0.0
2006-12-24,0.0,0.0,0.0,0.0,0.0,0.0,0.0,0.0,0.0,0.0,,0.0,0.0,0.0,0.0,0.0,,0.0,0.0,0.0,0.0,0.0,0.0,0.0,0.0,0.0,0.0,0.0,0.0,0.0,0.0,0.0,0.0,0.0,0.0,0.0
2006-12-25,0.0,0.0,0.0,0.0,0.0,0.0,0.0,0.0,0.0,0.0,,0.0,0.0,0.0,0.0,0.0,,0.0,0.0,0.0,0.0,0.0,0.0,0.0,0.0,0.0,0.0,0.0,0.0,0.0,0.0,0.0,0.0,0.0,0.0,0.0
2006-12-26,0.0,0.0,0.0,0.0,0.0,0.0,0.0,0.0,0.0,0.0,,0.0,0.0,0.0,0.0,0.0,,0.0,0.0,0.0,0.0,0.0,0.0,0.0,0.0,0.0,0.0,0.0,0.0,0.0,0.0,0.0,0.0,0.0,0.0,0.0
2006-12-27,0.0,0.0,0.0,0.0,0.0,0.0,0.0,0.0,0.0,0.0,,0.0,0.0,0.0,0.0,0.0,,0.0,0.0,0.0,0.0,0.0,0.0,0.0,0.0,0.0,0.0,0.0,0.0,0.0,0.0,0.0,0.0,0.0,0.0,0.0
2006-12-28,0.0,0.0,0.0,0.0,0.0,0.0,0.0,0.0,0.0,0.0,,0.0,0.0,0.0,0.0,0.0,,0.0,0.0,0.0,0.0,0.0,0.0,0.0,0.0,0.0,0.0,0.0,0.0,0.0,0.0,0.0,0.0,0.0,0.0,0.0
2006-12-29,0.0,0.0,0.0,0.0,0.0,0.0,0.0,0.0,0.0,0.0,,0.0,0.0,0.0,0.0,0.0,,0.0,0.0,0.0,0.0,0.0,0.0,0.0,0.0,0.0,0.0,0.0,0.0,0.0,0.0,0.0,0.0,0.0,0.0,0.0
2006-12-30,0.0,0.0,0.0,0.0,0.0,0.0,0.0,0.0,0.0,0.0,,0.0,0.0,0.0,0.0,0.0,,0.0,0.0,0.0,0.0,0.0,0.0,0.0,0.0,0.0,0.0,0.0,0.0,0.0,0.0,0.0,0.0,0.0,0.0,0.0
2006-12-31,0.0,0.0,0.0,0.0,0.0,0.0,0.0,0.0,0.0,0.0,,0.0,0.0,0.0,0.0,0.0,,0.0,0.0,0.0,0.0,0.0,0.0,0.0,0.0,0.0,0.0,0.0,0.0,0.0,0.0,0.0,0.0,0.0,0.0,0.0
2007-01-01,0.0,0.0,0.0,0.0,0.0,0.0,0.0,0.0,0.0,0.0,0.0,0.0,0.0,0.0,0.0,0.0,0.0,0.0,0.0,0.0,0.0,0.0,0.0,0.0,0.0,0.0,0.0,0.0,0.0,0.0,0.0,0.0,0.0,0.0,0.0,
2007-01-02,0.0,0.0,0.0,0.0,0.0,0.0,0.0,0.0,0.0,0.0,0.0,0.0,0.0,0.0,0.0,0.0,0.0,0.0,0.0,0.0,0.0,0.0,0.0,0.0,0.0,0.0,0.0,0.0,0.0,0.0,0.0,0.0,0.0,0.0,0.0,
2007-01-03,0.0,0.0,0.0,0.0,0.0,0.0,0.0,0.0,0.0,0.0,0.0,0.0,0.0,0.0,0.0,0.0,0.0,0.0,0.0,0.0,0.0,0.0,0.0,0.0,0.0,0.0,0.0,0.0,0.0,0.0,0.0,0.0,0.0,0.0,0.0,
2007-01-04,0.0,0.0,0.0,0.0,0.0,0.0,0.0,0.0,0.0,0.0,0.0,0.0,0.0,0.0,0.0,0.0,0.0,0.0,0.0,0.0,0.0,0.0,0.0,0.0,0.0,0.0,0.0,0.0,0.0,0.0,0.0,0.0,0.0,0.0,0.0,
2007-01-05,0.0,0.0,0.0,0.0,0.0,0.0,0.0,0.0,0.0,0.0,0.0,0.0,0.0,0.0,0.0,0.0,0.0,0.0,0.0,0.0,0.0,0.0,0.0,0.0,0.0,0.0,0.0,0.0,0.0,0.0,0.0,0.0,0.0,0.0,0.0,
2007-01-06,0.0,0.0,0.0,0.0,0.0,0.0,0.0,0.0,0.0,0.0,0.0,0.0,0.0,0.0,0.0,0.0,0.0,0.0,0.0,0.0,0.0,0.0,0.0,0.0,0.0,0.0,0.0,0.0,0.0,0.0,0.0,0.0,0.0,0.0,0.0,
2007-01-07,0.0,0.0,0.0,0.0,0.0,0.0,0.0,0.0,0.0,0.0,0.0,0.0,0.0,0.0,0.0,0.0,0.0,0.0,0.0,0.0,0.0,0.0,0.0,0.0,0.0,0.0,0.0,0.0,0.0,0.0,0.0,0.0,0.0,0.0,0.0,
2007-01-08,0.0,0.0,0.0,0.0,0.0,0.0,0.0,0.0,0.0,0.0,0.0,0.0,0.0,0.0,0.0,0.0,0.0,0.0,0.0,0.0,0.0,0.0,0.0,0.0,0.0,0.0,0.0,0.0,0.0,0.0,0.0,0.0,0.0,0.0,0.0,
2007-01-09,0.0,0.0,0.0,0.0,0.0,0.0,0.0,0.0,0.0,0.0,0.0,0.0,0.0,0.0,0.0,0.0,0.0,0.0,0.0,0.0,0.0,0.0,0.0,0.0,0.0,0.0,0.0,0.0,0.0,0.0,0.0,0.0,0.0,0.0,0.0,
2007-01-10,0.0,0.0,0.0,0.0,0.0,0.0,0.0,0.0,0.0,0.0,0.0,0.0,0.0,0.0,0.0,0.0,0.0,0.0,0.0,0.0,0.0,0.0,0.0,0.0,0.0,0.0,0.0,0.0,0.0,0.0,0.0,0.0,0.0,0.0,0.0,
2007-01-11,0.0,0.0,0.0,0.0,0.0,0.0,0.0,0.0,0.0,0.0,0.0,0.0,0.0,0.0,0.0,0.0,10.0,0.0,0.0,0.0,0.0,0.0,0.0,0.0,0.0,0.0,0.0,0.0,0.0,0.0,0.0,0.0,0.0,0.0,0.0,
2007-01-12,0.0,0.0,0.0,0.0,0.0,0.0,0.0,0.0,0.0,0.0,0.0,0.0,0.0,0.0,0.0,0.0,20.2,0.0,0.0,0.0,0.0,0.0,0.0,0.0,0.0,0.0,0.0,0.0,0.0,0.0,0.0,0.0,0.0,0.0,0.0,
2007-01-13,0.0,0.0,0.0,0.0,0.0,0.0,0.0,0.0,0.0,0.0,0.0,0.0,0.0,0.0,0.0,0.0,31.0,0.0,0.0,0.0,0.0,0.0,0.0,0.0,0.0,0.0,0.0,0.0,0.0,0.0,0.0,0.0,0.0,0.0,0.0,
2007-01-14,0.0,0.0,0.0,0.0,0.0,0.0,0.0,0.0,0.0,0.0,0.0,0.0,0.0,0.0,0.0,0.0,0.0,0.0,0.0,0.0,0.0,0.0,0.0,0.0,0.0,0.0,0.0,0.0,0.0,0.0,0.0,0.0,0.0,0.0,0.0,
2007-01-15,0.0,0.0,0.0,0.0,0.0,0.0,0.0,0.0,0.0,0.0,0.0,0.0,0.0,0.0,0.0,0.0,0.0,0.0,0.0,0.0,0.0,0.0,0.0,0.0,0.0,0.0,0.0,0.0,0.0,0.0,0.0,0.0,0.0,0.0,0.0,0.0
2007-01-16,0.0,0.0,0.0,0.0,0.0,0.0,0.0,0.0,0.0,0.0,0.0,0.0,0.0,0.0,0.0,0.0,0.0,0.0,0.0,0.0,0.0,0.0,0.0,0.0,0.0,0.0,0.0,0.0,0.0,0.0,0.0,0.0,0.0,0.0,0.0,0.0
2007-01-17,0.0,0.0,0.0,0.0,0.0,0.0,0.0,0.0,0.0,0.0,0.0,0.0,0.0,0.0,0.0,0.0,0.0,0.0,0.0,0.0,0.0,0.0,0.0,0.0,0.0,0.0,0.0,0.0,0.0,0.0,0.0,0.0,0.0,0.0,0.0,0.0
2007-01-18,0.0,0.0,0.0,0.0,0.0,0.0,0.0,0.0,0.0,0.0,0.0,0.0,0.0,0.0,0.0,0.0,0.0,0.0,0.0,0.0,0.0,0.0,0.0,0.0,0.0,0.0,0.0,0.0,0.0,0.0,0.0,0.0,0.0,0.0,0.0,0.0
2007-01-19,0.0,0.0,0.0,0.0,0.0,0.0,0.0,0.0,0.0,0.0,0.0,0.0,0.0,0.0,0.0,0.0,0.0,0.0,0.0,0.0,0.0,0.0,0.0,0.0,0.0,0.0,0.0,0.0,0.0,0.0,0.0,0.0,0.0,0.0,0.0,0.0
2007-01-20,0.0,0.0,0.0,0.0,0.0,0.0,0.0,0.0,0.0,0.0,0.0,0.0,0.0,0.0,0.0,0.0,0.0,0.0,0.0,0.0,0.0,0.0,0.0,0.0,0.0,0.0,0.0,0.0,0.0,0.0,0.0,0.0,0.0,0.0,0.0,0.0
2007-01-21,0.0,0.0,0.0,0.0,0.0,0.0,0.0,0.0,0.0,0.0,0.0,0.0,0.0,0.0,0.0,0.0,0.0,0.0,0.0,0.0,0.0,0.0,0.0,0.0,0.0,0.0,0.0,0.0,0.0,0.0,0.0,0.0,0.0,0.0,0.0,0.0
2007-01-22,0.0,0.0,0.0,0.0,0.0,0.0,0.0,0.0,0.0,0.0,0.0,0.0,0.0,0.0,0.0,0.0,0.0,0.0,0.0,0.0,0.0,0.0,0.0,0.0,0.0,0.0,0.0,0.0,0.0,0.0,0.0,0.0,0.0,0.0,0.0,0.0
2007-01-23,0.0,0.0,0.0,0.0,0.0,0.0,0.0,0.0,0.0,0.0,0.0,0.0,0.0,0.0,0.0,0.0,0.0,0.0,0.0,0.0,0.0,0.0,0.0,0.0,0.0,0.0,0.0,0.0,0.0,0.0,0.0,0.0,0.0,0.0,0.0,0.0
2007-01-24,0.0,0.0,0.0,0.0,0.0,0.0,0.0,0.0,0.0,0.0,0.0,0.0,0.0,0.0,0.0,0.0,0.0,0.0,0.0,0.0,0.0,0.0,0.0,0.0,0.0,0.0,0.0,0.0,0.0,0.0,0.0,0.0,0.0,0.0,0.0,0.0
2007-01-25,0.0,0.0,0.0,0.0,0.0,0.0,0.0,0.0,0.0,0.0,0.0,0.0,0.0,0.0,0.0,0.0,0.0,0.0,0.0,0.0,0.0,0.0,0.0,0.0,0.0,0.0,0.0,0.0,0.0,0.0,0.0,0.0,0.0,0.0,0.0,0.0
2007-01-26,0.0,0.0,0.0,0.0,0.0,0.0,0.0,0.0,0.0,0.0,0.0,0.0,0.0,0.0,0.0,0.0,0.0,0.0,0.0,0.0,0.0,0.0,0.0,0.0,0.0,0.0,0.0,0.0,0.0,0.0,0.0,0.0,0.0,0.0,0.0,0.0
2007-01-27,0.0,0.0,0.0,0.0,0.0,0.0,0.0,0.0,0.0,0.0,0.0,0.0,0.0,0.0,0.0,0.0,0.0,0.0,0.0,0.0,0.0,0.0,0.0,0.0,0.0,0.0,0.0,0.0,0.0,0.0,0.0,0.0,0.0,0.0,0.0,0.0
2007-01-28,0.0,0.0,0.0,0.0,0.0,0.0,0.0,0.0,0.0,0.0,0.0,0.0,0.0,0.0,0.0,0.0,0.0,0.0,0.0,0.0,0.0,0.0,0.0,0.0,0.0,0.0,0.0,0.0,0.0,0.0,0.0,0.0,0.0,0.0,0.0,0.0
2007-01-29,0.0,0.0,0.0,0.0,0.0,0.0,0.0,0.0,0.0,0.0,0.0,0.0,0.0,0.0,0.0,0.0,0.0,0.0,0.0,0.0,0.0,0.0,0.0,0.0,0.0,0.0,0.0,0.0,0.0,0.0,0.0,0.0,0.0,0.0,0.0,0.0
2007-01-30,0.0,0.0,0.0,0.0,0.0,0.0,0.0,0.0,0.0,0.0,0.0,0.0,0.0,0.0,0.0,0.0,0.0,0.0,0.0,0.0,0.0,0.0,0.0,0.0,0.0,0.0,0.0,0.0,0.0,0.0,0.0,0.0,0.0,0.0,0.0,0.0
2007-01-31,0.0,0.0,0.0,0.0,0.0,0.0,0.0,0.0,0.0,0.0,0.0,0.0,0.0,0.0,0.0,0.0,0.0,0.0,0.0,0.0,0.0,0.0,0.0,0.0,0.0,0.0,0.0,0.0,0.0,0.0,0.0,0.0,0.0,0.0,0.0,0.0
2007-02-01,0.0,0.0,1.5,0.0,0.0,0.0,0.0,0.0,0.0,0.0,,0.0,0.0,0.0,0.0,0.0,0.0,0.0,0.0,0.0,0.0,0.0,0.0,0.0,0.0,0.0,0.0,0.0,0.0,0.0,0.0,0.0,0.0,0.0,0.0,0.0
2007-02-02,0.0,0.0,0.0,0.0,0.0,0.0,0.0,0.0,0.0,0.0,,0.0,0.0,0.0,0.0,0.0,0.0,0.0,0.0,0.0,0.0,0.0,0.0,0.0,0.0,0.0,0.0,0.0,0.0,0.0,0.0,0.0,0.0,0.0,0.0,0.0
2007-02-03,0.0,0.0,0.0,0.0,0.0,0.0,0.0,0.0,0.0,0.0,,0.1,0.0,0.0,0.0,0.0,0.0,0.0,0.0,0.0,0.0,0.0,0.0,0.0,0.0,0.0,1.0,0.0,0.0,0.0,0.0,0.0,0.0,0.0,0.0,0.0
2007-02-04,0.0,0.0,0.0,0.0,0.0,0.0,0.0,0.0,0.0,0.0,,0.2,0.0,0.0,0.0,0.0,0.0,0.0,0.0,0.0,0.0,0.0,0.0,0.0,0.0,0.0,0.3,0.0,0.0,0.0,0.0,0.0,0.0,0.0,0.0,0.0
2007-02-05,0.0,0.0,3.0,1.0,0.0,0.0,0.0,9.6,0.0,0.0,,0.1,0.0,0.0,0.0,0.0,0.0,0.0,0.0,1.0,0.4,2.0,0.2,0.0,0.0,0.0,3.7,0.0,0.1,0.0,3.5,0.0,0.0,0.0,0.0,0.0
2007-02-06,0.0,15.9,1.0,0.0,0.0,0.0,0.0,0.0,0.0,0.0,,21.3,0.0,0.0,5.5,0.0,0.0,0.0,0.0,2.8,0.0,0.0,0.0,0.0,0.0,0.0,0.0,0.0,1.6,0.0,0.0,0.0,3.9,0.0,0.0,0.0
2007-02-07,0.0,0.0,11.3,17.2,16.2,0.0,3.8,13.8,0.0,0.0,,0.0,4.3,2.4,2.9,0.0,0.0,0.0,14.2,25.0,16.5,11.4,12.8,17.0,16.2,15.3,13.8,21.8,3.2,22.4,0.0,13.5,0.0,0.0,0.0,0.0
2007-02-08,1.4,0.0,2.0,0.0,0.2,0.0,0.9,0.0,0.0,0.0,,0.0,0.0,0.0,0.4,0.0,0.0,0.0,5.2,0.0,0.0,0.0,0.4,0.0,0.0,0.0,0.3,0.4,0.0,0.0,1.9,0.0,14.5,3.0,4.8,4.0
2007-02-09,0.0,0.0,0.0,0.0,0.0,10.0,0.0,0.0,0.0,0.0,,0.0,0.0,0.0,0.0,0.0,0.0,0.0,0.0,0.0,0.0,0.0,0.6,0.0,0.0,0.1,0.0,0.0,0.0,0.0,18.0,0.0,0.0,0.0,0.0,0.0
2007-02-10,0.0,0.0,0.0,0.0,0.0,15.0,0.0,0.0,0.0,0.0,,0.0,0.0,0.0,0.0,0.0,0.0,0.0,0.0,0.0,0.0,0.0,0.0,0.0,0.0,5.8,0.0,0.0,0.0,0.0,0.0,0.0,0.0,0.0,0.0,0.0
2007-02-11,0.0,5.3,0.0,0.0,0.0,0.0,0.0,0.0,6.3,0.0,,0.0,8.4,0.0,0.0,0.0,0.0,0.0,0.0,5.2,0.0,0.0,0.0,0.0,0.0,0.0,0.0,0.0,6.4,0.0,0.0,5.0,6.0,0.0,11.0,0.0
2007-02-12,2.6,0.0,0.0,6.4,5.6,0.0,3.7,16.2,0.0,0.0,,0.0,0.0,5.2,0.0,2.3,0.0,0.0,6.0,3.5,6.4,7.6,4.8,7.5,7.1,0.0,12.6,4.6,0.0,5.5,21.5,0.0,0.0,5.5,0.0,7.5
2007-02-13,0.0,16.3,6.0,0.0,0.0,0.0,0.0,0.0,8.0,0.0,,0.3,13.1,0.0,16.0,0.0,0.0,0.0,0.0,20.0,0.0,0.0,0.0,0.0,0.0,0.0,0.0,0.0,0.0,0.0,0.0,2.3,11.0,0.0,0.0,0.0
2007-02-14,2.2,28.7,0.0,22.4,22.0,20.5,10.3,28.6,22.0,0.0,,22.0,7.3,12.4,41.5,65.3,0.0,0.0,40.0,38.0,18.4,24.0,28.0,22.8,22.3,30.5,20.5,24.2,55.2,34.0,9.0,28.0,40.0,0.0,2.0,7.0
2007-02-15,40.8,0.0,27.0,32.2,31.4,0.0,23.8,16.4,0.0,10.4,,39.0,0.0,0.0,2.0,0.0,0.0,90.0,36.0,0.0,31.0,16.6,40.2,28.2,29.0,36.0,29.0,29.0,25.4,44.0,14.0,33.1,0.0,14.0,4.4,7.5
2007-02-16,0.0,3.0,0.0,0.0,0.0,22.0,0.0,0.0,0.0,33.0,,0.0,0.0,0.0,0.0,0.0,0.0,0.0,0.0,0.0,0.0,0.0,0.0,0.0,0.0,0.0,0.0,0.0,0.0,0.0,0.0,0.0,0.0,0.0,0.0,0.0
2007-02-17,0.0,0.0,0.0,8.8,4.0,0.0,0.0,4.6,0.0,0.0,,0.0,0.0,0.0,0.0,0.0,0.0,2.3,2.2,0.0,0.0,0.0,0.8,2.2,2.3,2.5,4.0,2.8,0.0,9.0,0.0,0.0,0.0,0.0,0.0,0.0
2007-02-18,0.0,0.0,0.0,0.0,0.0,0.0,0.0,0.0,0.0,3.0,,0.0,0.0,0.0,0.0,0.0,0.0,0.0,0.0,0.0,0.0,0.0,0.0,0.0,0.0,0.0,0.0,0.0,4.3,0.0,0.0,0.0,0.0,0.0,0.0,0.0
2007-02-19,0.0,0.0,0.0,0.0,0.0,0.0,0.0,0.0,0.0,0.0,,0.0,0.0,0.0,0.0,0.0,0.0,0.0,0.0,0.0,0.0,0.0,0.0,0.0,0.0,0.0,0.0,0.0,0.0,0.0,0.0,0.0,0.0,0.0,0.0,0.0
2007-02-20,0.0,0.0,0.0,0.0,0.0,0.0,0.0,0.0,0.0,0.0,,0.0,0.0,0.0,0.0,0.0,0.0,0.0,0.0,0.0,0.0,0.0,0.0,0.0,0.0,0.0,0.0,0.0,0.0,0.0,0.0,0.0,0.0,0.0,0.0,0.0
2007-02-21,0.0,0.0,0.0,0.0,0.0,0.0,0.0,0.0,0.0,0.0,,0.0,0.0,0.0,0.0,0.0,0.0,0.0,0.0,0.0,0.0,0.0,0.0,0.0,0.0,0.0,0.0,0.0,0.0,0.0,0.0,0.0,0.0,0.0,0.0,0.0
2007-02-22,0.0,0.0,0.0,0.0,0.0,0.0,0.0,0.0,0.0,0.0,,0.0,0.0,0.0,0.0,0.0,0.0,0.0,0.0,0.0,0.0,0.0,0.0,0.0,0.0,0.0,0.0,0.0,0.0,0.0,0.0,0.0,0.0,0.0,0.0,0.0
2007-02-23,0.0,0.0,0.0,0.0,0.0,0.0,0.0,0.0,0.0,0.0,,0.0,0.0,0.0,0.0,0.0,0.0,0.0,0.0,0.0,0.0,0.0,0.0,0.0,0.0,0.0,0.0,0.0,0.0,0.0,0.0,0.0,0.0,0.0,0.0,0.0
2007-02-24,0.0,0.0,0.0,0.0,0.0,0.0,0.0,0.0,0.0,0.0,,0.2,0.0,4.2,0.0,0.0,0.0,0.0,0.0,0.0,0.0,0.0,0.0,0.0,0.0,0.0,0.0,0.0,0.0,0.0,0.0,0.0,0.0,0.0,0.0,0.0
2007-02-25,0.0,2.6,0.0,0.0,0.0,0.0,0.0,0.0,0.0,0.0,,8.1,0.0,0.0,6.5,0.0,0.0,0.0,0.0,0.0,0.0,0.0,0.0,0.0,0.0,0.0,0.0,0.0,0.0,0.0,0.0,0.0,0.0,0.0,0.0,0.0
2007-02-26,0.0,0.0,7.0,1.4,0.8,3.1,0.6,5.6,1.2,0.0,,0.0,0.0,0.0,8.0,0.0,0.0,2.0,7.0,0.0,2.4,4.6,3.0,2.5,3.3,1.0,6.0,0.0,8.5,2.0,3.4,13.0,0.0,3.0,4.0,2.0
2007-02-27,0.0,0.0,0.0,0.0,0.0,0.0,1.2,0.0,0.0,0.0,,0.0,0.0,0.0,1.0,0.0,0.0,0.0,0.0,0.0,0.0,0.0,0.0,0.0,0.0,0.0,0.0,0.0,0.0,0.0,0.0,0.0,0.0,0.0,0.0,0.0
2007-02-28,0.0,1.0,0.0,0.0,0.0,0.0,0.0,0.0,0.0,0.0,,0.1,3.2,0.0,0.0,0.0,0.0,0.0,0.0,0.0,0.0,0.0,0.0,0.0,0.0,0.0,0.0,0.0,0.0,0.0,0.0,0.0,8.0,0.0,0.0,0.0
2007-03-01,0.0,7.9,10.5,0.0,3.0,0.0,0.7,1.6,0.0,0.0,,2.4,7.4,0.0,0.0,10.5,0.0,0.5,2.2,0.0,0.0,0.0,4.6,0.0,0.7,0.0,1.0,1.0,0.0,0.0,0.0,0.0,0.0,0.0,0.0,0.0
2007-03-02,14.8,0.0,2.0,11.0,9.2,0.0,4.6,10.2,4.4,0.0,,42.0,4.3,7.2,0.0,0.0,0.0,17.8,13.0,2.0,0.0,11.9,15.4,10.5,0.0,0.0,7.3,9.0,0.0,14.0,4.0,0.0,0.0,5.0,2.0,3.0
2007-03-03,0.0,0.0,0.0,0.0,0.2,18.0,6.3,0.0,0.0,0.0,,0.0,0.0,0.0,0.0,0.0,0.0,0.3,0.0,0.0,0.0,2.7,0.8,0.0,0.0,0.0,0.5,0.8,0.0,0.0,0.0,0.0,0.0,0.0,0.0,0.0
2007-03-04,0.0,0.0,0.0,0.0,0.0,0.5,0.0,0.0,0.0,0.0,,0.0,0.0,0.0,0.0,0.0,0.0,0.0,0.0,0.0,0.0,0.0,0.0,0.0,0.0,0.0,0.0,0.0,0.0,0.0,0.0,0.0,0.0,0.0,0.0,0.0
2007-03-05,0.0,0.0,0.0,0.0,0.0,0.0,0.0,0.0,0.0,0.0,,0.0,0.0,0.0,0.0,0.0,0.0,0.0,0.0,0.0,0.0,0.0,0.0,0.0,0.0,0.0,0.0,0.0,0.0,0.0,0.0,0.0,0.0,0.0,0.0,0.0
2007-03-06,0.0,0.0,0.0,0.0,0.0,0.0,0.0,0.0,0.0,0.0,,0.0,0.0,0.0,0.0,0.0,0.0,0.0,0.0,0.0,0.0,0.0,0.0,0.0,0.0,0.0,0.0,0.0,0.0,0.0,0.0,0.0,0.0,0.0,0.0,0.0
2007-03-07,0.0,0.0,0.0,0.0,0.0,0.0,0.0,0.0,0.0,0.0,,0.0,0.0,0.0,0.0,0.0,0.0,0.0,0.0,0.0,0.0,0.0,0.0,0.0,0.0,0.0,0.0,0.0,0.0,0.0,0.0,0.0,0.0,0.0,0.0,0.0
2007-03-08,0.0,0.0,0.0,0.0,0.0,0.0,0.0,0.0,0.0,0.0,,0.0,0.0,0.0,0.0,0.0,0.0,0.0,0.0,0.0,0.0,0.0,0.0,0.0,0.0,0.0,0.0,0.0,0.0,0.0,0.0,0.0,0.0,0.0,0.0,0.0
2007-03-09,0.0,0.0,0.0,0.0,0.0,0.0,0.0,0.0,0.0,0.0,,0.0,0.0,0.0,0.0,0.0,0.0,0.0,0.0,0.0,0.0,0.0,0.0,0.0,0.0,0.0,0.0,0.0,0.0,0.0,0.0,0.0,0.0,0.0,0.0,0.0
2007-03-10,0.0,0.0,0.0,0.0,0.0,0.0,0.0,0.0,0.0,0.0,,0.0,0.0,0.0,0.0,0.0,0.0,0.0,0.0,0.0,0.0,0.0,0.0,0.0,0.0,0.0,0.0,0.0,0.0,0.0,0.0,0.0,0.0,0.0,0.0,0.0
2007-03-11,0.0,0.0,0.0,0.0,0.0,0.0,0.0,0.0,0.0,0.0,,0.0,0.0,0.0,0.0,0.0,0.0,0.0,0.0,0.0,0.0,0.0,0.0,0.0,0.0,0.0,0.0,0.0,0.0,0.0,0.0,0.0,0.0,0.0,0.0,0.0
2007-03-12,0.0,16.1,0.0,0.0,0.0,0.0,0.0,0.0,0.0,0.0,,0.0,7.4,0.0,0.0,2.5,0.0,0.0,0.0,0.0,0.0,13.6,0.0,0.0,0.0,0.0,0.0,0.0,0.0,0.0,0.0,0.0,10.1,0.0,0.0,0.0
2007-03-13,10.2,4.5,4.7,20.0,14.0,24.0,19.1,27.8,7.0,15.0,,0.0,17.2,4.2,0.0,10.5,0.0,9.8,8.2,0.0,17.0,0.0,9.2,18.2,13.1,17.3,17.5,12.0,9.3,17.0,8.0,3.1,0.0,5.5,10.0,8.5
2007-03-14,5.8,5.0,0.0,6.2,7.0,9.0,12.2,0.8,1.0,16.4,,22.0,31.4,0.0,20.5,0.0,0.0,7.8,6.0,0.0,5.0,3.5,5.6,2.6,4.3,2.3,4.1,7.0,21.2,12.4,1.0,11.7,0.0,7.0,3.8,0.0
2007-03-15,0.0,2.8,13.0,8.4,7.5,1.2,0.9,7.2,0.0,0.0,,18.2,0.0,0.0,0.0,0.0,0.0,0.0,4.2,0.0,3.4,0.0,4.2,8.2,9.4,9.7,5.0,8.0,14.7,0.0,0.0,0.0,0.0,0.0,0.0,0.0
2007-03-16,0.0,0.0,1.0,5.8,5.1,6.0,0.0,2.6,0.0,0.0,,0.0,0.0,0.0,0.0,0.0,0.0,12.2,2.0,0.0,2.6,0.0,0.0,4.6,0.6,4.3,1.0,5.8,9.3,12.4,0.0,0.0,0.0,0.0,0.0,0.0
2007-03-17,0.0,0.0,0.0,0.0,0.0,0.0,0.0,0.0,0.0,0.0,,0.0,0.0,0.0,0.0,0.0,0.0,0.0,0.0,0.0,0.0,0.0,0.0,0.0,0.0,0.0,0.0,0.0,0.0,0.0,0.0,0.0,0.0,0.0,0.0,0.0
2007-03-18,0.0,0.0,0.0,0.0,0.0,0.0,0.0,0.0,0.0,0.0,,0.0,0.0,0.0,0.0,0.0,0.0,0.0,0.0,0.0,0.0,0.0,0.0,0.0,0.0,0.0,0.0,0.0,0.0,0.0,0.0,0.0,0.0,0.0,0.0,0.0
2007-03-19,0.0,0.0,0.0,0.0,0.0,0.0,0.0,0.0,0.0,0.0,,0.0,0.0,0.0,0.0,0.0,0.0,0.0,0.0,15.0,0.0,0.0,0.0,0.0,0.0,0.0,0.0,0.0,0.0,0.0,0.0,0.0,0.0,0.0,0.0,0.0
2007-03-20,0.0,0.0,0.0,0.0,0.0,0.0,0.0,0.0,0.0,0.0,,0.0,0.0,0.0,0.0,0.0,0.0,0.0,0.0,0.0,0.0,0.0,0.0,0.0,0.0,0.0,0.0,0.0,0.0,0.0,0.0,0.0,0.0,0.0,0.0,0.0
2007-03-21,0.0,0.0,0.0,0.0,0.0,0.0,0.0,0.0,0.0,0.0,,0.0,0.0,0.0,0.0,0.0,0.0,0.0,0.0,0.0,0.0,0.0,0.0,0.0,0.0,0.0,0.0,0.0,0.0,0.0,0.0,0.0,1.3,0.0,0.0,0.0
2007-03-22,0.0,0.0,0.0,0.0,0.0,1.0,0.0,0.0,0.0,0.0,,0.0,0.0,0.0,0.0,0.0,0.0,0.0,0.0,0.0,0.0,0.0,0.0,0.0,0.0,0.0,0.0,0.0,0.0,0.0,0.0,0.0,0.0,0.0,0.0,0.0
2007-03-23,0.0,0.0,0.0,0.0,0.0,0.0,0.0,0.0,0.0,0.0,,0.0,0.0,0.0,0.0,0.0,0.0,0.0,0.0,0.0,0.0,0.0,0.0,0.0,0.0,0.0,0.0,0.0,0.0,0.0,0.0,0.0,0.0,0.0,0.0,0.0
2007-03-24,0.0,0.0,0.0,0.0,0.0,,0.0,0.0,0.0,0.0,,0.0,0.0,0.0,0.0,0.0,0.0,0.0,0.0,0.0,0.0,0.0,0.0,0.0,0.0,0.0,0.0,0.0,0.0,0.0,0.0,0.0,0.0,0.0,0.0,0.0
2007-03-25,0.0,0.0,0.0,0.0,0.0,,0.0,0.0,0.0,0.0,,0.0,0.0,0.0,0.0,0.0,0.0,0.0,0.0,0.0,0.0,0.0,0.0,0.0,0.0,0.0,0.0,0.0,0.0,0.0,0.0,0.0,0.0,0.0,0.0,0.0
2007-03-26,0.0,0.0,0.0,0.0,0.0,0.0,0.0,0.0,0.0,0.0,,0.0,0.0,0.0,0.0,0.0,0.0,0.0,0.0,0.0,0.0,0.0,0.0,0.0,0.0,0.0,0.0,0.0,0.0,0.0,0.0,0.0,0.0,0.0,0.0,0.0
2007-03-27,0.0,0.0,0.0,0.0,0.0,0.0,0.0,0.0,0.0,0.0,,0.0,0.0,0.0,0.0,0.0,0.0,0.0,0.0,0.0,0.0,0.0,0.0,0.0,0.0,0.0,0.0,0.0,0.0,0.0,0.0,0.0,0.0,0.0,0.0,0.0
2007-03-28,0.0,0.0,0.0,0.0,0.0,0.0,0.0,0.0,0.0,0.0,,0.0,0.0,0.0,0.0,0.0,0.0,0.0,0.0,0.0,0.0,0.0,0.0,0.0,0.0,0.0,0.0,0.0,0.0,0.0,0.0,0.0,0.0,0.0,0.0,0.0
2007-03-29,0.0,0.0,0.0,0.0,0.0,0.0,0.0,0.0,0.0,0.0,,0.0,0.0,0.0,0.0,0.0,0.0,0.0,0.0,0.0,0.0,0.0,0.0,0.0,0.0,0.0,0.0,0.0,0.0,0.0,0.0,0.0,0.0,0.0,0.0,0.0
2007-03-30,0.0,0.0,0.0,0.0,0.0,0.0,0.0,0.0,0.0,0.0,,0.0,0.0,0.0,0.0,0.0,0.0,0.0,0.0,0.0,0.0,0.0,0.0,0.0,0.0,0.0,0.0,0.0,0.0,0.0,0.0,0.0,0.0,0.0,0.0,0.0
2007-03-31,0.0,0.0,0.0,0.0,0.0,0.0,0.0,0.0,0.0,0.0,,0.0,0.0,0.0,0.0,0.0,0.0,0.0,0.0,10.0,0.0,0.0,0.0,0.0,0.0,0.0,0.0,0.0,0.0,0.0,0.0,0.0,0.0,0.0,0.0,0.0
2007-04-01,0.0,0.0,0.0,0.0,0.0,0.0,0.0,0.0,0.0,0.0,,0.0,0.0,0.0,0.0,0.0,0.0,0.0,0.0,0.0,0.0,0.0,0.0,0.0,0.0,0.0,0.0,0.0,0.0,0.0,0.0,0.0,0.0,0.0,0.0,0.0
2007-04-02,0.0,0.0,0.0,0.0,0.0,0.0,0.0,0.0,0.0,0.0,,0.0,0.0,0.0,0.0,0.0,0.0,0.0,0.0,0.0,0.0,0.0,0.0,0.0,0.0,0.0,0.0,0.0,0.0,0.0,0.0,0.0,0.0,0.0,0.0,0.0
2007-04-03,0.0,0.0,0.0,0.0,0.0,0.0,0.0,0.0,0.0,0.0,,0.0,0.0,0.0,0.0,0.0,0.0,0.0,0.0,0.0,0.0,0.0,0.0,0.0,0.0,0.0,0.0,0.0,0.0,0.0,0.0,0.0,0.0,0.0,0.0,0.0
2007-04-04,0.0,0.0,0.0,0.0,0.0,0.0,0.0,0.0,0.0,0.0,,0.0,0.0,0.0,0.0,0.0,0.0,0.0,0.0,0.0,0.0,0.0,0.0,0.0,0.0,0.0,0.0,0.0,0.0,0.0,0.0,0.0,0.0,0.0,0.0,0.0
2007-04-05,0.0,0.0,0.0,0.0,0.0,0.0,0.0,0.0,0.0,0.0,,0.0,0.0,0.0,0.0,0.0,0.0,0.0,0.0,0.0,0.0,0.0,0.0,0.0,0.0,0.0,0.0,0.0,0.0,0.0,0.0,0.0,0.0,0.0,0.0,0.0
2007-04-06,0.0,0.0,0.0,0.0,0.0,0.0,0.0,0.0,0.0,0.0,,0.0,0.0,0.0,0.0,0.0,0.0,0.0,0.0,0.0,0.0,0.0,0.0,0.0,0.0,0.0,0.0,0.0,0.0,0.0,0.0,0.0,0.0,0.0,0.0,0.0
2007-04-07,0.0,1.5,0.0,0.0,0.0,0.0,0.0,0.0,0.0,0.0,,0.0,0.0,0.0,0.0,0.0,0.0,0.0,0.0,0.0,0.0,0.0,0.0,0.0,0.0,0.0,0.0,0.0,0.0,0.0,0.0,0.0,0.0,0.0,0.0,0.0
2007-04-08,0.0,1.7,5.0,2.2,1.2,4.5,1.0,3.2,0.0,0.0,,6.1,0.0,0.0,0.0,0.0,0.0,0.0,5.0,0.0,3.0,4.0,21.2,1.9,2.7,0.9,3.7,2.0,2.3,2.5,0.0,20.0,0.0,0.0,0.0,0.0
2007-04-09,0.0,0.0,0.0,2.2,1.8,2.8,0.0,0.6,0.0,0.0,,0.0,0.0,0.0,5.0,0.0,0.0,7.0,0.0,0.0,0.0,0.0,1.8,0.0,0.0,0.0,0.0,0.4,0.0,0.0,0.0,0.0,0.0,0.0,0.0,0.0
2007-04-10,0.0,0.0,0.0,0.0,1.4,0.0,0.0,0.4,0.0,0.0,,0.0,0.0,0.0,0.0,0.0,0.0,0.0,0.0,0.0,0.0,0.0,0.6,0.0,1.1,0.8,1.0,3.8,0.0,0.0,0.0,0.0,0.0,0.0,0.0,0.0
2007-04-11,0.0,19.2,0.0,0.0,0.0,3.5,5.3,0.0,0.0,0.0,,0.0,0.0,0.0,0.0,0.0,0.0,0.0,0.0,0.0,14.2,0.0,0.0,0.0,0.0,0.0,0.0,0.0,1.3,0.0,0.0,0.0,0.0,0.0,0.0,0.0
2007-04-12,0.0,0.0,4.2,1.6,3.6,0.0,1.2,5.2,0.0,0.0,,0.0,0.0,0.0,0.0,0.0,0.0,11.1,11.0,0.0,0.0,10.7,4.8,58.3,84.5,1.5,25.1,1.8,42.2,0.2,0.0,0.0,0.0,0.0,0.0,0.0
2007-04-13,0.0,0.0,0.0,0.0,0.0,0.0,0.0,0.0,0.0,0.0,,0.0,0.0,0.0,5.0,0.0,0.0,0.0,0.0,0.0,0.0,0.0,0.0,0.0,0.0,0.0,0.0,0.0,0.0,0.0,0.0,0.0,0.0,0.0,0.0,0.0
2007-04-14,0.0,0.0,0.0,0.0,0.0,0.0,0.0,0.0,0.0,0.0,,0.0,,0.0,0.0,0.0,0.0,0.0,0.0,0.0,0.0,0.0,0.0,0.0,0.0,0.0,0.0,0.0,0.0,0.0,0.0,0.0,0.0,0.0,0.0,0.0
2007-04-15,0.0,0.0,0.0,0.0,0.0,0.0,0.0,0.0,0.0,0.0,,0.0,,0.0,1.5,0.0,0.0,0.0,0.0,0.0,0.0,0.0,0.0,0.0,0.0,0.0,0.0,0.0,0.0,0.0,0.0,0.0,0.0,0.0,0.0,0.0
2007-04-16,0.0,0.2,0.0,0.0,0.0,0.0,0.0,0.0,0.0,0.0,,0.0,,0.0,0.1,0.0,0.0,0.0,0.0,0.0,0.0,0.0,0.0,0.0,0.0,0.0,0.0,0.0,0.0,0.0,0.0,0.0,10.4,0.0,0.0,0.0
2007-04-17,0.0,0.0,0.0,0.0,1.4,0.0,0.0,0.6,0.0,0.0,,0.0,,0.0,0.0,0.0,0.0,0.0,11.0,0.0,0.0,2.0,5.2,40.7,0.0,0.0,2.6,1.4,0.0,0.0,0.0,0.0,0.0,0.0,0.0,0.0
2007-04-18,0.0,0.0,4.0,0.0,0.0,0.0,0.0,0.4,0.0,0.0,,6.0,,0.0,0.0,0.0,0.0,0.0,14.0,0.0,0.0,0.0,0.0,0.0,0.0,0.0,0.0,0.0,0.0,0.0,0.0,0.0,30.0,0.0,0.0,0.0
2007-04-19,0.0,0.0,0.0,12.4,0.0,19.0,1.4,0.0,0.0,0.0,,0.0,,10.4,0.3,0.0,0.0,0.0,0.0,0.0,0.0,0.0,10.0,0.0,0.0,0.0,0.0,1.0,0.0,0.0,0.0,0.0,0.0,0.0,0.0,0.0
2007-04-20,0.0,0.0,0.0,0.0,0.0,0.0,0.0,0.0,0.0,0.0,,0.0,,0.0,0.0,0.0,0.0,0.0,0.0,0.0,0.0,0.0,11.2,0.0,0.0,25.5,0.0,0.0,0.0,0.0,0.0,0.0,7.0,0.0,0.0,0.0
2007-04-21,0.0,31.4,0.0,0.0,0.0,0.0,0.8,0.0,0.0,0.0,,48.0,,0.0,0.0,0.0,0.0,0.0,0.0,0.0,0.0,0.0,1.8,0.0,0.0,0.0,0.0,0.0,0.0,0.0,0.0,0.0,30.5,0.0,0.0,0.0
2007-04-22,8.2,3.3,28.0,29.6,24.6,29.2,15.4,15.8,10.0,0.0,,0.0,,0.0,0.0,0.0,0.0,0.0,8.2,0.0,38.7,24.2,14.2,20.6,25.4,0.0,28.6,21.0,36.2,14.0,7.0,0.0,0.0,0.0,0.0,0.0
2007-04-23,0.0,3.5,0.0,2.4,1.0,0.0,0.0,1.8,0.0,0.0,,1.2,,0.0,0.0,0.0,0.0,0.0,0.0,0.0,0.0,0.0,0.0,1.4,2.3,0.0,1.6,0.0,5.3,0.0,0.0,0.0,19.1,0.0,0.0,0.0
2007-04-24,0.0,8.5,14.0,8.4,4.8,0.0,4.0,1.8,13.0,0.0,,0.0,,0.0,0.0,0.0,0.0,44.1,10.0,0.0,5.3,21.9,9.8,0.0,2.4,2.5,4.2,7.2,0.0,4.5,3.0,27.5,21.3,0.0,0.0,0.0
2007-04-25,2.8,0.0,2.0,8.4,5.0,4.2,11.3,18.2,4.0,27.0,,12.0,,8.2,0.0,0.0,10.5,7.5,3.0,0.0,0.0,2.2,4.2,10.5,16.4,6.5,9.5,7.0,28.8,9.4,4.1,0.0,3.4,7.5,11.6,0.0
2007-04-26,3.8,0.0,0.0,0.0,0.0,0.0,9.2,2.4,0.0,0.0,,0.0,,0.0,0.0,0.0,0.0,0.0,20.0,0.0,0.0,0.0,0.0,0.0,0.0,0.0,0.0,0.6,0.0,0.0,6.0,0.0,0.0,0.0,0.4,3.5
2007-04-27,0.0,0.0,0.0,0.0,0.0,0.0,0.0,0.0,0.0,0.0,,0.0,,0.0,0.0,0.0,0.0,0.0,0.0,0.0,0.0,0.0,0.0,0.0,0.0,0.0,0.0,0.0,0.0,0.0,0.0,0.0,0.0,0.0,0.0,0.0
2007-04-28,0.0,0.0,0.0,0.0,0.0,0.0,0.0,0.0,0.0,0.0,,0.0,,4.5,0.0,0.0,20.6,0.0,0.0,0.0,0.0,0.0,0.0,0.0,0.0,0.0,0.0,0.0,0.0,0.0,0.0,0.0,0.0,0.0,0.0,0.0
2007-04-29,0.0,8.6,0.0,0.0,0.0,0.0,0.0,0.0,0.0,0.0,,0.0,,0.0,5.9,0.0,0.0,0.0,0.0,0.0,0.0,0.0,0.0,0.0,0.0,0.0,0.0,0.0,38.1,0.0,0.0,0.0,18.0,0.0,0.0,22.5
2007-04-30,0.0,0.0,25.0,6.8,5.0,0.0,25.6,15.4,34.0,7.1,,24.0,,7.5,4.1,0.0,0.0,9.0,34.0,0.0,22.4,19.9,39.4,6.2,6.8,6.4,10.0,5.4,0.0,17.4,26.0,0.0,0.0,26.5,10.4,8.0
2007-05-01,0.0,0.0,0.0,0.0,0.0,0.0,0.0,6.2,0.0,0.0,,0.0,,0.0,0.0,0.0,0.0,0.0,0.0,0.0,0.0,3.0,0.6,0.0,0.0,0.0,1.5,0.0,0.0,0.0,0.0,0.5,0.0,0.0,0.4,0.0
2007-05-02,0.0,14.7,0.0,0.0,0.0,0.0,0.0,0.0,0.0,4.2,,0.0,,0.0,0.0,0.0,0.0,0.0,0.0,0.0,0.0,0.0,0.0,0.0,0.0,0.0,0.0,0.0,0.0,0.0,0.0,0.0,0.0,0.0,0.0,0.0
2007-05-03,0.0,0.0,1.0,0.0,2.2,0.0,0.0,0.0,0.0,0.0,,23.0,,0.0,0.0,0.0,0.0,0.6,0.0,0.0,0.0,0.0,0.0,0.0,3.5,0.0,0.0,1.0,0.0,0.0,0.0,0.0,0.0,0.0,0.0,0.0
2007-05-04,0.0,5.7,0.0,0.0,0.2,14.0,0.0,0.0,0.0,0.0,,5.0,,0.0,0.0,0.0,0.0,0.0,0.0,0.0,0.0,0.0,0.0,0.0,0.0,1.2,7.0,0.4,0.0,0.0,0.0,0.0,0.0,0.0,0.0,0.0
2007-05-05,0.0,8.5,0.0,0.0,0.0,0.0,0.0,0.0,0.0,0.0,,0.0,,0.0,0.0,0.0,40.5,3.7,0.0,0.0,0.0,0.0,0.0,0.0,0.0,1.3,0.0,0.2,0.0,6.0,0.0,0.0,0.0,0.0,0.0,0.0
2007-05-06,0.0,1.2,0.0,7.0,14.8,0.0,0.0,11.2,0.0,0.0,,53.0,,0.0,0.0,7.0,0.0,36.0,0.0,0.0,0.0,0.0,0.0,10.2,0.0,4.3,3.2,2.2,6.3,12.8,0.0,2.1,9.0,0.0,0.0,0.0
2007-05-07,20.4,1.7,20.0,0.0,5.5,31.5,4.5,2.4,16.0,0.0,,47.0,,10.2,0.0,0.0,0.0,25.0,10.0,0.0,0.0,8.8,10.0,6.5,3.4,75.5,1.5,30.0,3.4,19.0,0.0,19.1,0.0,12.0,0.0,0.0
2007-05-08,0.0,4.5,0.0,0.0,0.4,2.3,0.0,0.4,0.0,0.0,,32.0,,0.0,0.0,0.0,0.0,4.5,2.2,0.0,0.0,3.0,7.6,6.4,11.9,2.3,1.5,0.8,2.2,28.0,0.0,0.5,0.0,0.0,0.0,20.0
2007-05-09,0.0,0.0,1.0,0.0,9.0,0.0,0.0,25.6,0.0,15.3,,22.0,,0.0,0.0,0.0,0.0,1.2,0.0,0.0,38.7,13.3,0.6,0.0,3.1,9.8,32.5,14.0,6.3,1.0,0.0,0.0,0.0,0.0,0.0,10.7
2007-05-10,0.0,0.0,0.0,17.0,0.0,27.0,31.0,0.0,22.0,0.0,,0.0,,20.4,9.0,0.0,0.0,15.0,0.0,0.0,0.0,11.9,10.2,16.4,0.0,1.8,0.0,0.2,7.5,18.4,21.0,0.0,0.0,20.0,0.0,10.0
2007-05-11,28.6,8.4,0.0,0.0,0.0,0.0,13.9,0.4,0.0,0.0,,0.0,,25.2,14.5,45.0,0.0,7.0,0.0,0.0,0.0,0.0,0.4,0.0,0.0,0.2,21.0,0.0,1.2,0.0,0.0,0.0,23.0,27.0,30.2,5.0
2007-05-12,13.0,0.0,13.5,50.4,18.6,15.6,15.6,28.4,0.0,0.0,,0.0,,19.4,10.0,0.0,0.0,28.0,16.0,0.0,0.0,32.2,28.2,25.1,48.0,13.5,41.0,25.2,18.7,0.0,25.4,0.0,0.0,30.0,31.4,0.0
2007-05-13,0.0,0.1,0.0,0.0,0.0,0.0,0.0,0.0,18.0,0.0,,0.0,,0.0,0.0,0.0,35.7,0.0,0.0,0.0,0.0,0.0,0.0,0.0,0.0,0.0,0.0,0.0,1.0,0.0,0.0,0.0,0.0,0.0,0.0,0.0
2007-05-14,0.0,0.0,0.0,0.0,0.0,8.3,0.0,0.0,0.0,0.0,,25.0,,0.0,0.0,0.0,0.0,0.0,0.0,0.0,0.0,0.0,0.0,0.0,2.7,0.0,5.0,0.0,0.0,0.0,0.0,0.0,0.0,0.0,0.0,0.0
2007-05-15,0.0,0.0,0.0,0.0,0.0,0.0,19.6,1.4,0.0,0.0,,0.0,0.0,0.0,23.5,5.3,0.0,0.0,0.0,0.0,0.0,0.0,0.0,6.5,0.0,0.0,0.0,0.0,2.1,0.0,0.0,0.0,0.0,0.0,0.0,0.0
2007-05-16,0.0,3.2,0.0,0.0,0.0,0.0,0.0,0.0,0.0,0.0,,0.0,0.0,0.0,2.0,0.0,0.0,0.0,0.0,0.0,0.0,0.0,0.0,0.0,2.4,1.4,0.0,0.2,3.4,0.0,0.0,0.0,0.0,0.0,0.0,0.0
2007-05-17,0.0,29.3,20.0,0.0,12.5,0.0,0.0,19.2,0.0,0.0,,1.2,0.0,0.0,11.4,0.0,0.0,2.5,2.2,1.0,22.4,27.0,9.2,0.0,47.8,0.0,6.0,0.4,1.8,0.0,0.0,0.0,38.0,0.0,0.0,0.0
2007-05-18,4.0,6.5,7.0,7.8,8.2,19.2,5.3,8.2,26.0,0.0,,2.0,30.1,0.0,3.7,0.0,0.0,0.0,34.0,18.4,0.0,45.0,12.6,28.5,6.6,16.1,31.5,15.4,6.4,13.4,29.3,9.0,0.0,0.0,0.0,82.0
2007-05-19,0.0,0.0,18.0,3.0,5.2,5.8,4.5,2.8,0.0,0.0,,7.0,0.0,0.0,8.2,0.0,0.0,22.2,11.8,6.2,0.0,9.8,8.4,15.3,23.1,1.5,6.0,3.8,18.7,0.0,0.0,0.0,38.5,7.0,0.0,0.0
2007-05-20,0.0,1.1,0.0,0.0,9.8,0.6,0.0,16.2,0.0,0.0,,0.0,57.2,0.0,0.0,40.2,0.0,23.5,11.2,2.4,0.0,1.1,5.0,0.0,0.0,7.0,4.0,0.0,16.3,2.2,0.0,0.0,0.0,2.0,0.0,0.0
2007-05-21,0.0,5.8,1.0,0.0,3.4,4.5,45.7,14.6,11.0,30.0,,32.0,0.0,29.4,0.0,0.0,10.0,0.0,3.0,80.5,0.0,1.0,13.6,0.0,21.4,0.4,26.0,0.6,19.4,0.0,8.7,0.0,0.0,13.0,18.6,30.0
2007-05-22,0.0,0.0,0.0,0.0,0.0,4.5,0.5,7.2,0.0,30.5,,0.0,0.0,0.0,0.0,0.0,0.0,0.0,0.0,4.5,4.0,2.5,1.0,0.0,4.8,0.0,3.0,1.2,0.0,0.0,0.0,0.0,0.0,3.0,4.4,0.0
2007-05-23,0.0,0.0,0.0,0.0,2.0,0.0,0.0,0.0,0.0,0.0,,0.0,0.0,0.0,0.0,0.0,0.0,0.0,0.0,0.0,8.2,0.0,0.0,0.0,0.0,0.0,0.0,0.0,0.0,0.0,0.0,0.0,0.0,0.0,0.0,0.0
2007-05-24,0.0,0.0,0.0,0.0,0.0,0.0,0.0,0.0,0.0,0.0,,0.0,0.0,0.0,0.0,0.0,0.0,0.0,0.0,0.0,0.0,0.0,0.0,0.0,0.0,0.0,2.2,0.0,0.0,0.0,0.0,0.0,0.0,0.0,0.0,0.0
2007-05-25,0.0,0.0,0.0,0.0,0.0,0.0,0.0,0.0,0.0,0.0,,0.0,0.0,0.0,0.0,0.0,40.4,0.0,0.0,0.0,0.0,0.0,0.0,0.0,0.0,0.0,3.4,0.0,0.0,0.0,0.0,0.0,0.0,0.0,0.0,0.0
2007-05-26,0.0,0.0,0.0,0.0,0.0,0.0,0.0,0.0,0.0,0.0,,0.0,0.0,0.0,0.0,0.0,0.0,0.0,0.0,0.0,0.0,0.0,0.0,0.0,0.0,0.0,30.4,0.0,0.0,0.0,0.0,0.0,0.0,0.0,0.0,0.0
2007-05-27,0.0,0.0,0.0,0.0,0.0,0.0,0.0,0.0,0.0,0.0,,0.0,0.0,0.0,0.0,0.0,0.0,0.0,0.0,0.0,0.0,0.0,0.0,0.0,0.0,0.0,17.6,0.0,0.0,0.0,0.0,0.0,0.0,0.0,0.0,0.0
2007-05-28,0.0,0.0,0.0,0.0,0.0,0.0,0.0,0.0,0.0,0.0,,0.0,0.0,0.0,0.0,0.0,0.0,0.0,0.0,0.0,0.0,0.0,0.0,0.0,0.0,0.0,0.0,0.0,0.0,0.0,3.7,0.0,0.0,4.0,8.2,19.5
2007-05-29,0.0,0.0,0.0,0.0,0.0,0.0,0.0,0.0,0.0,0.0,,0.0,0.0,0.0,0.0,0.0,0.0,0.0,0.0,0.0,0.0,0.0,0.0,0.0,0.0,0.0,0.0,0.0,0.0,0.0,0.0,0.0,0.0,0.0,0.0,0.0
2007-05-30,0.0,0.0,0.0,0.0,0.0,0.0,0.0,0.0,0.0,0.0,,0.0,0.0,0.0,0.0,0.0,15.6,0.0,0.0,0.0,0.0,0.0,2.4,0.0,0.0,0.0,0.0,0.0,0.0,0.0,0.0,0.0,0.0,0.0,0.0,0.0
2007-05-31,0.0,0.0,0.0,0.0,0.0,0.0,0.0,0.0,0.0,0.0,,0.0,0.0,0.0,0.0,0.0,0.0,0.0,0.0,0.0,0.0,0.0,0.0,0.0,0.0,0.0,0.0,0.0,0.0,0.0,0.0,0.0,0.0,0.0,0.0,0.0
2007-06-01,0.0,0.0,0.0,0.0,0.0,,0.0,0.0,0.0,0.0,,0.0,0.0,0.0,0.0,0.0,0.0,0.0,0.0,0.0,0.0,0.0,0.0,0.0,0.0,0.0,,0.0,0.0,0.0,0.0,0.0,0.0,0.0,0.0,0.0
2007-06-02,0.0,0.0,0.0,0.0,0.0,,0.0,0.0,0.0,0.0,,3.0,0.0,52.4,0.0,0.0,0.0,0.0,0.0,0.0,0.0,0.0,0.0,0.0,0.0,0.0,,0.0,0.0,0.0,0.0,0.0,0.0,0.0,0.0,0.0
2007-06-03,0.0,1.5,0.0,0.0,0.0,,0.0,0.0,0.0,0.0,,6.0,45.5,0.0,8.0,0.0,0.0,0.0,0.0,18.4,0.0,0.0,0.0,0.0,0.0,0.0,,0.0,0.0,0.0,0.0,0.0,27.5,0.0,0.0,0.0
2007-06-04,6.5,1.3,9.0,5.2,5.0,,15.0,9.4,42.0,0.0,,15.0,16.3,0.0,15.5,0.0,0.0,10.8,4.2,40.0,0.0,9.9,6.2,3.2,3.0,6.4,,5.0,7.2,6.4,29.0,2.0,0.0,8.0,0.0,15.5
2007-06-05,0.0,45.4,14.0,0.0,1.4,,0.0,10.0,0.0,8.4,,7.0,4.1,0.0,4.8,0.0,0.0,0.0,2.0,22.0,6.2,26.6,0.0,0.0,18.8,0.0,,2.0,0.3,0.0,12.3,0.0,14.3,0.0,27.2,0.0
2007-06-06,0.0,12.3,26.2,41.2,30.6,,18.5,55.6,9.0,12.4,,39.0,0.0,0.0,22.8,0.0,0.0,7.9,20.2,14.2,16.5,46.0,20.4,34.5,59.6,8.4,,35.0,24.6,6.8,0.0,20.3,0.0,2.0,12.2,11.0
2007-06-07,10.6,20.7,2.3,8.2,14.2,,20.9,8.4,4.0,0.0,,0.0,7.4,10.2,10.5,0.0,50.2,10.8,5.0,6.4,35.4,10.4,6.0,13.5,9.7,16.5,,18.0,19.4,18.5,4.4,0.0,0.0,10.0,6.4,0.0
2007-06-08,0.1,12.3,2.0,0.0,1.6,,4.8,34.8,0.0,0.0,,0.0,5.3,8.4,5.3,0.0,0.0,0.0,16.0,36.8,10.5,46.2,2.6,3.1,13.9,0.3,,1.0,25.7,0.2,0.0,0.0,164.5,0.0,0.0,0.0
2007-06-09,7.5,3.0,6.0,0.0,5.4,,1.9,3.6,3.0,0.0,,2.5,14.3,0.0,35.3,0.0,0.0,32.3,10.2,4.6,5.3,3.0,26.6,0.0,1.5,16.7,,0.6,15.2,50.0,34.3,7.0,14.0,2.0,55.8,107.0
2007-06-10,81.4,6.8,6.0,5.2,2.6,,22.4,32.2,42.0,0.0,,22.0,32.4,37.4,0.0,0.0,0.0,7.9,4.0,20.0,8.2,10.0,4.8,9.9,15.9,2.8,,16.0,17.1,4.2,48.8,0.0,0.0,45.0,22.6,51.0
2007-06-11,1.6,6.6,3.0,12.4,5.2,,0.0,12.6,0.0,30.0,,2.1,13.2,0.0,15.0,0.0,0.0,4.4,4.0,16.5,2.0,7.5,1.6,3.9,4.3,1.3,,5.8,5.6,4.4,0.0,0.0,0.0,0.0,0.0,0.0
2007-06-12,0.0,2.1,0.0,1.4,0.2,,0.3,15.4,0.0,10.4,,0.0,104.1,0.0,20.5,0.0,0.0,26.9,2.0,0.0,2.0,3.0,12.0,0.0,0.8,0.0,,0.6,9.7,0.6,0.0,16.5,14.0,0.0,0.0,0.0
2007-06-13,0.0,0.0,0.0,3.8,1.2,,0.0,5.0,0.0,0.0,,0.0,18.2,16.4,10.8,0.0,98.2,0.0,0.0,0.0,0.0,12.6,14.8,18.6,28.9,0.0,,0.8,0.0,0.0,0.0,0.0,28.0,0.0,0.0,0.0
2007-06-14,4.0,35.2,32.0,4.0,0.0,,3.0,11.4,7.0,0.0,,95.0,52.4,0.0,17.0,0.0,105.0,0.0,17.2,0.0,32.4,9.5,21.6,1.6,4.3,0.2,,0.0,18.6,2.2,32.5,2.3,29.5,60.0,2.0,0.0
2007-06-15,116.0,0.5,37.0,26.2,35.6,,126.3,19.4,78.0,0.0,,91.0,,135.4,160.7,92.2,5.4,39.5,40.0,0.0,0.0,65.5,53.6,79.4,54.7,51.2,,38.4,45.7,50.5,48.0,72.0,2.2,7.0,91.1,7.0
2007-06-16,28.0,3.7,0.0,0.0,1.4,,3.4,2.0,18.0,0.0,,0.0,,18.2,15.0,21.2,0.0,0.0,2.0,60.0,9.1,2.2,3.0,1.5,0.5,2.1,,1.4,9.6,0.0,28.5,5.2,7.6,18.0,123.0,170.0
2007-06-17,54.8,0.3,18.7,8.2,2.8,,20.2,60.2,11.0,0.0,,0.0,,51.4,1.5,42.4,0.0,5.0,12.0,0.0,0.3,6.6,22.6,3.6,5.9,0.0,,3.6,6.3,0.0,6.9,2.5,7.5,11.0,41.6,10.0
2007-06-18,1.0,7.5,0.0,3.0,0.0,,1.5,3.6,1.0,0.0,,5.0,,0.0,0.0,0.0,0.0,0.0,0.0,0.0,6.1,0.0,0.0,0.0,0.0,0.0,,0.0,0.9,0.0,0.0,0.0,30.2,21.0,6.2,0.0
2007-06-19,0.0,0.0,10.3,4.8,5.6,,0.0,8.2,0.0,3.2,,17.0,,0.0,2.4,0.0,8.6,12.3,7.0,0.0,0.0,5.5,5.8,5.3,5.9,14.0,3.5,8.0,0.3,14.5,0.0,16.0,0.0,0.0,3.4,16.0
2007-06-20,0.0,0.0,0.0,2.6,0.0,,10.0,2.6,18.2,0.0,,0.0,,0.0,0.0,0.0,0.0,0.0,6.0,0.0,0.0,0.0,1.0,1.6,0.0,1.5,0.0,0.0,0.0,0.0,0.0,0.0,10.4,8.0,0.0,0.0
2007-06-21,0.0,0.0,0.0,0.0,1.4,,2.5,1.2,0.0,20.4,,0.0,,0.0,6.0,0.0,30.4,1.8,2.0,0.0,6.2,0.0,0.0,0.0,0.0,0.0,0.0,2.0,0.0,6.8,0.0,0.0,0.0,0.0,0.0,0.0
2007-06-22,0.0,3.9,0.0,1.8,0.0,,0.0,6.2,0.0,20.0,,1.2,,0.0,11.5,0.0,0.0,0.0,0.0,0.0,18.1,12.9,0.0,20.8,35.9,0.0,3.5,0.0,0.0,0.0,2.7,0.0,0.0,0.0,0.0,0.0
2007-06-23,0.0,20.2,0.0,3.6,0.0,,3.5,15.4,0.0,20.8,,72.0,,0.0,0.0,0.0,0.0,0.0,1.2,0.0,4.7,28.4,1.4,1.6,10.1,0.0,17.0,0.0,0.4,0.0,0.0,0.0,12.0,0.0,0.0,0.0
2007-06-24,0.0,21.8,0.0,0.0,0.0,,0.0,32.8,7.0,10.4,,9.0,,0.0,0.0,0.0,40.2,14.5,0.0,6.2,43.7,9.6,0.0,5.3,4.7,0.0,1.0,0.4,0.6,36.6,0.0,0.0,13.5,0.0,2.4,30.0
2007-06-25,0.0,0.5,0.0,3.0,4.8,,2.9,68.0,9.0,16.0,,16.0,,0.0,19.0,0.0,0.0,25.6,5.2,14.0,42.2,78.0,8.8,37.4,65.1,6.5,45.2,3.2,0.1,7.2,6.5,0.0,0.0,0.0,22.0,0.0
2007-06-26,0.0,34.4,13.5,0.0,0.2,,1.6,14.8,0.0,10.5,,15.0,,0.0,0.7,0.0,0.0,0.0,0.0,8.4,0.2,5.2,0.6,0.0,0.0,0.0,0.0,0.0,0.5,0.0,0.0,0.0,5.5,0.0,0.0,0.0
2007-06-27,80.8,4.4,6.0,14.8,7.1,,34.3,31.2,10.0,40.0,,12.0,,30.4,40.0,79.2,0.0,4.2,6.2,4.6,18.1,11.3,9.2,14.7,22.6,5.6,14.5,5.0,36.8,4.2,10.4,10.5,0.0,33.0,22.6,76.0
2007-06-28,1.0,18.6,13.0,7.2,2.6,,5.4,30.4,6.0,20.4,,25.0,,13.2,2.3,0.0,0.0,3.9,3.0,8.2,3.3,19.2,4.8,10.7,19.5,4.2,13.0,2.6,0.9,0.0,0.0,0.0,11.3,0.0,4.0,0.0
2007-06-29,10.6,0.0,0.0,24.6,20.6,,32.3,50.8,18.0,88.8,,3.0,,0.0,21.0,10.3,18.4,13.5,2.0,10.0,43.2,22.2,4.2,21.8,44.5,11.0,32.3,13.6,0.0,38.4,6.0,0.0,0.0,0.0,0.0,0.0
2007-06-30,0.0,0.0,0.0,0.0,0.0,,0.0,2.4,0.0,10.3,,60.0,,0.0,3.0,0.0,0.0,0.0,0.0,0.0,0.0,0.0,0.0,0.0,0.0,0.0,0.0,0.0,0.0,0.0,0.0,0.0,4.0,0.0,0.0,0.0
2007-07-01,0.0,0.0,5.0,0.0,0.0,,0.0,0.0,0.0,20.4,,30.0,,0.0,0.0,0.0,0.0,0.0,0.0,32.0,5.2,0.0,0.0,0.0,0.0,0.0,0.0,0.0,16.3,0.0,0.0,0.0,28.0,0.0,0.0,10.0
2007-07-02,0.0,2.5,0.0,5.8,0.0,,10.6,24.8,0.0,10.4,,40.0,,20.2,0.0,0.0,0.0,0.0,0.0,2.0,17.2,0.0,2.4,0.0,17.3,1.5,12.0,1.8,31.4,4.6,0.0,0.0,2.2,3.0,5.6,0.0
2007-07-03,0.0,4.0,0.0,16.0,35.8,,0.0,18.2,0.0,10.4,,39.0,,0.0,4.0,0.0,41.0,44.0,2.0,12.5,1.0,2.0,7.2,2.9,0.0,33.8,24.5,22.0,22.5,6.4,0.0,0.0,0.0,25.0,11.4,0.0
2007-07-04,5.2,4.6,0.0,0.0,2.0,,42.2,4.2,2.0,10.4,,0.0,,0.0,8.5,0.0,0.0,0.0,0.0,18.0,7.0,0.0,0.4,19.0,23.6,17.7,13.5,0.6,45.8,6.6,0.0,0.0,30.0,0.0,0.0,0.0
2007-07-05,0.0,1.3,7.5,0.0,0.0,,1.2,5.0,0.0,10.0,,0.0,,5.2,1.4,0.0,0.0,0.0,0.0,12.0,18.0,0.5,10.2,0.0,0.0,0.0,8.0,0.0,0.0,0.0,0.0,0.0,8.0,0.0,0.0,0.0
2007-07-06,0.0,18.8,0.0,0.0,0.0,,0.0,22.6,0.0,10.0,,0.0,,0.0,23.0,0.0,0.0,6.1,0.0,18.0,0.0,0.0,0.0,0.0,15.3,0.0,17.0,0.0,0.7,2.0,0.0,0.0,0.0,0.0,0.4,0.0
2007-07-07,1.4,0.0,4.0,24.4,13.0,,4.4,100.5,0.0,4.4,,0.0,,0.0,10.0,0.0,0.0,13.5,14.0,0.0,6.1,4.0,4.4,14.3,20.1,18.4,83.0,22.4,48.3,19.0,0.0,0.0,0.0,0.0,0.0,0.0
2007-07-08,0.0,0.6,3.2,0.0,0.0,,0.0,40.6,0.0,10.8,,0.0,,0.0,0.0,0.0,0.0,0.0,0.0,10.0,0.0,0.0,0.0,1.6,0.0,0.0,1.5,0.0,0.8,0.0,0.0,0.0,30.0,0.0,0.0,0.0
2007-07-09,0.0,4.4,3.4,8.0,1.2,,32.6,0.0,0.0,17.0,,25.0,,0.0,0.0,0.0,0.0,3.0,0.0,16.0,23.0,1.0,1.0,0.8,0.0,4.5,0.0,2.4,0.1,4.2,0.0,0.0,19.0,0.0,0.0,0.0
2007-07-10,0.0,2.8,0.0,0.0,0.0,,9.6,20.0,0.0,20.2,,0.0,,0.0,22.4,0.0,50.2,0.0,0.0,0.0,0.0,4.3,10.2,4.6,34.2,0.0,43.0,0.0,14.3,0.6,0.0,0.0,24.5,2.0,26.6,20.0
2007-07-11,1.4,0.0,0.0,13.0,1.7,,0.0,38.0,0.0,21.0,,45.0,,82.4,7.0,0.0,0.0,0.5,4.3,0.0,9.0,5.0,10.8,2.1,14.2,1.4,4.2,2.0,3.3,6.2,12.0,15.0,18.0,0.0,1.0,0.0
2007-07-12,1.0,0.0,21.0,0.0,0.0,,7.4,4.6,0.0,10.4,,43.0,,0.0,5.5,13.0,0.0,0.0,0.0,0.0,81.0,0.0,6.0,0.0,0.4,0.3,0.0,0.0,0.0,0.0,13.3,0.0,23.2,0.0,0.0,0.0
2007-07-13,0.0,34.6,27.0,0.0,0.0,,20.3,34.6,17.0,20.8,,33.0,,20.2,30.7,39.8,0.0,0.0,28.0,0.0,5.0,5.0,32.6,6.2,3.2,1.4,0.0,4.0,0.0,0.0,8.5,0.0,13.5,0.0,9.6,0.0
2007-07-14,40.8,30.3,18.0,2.6,38.5,,13.3,11.4,11.0,20.4,,0.0,,0.0,41.0,40.0,20.0,9.5,8.0,4.2,41.0,6.9,9.2,3.1,62.3,2.5,5.2,78.2,17.7,4.4,0.0,31.5,2.2,4.0,43.6,0.0
2007-07-15,46.2,8.7,11.5,7.2,1.4,,3.9,47.0,0.0,10.4,,32.0,,7.2,8.2,10.0,0.0,0.0,2.0,2.6,30.5,29.0,8.8,1.0,8.3,1.2,11.2,1.0,38.6,0.0,0.0,0.0,0.0,25.0,2.4,0.0
2007-07-16,7.6,10.2,3.0,24.6,12.0,,4.0,28.0,3.0,21.4,,48.0,,8.4,24.6,22.0,0.0,45.5,13.2,36.5,2.7,17.5,8.0,0.9,15.0,30.1,30.7,24.0,17.3,26.4,0.0,17.0,0.0,8.0,0.0,0.0
2007-07-17,37.0,0.6,12.0,20.2,8.0,,35.3,20.4,26.0,20.8,,104.0,40.5,23.2,34.4,68.2,10.2,38.1,10.0,14.2,10.4,20.7,15.0,1.3,11.7,16.2,20.0,12.8,5.8,29.2,34.0,37.4,4.4,45.0,35.4,20.0
2007-07-18,35.8,0.0,8.3,10.4,1.2,,13.0,1.0,8.0,10.5,,79.0,40.4,20.2,18.0,19.8,0.0,0.0,7.0,16.4,0.3,7.3,5.6,18.7,2.1,9.5,1.5,5.2,0.2,14.0,0.0,2.3,10.5,9.0,5.4,15.7
2007-07-19,5.0,1.9,8.0,0.0,1.4,,0.7,2.8,0.0,5.0,,48.0,40.2,32.4,42.3,22.0,61.2,8.5,0.0,0.6,0.0,0.0,0.4,15.3,0.0,0.0,0.0,0.0,0.0,0.0,6.4,10.0,15.1,82.0,37.0,19.0
2007-07-20,41.2,0.8,1.5,0.0,4.2,,6.0,8.8,8.0,10.4,,19.0,40.1,3.2,20.2,164.5,40.0,13.0,26.0,8.0,6.4,26.0,33.0,0.0,4.3,7.3,40.2,3.6,0.0,12.4,33.6,15.3,9.6,4.0,15.8,17.0
2007-07-21,145.2,7.1,0.0,5.4,13.6,,27.3,9.2,20.0,10.4,,19.0,20.2,50.2,60.5,172.2,100.6,5.5,17.0,20.8,3.2,14.4,18.4,9.2,6.1,5.5,14.0,49.0,5.9,15.2,20.0,0.0,6.0,70.0,72.2,10.0
2007-07-22,104.4,3.2,0.0,9.2,1.4,,20.7,1.6,0.0,20.8,,95.0,5.7,30.4,22.0,22.0,90.8,22.5,0.0,4.0,0.1,0.0,0.0,20.8,9.2,20.5,0.0,14.4,0.0,19.4,23.6,0.0,5.0,47.0,67.2,25.0
2007-07-23,27.6,0.4,6.3,3.8,4.5,,3.4,2.4,14.2,21.3,,75.0,39.4,40.2,12.0,57.3,75.2,6.3,9.2,4.2,3.2,7.8,8.8,17.4,8.1,1.4,4.0,3.0,5.8,4.0,22.4,0.0,22.0,21.0,22.2,41.0
2007-07-24,62.0,1.7,0.0,6.2,3.1,0.0,22.9,25.2,54.0,20.6,,96.0,19.6,50.4,19.5,41.6,68.4,1.0,4.0,8.0,42.2,2.8,2.4,10.4,1.7,7.6,8.2,2.6,1.0,6.6,41.4,0.0,27.5,55.0,70.2,30.7
2007-07-25,106.2,2.7,0.0,10.2,5.4,0.0,28.0,0.6,123.0,10.4,,79.0,60.3,134.2,22.0,76.0,144.0,1.8,5.0,2.0,3.5,2.0,4.6,8.3,2.5,0.8,2.2,2.0,0.2,2.6,63.6,39.0,42.6,53.0,92.2,29.0
2007-07-26,16.8,19.4,0.0,15.8,20.6,17.5,9.9,12.4,17.0,6.0,,85.0,34.2,110.2,50.5,102.2,20.2,30.8,3.0,6.0,3.5,0.0,5.0,22.0,0.0,41.2,1.2,14.0,1.1,49.0,83.3,4.3,176.3,96.0,90.8,51.0
2007-07-27,53.8,7.0,5.0,34.8,25.5,12.3,62.7,34.6,103.0,10.4,,65.0,77.8,92.4,140.0,35.0,150.0,52.0,51.0,22.4,12.5,31.0,62.2,30.0,26.3,62.1,39.2,54.8,10.1,80.0,127.1,79.1,35.0,85.0,85.8,40.0
2007-07-28,29.8,31.5,10.0,3.8,4.8,10.4,24.0,8.6,40.0,13.4,,10.0,38.2,21.2,35.0,21.2,5.0,19.5,43.0,38.5,8.5,9.7,16.6,11.4,13.4,4.5,1.5,3.0,20.8,9.0,29.6,20.5,42.1,68.0,85.4,30.5
2007-07-29,41.4,3.0,0.0,20.8,17.6,18.5,46.4,18.2,42.0,14.2,,50.0,9.6,29.5,13.4,25.0,112.6,49.7,12.2,38.0,20.0,20.7,10.8,27.4,25.6,15.4,33.2,7.6,41.8,28.0,15.2,8.2,82.1,34.0,14.2,20.0
2007-07-30,10.6,25.2,0.0,23.4,2.0,19.0,51.5,16.4,2.5,20.4,,75.0,7.5,5.4,27.0,8.3,7.2,6.0,11.0,32.0,8.0,10.6,7.8,5.0,2.2,4.5,13.0,3.2,38.1,5.0,42.5,7.5,25.3,20.0,12.0,10.5
2007-07-31,38.0,0.0,0.0,29.4,27.2,56.0,71.2,30.6,30.0,10.2,,29.0,41.1,83.5,29.7,110.5,45.5,21.4,17.0,28.6,32.0,19.4,16.6,29.2,21.4,24.0,34.5,27.0,40.5,8.0,14.8,17.5,42.0,70.0,69.4,0.0
2007-08-01,12.2,4.7,0.0,1.4,6.2,13.0,7.7,9.2,9.0,0.0,,29.0,23.1,12.4,30.8,6.0,0.0,0.0,6.2,10.8,5.3,13.6,10.6,6.0,4.3,6.4,3.3,10.0,6.5,18.0,26.0,32.0,10.0,15.0,26.2,41.0
2007-08-02,5.2,15.9,0.0,14.2,18.5,6.0,1.1,12.0,11.0,0.0,,3.2,2.4,8.5,0.0,10.4,0.0,25.5,3.0,8.4,17.2,22.6,5.2,27.5,30.2,12.3,10.0,13.0,21.6,8.4,21.1,0.0,20.1,44.0,47.6,1.0
2007-08-03,11.2,1.4,0.0,14.8,1.0,6.2,13.9,12.2,1.0,0.0,,12.0,19.4,40.4,0.0,8.4,4.2,2.6,4.0,0.0,1.0,5.9,1.4,1.2,12.6,3.2,26.5,0.0,11.0,5.0,0.0,6.0,0.0,29.0,52.4,39.0
2007-08-04,0.0,0.0,0.0,0.0,0.0,10.0,0.0,6.2,0.0,140.6,,0.0,0.0,0.0,1.7,5.0,0.0,0.0,0.0,0.0,0.0,0.0,0.0,0.4,0.0,0.0,0.0,1.6,0.0,0.0,0.0,0.0,0.0,16.0,1.2,45.0
2007-08-05,0.0,18.4,0.0,14.8,3.8,10.6,71.7,25.4,0.0,9.5,,0.0,0.0,0.0,10.0,0.0,0.0,7.0,11.0,60.0,18.0,77.5,5.0,4.4,45.3,1.3,16.5,3.8,27.3,39.0,0.0,0.0,0.0,13.0,0.0,80.0
2007-08-06,0.0,0.0,0.0,0.0,0.0,3.7,0.2,2.6,0.0,7.6,,0.0,0.0,0.0,22.7,0.0,0.0,5.1,0.0,1.0,6.1,0.0,0.0,0.3,0.0,7.2,0.0,0.0,0.8,4.0,0.0,0.0,18.6,0.0,0.0,107.0
2007-08-07,0.0,12.0,0.0,3.4,4.2,4.0,22.8,32.6,0.0,0.0,,0.0,0.0,0.0,11.5,0.0,5.0,15.4,2.0,1.4,6.4,0.0,1.8,2.0,3.0,10.5,20.2,8.0,13.3,6.0,0.0,0.0,0.0,0.0,0.0,88.0
2007-08-08,0.0,0.0,0.0,1.2,0.0,5.0,7.3,2.4,0.0,27.5,,25.0,0.0,0.0,8.0,0.0,0.0,0.0,0.0,2.6,0.0,4.3,0.0,2.0,0.0,0.0,0.0,0.8,14.0,0.0,0.0,0.0,17.6,0.0,0.0,75.0
2007-08-09,0.0,0.4,0.0,4.2,0.0,4.5,0.0,16.0,0.0,0.0,,22.0,0.0,0.0,15.0,0.0,0.0,0.0,0.0,4.0,2.3,15.7,0.6,1.5,3.4,0.0,6.5,0.0,9.8,0.0,0.0,0.0,0.0,0.0,0.0,182.0
2007-08-10,0.0,0.0,0.0,0.0,0.0,2.0,0.0,21.0,0.0,0.0,,93.0,0.0,0.0,60.0,0.0,0.0,0.0,0.0,6.0,0.0,17.0,0.0,0.0,0.0,0.0,0.0,0.0,12.1,0.0,0.0,0.0,5.3,0.0,0.0,
2007-08-11,0.0,18.6,6.0,0.0,15.0,2.5,0.0,6.2,0.0,9.4,,65.0,0.0,0.0,6.7,19.7,0.0,8.4,0.0,12.0,0.0,34.4,1.6,2.0,0.0,0.0,19.2,4.4,15.6,0.0,0.0,0.0,28.6,0.0,0.0,
2007-08-12,9.0,4.3,0.0,0.0,3.2,6.5,17.1,27.4,26.0,21.0,,49.0,100.1,37.4,42.5,4.0,10.4,1.9,13.0,18.2,9.0,6.7,65.2,11.0,23.7,4.0,2.8,9.0,6.4,1.0,18.0,0.0,35.5,2.0,1.4,
2007-08-13,35.0,37.6,11.0,47.4,36.2,34.0,35.8,38.2,74.0,8.4,,55.0,32.4,40.2,4.0,40.8,72.4,35.7,17.4,34.0,34.3,35.0,21.8,24.0,32.3,35.6,37.0,39.4,29.3,56.0,22.4,45.0,18.3,9.0,12.8,
2007-08-14,67.8,3.4,7.0,0.0,14.9,73.0,17.2,4.6,90.0,17.6,,69.0,0.0,57.5,9.0,21.7,91.6,0.0,10.2,2.0,5.0,3.0,12.4,0.4,0.7,4.3,1.0,1.2,41.8,0.8,39.0,2.3,40.4,7.0,15.6,
2007-08-15,49.8,12.1,1.0,26.0,32.0,4.5,0.0,16.8,7.0,69.5,,75.0,50.1,25.4,19.4,72.2,100.2,100.2,16.0,24.0,20.5,20.3,20.4,7.5,7.0,45.5,4.8,28.2,16.6,87.0,8.5,0.0,15.2,22.0,73.2,0.0
2007-08-16,139.6,0.3,32.0,0.0,1.2,8.0,69.2,42.0,7.0,10.5,,95.0,40.5,30.2,46.2,84.4,55.0,29.8,3.0,14.5,2.7,2.7,0.6,1.5,7.2,14.0,29.4,5.0,12.2,13.8,0.0,5.0,30.6,28.0,34.0,0.0
2007-08-17,166.8,14.1,0.0,8.8,15.5,13.0,207.2,36.2,58.0,0.0,,10.0,90.1,124.5,0.0,22.8,0.0,20.2,21.0,0.0,14.0,16.7,16.2,14.5,12.1,33.4,17.4,18.0,41.7,42.0,71.0,77.0,12.1,113.0,163.2,22.0
2007-08-18,52.0,1.9,0.0,15.6,5.8,122.0,49.2,20.4,0.0,0.0,,0.0,15.1,0.0,0.0,0.0,0.0,24.5,13.0,0.0,0.4,10.8,9.0,2.4,3.1,32.5,3.2,24.4,39.6,13.8,0.0,9.0,11.6,0.0,1.4,0.0
2007-08-19,0.0,5.5,29.0,10.0,3.4,25.0,3.4,6.8,22.0,0.0,,0.0,0.0,0.0,0.0,0.0,0.0,9.0,4.0,30.2,6.5,27.7,5.2,3.0,7.7,4.8,15.2,5.4,34.8,6.0,20.3,0.0,0.0,0.0,0.0,0.0
2007-08-20,0.0,2.7,30.0,4.2,3.1,170.0,0.0,3.8,0.0,0.0,,0.0,0.0,0.0,9.0,0.0,0.0,5.7,2.0,2.2,3.2,3.8,1.2,3.0,3.6,7.0,3.5,5.2,16.0,11.6,0.0,0.0,0.0,0.0,0.0,0.0
2007-08-21,0.0,2.8,0.0,0.0,0.0,18.0,0.0,1.6,0.0,0.0,,0.0,0.0,0.0,7.0,3.0,0.0,0.0,0.0,4.2,6.0,0.0,0.0,0.0,0.0,0.0,29.0,1.4,0.9,2.0,0.0,0.0,0.0,2.0,0.0,0.0
2007-08-22,0.0,0.0,0.0,0.0,0.0,19.0,0.0,28.4,0.0,0.0,,0.0,0.0,0.0,6.7,5.3,0.0,0.0,0.0,12.4,0.0,0.0,0.0,0.0,0.0,0.0,20.5,0.0,3.7,1.0,0.0,0.0,0.0,0.0,0.0,0.0
2007-08-23,0.0,0.0,8.0,0.0,0.0,32.0,2.2,1.0,0.0,0.0,,0.0,0.0,20.2,20.7,0.0,10.5,0.0,23.0,4.5,0.0,3.8,5.0,0.0,0.3,0.0,0.0,0.0,0.8,0.0,0.0,0.0,40.1,0.0,0.0,0.0
2007-08-24,48.2,0.0,0.0,60.2,0.0,15.0,0.0,29.8,80.0,0.0,,15.0,0.0,0.0,0.7,13.2,0.0,0.0,19.0,6.4,28.2,0.0,1.2,4.5,6.7,0.0,0.0,0.6,14.4,0.0,61.6,5.5,0.0,62.0,55.2,43.0
2007-08-25,0.1,6.0,7.0,30.6,2.6,0.0,0.0,8.6,0.0,0.0,,25.0,0.0,0.0,28.0,0.0,0.0,5.0,0.0,8.2,0.0,5.3,7.8,14.0,12.8,5.0,0.0,3.2,28.7,1.8,0.0,0.0,11.6,0.0,2.4,0.0
2007-08-26,16.2,26.4,0.0,0.0,3.4,8.5,0.0,72.4,9.0,0.0,,0.0,0.0,0.0,2.8,10.2,0.0,39.5,0.0,32.4,10.5,1.5,0.0,2.5,21.0,25.6,8.5,1.0,38.6,1.0,17.0,0.0,18.0,5.0,3.6,0.0
2007-08-27,38.0,6.4,26.0,6.8,8.0,3.0,34.0,20.6,0.0,0.0,,0.0,17.2,0.0,27.0,12.8,15.4,17.3,24.0,6.2,10.0,27.0,11.0,2.5,9.6,6.5,41.5,21.0,4.2,16.0,0.0,0.0,39.0,0.0,13.8,9.5
2007-08-28,0.0,2.3,9.0,9.4,2.2,31.0,0.6,51.4,0.0,0.0,,0.0,4.2,11.2,46.0,5.4,0.0,15.0,19.2,10.0,9.4,10.4,8.2,12.0,6.6,3.0,5.0,4.0,13.2,7.4,0.0,8.0,3.0,10.0,16.8,0.0
2007-08-29,0.0,13.0,16.0,29.4,1.4,4.0,4.0,41.4,0.0,9.4,,45.0,0.0,0.0,30.7,0.0,0.0,15.2,4.0,14.2,12.4,5.3,3.0,2.0,4.3,0.0,9.0,0.0,60.3,1.2,0.0,0.0,10.1,0.0,0.0,0.0
2007-08-30,0.0,0.0,3.5,0.0,0.0,0.0,5.2,27.2,0.0,19.5,,12.0,0.0,0.0,12.5,4.0,0.0,0.0,0.0,16.4,0.0,5.2,0.0,0.0,53.0,0.0,4.0,0.0,17.0,4.0,0.0,0.0,20.2,0.0,0.0,0.0
2007-08-31,2.6,13.5,0.0,0.0,12.6,5.7,54.5,73.4,0.0,40.3,,9.0,0.0,21.2,8.0,0.0,0.0,3.5,22.0,26.0,14.1,27.5,11.8,43.1,15.0,1.3,26.5,6.0,19.3,2.0,0.0,10.2,119.6,0.0,0.0,0.0
2007-09-01,0.0,15.4,21.0,60.4,22.3,33.0,25.1,22.6,0.0,0.0,,0.0,0.0,11.5,33.0,0.0,0.0,6.0,4.0,2.0,22.0,11.2,6.2,17.2,0.0,10.0,2.4,3.4,14.8,10.5,18.0,0.0,33.6,7.0,3.6,0.0
2007-09-02,1.4,29.0,28.3,2.4,13.0,70.0,69.4,28.4,82.0,0.0,,0.0,0.0,30.4,41.1,0.0,0.0,10.8,14.2,42.0,86.0,72.0,32.4,43.4,32.0,9.0,90.2,4.4,16.9,12.2,69.1,31.3,0.0,33.0,75.8,41.0
2007-09-03,0.6,8.4,10.0,10.2,3.5,4.5,20.0,34.6,0.0,0.0,,48.0,9.3,0.0,0.0,68.0,0.0,10.2,5.2,28.0,10.4,33.2,12.6,7.0,18.0,1.3,88.5,2.8,13.3,6.2,0.0,0.0,6.6,0.0,2.0,0.0
2007-09-04,0.0,0.2,0.0,0.0,0.2,8.0,47.8,0.6,0.0,0.0,,50.0,58.4,42.5,0.0,75.2,0.0,0.7,0.0,32.4,6.0,4.0,1.8,2.0,0.0,0.0,1.0,1.0,16.5,3.0,0.8,9.0,160.5,0.0,6.8,7.5
2007-09-05,193.0,52.6,60.0,61.2,74.0,1.5,42.4,75.0,14.0,0.0,,19.0,103.5,77.4,0.0,5.4,15.0,120.0,6.4,36.8,58.3,54.7,55.8,80.0,90.1,76.0,40.0,74.0,38.2,82.0,23.9,30.2,190.6,38.0,4.6,0.0
2007-09-06,195.4,39.9,41.0,24.8,52.5,119.0,104.1,14.0,26.0,0.0,,0.0,82.4,0.0,2.4,0.0,0.0,121.0,45.0,24.0,30.2,37.6,42.2,24.0,31.0,75.5,41.5,63.2,26.4,70.0,0.0,41.2,3.4,15.0,11.6,0.0
2007-09-07,0.4,20.0,9.2,46.2,37.6,157.0,13.1,36.5,25.0,0.0,,0.0,24.4,0.0,18.0,41.5,0.0,42.0,14.2,20.0,22.3,14.4,23.4,42.0,35.0,16.5,26.2,56.6,39.7,15.0,0.0,20.4,90.6,0.0,2.0,16.5
2007-09-08,126.9,0.0,20.0,0.0,0.0,18.0,11.4,34.4,34.0,0.0,,0.0,31.2,39.5,20.4,29.2,0.0,7.5,25.0,6.4,0.0,0.0,11.8,2.0,0.9,4.2,0.0,2.6,1.3,18.4,0.0,55.4,5.2,29.0,9.8,0.0
2007-09-09,27.4,0.0,0.0,0.0,1.5,19.0,4.0,3.8,2.0,0.0,,0.0,18.5,17.2,5.5,16.7,0.0,0.5,0.0,6.5,5.0,3.5,0.2,1.0,0.0,1.0,0.0,2.8,0.2,0.0,0.0,0.0,2.2,6.0,7.4,16.0
2007-09-10,1.4,4.2,0.0,10.8,6.2,32.0,45.4,4.4,0.0,0.0,,0.0,9.3,10.2,43.0,0.0,30.4,2.2,0.0,8.4,0.0,0.0,0.8,3.0,3.4,3.4,3.5,8.0,0.1,4.0,0.0,0.0,0.0,0.0,2.0,0.0
2007-09-11,0.0,0.0,0.0,0.0,0.0,15.0,1.4,0.0,0.0,0.0,,25.0,32.1,0.0,9.0,28.0,0.0,0.0,0.0,0.0,0.0,0.0,0.0,0.0,0.0,0.0,0.0,0.0,0.1,1.0,0.0,0.0,38.0,0.0,0.0,0.0
2007-09-12,0.0,0.0,0.0,0.0,0.0,0.0,27.2,0.0,2.0,10.0,,7.0,8.4,0.0,161.5,0.0,0.0,0.0,0.0,30.2,34.3,0.0,0.0,0.0,18.5,0.0,0.0,0.0,0.2,0.0,64.0,0.0,0.0,4.0,8.4,0.0
2007-09-13,0.0,7.8,1.0,0.0,14.0,8.5,67.1,3.4,75.0,10.3,,0.0,8.4,68.4,9.0,0.0,0.0,0.0,14.0,28.6,0.0,0.0,32.0,5.0,24.5,0.0,1.5,0.0,0.3,0.0,7.7,0.0,0.0,26.0,60.2,33.0
2007-09-14,0.0,6.6,4.0,6.0,5.2,3.2,0.0,48.8,0.0,10.4,,0.0,0.0,0.0,0.0,0.0,0.0,18.4,0.0,8.0,0.0,75.4,1.2,29.0,20.1,40.8,62.5,6.8,38.4,21.0,0.0,0.0,0.0,0.0,0.0,0.0
2007-09-15,0.0,0.0,0.0,3.2,0.0,1.5,0.0,0.2,0.0,0.0,,0.0,8.5,0.0,1.2,0.0,0.0,7.5,1.2,0.0,22.0,4.0,0.4,0.0,0.0,0.0,0.0,0.4,31.7,3.2,0.0,0.0,0.0,0.0,0.0,0.0
2007-09-16,0.0,1.5,0.0,0.0,0.0,7.3,0.0,2.6,0.0,20.4,,24.0,15.3,0.0,11.3,0.0,0.0,0.0,0.0,0.0,0.0,0.0,5.0,30.0,0.0,0.0,0.0,0.6,0.8,2.1,3.1,0.0,90.4,0.0,0.0,0.0
2007-09-17,10.2,0.0,0.0,0.0,0.0,0.0,27.5,1.6,11.0,10.0,,45.0,4.2,0.0,7.0,0.0,16.8,0.0,0.0,0.0,2.1,3.0,0.2,0.0,0.0,0.0,0.0,0.0,3.6,0.0,35.0,7.4,29.2,0.0,17.4,0.0
2007-09-18,1.8,47.7,22.0,5.0,70.8,3.2,0.6,35.4,42.0,10.2,,0.0,0.0,0.0,1.4,0.0,0.0,0.0,34.0,10.2,45.0,23.3,7.4,50.0,18.8,24.1,46.0,6.8,57.3,14.0,4.0,9.0,1.0,28.0,1.0,0.0
2007-09-19,2.4,0.9,0.0,2.6,1.4,,5.6,0.2,0.0,15.0,,0.0,0.0,0.0,6.7,0.0,0.0,0.0,0.0,8.5,1.0,0.0,0.6,8.5,0.4,0.0,0.0,4.0,9.2,0.1,0.0,0.0,27.6,0.0,0.0,0.0
2007-09-20,0.0,7.0,1.0,0.0,0.0,,7.4,24.2,0.0,0.0,,0.0,0.5,0.0,16.0,0.0,0.0,0.0,0.0,4.2,2.3,13.0,2.2,0.0,2.0,0.0,10.0,0.0,4.7,0.0,0.0,0.0,0.0,0.0,0.0,0.0
2007-09-21,0.0,1.0,0.0,0.0,0.0,,0.0,26.0,0.0,0.0,,0.0,0.0,0.0,0.0,0.0,0.0,2.3,0.0,6.0,0.0,30.2,0.0,0.0,0.0,0.0,0.0,0.0,6.5,0.0,0.0,0.0,0.0,0.0,0.0,0.0
2007-09-22,0.0,0.4,7.6,0.0,0.0,,0.0,39.2,0.0,0.0,,0.0,0.0,0.0,0.0,0.0,0.0,0.0,0.0,0.4,0.0,0.0,0.0,0.2,0.0,0.0,0.0,0.2,0.1,0.0,0.0,0.0,0.0,0.0,0.0,0.0
2007-09-23,0.0,0.0,0.0,0.0,7.2,,0.0,0.0,0.0,0.0,,0.0,0.0,0.0,0.0,0.0,0.0,0.0,0.0,2.0,0.0,0.0,0.0,0.0,0.0,0.0,0.0,0.0,9.7,0.0,0.0,0.0,0.0,0.0,0.0,0.0
2007-09-24,0.0,0.0,0.0,0.0,0.0,,0.0,0.0,0.0,20.4,,0.0,0.0,0.0,0.0,0.0,0.0,0.0,0.0,6.4,2.5,0.0,0.4,0.0,0.0,0.0,0.0,0.0,18.2,0.0,0.0,0.0,9.6,0.0,0.0,0.0
2007-09-25,11.2,10.5,11.3,19.2,8.4,,13.8,28.0,9.0,40.0,,15.0,10.0,20.4,8.0,0.0,0.0,23.8,16.0,8.0,12.3,16.0,19.6,11.5,9.8,9.2,13.5,10.0,44.2,20.0,0.0,5.7,10.0,13.0,16.6,14.0
2007-09-26,69.2,26.9,29.0,40.0,29.8,,41.1,30.6,34.0,20.2,,0.0,40.4,40.5,34.0,0.0,0.0,31.5,36.0,30.4,32.0,31.4,45.2,12.1,22.1,30.1,28.5,23.6,14.3,34.2,2.3,26.2,20.0,56.0,58.0,109.0
2007-09-27,3.6,1.8,2.5,2.8,2.8,,10.3,0.6,4.0,10.4,,0.0,22.5,20.4,20.0,0.0,0.0,7.1,2.0,12.5,2.0,3.0,1.0,2.0,3.2,6.3,1.5,5.0,0.1,8.8,36.7,0.0,23.0,8.0,1.6,6.5
2007-09-28,0.8,5.1,0.0,7.0,0.4,,19.6,27.2,0.0,15.0,,0.0,18.2,15.2,11.5,0.0,0.0,23.9,2.2,6.8,5.0,13.0,1.8,6.3,4.5,0.0,9.5,4.6,0.0,5.6,4.0,0.0,40.3,3.0,18.8,0.0
2007-09-29,47.2,23.0,35.0,23.6,28.2,,21.4,22.4,36.0,10.3,,0.0,45.4,42.5,47.0,0.0,0.0,25.7,44.0,24.0,14.3,33.7,31.0,15.1,24.1,24.0,21.2,31.6,0.0,36.6,69.4,19.1,80.5,40.0,61.6,41.0
2007-09-30,46.0,22.6,21.0,20.6,30.2,,18.9,22.0,156.0,9.4,,0.0,13.3,12.4,17.5,0.0,0.0,30.4,26.0,14.6,40.3,20.8,23.4,23.0,22.5,30.4,22.0,29.2,0.0,26.0,63.0,37.1,39.1,48.0,61.4,12.0
2007-10-01,0.0,0.2,0.0,0.0,0.0,,0.0,0.0,3.0,0.0,,0.0,0.0,0.0,4.7,0.0,0.0,1.0,0.0,12.4,0.0,0.0,1.2,0.2,0.0,0.0,0.0,0.2,0.0,6.5,1.7,0.0,1.3,0.0,3.0,5.0
2007-10-02,0.0,0.0,0.0,0.0,0.0,,5.6,0.0,0.0,0.0,,0.0,0.0,0.0,0.0,0.0,0.0,0.0,0.0,18.0,0.0,0.0,0.0,0.0,0.0,0.0,0.0,0.0,0.0,0.0,0.0,0.0,0.0,0.0,0.0,0.0
2007-10-03,0.0,0.0,0.0,0.0,0.0,,0.0,0.0,0.0,0.0,,0.0,0.0,0.0,0.0,0.0,0.0,0.0,0.0,16.2,0.0,0.0,0.0,0.0,0.0,0.0,0.0,0.0,0.0,0.0,0.0,0.0,0.0,0.0,0.0,0.0
2007-10-04,0.0,0.0,0.0,0.0,0.0,,0.0,0.0,0.0,0.0,,0.0,0.0,0.0,5.8,0.0,0.0,0.0,0.0,0.0,0.0,0.0,0.0,0.0,0.0,0.0,0.0,0.0,0.0,0.0,0.0,0.0,0.0,0.0,0.0,0.0
2007-10-05,0.0,0.0,0.0,1.4,0.0,,0.0,0.0,0.0,0.0,,0.0,0.0,0.0,10.0,0.0,0.0,0.0,0.0,0.0,0.0,1.2,0.0,0.0,0.0,0.0,0.0,0.0,0.0,2.0,0.0,0.0,0.0,0.0,0.0,0.0
2007-10-06,0.0,0.0,0.0,0.0,0.0,,0.0,0.0,0.0,0.0,,0.0,0.0,0.0,0.0,0.0,0.0,14.6,0.0,0.0,0.0,0.0,5.6,0.0,0.0,0.0,0.0,0.0,0.0,4.0,0.0,0.0,10.4,0.0,0.0,0.0
2007-10-07,0.0,0.0,0.0,0.0,0.0,,4.0,0.0,0.0,0.0,,0.0,0.0,0.0,0.0,0.0,0.0,0.0,0.0,0.0,0.0,0.0,0.0,0.0,0.0,0.0,0.0,0.0,0.0,0.0,0.0,0.0,0.0,0.0,0.0,0.0
2007-10-08,0.0,1.5,9.0,0.0,0.0,,1.0,0.0,0.0,0.0,,0.0,0.0,0.0,0.0,0.0,0.0,0.0,0.0,0.0,0.0,0.0,0.0,0.0,0.0,0.0,0.0,0.0,1.3,12.4,0.0,0.0,40.2,0.0,0.0,0.0
2007-10-09,0.0,0.2,0.0,4.0,20.0,,7.4,14.8,63.0,0.0,,0.0,0.0,0.0,0.0,0.0,6.0,12.0,9.0,0.0,0.0,0.0,2.0,8.0,11.7,9.4,5.0,30.2,3.1,0.0,50.5,0.0,0.0,0.0,0.0,0.0
2007-10-10,0.0,0.0,0.0,0.0,0.0,,0.0,0.0,0.0,0.0,,0.0,3.2,0.0,0.0,0.0,0.0,0.0,0.0,0.0,0.0,0.0,0.0,0.0,0.0,0.0,0.0,0.2,0.0,0.0,0.0,0.0,0.0,0.0,0.0,0.0
2007-10-11,0.0,0.0,0.0,0.0,0.0,,2.8,0.0,18.2,0.0,,0.0,0.0,0.0,41.0,0.0,0.0,0.0,0.0,0.0,0.0,0.0,0.0,0.0,0.0,0.0,0.0,0.0,0.0,0.0,0.0,0.0,16.0,0.0,0.0,0.0
2007-10-12,0.0,0.0,0.0,0.0,0.0,,0.0,0.0,0.0,0.0,,0.0,0.0,0.0,10.0,0.0,0.0,0.0,0.0,0.0,0.0,0.0,0.0,0.0,9.7,0.0,0.0,0.0,0.0,0.0,0.0,0.0,0.0,0.0,0.0,0.0
2007-10-13,0.0,3.0,0.0,16.2,0.0,,6.0,26.0,0.0,0.0,,0.0,0.0,0.0,0.0,0.0,0.0,0.5,28.0,0.0,20.0,34.4,9.8,23.0,22.4,0.0,0.0,2.0,0.0,2.0,2.3,55.0,0.0,0.0,0.0,0.0
2007-10-14,0.0,0.3,0.0,0.0,1.2,,23.2,0.0,45.0,0.0,,0.0,0.0,0.0,44.0,0.0,0.0,0.0,1.2,0.0,0.0,0.0,0.0,0.3,0.7,0.0,1.0,0.8,0.1,0.0,0.0,0.0,0.0,0.0,0.0,0.0
2007-10-15,0.0,0.0,0.0,0.0,0.0,,15.9,0.0,0.0,0.0,,0.0,0.0,0.0,8.5,40.5,0.0,0.0,2.0,0.0,0.0,0.0,0.0,0.0,0.0,0.0,0.0,0.0,0.8,0.0,0.0,0.0,16.5,39.0,18.6,14.5
2007-10-16,0.0,0.0,0.0,0.0,0.2,,13.9,7.4,11.0,0.0,,0.0,12.4,20.4,40.0,36.7,0.0,17.2,9.0,0.0,0.0,0.0,1.0,0.0,0.0,0.6,0.0,0.4,24.6,1.2,11.5,0.0,91.6,1.0,1.0,0.0
2007-10-17,69.3,13.2,10.0,23.6,19.8,,17.6,0.0,0.0,0.0,,0.0,43.2,0.0,8.5,0.0,0.0,0.0,0.0,0.0,0.0,13.2,10.4,12.2,11.9,13.5,11.0,13.4,0.3,15.8,42.0,0.0,38.3,11.0,10.4,7.5
2007-10-18,9.0,0.1,0.0,0.0,0.0,,1.3,17.2,0.0,0.0,,0.0,7.4,0.0,4.2,0.0,0.0,0.0,0.0,0.0,0.0,0.0,0.4,0.0,0.0,0.0,0.0,0.0,0.0,0.0,0.0,0.0,0.0,0.0,0.0,0.0
2007-10-19,0.0,0.0,0.0,0.0,0.0,,0.0,0.0,0.0,0.0,,0.0,0.0,0.0,0.0,0.0,0.0,0.0,0.0,0.0,0.0,0.0,0.0,0.0,0.0,0.0,0.0,0.0,0.0,0.0,0.0,0.0,0.0,0.0,0.0,0.0
2007-10-20,0.0,0.0,0.0,0.0,0.0,,0.0,39.6,0.0,0.0,,0.0,0.0,0.0,0.0,0.0,0.0,0.0,0.0,0.0,0.0,0.0,0.0,0.0,0.0,0.0,0.0,0.0,0.0,6.2,0.0,0.0,0.0,0.0,0.0,0.0
2007-10-21,0.0,0.0,0.0,0.0,0.0,,0.0,0.0,0.0,0.0,,0.0,0.0,0.0,0.0,0.0,0.0,0.0,0.0,0.0,0.0,0.0,0.0,0.0,0.0,0.5,0.0,0.0,0.0,0.0,0.0,0.0,0.0,0.0,0.0,0.0
2007-10-22,0.0,0.0,0.0,0.0,0.0,,0.0,0.0,0.0,0.0,,0.0,0.0,0.0,0.0,0.0,0.0,0.0,0.0,0.0,0.0,0.0,0.0,0.0,0.0,0.0,0.0,0.0,0.0,0.0,0.0,0.0,0.0,0.0,0.0,0.0
2007-10-23,0.0,0.0,0.0,0.0,0.0,,0.0,0.0,0.0,0.0,,0.0,0.0,57.4,0.0,0.0,0.0,0.0,0.0,0.0,0.0,0.0,0.0,0.0,0.0,0.0,0.0,0.0,0.0,0.0,0.0,0.0,0.0,0.0,0.0,0.0
2007-10-24,0.1,0.0,0.0,0.0,0.0,,0.0,0.0,50.0,0.0,,0.0,0.0,0.0,0.0,0.0,0.0,0.0,0.0,0.0,0.0,0.0,0.0,0.0,0.0,0.0,0.0,0.0,0.0,0.0,0.0,0.0,0.0,0.0,0.0,0.0
2007-10-25,0.0,0.0,0.0,0.0,0.0,,0.0,0.0,0.0,0.0,,0.0,0.0,0.0,0.0,0.0,0.0,0.0,0.0,0.0,0.0,0.0,0.0,0.0,0.0,0.0,0.0,0.0,0.0,0.0,0.0,0.0,0.0,0.0,0.0,0.0
2007-10-26,0.0,0.0,0.0,0.0,0.0,,0.6,0.0,0.0,0.0,,0.0,0.0,0.0,0.0,0.0,0.0,0.0,0.0,0.0,0.0,0.0,0.0,0.0,0.0,0.0,0.0,0.0,0.0,0.0,0.0,0.0,0.0,0.0,0.0,0.0
2007-10-27,0.0,0.0,0.0,0.0,0.0,,0.0,0.0,0.0,0.0,,0.0,0.0,0.0,0.0,0.0,0.0,0.0,0.0,0.0,0.0,0.0,0.0,0.0,0.0,0.0,0.0,0.0,0.0,0.0,0.0,0.0,0.0,0.0,0.0,0.0
2007-10-28,0.0,0.0,0.0,0.0,0.0,,0.0,0.0,0.0,0.0,,0.0,0.0,0.0,0.0,0.0,0.0,0.0,0.0,0.0,0.0,0.0,0.0,0.0,0.0,0.0,0.0,0.0,0.0,0.0,0.0,0.0,0.0,0.0,0.0,0.0
2007-10-29,0.0,0.0,0.0,0.0,0.0,,0.0,0.0,0.0,0.0,,0.0,0.0,0.0,0.0,0.0,0.0,0.0,0.0,0.0,0.0,0.0,0.0,0.0,0.0,0.0,0.0,0.0,0.0,0.0,0.0,0.0,0.0,0.0,0.0,0.0
2007-10-30,0.0,0.0,0.0,0.0,0.0,,0.0,0.0,0.0,0.0,,0.0,0.0,0.0,0.0,0.0,0.0,0.0,0.0,0.0,0.0,0.0,0.0,0.0,0.0,0.0,0.0,0.0,0.0,0.0,0.0,0.0,0.0,0.0,0.0,0.0
2007-10-31,0.0,0.0,0.0,0.0,0.0,,0.0,0.0,0.0,0.0,,0.0,0.0,0.0,0.0,0.0,0.0,0.0,0.0,0.0,0.0,0.0,0.0,0.0,0.0,0.0,0.0,0.0,0.0,0.0,0.0,0.0,0.0,0.0,0.0,0.0
2007-11-01,0.0,0.0,0.0,0.0,0.0,,0.0,0.0,0.0,0.0,,0.0,0.0,0.0,0.0,0.0,0.0,0.0,0.0,0.0,0.0,0.0,0.0,0.0,0.0,0.0,0.0,0.0,0.0,0.0,0.0,0.0,0.0,0.0,0.0,0.0
2007-11-02,0.0,0.0,0.0,0.0,0.0,,0.0,0.0,0.0,0.0,,0.0,0.0,0.0,0.0,0.0,0.0,0.0,0.0,0.0,0.0,0.0,0.0,0.0,0.0,0.0,0.0,0.0,0.0,0.0,0.0,0.0,0.0,0.0,0.0,0.0
2007-11-03,0.0,0.0,0.0,0.0,0.0,,0.0,0.0,0.0,0.0,,0.0,0.0,0.0,0.0,0.0,0.0,0.0,0.0,0.0,0.0,0.0,0.0,0.0,0.0,0.0,0.0,0.0,0.0,0.0,0.0,0.0,0.0,0.0,0.0,0.0
2007-11-04,0.0,0.0,0.0,0.0,0.0,,0.0,0.0,0.0,0.0,,0.0,0.0,0.0,0.0,0.0,0.0,0.0,0.0,0.0,0.0,0.0,0.0,0.0,0.0,0.0,0.0,0.0,0.0,0.0,0.0,0.0,0.0,0.0,0.0,0.0
2007-11-05,0.0,0.0,0.0,0.0,0.0,,0.0,0.0,0.0,0.0,,0.0,0.0,0.0,0.0,0.0,0.0,0.0,2.0,0.0,0.0,0.0,0.0,0.0,0.0,0.0,0.0,0.0,0.0,0.0,0.0,0.0,0.0,0.0,0.0,0.0
2007-11-06,0.0,0.0,0.0,0.0,0.0,,0.0,0.0,0.0,0.0,,0.0,0.0,0.0,0.0,0.0,0.0,0.0,0.0,0.0,0.0,0.0,0.0,0.0,0.0,0.0,2.2,0.0,0.0,0.4,0.0,0.0,0.0,0.0,0.0,0.0
2007-11-07,0.0,0.0,0.0,0.0,3.8,,0.0,0.0,0.0,0.0,,2.0,0.0,0.0,0.0,0.0,0.0,0.0,0.0,0.0,0.0,0.0,6.0,0.0,0.0,0.0,0.0,9.0,0.0,0.0,0.0,0.0,0.0,0.0,0.0,0.0
2007-11-08,0.0,0.0,0.0,0.0,0.0,,0.0,0.0,0.0,0.0,,0.0,0.0,0.0,0.0,0.0,0.0,0.0,0.0,0.0,0.0,0.0,0.2,0.0,0.0,0.0,0.0,0.0,0.0,0.0,0.0,0.0,0.0,0.0,0.0,0.0
2007-11-09,0.0,0.0,3.0,0.0,1.2,,0.0,0.0,0.0,0.0,,0.0,0.0,0.0,0.0,0.0,0.0,0.0,0.0,0.0,0.0,0.0,0.0,0.0,0.0,0.0,0.0,2.2,0.0,1.4,0.0,0.0,0.0,0.0,0.0,0.0
2007-11-10,5.0,3.2,0.0,4.4,9.0,,12.9,7.8,0.0,0.0,,0.0,4.3,0.0,0.0,0.0,0.0,0.0,2.0,0.0,0.0,9.6,1.6,5.3,0.0,4.6,0.0,12.0,0.0,0.0,0.0,0.0,0.0,0.0,0.0,0.0
2007-11-11,0.0,0.0,0.0,0.0,0.0,,0.0,0.0,0.0,0.0,,0.0,0.0,0.0,0.0,0.0,0.0,0.0,0.0,2.0,0.0,0.0,0.0,0.0,0.0,0.0,0.0,0.0,0.0,0.0,0.0,0.0,0.0,0.0,0.0,0.0
2007-11-12,0.0,0.0,0.0,0.0,0.0,,0.0,0.0,0.0,0.0,,0.0,0.0,0.0,0.0,0.0,0.0,0.0,0.0,0.0,0.0,0.0,0.0,0.0,0.0,0.0,0.0,0.0,0.0,0.0,0.0,0.0,0.0,0.0,0.0,0.0
2007-11-13,0.0,0.0,0.0,0.0,0.0,,0.0,0.0,0.0,0.0,,0.0,0.0,0.0,0.0,0.0,0.0,0.0,0.0,0.0,0.0,0.0,0.0,0.0,0.0,0.0,0.0,0.0,0.0,0.0,0.0,0.0,0.0,0.0,0.0,0.0
2007-11-14,0.0,0.0,0.0,0.0,0.0,,0.0,0.0,0.0,0.0,,0.0,0.0,0.0,0.0,0.0,0.0,0.0,0.0,0.0,0.0,0.0,0.0,0.0,0.0,0.0,0.0,0.0,0.0,0.0,0.0,0.0,0.0,0.0,0.0,0.0
2007-11-15,0.0,0.0,0.0,0.0,0.0,,0.0,0.0,0.0,0.0,,0.0,0.0,0.0,0.0,0.0,0.0,0.0,0.0,0.0,0.0,0.0,0.0,0.0,0.0,0.0,0.0,0.0,0.0,0.0,0.0,0.0,0.0,0.0,0.0,0.0
2007-11-16,0.0,0.0,0.0,0.0,0.0,,0.0,0.0,0.0,0.0,,0.0,0.0,0.0,0.0,0.0,0.0,0.0,0.0,0.0,0.0,0.0,0.0,0.0,0.0,0.0,0.0,0.0,0.0,0.0,0.0,0.0,0.0,0.0,0.0,0.0
2007-11-17,0.0,0.0,0.0,0.0,0.0,,0.0,0.0,0.0,0.0,,0.0,0.0,0.0,0.0,0.0,0.0,0.0,0.0,0.0,0.0,0.0,0.0,0.0,0.0,0.0,0.0,0.0,0.0,0.0,0.0,0.0,0.0,0.0,0.0,0.0
2007-11-18,0.0,0.0,0.0,0.0,0.0,,0.0,0.0,0.0,0.0,,0.0,0.0,0.0,0.0,0.0,0.0,0.0,0.0,0.0,0.0,0.0,0.0,0.0,0.0,0.0,0.0,0.0,0.0,0.0,0.0,0.0,0.0,0.0,0.0,0.0
2007-11-19,0.0,0.0,0.0,0.0,0.0,,0.0,0.0,0.0,0.0,,0.0,0.0,0.0,0.0,0.0,0.0,0.0,0.0,0.0,0.0,0.0,0.0,0.0,0.0,0.0,0.0,0.0,0.0,0.0,0.0,0.0,0.0,0.0,0.0,0.0
2007-11-20,0.0,0.0,0.0,0.0,0.0,,0.0,0.0,0.0,0.0,,0.0,0.0,0.0,0.0,0.0,0.0,0.0,0.0,0.0,0.0,0.0,0.0,0.0,0.0,0.0,0.0,0.0,0.0,0.0,0.0,0.0,0.0,0.0,0.0,0.0
2007-11-21,0.0,0.0,0.0,0.0,0.0,,0.0,0.0,0.0,0.0,,0.0,0.0,0.0,0.0,0.0,0.0,0.0,0.0,0.0,0.0,0.0,0.0,0.0,0.0,0.0,0.0,0.0,0.0,0.0,0.0,0.0,0.0,0.0,0.0,0.0
2007-11-22,0.0,0.0,0.0,0.0,0.0,,0.0,0.0,0.0,0.0,,0.0,0.0,0.0,0.0,0.0,0.0,0.0,0.0,0.0,0.0,0.0,0.0,0.0,0.0,0.0,0.0,0.0,0.0,0.0,0.0,0.0,0.0,0.0,0.0,0.0
2007-11-23,0.0,0.0,0.0,0.0,0.0,,0.0,0.0,0.0,0.0,,0.0,0.0,0.0,0.0,0.0,0.0,0.0,0.0,0.0,0.0,0.0,0.0,0.0,0.0,0.0,0.0,0.0,0.0,0.0,0.0,0.0,0.0,0.0,0.0,0.0
2007-11-24,0.0,0.0,0.0,0.0,0.0,,0.0,0.0,0.0,0.0,,0.0,0.0,0.0,0.0,0.0,0.0,0.0,0.0,0.0,0.0,0.0,0.0,0.0,0.0,0.0,0.0,0.0,0.0,0.0,0.0,0.0,0.0,0.0,0.0,0.0
2007-11-25,0.0,0.0,0.0,0.0,0.0,,0.0,0.0,0.0,0.0,,0.0,0.0,0.0,0.0,0.0,0.0,0.0,0.0,0.0,0.0,0.0,0.0,0.0,0.0,0.0,0.0,0.0,0.0,0.0,0.0,0.0,0.0,0.0,0.0,0.0
2007-11-26,0.0,0.0,0.0,0.0,0.0,,0.0,0.0,0.0,0.0,,0.0,0.0,0.0,0.0,0.0,0.0,0.0,0.0,0.0,0.0,0.0,0.0,0.0,0.0,0.0,0.0,0.0,0.0,0.0,0.0,0.0,0.0,0.0,0.0,0.0
2007-11-27,0.0,0.0,0.0,0.0,0.0,,0.0,0.0,0.0,0.0,,0.0,0.0,0.0,0.0,0.0,0.0,0.0,0.0,0.0,0.0,0.0,0.0,0.0,0.0,0.0,0.0,0.0,0.0,0.0,0.0,0.0,0.0,0.0,0.0,0.0
2007-11-28,0.0,0.0,0.0,0.0,0.0,,0.0,0.0,0.0,0.0,,0.0,0.0,0.0,0.0,0.0,0.0,0.0,0.0,0.0,0.0,0.0,0.0,0.0,0.0,0.0,0.0,0.0,0.0,0.0,0.0,0.0,0.0,0.0,0.0,0.0
2007-11-29,0.0,0.0,0.0,0.0,0.0,,0.0,0.0,0.0,0.0,,0.0,0.0,0.0,0.0,0.0,0.0,0.0,0.0,0.0,0.0,0.0,0.0,0.0,0.0,0.0,0.0,0.0,0.0,0.0,0.0,0.0,0.0,0.0,0.0,0.0
2007-11-30,0.0,0.0,0.0,0.0,0.0,,0.0,0.0,0.0,0.0,,0.0,0.0,0.0,0.0,0.0,0.0,0.0,0.0,0.0,0.0,0.0,0.0,0.0,0.0,0.0,0.0,0.0,0.0,0.0,0.0,0.0,0.0,0.0,0.0,0.0
2007-12-01,0.0,0.0,0.0,0.0,0.0,,0.0,0.0,0.0,0.0,,0.0,0.0,0.0,0.0,0.0,0.0,0.0,0.0,0.0,0.0,0.0,0.0,0.0,0.0,0.0,0.0,0.0,0.0,0.0,0.0,0.0,0.0,0.0,0.0,0.0
2007-12-02,0.0,0.0,0.0,0.0,0.0,,0.0,0.0,0.0,0.0,,0.0,0.0,0.0,0.0,0.0,0.0,0.0,0.0,0.0,0.0,0.0,0.0,0.0,0.0,0.0,0.0,0.0,0.0,0.0,0.0,0.0,0.0,0.0,0.0,0.0
2007-12-03,0.0,0.0,0.0,0.0,0.0,,0.0,0.0,0.0,0.0,,0.0,0.0,0.0,0.0,0.0,0.0,0.0,0.0,0.0,0.0,0.0,0.0,0.0,0.0,0.0,0.0,0.0,0.0,0.0,0.0,0.0,0.0,0.0,0.0,0.0
2007-12-04,0.0,0.0,0.0,0.0,0.0,,0.0,0.0,0.0,0.0,,0.0,0.0,0.0,0.0,0.0,0.0,0.0,0.0,0.0,0.0,0.0,0.2,0.0,0.0,0.0,0.0,0.0,0.0,0.0,0.0,0.0,0.0,0.0,0.0,0.0
2007-12-05,0.0,0.0,0.0,0.0,0.0,,0.0,0.0,0.0,0.0,,0.0,0.0,0.0,0.0,0.0,0.0,0.0,0.0,0.0,0.0,0.0,0.0,0.0,0.0,0.0,0.0,0.0,0.0,0.0,0.0,0.0,0.0,0.0,0.0,0.0
2007-12-06,0.0,0.0,0.0,0.0,0.0,,0.0,0.0,0.0,0.0,,0.0,0.0,0.0,0.0,0.0,0.0,0.0,0.0,0.0,0.0,0.0,0.0,0.0,0.0,0.0,0.0,0.0,0.0,0.0,0.0,0.0,0.0,0.0,0.0,0.0
2007-12-07,0.0,0.0,0.0,0.0,0.0,,0.0,0.0,0.0,0.0,,0.0,0.0,0.0,0.0,0.0,0.0,0.0,0.0,0.0,0.0,0.0,0.0,0.0,0.0,0.0,0.0,0.0,0.0,0.0,0.0,0.0,0.0,0.0,0.0,0.0
2007-12-08,0.0,0.0,0.0,0.0,0.0,,0.0,0.0,0.0,0.0,,0.0,0.0,0.0,0.0,0.0,0.0,0.0,0.0,0.0,0.0,0.0,0.0,0.0,0.0,0.0,0.0,0.0,0.0,0.0,0.0,0.0,0.0,0.0,0.0,0.0
2007-12-09,0.0,0.0,0.0,0.0,0.0,,0.0,0.0,0.0,0.0,,0.0,0.0,0.0,0.0,0.0,0.0,0.0,0.0,0.0,0.0,0.0,0.0,0.0,0.0,0.0,0.0,0.0,0.0,0.0,0.0,0.0,0.0,0.0,0.0,0.0
2007-12-10,0.0,0.0,0.0,0.0,0.0,,0.0,0.0,0.0,0.0,,0.0,0.0,0.0,0.0,0.0,0.0,0.0,0.0,0.0,0.0,0.0,0.0,0.0,0.0,0.0,0.0,0.0,0.0,0.0,0.0,0.0,0.0,0.0,0.0,0.0
2007-12-11,0.0,0.0,0.0,0.0,0.0,,0.0,0.0,0.0,0.0,,0.0,0.0,0.0,0.0,0.0,0.0,0.0,0.0,0.0,0.0,0.0,0.0,0.0,0.0,0.0,0.0,0.0,0.0,0.0,0.0,0.0,0.0,0.0,0.0,0.0
2007-12-12,0.0,0.0,0.0,0.0,0.0,,0.0,0.0,0.0,0.0,,0.0,0.0,0.0,0.0,0.0,0.0,0.0,0.0,0.0,0.0,0.0,0.0,0.0,0.0,0.0,0.0,0.0,0.0,0.0,0.0,0.0,0.0,0.0,0.0,0.0
2007-12-13,0.0,0.0,0.0,0.0,0.0,,0.0,0.0,0.0,0.0,,0.0,0.0,0.0,0.0,0.0,0.0,0.0,0.0,0.0,0.0,0.0,0.0,0.0,0.0,0.0,0.0,0.0,0.0,0.0,0.0,0.0,0.0,0.0,0.0,0.0
2007-12-14,0.0,0.0,0.0,0.0,0.0,,0.0,0.0,0.0,0.0,,0.0,0.0,0.0,0.0,0.0,0.0,0.0,0.0,0.0,0.0,0.0,0.0,0.0,0.0,0.0,0.0,0.0,0.0,0.0,0.0,0.0,0.0,0.0,0.0,0.0
2007-12-15,0.0,0.0,0.0,0.0,0.0,,0.0,0.0,0.0,0.0,,0.0,0.0,0.0,0.0,0.0,0.0,0.0,0.0,0.0,0.0,0.0,0.0,0.0,0.0,0.0,0.0,0.0,0.0,0.0,0.0,0.0,0.0,0.0,0.0,0.0
2007-12-16,0.0,0.0,0.0,0.0,0.0,,0.0,0.0,0.0,0.0,,0.0,0.0,0.0,0.0,0.0,0.0,0.0,0.0,0.0,0.0,0.0,0.0,0.0,0.0,0.0,0.0,0.0,0.0,0.0,0.0,0.0,0.0,0.0,0.0,0.0
2007-12-17,0.0,0.0,0.0,0.0,0.0,,0.0,0.0,0.0,0.0,,0.0,0.0,0.0,0.0,0.0,0.0,0.0,0.0,0.0,0.0,0.0,0.0,0.0,0.0,0.0,0.0,0.0,0.0,0.0,0.0,0.0,0.0,0.0,0.0,0.0
2007-12-18,0.0,0.0,0.0,0.0,0.0,,0.0,0.0,0.0,0.0,,0.0,0.0,0.0,0.0,0.0,0.0,0.0,0.0,0.0,0.0,0.0,0.0,0.0,0.0,0.0,0.0,0.0,0.0,0.0,0.0,0.0,0.0,0.0,0.0,0.0
2007-12-19,0.0,0.0,0.0,0.0,0.0,,0.0,0.0,0.0,0.0,,0.0,0.0,0.0,0.0,0.0,0.0,0.0,0.0,0.0,0.0,0.0,0.0,0.0,0.0,0.0,0.0,0.0,0.0,0.0,0.0,0.0,0.0,0.0,0.0,0.0
2007-12-20,0.0,0.0,0.0,0.0,0.0,,0.0,0.0,0.0,0.0,,0.0,0.0,0.0,0.0,0.0,0.0,0.0,0.0,0.0,0.0,0.0,0.0,0.0,0.0,0.0,0.0,0.0,0.0,0.0,0.0,0.0,0.0,0.0,0.0,0.0
2007-12-21,0.0,0.0,0.0,0.0,0.0,,0.0,0.0,0.0,0.0,,0.0,0.0,0.0,0.0,0.0,0.0,0.0,0.0,0.0,0.0,0.0,0.0,0.0,0.0,0.0,0.0,0.0,0.0,0.0,0.0,0.0,0.0,0.0,0.0,0.0
2007-12-22,0.0,0.0,0.0,0.0,0.0,,0.0,0.0,0.0,0.0,,0.0,0.0,0.0,0.0,0.0,0.0,0.0,0.0,0.0,0.0,0.0,0.0,0.0,0.0,0.0,0.0,0.0,0.0,0.0,0.0,0.0,0.0,0.0,0.0,0.0
2007-12-23,0.0,0.0,0.0,0.0,0.0,,0.0,0.0,0.0,0.0,,0.0,0.0,0.0,0.0,0.0,0.0,0.0,0.0,0.0,0.0,0.0,0.0,0.0,0.0,0.0,0.0,0.0,0.0,0.0,0.0,0.0,0.0,0.0,0.0,0.0
2007-12-24,0.0,0.0,0.0,0.0,0.0,,0.0,0.0,0.0,0.0,,0.0,0.0,0.0,0.0,0.0,0.0,0.0,0.0,0.0,0.0,0.0,0.0,0.0,0.0,0.0,0.0,0.0,0.0,0.0,0.0,0.0,0.0,0.0,0.0,0.0
2007-12-25,0.0,0.0,0.0,0.0,0.0,,0.0,0.0,0.0,0.0,,0.0,0.0,0.0,0.0,0.0,0.0,0.0,0.0,0.0,0.0,0.0,0.0,0.0,0.0,0.0,0.0,0.0,0.0,0.0,0.0,0.0,0.0,0.0,0.0,0.0
2007-12-26,0.0,0.0,0.0,0.0,0.0,,0.0,0.0,0.0,0.0,,0.0,0.0,0.0,0.0,0.0,0.0,0.0,0.0,0.0,0.0,0.0,0.0,0.0,0.0,0.0,0.0,0.0,0.0,0.0,0.0,0.0,0.0,0.0,0.0,0.0
2007-12-27,0.0,0.0,0.0,0.0,0.0,,0.0,0.0,0.0,0.0,,0.0,0.0,0.0,0.0,0.0,0.0,0.0,0.0,0.0,0.0,0.0,0.0,0.0,0.0,0.0,0.0,0.0,0.0,0.0,0.0,0.0,0.0,0.0,0.0,0.0
2007-12-28,0.0,0.0,0.0,0.0,0.0,,0.0,0.0,0.0,0.0,,0.0,0.0,0.0,0.0,0.0,0.0,0.0,0.0,0.0,0.0,0.0,0.0,0.0,0.0,0.0,0.0,0.0,0.0,0.0,0.0,0.0,0.0,0.0,0.0,0.0
2007-12-29,0.0,0.0,0.0,0.0,0.0,,0.0,0.0,0.0,0.0,,0.0,0.0,0.0,0.0,0.0,0.0,0.0,0.0,0.0,0.0,0.0,0.0,0.0,0.0,0.0,0.0,0.0,0.0,0.0,0.0,0.0,0.0,0.0,0.0,0.0
2007-12-30,0.0,0.0,0.0,0.0,0.0,,0.0,0.0,0.0,0.0,,0.0,0.0,0.0,0.0,0.0,0.0,0.0,0.0,0.0,0.0,0.0,0.0,0.0,0.0,0.0,0.0,0.0,0.0,0.0,0.0,0.0,0.0,0.0,0.0,0.0
2007-12-31,0.0,0.0,0.0,0.0,0.0,,0.0,0.0,0.0,0.0,,0.0,0.0,0.0,0.0,0.0,0.0,0.0,0.0,0.0,0.0,0.0,0.0,0.0,0.0,0.0,0.0,0.0,0.0,0.0,0.0,0.0,0.0,0.0,0.0,0.0
2008-01-01,0.0,0.0,0.0,0.0,0.0,,0.0,0.0,0.0,0.0,,0.0,0.0,0.0,0.0,0.0,,0.0,0.0,0.0,0.0,0.0,0.0,0.0,0.0,0.0,0.0,0.0,0.0,0.0,0.0,0.0,0.0,0.0,0.0,0.0
2008-01-02,0.0,0.0,0.0,0.0,0.0,,0.0,0.0,0.0,0.0,,0.0,0.0,0.0,0.0,0.0,,6.1,0.0,0.0,0.0,0.0,0.0,0.0,0.0,0.0,0.0,0.0,0.0,0.0,0.0,0.0,0.0,0.0,0.0,0.0
2008-01-03,0.0,0.0,0.0,0.0,0.0,,0.0,0.0,0.0,0.0,,0.0,0.0,0.0,0.0,0.0,,0.0,0.0,0.0,0.0,0.0,0.0,0.0,0.0,0.0,0.0,0.0,0.0,0.0,0.0,0.0,0.0,0.0,0.0,0.0
2008-01-04,0.0,0.0,0.0,0.0,0.0,,0.0,0.0,0.0,0.0,,0.0,0.0,0.0,0.0,0.0,,0.0,0.0,0.0,0.0,0.0,0.0,0.0,0.0,0.0,0.0,0.0,0.0,0.0,0.0,0.0,0.0,0.0,0.0,0.0
2008-01-05,0.0,0.0,0.0,0.0,0.0,,0.0,0.0,0.0,0.0,,0.0,0.0,0.0,0.0,0.0,,0.0,0.0,0.0,0.0,0.0,0.0,0.0,0.0,0.0,0.0,0.0,0.0,0.0,0.0,0.0,0.0,0.0,0.0,0.0
2008-01-06,0.0,0.0,0.0,0.0,0.0,,0.0,0.0,0.0,0.0,,0.0,0.0,0.0,0.0,0.0,,0.0,0.0,0.0,0.0,0.0,0.0,0.0,0.0,0.0,0.0,0.0,0.0,0.0,0.0,0.0,0.0,0.0,0.0,0.0
2008-01-07,0.0,0.0,0.0,0.0,0.0,,0.0,0.0,0.0,0.0,,0.0,0.0,0.0,0.0,0.0,,0.0,0.0,0.0,0.0,0.0,0.0,0.0,0.0,0.0,0.0,0.0,0.0,0.0,0.0,0.0,0.0,0.0,0.0,0.0
2008-01-08,0.0,0.0,0.0,0.0,0.0,,0.0,0.0,0.0,0.0,,0.0,0.0,0.0,0.0,0.0,,0.0,0.0,0.0,0.0,0.0,0.0,0.0,0.0,0.0,0.0,0.0,0.0,0.0,0.0,0.0,0.0,0.0,0.0,0.0
2008-01-09,0.0,0.0,0.0,0.0,0.0,,0.0,0.0,0.0,0.0,,0.0,0.0,0.0,0.0,0.0,,0.0,0.0,0.0,0.0,0.0,0.0,0.0,0.0,0.0,0.0,0.0,0.0,0.0,0.0,0.0,0.0,0.0,0.0,0.0
2008-01-10,0.0,0.0,0.0,0.0,0.0,,0.0,0.0,0.0,0.0,,0.0,0.0,0.0,0.0,0.0,,0.0,0.0,0.0,0.0,0.0,0.0,0.0,0.0,0.0,0.0,0.0,0.0,0.0,0.0,0.0,0.0,0.0,0.0,0.0
2008-01-11,0.0,0.0,0.0,0.0,0.0,,0.0,0.0,0.0,0.0,,0.0,0.0,0.0,0.0,0.0,,0.0,0.0,0.0,0.0,0.0,0.0,0.0,0.0,0.0,0.0,0.0,0.0,0.0,0.0,0.0,0.0,0.0,0.0,0.0
2008-01-12,0.0,0.0,0.0,0.0,0.0,,0.0,0.0,0.0,0.0,,0.0,0.0,0.0,0.0,0.0,,0.0,0.0,0.0,0.0,0.0,0.0,0.0,0.0,0.0,0.0,0.0,0.0,0.0,0.0,0.0,0.0,0.0,0.0,0.0
2008-01-13,0.0,0.0,0.0,0.0,0.0,,0.0,0.0,0.0,0.0,,0.0,0.0,0.0,0.0,0.0,,0.0,0.0,0.0,0.0,0.0,0.0,0.0,0.0,0.0,0.0,0.0,0.0,0.0,0.0,0.0,0.0,0.0,0.0,0.0
2008-01-14,0.0,0.0,0.0,0.0,0.0,,0.0,0.0,0.0,0.0,,0.0,0.0,0.0,0.0,0.0,,0.0,0.0,0.0,0.0,0.0,0.0,0.0,0.0,0.0,0.0,0.0,0.0,0.0,0.0,0.0,0.0,0.0,0.0,0.0
2008-01-15,0.0,0.0,0.0,0.0,0.0,,0.0,0.0,0.0,0.0,,0.0,0.0,0.0,0.0,0.0,,0.0,0.0,0.0,0.0,0.0,0.0,0.0,0.0,0.0,0.0,0.0,0.0,0.0,0.0,0.0,0.0,0.0,0.0,0.0
2008-01-16,0.0,0.0,0.0,0.0,0.0,,0.0,0.0,0.0,0.0,,0.0,0.0,0.0,0.0,0.0,,0.0,0.0,0.0,0.0,0.0,0.0,0.0,0.0,0.0,0.0,0.0,0.0,0.0,0.0,0.0,0.0,0.0,0.0,0.0
2008-01-17,0.0,0.0,0.0,0.0,0.0,,0.0,0.0,0.0,0.0,,0.0,0.0,0.0,0.0,0.0,,0.0,0.0,0.0,0.0,0.0,0.0,0.0,0.0,0.0,0.0,0.0,0.0,0.0,3.1,0.0,0.0,0.0,0.0,0.0
2008-01-18,0.0,0.0,0.0,0.0,0.0,,0.0,0.0,0.0,0.0,,5.0,2.3,0.0,0.0,0.0,,0.0,0.0,0.0,0.0,0.0,0.0,0.0,0.0,0.0,0.0,0.0,0.0,0.0,0.0,0.0,0.0,0.0,0.0,0.0
2008-01-19,2.8,4.9,0.0,7.2,0.0,,6.8,4.2,1.4,3.2,,0.0,5.4,5.2,6.5,7.0,,0.0,5.0,0.0,0.0,3.0,6.6,5.2,5.6,5.4,3.5,5.2,1.8,7.5,0.0,0.0,13.0,0.0,1.8,0.0
2008-01-20,0.0,0.0,0.0,0.0,0.0,,0.0,0.0,0.0,0.0,,0.0,10.3,0.0,0.0,0.0,,0.0,0.0,0.0,0.0,0.0,0.0,0.0,0.0,0.0,0.0,0.0,0.0,0.0,0.0,0.0,0.0,0.0,0.0,0.0
2008-01-21,0.0,0.0,0.0,0.0,0.0,,0.0,0.0,0.0,0.0,,0.0,0.0,0.0,0.0,0.0,,0.0,0.0,0.0,0.0,0.0,0.0,0.0,0.0,0.0,0.0,0.0,0.0,0.0,0.0,0.0,0.0,0.0,0.0,0.0
2008-01-22,0.0,0.0,0.0,0.0,0.0,,0.0,0.0,0.0,0.0,,0.0,0.0,0.0,0.0,0.0,,0.0,0.0,0.0,0.0,0.0,0.0,0.0,0.0,0.0,0.0,0.0,0.0,0.0,0.0,0.0,2.0,0.0,0.0,0.0
2008-01-23,0.0,0.0,0.0,0.0,0.0,,0.0,0.0,0.0,0.0,,0.0,0.0,0.0,0.0,0.0,,0.0,0.0,0.0,0.0,0.0,0.0,0.0,0.0,0.0,0.0,0.0,0.0,0.0,0.0,0.0,1.0,0.0,0.0,0.0
2008-01-24,0.0,0.0,0.0,0.0,0.0,,0.0,0.0,0.0,0.0,,0.0,0.0,0.0,0.0,0.0,,0.0,0.0,0.0,0.0,0.0,0.0,0.0,0.0,0.0,0.0,0.0,0.0,0.0,0.0,0.0,0.0,0.0,0.0,0.0
2008-01-25,0.0,0.0,0.0,0.0,0.0,,0.0,0.0,0.0,0.0,,0.0,0.0,0.0,0.0,0.0,,0.0,0.0,0.0,0.0,0.0,0.0,0.0,0.0,0.0,0.0,0.0,0.0,0.0,0.0,0.0,0.0,0.0,0.0,0.0
2008-01-26,0.0,0.0,0.0,0.0,0.0,,0.0,0.0,0.0,0.0,,0.0,0.0,0.0,0.0,0.0,,0.0,0.0,0.0,0.0,0.0,0.0,0.0,0.0,0.0,0.0,0.0,0.0,0.0,0.0,0.0,0.0,0.0,0.0,0.0
2008-01-27,0.0,0.0,0.0,0.0,0.0,,3.8,0.0,0.0,0.0,,0.0,3.4,0.0,0.0,0.0,,0.0,0.0,0.0,0.0,0.0,2.2,0.0,0.0,0.0,1.0,0.0,0.0,0.0,0.0,0.0,0.0,0.0,0.0,0.0
2008-01-28,0.0,0.0,0.0,0.0,0.0,,0.0,0.0,0.0,0.0,,0.0,5.4,0.0,0.0,0.0,,0.5,0.0,0.0,0.0,0.0,0.0,0.0,0.0,1.5,0.0,4.8,0.0,2.5,0.0,0.0,0.0,0.0,0.0,0.0
2008-01-29,0.0,0.0,0.0,0.0,0.0,,0.0,0.0,0.0,0.0,,0.0,0.0,0.0,0.0,0.0,,0.0,0.0,0.0,0.0,0.0,0.0,0.0,0.0,0.0,0.0,0.0,0.0,0.0,0.0,0.0,0.0,0.0,0.0,0.0
2008-01-30,0.0,0.0,0.0,0.0,0.0,,0.0,0.0,0.0,0.0,,0.0,0.0,0.0,0.0,0.0,,0.5,0.0,0.0,0.0,0.0,0.0,0.0,0.0,0.0,0.0,0.0,0.0,0.0,0.5,0.0,8.0,0.0,0.0,0.0
2008-01-31,2.0,0.0,0.0,0.0,0.0,,0.0,1.8,0.0,0.0,,0.0,0.0,0.0,0.0,0.0,,0.0,1.0,0.0,0.0,0.0,0.0,0.0,0.0,0.0,0.0,0.6,0.0,0.0,0.0,0.0,0.0,0.0,0.0,0.0
2008-02-01,0.0,0.0,0.0,0.0,0.0,,0.0,0.0,0.0,0.0,,0.0,0.0,0.0,0.0,0.0,,0.0,0.0,0.0,0.0,0.0,0.0,0.0,0.0,0.0,0.0,0.0,0.0,0.0,0.0,0.0,0.0,0.0,0.0,0.0
2008-02-02,0.0,0.0,0.0,0.0,0.0,,0.0,0.0,0.0,0.0,,0.0,0.0,0.0,0.0,0.0,,0.0,0.0,0.0,0.0,0.0,0.0,0.0,0.0,0.0,0.0,0.0,0.0,0.0,0.0,0.0,0.0,0.0,0.0,0.0
2008-02-03,0.0,0.0,0.0,0.0,0.0,,0.0,0.0,0.0,0.0,,0.0,0.0,0.0,0.0,0.0,,0.0,0.0,0.0,0.0,0.0,0.0,0.0,0.0,0.0,0.0,0.0,0.0,0.0,0.0,0.0,0.0,0.0,0.0,0.0
2008-02-04,0.0,0.0,0.0,0.0,0.0,,0.0,0.0,0.0,0.0,,0.0,0.0,0.0,0.0,0.0,,0.0,0.0,0.0,18.0,0.0,0.0,0.0,0.0,13.6,0.0,0.0,0.0,0.0,0.0,0.0,0.0,0.0,0.0,0.0
2008-02-05,0.0,0.0,0.0,0.0,0.0,,0.0,0.0,0.0,0.0,,0.0,0.0,0.0,0.0,0.0,,0.0,0.0,0.0,0.0,0.0,0.0,0.0,0.0,0.0,0.0,0.0,0.0,0.0,0.0,0.0,0.0,0.0,0.0,0.0
2008-02-06,0.0,0.0,0.0,0.0,0.0,,0.0,0.0,0.0,0.0,,0.0,0.0,0.0,0.0,0.0,,0.0,0.0,0.0,0.0,0.0,0.0,0.0,0.0,0.0,0.0,0.0,0.0,0.0,0.0,0.0,0.0,0.0,0.0,0.0
2008-02-07,0.0,0.0,0.0,0.0,0.0,,0.0,0.0,0.0,0.0,,0.0,0.0,0.0,0.0,0.0,,0.0,0.0,0.0,0.0,0.0,0.0,0.0,0.0,0.0,0.0,0.0,0.0,0.0,0.0,0.0,0.0,0.0,0.0,0.0
2008-02-08,0.0,0.0,0.0,0.0,0.0,,0.0,0.0,0.0,0.0,,0.0,0.0,0.0,0.0,0.0,,0.0,0.0,0.0,0.0,0.0,0.0,0.0,0.0,0.4,0.0,0.0,0.0,0.0,0.0,0.0,0.0,0.0,0.0,0.0
2008-02-09,0.0,0.0,0.0,0.0,0.0,,0.0,0.0,0.0,0.0,,0.0,0.0,0.0,0.0,0.0,,0.0,0.0,0.0,0.0,0.0,0.0,0.0,0.0,0.0,0.0,0.0,0.0,0.0,0.0,0.0,0.0,0.0,0.0,0.0
2008-02-10,0.0,0.0,0.0,0.0,0.0,,0.0,0.0,0.0,0.0,,0.0,0.0,0.0,0.0,0.0,,0.0,0.0,0.0,0.0,0.0,0.0,0.0,0.0,0.0,0.0,0.0,0.0,0.0,0.0,0.0,0.0,0.0,0.0,0.0
2008-02-11,0.0,0.0,0.0,0.0,0.0,,0.0,0.0,0.0,0.0,,0.0,0.0,0.0,0.0,0.0,,0.0,0.0,0.0,0.0,0.0,0.0,0.0,0.0,0.0,0.0,0.0,0.0,0.0,0.0,0.0,0.0,0.0,0.0,0.0
2008-02-12,0.0,0.0,0.0,0.0,0.0,,0.0,0.0,0.0,0.0,,0.0,0.0,0.0,0.0,0.0,,0.0,0.0,0.0,0.0,0.0,0.0,0.0,0.0,0.0,0.0,0.0,0.0,0.0,0.0,0.0,0.0,0.0,0.0,0.0
2008-02-13,0.0,0.0,0.0,0.0,0.0,,0.0,0.0,0.0,0.0,,0.0,,0.0,0.0,4.0,,0.0,0.0,0.0,0.0,0.0,0.0,0.0,0.0,0.0,0.0,0.0,0.0,0.0,0.0,0.0,0.0,0.0,0.0,0.0
2008-02-14,0.0,0.0,0.0,0.0,0.0,,0.0,0.0,0.0,0.0,,0.0,,0.0,0.0,0.0,,0.0,0.0,0.0,0.0,0.0,0.0,0.0,0.0,0.0,0.0,0.0,0.0,0.0,0.0,0.0,0.0,0.0,0.0,0.0
2008-02-15,0.0,0.0,0.0,0.0,0.0,,0.0,0.0,0.0,0.0,,0.0,,0.0,0.0,0.0,,0.0,0.0,0.0,0.0,0.0,0.0,0.0,0.0,0.0,0.0,0.0,0.0,0.0,0.0,0.0,0.0,0.0,0.0,0.0
2008-02-16,0.0,0.0,0.0,0.0,0.0,,0.0,0.0,0.0,0.0,,0.0,,0.0,0.0,0.0,,0.0,0.0,0.0,0.0,0.0,0.0,0.0,0.0,0.0,0.0,0.0,0.0,0.0,0.0,0.0,0.0,0.0,0.0,0.0
2008-02-17,0.0,0.0,0.0,0.0,0.0,,0.0,0.0,0.0,0.0,,0.0,,0.0,0.0,0.0,,0.0,0.0,0.0,0.0,0.0,0.0,0.0,0.0,0.0,0.0,0.0,0.0,0.0,0.0,0.0,0.0,0.0,0.0,0.0
2008-02-18,0.0,0.0,0.0,0.0,0.0,,0.0,0.0,0.0,0.0,,5.0,,0.0,0.0,0.0,,0.0,0.0,0.0,0.0,0.0,0.0,0.0,0.0,0.0,0.0,0.0,0.0,0.0,0.0,0.0,0.0,0.0,0.0,0.0
2008-02-19,0.0,0.0,0.0,0.0,0.0,,0.0,0.0,0.0,0.0,,0.0,,0.0,0.0,0.0,,0.0,0.0,0.0,0.0,0.0,0.0,0.0,0.0,0.0,0.0,0.0,0.0,0.0,0.0,0.0,0.0,0.0,0.0,0.0
2008-02-20,0.0,0.0,0.0,0.0,0.0,,1.4,0.0,4.0,0.0,,0.0,,0.0,4.2,0.0,,1.0,0.0,0.0,0.0,0.0,0.0,0.0,0.0,2.5,0.0,0.0,0.0,2.0,0.0,0.0,0.0,21.0,6.6,0.0
2008-02-21,0.0,0.0,0.0,0.0,0.0,,0.0,0.0,0.0,0.0,,0.0,,10.2,0.0,0.0,,0.0,0.0,0.0,0.0,0.0,0.0,0.0,0.0,0.0,0.0,0.0,0.0,0.0,0.0,0.0,0.0,0.0,0.0,0.0
2008-02-22,0.0,0.0,0.0,0.0,0.0,,0.0,0.0,0.0,0.0,,0.0,,0.0,0.0,0.0,,0.0,0.0,0.0,0.0,0.0,0.0,0.0,0.0,0.0,0.0,0.0,0.0,0.0,0.0,0.0,0.0,0.0,0.0,0.0
2008-02-23,0.0,0.0,0.0,0.0,0.0,,0.0,0.0,0.0,0.0,,0.0,,0.0,0.0,0.0,,0.0,0.0,0.0,0.0,0.0,0.0,0.0,0.0,0.0,0.0,0.0,0.0,0.0,0.0,0.0,0.0,0.0,0.0,0.0
2008-02-24,0.0,0.0,0.0,0.0,0.0,,0.0,0.0,0.0,0.0,,0.0,,0.0,0.0,0.0,,0.0,0.0,0.0,0.0,0.0,0.0,0.0,0.0,0.0,0.0,0.0,0.0,0.0,0.0,0.0,0.0,0.0,0.0,0.0
2008-02-25,0.0,0.0,0.0,0.0,0.0,,0.0,0.0,0.0,0.0,,0.0,,0.0,0.0,0.0,,0.0,0.0,0.0,23.0,0.0,0.0,0.0,0.0,0.0,0.0,0.0,0.0,0.0,0.0,0.0,0.0,0.0,0.0,0.0
2008-02-26,0.0,0.0,0.0,0.0,0.0,,0.0,0.0,0.0,0.0,,0.0,,0.0,0.0,0.0,,0.0,0.0,0.0,0.0,0.0,0.0,0.0,0.0,0.0,0.0,0.0,0.0,0.0,0.0,0.0,0.0,0.0,0.0,0.0
2008-02-27,0.0,0.0,0.0,0.0,0.0,,0.0,0.0,0.0,0.0,,0.0,,0.0,0.0,0.0,,0.0,0.0,0.0,0.0,0.0,0.0,0.0,0.0,0.0,0.0,0.0,0.0,0.0,0.0,0.0,0.0,0.0,0.0,0.0
2008-02-28,0.0,0.0,0.0,0.0,0.0,,0.0,0.0,0.0,0.0,,0.0,,0.0,0.0,0.0,,0.0,0.0,0.0,0.0,0.0,0.0,0.0,0.0,0.0,0.0,0.0,0.0,0.0,0.0,0.0,0.0,0.0,0.0,0.0
2008-02-29,0.0,0.0,0.0,0.0,0.0,,0.0,0.0,0.0,0.0,,0.0,,0.0,0.0,0.0,,0.0,0.0,0.0,0.0,0.0,0.0,0.0,0.0,0.0,0.0,0.0,0.0,0.0,0.0,0.0,0.0,0.0,0.0,0.0
2008-03-01,0.0,0.0,0.0,0.0,0.0,,0.0,0.0,0.0,0.0,,0.0,,0.0,0.0,0.0,,0.0,0.0,0.0,0.0,0.0,0.0,0.0,0.0,0.0,0.0,0.0,0.0,0.0,0.0,0.0,0.0,0.0,0.0,0.0
2008-03-02,0.0,0.0,0.0,0.0,0.0,,0.0,0.0,0.0,0.0,,12.0,,0.0,0.0,0.0,,0.0,0.0,0.0,0.0,0.0,0.0,0.0,1.2,0.0,0.0,0.0,0.0,0.0,0.0,0.0,0.0,0.0,0.0,0.0
2008-03-03,0.0,12.1,0.0,0.0,0.0,,0.0,5.4,0.0,0.0,,7.0,,0.0,0.0,23.4,,0.0,0.0,0.0,0.0,2.5,0.0,1.2,0.0,0.0,0.0,0.0,0.0,0.0,10.1,0.0,0.0,0.0,0.0,0.0
2008-03-04,16.4,17.7,0.0,10.0,20.4,,6.1,9.2,5.0,0.0,,0.0,,2.4,6.5,0.0,,14.4,9.0,0.0,18.0,12.0,14.2,13.0,17.9,0.0,0.0,16.8,19.7,0.0,0.0,7.1,0.0,4.0,8.2,4.5
2008-03-05,1.2,0.0,0.0,3.8,5.8,,0.7,4.0,0.0,0.0,,0.0,,0.0,0.0,0.0,,0.5,0.0,0.0,0.0,3.0,0.0,2.0,4.4,0.0,2.0,2.0,2.1,17.5,7.2,0.0,0.0,0.0,0.0,0.0
2008-03-06,0.0,0.0,0.0,0.0,0.0,,0.0,4.2,0.0,0.0,,0.0,,0.0,0.0,0.0,,0.0,0.0,0.0,0.0,0.0,0.0,0.0,0.0,0.0,2.5,0.0,0.0,0.0,0.0,0.0,0.0,0.0,0.0,0.0
2008-03-07,0.0,0.0,0.0,0.0,0.0,,0.0,0.0,0.0,0.0,,0.0,,0.0,0.0,0.0,,0.0,0.0,0.0,0.0,0.0,0.0,0.0,0.0,0.0,0.0,0.0,0.0,0.0,0.0,0.0,0.0,0.0,0.0,0.0
2008-03-08,0.0,0.0,0.0,0.0,0.0,,0.0,0.0,0.0,0.0,,0.0,,0.0,0.0,0.0,,0.0,0.0,0.0,0.0,0.0,0.0,0.0,0.0,0.0,0.0,0.0,0.0,0.0,0.0,0.0,0.0,0.0,0.0,0.0
2008-03-09,0.0,0.0,0.0,0.0,0.0,,0.0,0.2,0.0,0.0,,0.0,,0.0,0.0,0.0,,1.0,3.0,0.0,0.0,3.0,7.2,12.2,0.6,0.0,0.0,1.8,0.0,0.0,0.0,0.0,0.0,0.0,0.0,0.0
2008-03-10,0.0,0.0,0.0,0.0,0.0,,0.0,0.0,0.0,0.0,,0.0,,0.0,0.0,0.0,,0.0,0.0,0.0,0.0,0.0,0.0,0.0,0.0,0.0,0.0,0.0,0.0,0.0,0.0,0.0,0.0,0.0,0.0,0.0
2008-03-11,0.0,0.0,0.0,0.0,0.0,,0.0,0.0,0.0,0.0,,0.0,,0.0,0.0,0.0,,0.0,0.0,0.0,0.0,0.0,0.0,0.0,0.0,0.0,0.0,0.0,0.0,0.0,0.0,0.0,0.0,0.0,0.0,0.0
2008-03-12,0.0,0.0,0.0,0.0,0.0,,0.0,0.0,0.0,0.0,,0.0,,0.0,0.0,0.0,,0.0,0.0,0.0,0.0,0.0,0.0,0.0,0.0,0.0,0.0,0.0,0.0,0.0,0.0,0.0,0.0,0.0,0.0,0.0
2008-03-13,0.0,0.0,0.0,0.0,0.0,,0.0,0.0,0.0,0.0,,0.0,,0.0,0.0,0.0,,0.0,0.0,0.0,0.0,0.0,0.0,0.0,0.0,0.0,0.0,0.0,0.0,0.0,0.0,0.0,2.2,0.0,0.0,0.0
2008-03-14,1.0,0.0,0.0,0.0,0.0,,0.8,0.0,0.0,0.0,,0.0,0.0,0.0,0.0,0.0,,0.0,0.0,0.0,0.0,0.0,0.0,0.0,0.0,0.0,0.0,0.0,0.0,0.0,0.0,0.0,11.3,0.0,0.0,0.0
2008-03-15,0.0,0.0,0.0,0.0,0.0,,0.0,0.0,0.0,0.0,,0.0,0.0,0.0,0.0,0.0,,0.0,0.0,0.0,0.0,0.0,0.0,0.0,0.0,0.0,0.0,0.0,0.0,0.0,0.0,3.0,2.2,0.0,0.0,0.0
2008-03-16,0.0,0.0,0.0,0.0,0.0,,0.0,0.0,0.0,0.0,,0.0,0.0,0.0,0.0,0.0,,0.0,0.0,0.0,0.0,0.0,0.0,0.0,3.0,0.0,0.0,0.0,0.0,0.0,0.0,0.0,0.0,0.0,0.0,0.0
2008-03-17,0.0,0.0,0.0,0.0,6.5,,0.0,0.0,0.0,0.0,,0.0,0.0,0.0,0.0,0.0,,0.0,0.0,0.0,0.0,1.5,0.0,12.0,7.1,0.7,1.0,27.6,78.2,0.0,0.0,0.0,4.2,0.0,0.0,0.0
2008-03-18,0.0,0.1,0.0,0.0,2.6,,11.3,6.6,0.0,0.0,,0.0,0.0,0.0,0.0,0.0,,0.0,0.0,0.0,7.0,0.0,1.8,0.0,5.4,0.4,5.5,4.8,2.8,0.0,0.0,0.0,0.0,0.0,0.0,0.0
2008-03-19,0.0,4.6,0.0,18.8,3.4,,25.1,10.0,0.0,0.0,,0.0,0.0,0.0,18.5,0.0,,4.8,5.0,0.0,0.0,6.6,1.2,0.0,0.0,5.0,7.5,6.6,1.2,0.0,0.0,0.0,0.0,0.0,0.0,0.0
2008-03-20,0.0,0.0,0.0,0.0,0.0,,0.0,0.0,0.0,0.0,,0.0,4.3,0.0,10.5,0.0,,0.0,0.0,0.0,0.0,11.5,0.0,0.0,0.0,0.0,0.0,0.0,0.8,0.0,0.0,0.0,0.0,0.0,0.0,0.0
2008-03-21,0.0,0.0,0.0,0.0,0.0,,0.0,0.0,0.0,0.0,,0.0,0.0,0.0,0.0,0.0,,0.0,0.0,0.0,0.0,0.0,0.0,0.0,0.0,0.0,0.0,0.0,0.0,0.0,0.0,0.0,0.0,0.0,0.0,0.0
2008-03-22,0.0,0.0,0.0,0.0,0.0,,0.0,0.0,0.0,0.0,,0.0,0.0,0.0,0.0,0.0,,0.0,0.0,0.0,0.0,0.0,0.0,0.0,0.0,0.0,0.0,0.0,0.0,0.0,0.0,0.0,0.0,0.0,0.0,0.0
2008-03-23,0.0,0.0,0.0,0.0,0.0,,0.0,0.0,0.0,0.0,,0.0,0.0,0.0,0.0,0.0,,0.0,0.0,0.0,23.0,0.0,0.0,1.5,0.0,0.0,0.0,0.0,0.0,0.0,0.0,0.0,0.0,0.0,0.0,0.0
2008-03-24,0.0,1.4,0.0,8.2,1.4,,15.6,4.4,0.0,0.0,,0.0,0.0,0.0,0.0,0.0,,0.0,0.0,0.0,0.0,0.0,0.0,0.0,0.4,1.2,1.5,1.6,0.0,0.0,0.0,0.0,7.6,0.0,0.0,0.0
2008-03-25,0.0,0.0,0.0,0.0,0.0,,4.3,0.0,0.0,0.0,,0.0,0.0,0.0,0.0,0.0,,0.0,0.0,0.0,0.0,1.0,0.0,0.0,0.0,0.0,0.0,0.0,0.0,0.0,0.0,0.0,0.0,0.0,0.0,0.0
2008-03-26,0.0,0.0,0.0,0.0,0.0,,0.0,0.0,0.0,0.0,,0.0,0.0,0.0,0.0,0.0,,0.0,0.0,0.0,0.0,0.0,0.0,0.0,0.0,0.0,0.0,0.0,0.0,2.2,0.0,0.0,0.0,0.0,0.0,0.0
2008-03-27,0.0,0.0,0.0,0.0,0.0,,0.0,0.0,0.0,0.0,,0.0,0.0,0.0,0.0,0.0,,0.0,0.0,0.0,0.0,0.0,0.0,0.0,0.0,0.0,0.0,0.0,0.0,0.0,0.0,0.0,0.0,0.0,0.0,0.0
2008-03-28,0.0,0.0,0.0,0.0,0.0,,0.0,2.0,0.0,0.0,,0.0,0.0,0.0,0.0,0.0,,0.0,0.0,0.0,0.0,0.0,0.0,0.0,0.0,0.0,0.0,0.0,0.0,0.0,0.0,0.0,0.0,0.0,0.0,0.0
2008-03-29,0.0,0.0,0.0,0.0,0.0,,0.0,0.0,0.0,0.0,,0.0,0.0,0.0,0.0,0.0,,0.0,0.0,0.0,0.0,0.0,0.0,0.0,0.0,0.0,3.0,0.0,0.0,0.0,0.0,0.0,0.0,0.0,0.0,0.0
2008-03-30,0.0,0.0,0.0,0.0,0.2,,0.0,0.0,0.0,0.0,,0.0,0.0,0.0,0.0,0.0,,0.0,0.0,0.0,0.0,0.0,0.0,0.0,0.0,0.0,0.0,0.0,0.0,0.0,0.0,0.0,0.0,0.0,0.0,0.0
2008-03-31,0.0,0.0,0.0,0.0,0.0,,0.0,0.0,0.0,0.0,,0.0,0.0,0.0,0.0,0.0,,0.0,0.0,0.0,0.0,0.0,0.0,0.0,0.0,0.0,0.0,0.0,0.0,0.0,0.0,0.0,0.0,0.0,0.0,0.0
2008-04-01,0.0,0.2,0.0,0.0,1.2,,0.0,6.0,0.0,0.0,,0.0,0.0,0.0,0.0,0.0,,0.0,0.0,0.0,0.0,0.0,0.0,0.0,0.0,0.0,1.0,4.0,0.0,0.0,11.6,0.0,10.6,0.0,0.0,0.0
2008-04-02,0.0,8.6,0.0,0.0,6.4,,3.7,33.4,16.0,0.0,,56.1,0.0,13.2,13.5,0.0,,0.0,6.0,0.0,19.2,10.0,7.4,7.1,13.6,13.1,35.0,4.4,0.0,12.4,0.0,9.0,9.5,0.0,10.4,0.0
2008-04-03,0.0,3.5,0.0,6.8,8.0,,0.0,7.2,0.0,4.0,,25.0,0.0,0.0,10.4,0.0,,24.5,3.2,10.4,4.5,6.0,3.8,6.5,5.3,6.5,6.0,7.2,11.6,0.0,9.2,0.0,0.0,0.0,0.0,0.0
2008-04-04,7.2,0.0,0.0,0.0,0.0,,0.0,0.0,0.0,0.0,,0.0,0.0,0.0,0.0,0.0,,0.0,0.0,0.0,0.0,0.0,0.0,0.0,0.0,0.0,0.0,0.0,4.3,0.0,0.0,0.0,0.0,0.0,0.0,0.0
2008-04-05,0.0,13.1,0.0,10.2,30.0,,9.3,6.2,22.0,6.4,,0.0,0.0,57.2,0.0,0.0,,19.8,13.2,15.0,0.0,5.0,38.0,18.0,8.0,24.6,5.2,25.4,3.1,23.2,0.0,17.3,0.0,0.0,45.4,3.2
2008-04-06,1.2,0.0,0.0,2.4,0.4,,0.0,1.0,0.0,0.0,,0.0,0.0,0.0,0.0,0.0,,6.2,0.0,0.0,7.4,0.0,0.0,0.0,1.5,0.4,0.0,6.2,1.8,1.0,0.0,0.0,27.3,0.0,0.0,0.0
2008-04-07,0.0,1.6,0.0,5.3,7.8,,0.0,3.2,0.0,0.0,,5.0,12.3,0.0,0.0,0.0,,0.0,4.0,0.0,0.0,3.0,4.0,4.5,1.0,1.0,8.0,5.0,0.0,0.0,0.0,0.0,0.0,0.0,7.2,2.0
2008-04-08,0.0,0.0,0.0,0.0,0.0,,0.0,0.0,0.0,0.0,,9.2,0.0,3.4,0.0,11.2,,0.0,0.0,0.0,0.0,0.0,0.0,0.0,0.0,0.0,0.0,0.0,0.0,0.0,0.0,0.0,0.0,0.0,0.0,0.0
2008-04-09,0.0,0.0,0.0,0.0,0.0,,0.0,0.0,0.0,0.0,,0.0,0.0,0.0,0.0,12.0,,0.0,0.0,0.0,0.0,0.0,0.0,0.0,0.0,0.0,0.0,0.0,0.0,0.0,0.0,0.0,0.0,0.0,0.0,0.0
2008-04-10,0.0,0.0,0.0,0.0,0.0,,0.0,0.0,0.0,0.0,,0.0,0.0,0.0,0.0,0.0,,0.0,0.0,0.0,0.0,0.0,0.0,0.0,0.0,0.0,31.4,0.0,0.0,0.0,0.0,0.0,0.0,0.0,0.0,0.0
2008-04-11,0.0,0.0,0.0,0.0,0.0,,0.0,0.0,0.0,0.0,,0.0,0.0,0.0,0.0,0.0,,0.0,0.0,0.0,0.0,0.0,0.0,0.0,0.0,0.0,0.0,0.0,2.2,0.0,0.0,0.0,0.0,0.0,0.0,0.0
2008-04-12,0.0,1.4,0.0,1.2,1.4,,0.0,4.2,0.0,0.0,,0.0,0.0,0.0,0.0,0.0,,0.7,0.0,0.0,0.0,5.0,0.2,1.0,1.9,0.0,25.2,1.0,1.9,0.0,6.5,0.0,17.0,0.0,0.0,0.0
2008-04-13,1.0,11.0,0.0,5.6,2.0,,1.0,5.6,0.0,0.0,,0.0,0.0,2.4,15.0,0.0,,0.0,11.0,0.0,0.0,4.2,12.2,3.4,7.3,0.0,0.0,2.8,0.0,1.5,0.0,6.1,0.0,0.0,3.6,0.0
2008-04-14,0.0,0.7,0.0,0.0,0.2,,0.0,2.0,0.0,0.0,,0.0,0.0,0.0,0.0,0.0,,0.0,0.0,0.0,0.0,0.0,1.2,0.1,1.2,0.0,2.6,0.4,0.0,0.0,0.0,0.0,0.0,0.0,0.0,0.0
2008-04-15,0.0,0.0,0.0,0.0,0.0,,0.0,0.0,0.0,0.0,,0.0,0.0,0.0,0.0,0.0,,0.0,0.0,10.2,0.0,0.0,0.0,0.0,0.0,0.0,1.0,0.0,0.0,0.0,0.0,0.0,0.0,0.0,0.0,0.0
2008-04-16,0.0,0.0,0.0,2.0,0.0,,0.0,2.0,0.0,0.0,,9.0,0.0,0.0,0.0,0.0,,0.0,0.0,2.0,0.0,0.0,0.0,0.0,0.0,0.3,0.0,0.0,0.0,0.0,0.0,0.0,0.0,0.0,0.0,0.0
2008-04-17,0.0,3.1,0.0,0.0,2.2,,21.9,2.4,0.0,5.5,,13.1,0.0,0.0,0.0,0.0,,4.2,0.0,0.0,0.0,4.0,1.6,4.5,10.9,5.2,0.0,4.6,0.0,3.5,0.0,0.0,0.0,0.0,0.0,0.0
2008-04-18,0.0,0.0,0.0,0.0,0.0,,0.0,0.0,0.0,0.0,,0.0,0.0,0.0,0.0,0.0,,0.0,0.0,0.0,0.0,0.0,0.0,0.0,0.0,0.0,0.0,0.0,0.0,0.0,0.0,0.0,0.0,0.0,0.0,0.0
2008-04-19,0.0,0.0,0.0,0.0,0.0,,0.0,0.0,0.0,0.0,,0.0,0.0,0.0,0.0,0.0,,0.0,0.0,0.0,0.0,0.0,0.0,0.0,0.0,0.0,24.1,0.0,0.0,0.0,0.0,0.0,0.0,0.0,0.0,0.0
2008-04-20,0.0,0.0,0.0,0.0,0.0,,0.0,0.0,0.0,0.0,,0.0,0.0,0.0,0.0,0.0,,0.0,0.0,0.0,0.0,0.0,0.0,0.0,0.0,0.0,5.0,0.0,0.0,0.0,0.0,0.0,0.0,0.0,0.0,0.0
2008-04-21,0.0,0.0,0.0,0.0,0.0,,0.0,0.0,0.0,0.0,,0.0,0.0,0.0,0.0,0.0,,0.0,0.0,0.0,0.0,0.0,0.0,0.0,0.0,0.0,0.0,0.0,0.0,0.0,0.0,0.0,0.0,0.0,0.0,0.0
2008-04-22,0.0,0.0,0.0,0.0,0.0,,0.0,0.0,0.0,0.0,,0.0,0.0,0.0,0.0,0.0,,0.0,0.0,0.0,0.0,0.0,0.0,0.0,0.0,0.0,0.0,0.0,0.0,0.0,0.0,0.0,0.0,0.0,0.0,0.0
2008-04-23,0.0,0.0,0.0,0.0,0.0,,0.0,0.0,0.0,0.0,,0.1,0.0,0.0,0.0,0.0,,0.0,0.0,0.0,0.0,0.0,0.0,0.0,0.0,0.0,0.0,0.0,0.0,0.0,0.0,0.0,0.0,0.0,0.0,0.0
2008-04-24,0.0,0.0,0.0,0.0,0.0,,0.0,0.0,0.0,0.0,,0.0,0.0,0.0,0.0,0.0,,0.0,0.0,0.0,0.0,0.0,0.0,0.0,0.0,0.0,0.0,0.0,0.0,0.0,0.0,0.0,0.0,0.0,0.0,0.0
2008-04-25,0.0,0.0,0.0,0.0,0.0,,0.0,0.0,0.0,0.0,,15.0,0.0,0.0,0.0,0.0,,0.0,0.0,0.0,0.0,0.0,0.0,0.0,0.0,0.0,0.0,0.0,0.0,0.0,0.0,0.0,0.0,0.0,0.0,0.0
2008-04-26,0.0,0.0,0.0,0.0,0.0,,0.0,0.0,0.0,0.0,,21.2,7.4,0.0,10.0,0.0,,0.0,0.0,0.0,0.0,0.0,0.0,0.0,0.0,0.0,0.0,0.0,0.0,0.0,0.0,0.0,0.0,0.0,0.0,0.0
2008-04-27,0.0,0.0,0.0,0.0,0.0,,1.2,0.0,0.0,0.0,,0.0,13.2,0.0,2.0,0.0,,0.0,0.0,0.0,0.0,0.0,0.0,0.0,0.0,0.0,21.0,0.0,0.0,0.0,0.0,0.0,6.0,0.0,0.0,0.0
2008-04-28,0.0,0.5,0.0,0.0,0.0,,0.0,3.0,0.0,1.3,,0.0,1.0,0.0,0.5,0.0,,0.0,0.0,0.0,0.0,2.6,0.6,0.0,0.0,0.0,0.0,0.0,0.7,0.0,0.0,0.0,0.0,0.0,0.0,0.0
2008-04-29,0.0,0.0,0.0,0.0,0.0,,1.9,0.0,0.0,0.0,,0.0,0.0,0.0,8.0,0.0,,0.0,0.0,0.0,0.0,0.0,0.0,0.0,0.0,0.0,0.0,0.0,0.2,0.0,0.0,0.0,7.6,0.0,0.0,0.0
2008-04-30,0.0,0.0,0.0,0.0,0.0,,0.0,0.0,0.0,0.0,,0.0,0.0,0.0,1.5,0.0,,0.0,0.0,2.0,0.0,0.0,0.0,0.0,0.0,0.0,0.0,0.0,0.0,0.0,0.0,0.0,0.0,0.0,0.0,0.0
2008-05-01,0.0,2.4,0.0,2.0,2.4,,2.2,2.0,0.0,0.0,,0.2,0.0,0.0,3.4,2.0,,2.7,6.0,6.4,6.0,2.0,4.2,1.5,0.0,0.0,4.0,5.0,0.1,3.0,0.0,0.0,6.5,0.0,0.0,0.0
2008-05-02,4.4,5.8,0.0,2.2,5.8,,35.9,13.4,20.0,0.0,,12.4,0.0,16.2,3.8,0.0,,5.6,7.0,0.0,0.0,5.0,5.6,4.0,0.0,1.0,11.2,8.6,0.8,4.2,0.0,0.0,0.0,0.0,2.8,5.0
2008-05-03,0.0,0.0,0.0,10.0,0.0,,13.7,0.0,0.0,0.0,,0.0,0.0,0.0,3.3,0.0,,0.0,0.0,0.0,0.0,0.0,0.0,0.0,0.0,4.2,1.0,0.2,0.6,0.0,0.0,0.0,0.0,0.0,0.0,0.0
2008-05-04,0.0,0.0,0.0,0.0,2.8,,0.4,10.6,0.0,9.0,,0.0,0.0,0.0,6.4,0.0,,0.0,5.0,1.6,14.0,0.0,1.0,0.5,0.0,5.5,0.0,4.0,0.9,0.0,0.0,0.0,0.0,0.0,0.0,0.0
2008-05-05,1.0,3.7,0.0,14.0,6.0,,0.0,14.2,3.0,0.0,,0.0,0.0,0.0,1.0,0.0,,0.0,10.0,0.0,13.3,5.5,7.2,7.0,0.0,6.3,4.0,3.4,3.8,25.0,0.0,0.0,0.0,0.0,0.0,0.0
2008-05-06,0.0,26.6,0.0,9.0,7.6,,4.3,24.2,0.0,9.4,,0.0,5.1,0.0,2.3,0.0,,19.2,7.0,2.2,0.0,7.2,6.6,6.0,26.6,21.0,31.1,22.6,7.2,4.0,0.0,0.0,0.0,0.0,0.0,0.0
2008-05-07,0.0,3.2,0.0,11.0,3.0,,9.3,4.8,0.0,4.1,,0.0,28.4,0.0,1.6,0.0,,10.4,4.0,0.0,0.0,30.0,3.4,13.5,1.7,4.0,2.1,4.2,11.4,5.4,0.0,0.0,5.0,0.0,0.0,0.0
2008-05-08,0.0,0.0,0.0,0.0,0.0,,10.5,0.0,11.0,0.0,,0.0,0.0,0.0,0.0,0.0,,0.0,0.0,0.0,8.3,0.0,0.0,0.0,0.0,0.0,0.0,0.0,0.0,3.4,0.0,0.0,8.1,0.0,23.6,0.0
2008-05-09,0.0,0.0,0.0,0.0,6.8,,0.3,0.0,0.0,24.3,,0.0,0.0,0.0,0.0,0.0,,11.2,1.2,0.0,10.0,0.0,2.4,2.5,1.0,13.5,4.3,22.6,0.0,7.5,0.0,0.0,9.5,0.0,0.0,0.0
2008-05-10,0.0,11.4,0.0,20.0,19.6,,9.2,34.8,0.0,13.2,,0.0,41.4,0.0,0.0,2.0,,21.2,10.0,16.6,14.0,16.2,11.6,11.5,11.4,25.0,26.0,17.4,4.6,17.6,0.0,0.0,0.0,0.0,0.0,0.0
2008-05-11,0.0,0.0,0.0,0.0,32.6,,0.0,0.0,0.0,0.0,,0.0,0.0,0.0,0.0,4.0,,2.4,0.0,0.0,0.0,0.0,4.2,2.5,0.0,6.0,0.0,17.8,0.3,7.0,0.0,0.0,0.0,25.0,0.0,0.0
2008-05-12,2.0,0.0,0.0,0.0,4.2,,0.6,0.0,2.0,0.0,,0.0,0.0,20.2,0.0,0.0,,1.8,0.0,0.0,0.0,0.0,3.0,0.5,0.0,0.0,0.0,12.0,0.0,3.5,6.1,0.0,0.0,0.0,16.4,16.5
2008-05-13,7.0,0.0,0.0,0.0,2.8,,2.0,0.0,4.0,40.2,,0.0,0.0,0.0,0.0,0.0,,26.8,0.0,0.0,0.0,0.0,5.2,4.5,3.5,1.9,0.0,3.0,0.1,17.2,3.0,0.0,0.0,0.0,9.2,15.0
2008-05-14,0.0,0.0,0.0,0.0,4.6,,0.0,12.0,0.0,0.0,,0.0,13.4,0.0,0.0,8.5,,0.5,23.2,0.0,0.0,0.0,0.0,0.0,0.0,0.7,0.0,0.4,0.0,0.0,0.0,0.0,0.0,0.0,0.0,0.0
2008-05-15,8.8,0.0,0.0,0.0,0.0,,47.8,1.4,7.0,0.0,,0.0,0.0,0.0,0.0,15.0,,0.0,0.0,0.0,0.0,2.5,0.0,0.0,0.0,2.1,1.0,0.0,0.4,5.0,3.0,0.0,0.0,0.0,21.0,30.5
2008-05-16,0.0,0.0,0.0,0.0,0.0,,0.0,0.0,0.0,0.0,,0.0,0.0,0.0,0.0,0.0,,0.0,0.0,0.0,0.0,0.0,0.0,17.0,0.0,3.2,0.0,0.0,0.0,0.0,0.0,0.0,20.2,0.0,0.0,0.0
2008-05-17,15.6,30.8,0.0,15.4,2.2,,35.2,13.2,2.0,0.0,,0.1,8.4,4.2,0.0,38.2,,0.0,3.0,4.5,14.0,20.0,3.2,21.5,10.1,3.1,7.1,0.6,1.8,0.0,0.0,0.0,0.0,40.0,7.6,15.0
2008-05-18,0.0,0.0,0.0,0.0,0.0,,0.0,0.0,0.0,4.0,,0.2,11.2,0.0,0.0,0.0,,0.0,1.5,14.2,3.3,15.2,0.6,1.0,38.5,0.0,,0.0,2.0,0.0,0.0,0.0,4.0,3.0,0.0,0.0
2008-05-19,25.8,0.0,0.0,0.0,0.0,,32.0,0.0,45.0,0.0,,6.0,0.0,2.4,2.0,0.0,,0.0,0.0,28.0,0.0,0.0,0.0,0.0,10.0,0.0,,0.2,0.0,0.0,0.0,0.0,0.0,6.0,0.0,30.0
2008-05-20,0.0,2.4,0.0,0.0,0.0,,0.0,2.8,0.0,0.0,,0.3,5.4,0.0,2.5,10.5,,0.0,0.0,1.0,0.0,1.0,1.2,0.2,0.0,0.0,7.2,0.0,28.8,0.0,0.0,0.0,6.0,0.0,0.0,0.0
2008-05-21,0.0,0.4,0.0,0.0,0.0,,0.7,12.0,0.0,0.0,,0.0,0.0,0.0,10.0,0.0,,0.0,0.0,34.1,8.3,8.5,9.0,0.4,3.0,0.0,41.1,1.8,33.7,3.0,0.0,0.0,0.0,0.0,0.0,0.0
2008-05-22,4.2,6.7,0.0,0.0,12.4,,0.0,3.4,0.0,0.0,,0.0,4.4,0.0,12.5,5.1,,0.0,6.0,4.2,0.0,9.4,3.6,4.5,8.3,0.0,0.0,5.0,0.0,0.0,0.0,0.0,12.2,0.0,0.0,0.0
2008-05-23,15.8,0.2,0.0,0.0,0.0,,24.2,24.4,22.0,0.0,,0.0,7.4,0.0,19.0,3.4,,8.0,9.0,1.5,0.0,0.0,2.0,0.0,0.2,0.0,0.0,0.4,0.0,1.0,5.1,0.0,24.5,23.0,27.6,0.0
2008-05-24,7.2,4.0,0.0,0.0,4.4,,0.6,1.6,0.0,0.0,,0.0,6.2,0.0,0.0,0.0,,5.6,3.0,0.0,1.4,4.5,4.0,6.2,2.9,3.6,0.0,5.0,3.2,5.0,36.0,0.0,0.0,15.0,33.4,16.0
2008-05-25,0.0,0.0,0.0,0.0,0.0,,3.7,0.0,0.0,0.0,,0.0,0.0,0.0,7.5,0.0,,0.0,0.0,0.0,2.7,0.0,1.4,0.0,0.0,0.0,2.0,0.4,0.3,0.0,0.0,0.0,2.1,0.0,0.0,0.0
2008-05-26,0.0,2.0,0.0,2.0,2.6,,20.0,2.2,0.0,8.4,,0.0,0.0,0.0,17.0,0.0,,6.1,1.2,1.4,0.0,29.2,3.2,8.2,1.1,2.5,0.0,3.6,7.6,0.0,41.0,41.0,5.1,6.0,17.8,0.0
2008-05-27,0.0,0.3,0.0,0.0,0.0,,0.0,15.8,0.0,0.0,,0.0,0.0,0.0,15.0,0.0,,0.0,8.2,2.2,23.0,3.0,0.8,1.3,33.7,0.0,4.0,0.2,4.2,0.0,0.0,0.0,0.0,0.0,0.0,4.0
2008-05-28,0.0,0.0,0.0,0.0,0.0,,3.6,0.0,0.0,0.0,,15.1,4.2,0.0,16.7,0.0,,0.0,0.0,0.0,7.0,0.0,2.6,0.0,0.0,2.5,,0.0,0.0,0.0,0.0,0.0,0.0,0.0,0.0,0.0
2008-05-29,0.0,0.0,0.0,0.0,0.0,,0.0,0.0,0.0,0.0,,11.4,0.0,2.4,0.0,0.0,,0.0,0.0,0.0,0.0,0.0,0.0,0.0,0.0,0.0,0.0,0.0,0.0,0.0,0.0,0.0,11.1,0.0,0.0,0.0
2008-05-30,0.0,0.0,0.0,0.0,0.0,,0.0,0.0,0.0,0.0,,9.0,0.0,0.0,0.0,0.0,,0.0,0.0,0.0,0.0,0.0,0.0,0.2,0.0,0.0,0.0,0.0,0.0,0.0,0.0,0.0,0.0,0.0,0.0,0.0
2008-05-31,0.0,0.0,0.0,0.0,0.0,,0.0,0.0,0.0,0.0,,17.0,0.0,0.0,0.0,0.0,,0.0,0.0,0.0,0.0,0.0,0.0,0.0,0.0,0.0,0.0,0.0,0.0,0.0,0.0,0.0,0.0,0.0,0.0,0.0
2008-06-01,0.0,0.0,0.0,0.0,0.0,,0.3,0.0,0.0,0.0,,0.0,0.0,0.0,7.5,33.5,,39.4,3.0,0.0,0.0,0.0,3.4,0.0,0.0,5.4,0.0,0.0,0.0,0.0,0.0,0.0,0.0,0.0,0.0,0.0
2008-06-02,0.0,0.0,0.0,0.0,2.0,,1.2,0.0,0.0,0.0,,0.0,7.1,0.0,25.8,0.0,,37.0,0.0,0.0,0.0,0.0,5.2,0.7,0.0,0.0,0.0,0.2,0.0,0.0,3.6,0.0,0.0,0.0,0.0,0.0
2008-06-03,4.4,0.8,0.0,2.0,2.4,,26.3,3.6,0.0,0.0,,0.0,0.0,5.2,1.0,0.0,,8.9,0.0,0.0,1.7,0.0,0.6,5.1,0.7,2.2,40.0,8.8,0.0,0.0,4.0,0.0,0.0,0.0,0.0,0.0
2008-06-04,0.0,11.0,0.0,19.4,7.6,,0.0,0.0,0.0,0.0,,0.0,4.5,10.4,0.0,32.1,,7.0,15.0,0.0,4.2,2.4,14.8,0.0,0.7,8.6,0.0,6.8,0.0,2.0,0.0,0.0,42.7,69.0,0.0,0.0
2008-06-05,37.8,0.0,0.0,0.0,1.2,,7.7,0.0,5.0,0.0,,12.0,17.3,8.4,18.0,2.1,,5.1,0.0,0.0,0.0,0.0,0.6,0.0,0.0,22.0,10.5,4.2,4.8,3.2,6.3,0.0,0.0,0.0,63.0,23.5
2008-06-06,0.6,7.2,0.0,0.0,0.0,,3.1,27.0,0.0,3.6,,0.2,0.0,0.0,4.5,0.0,,22.0,4.0,4.0,0.0,1.5,0.4,29.5,14.4,0.0,4.0,0.4,7.3,1.2,12.5,0.0,0.0,0.0,0.0,0.0
2008-06-07,154.6,0.0,0.0,6.2,0.0,,16.6,16.2,0.0,3.2,,15.3,8.2,0.0,0.0,50.4,,10.7,13.2,0.0,3.3,15.0,3.2,0.0,7.9,0.0,7.0,0.0,9.5,4.0,24.3,0.0,2.3,6.8,32.0,0.0
2008-06-08,25.6,1.4,0.0,4.2,0.0,,9.7,9.0,17.0,4.2,,16.0,3.2,0.0,10.0,0.0,,20.5,3.3,16.8,4.3,10.5,3.0,4.2,18.6,38.0,5.0,6.4,19.2,40.0,4.8,0.0,10.0,0.0,0.0,0.0
2008-06-09,2.2,11.3,0.0,2.2,11.0,,2.3,35.2,14.2,0.0,,0.0,0.0,0.0,7.2,0.0,,47.0,8.0,0.0,0.0,6.0,0.6,11.5,7.7,17.5,10.0,10.6,38.4,12.0,0.0,0.0,12.0,0.0,0.0,0.0
2008-06-10,0.0,5.4,0.0,12.0,4.2,,4.4,12.4,0.0,0.0,,0.1,0.0,12.4,11.5,0.0,,26.0,9.3,12.0,14.0,8.0,2.6,8.0,6.6,14.5,13.5,8.4,33.8,17.0,0.0,0.0,18.0,0.0,0.0,0.0
2008-06-11,0.0,5.7,0.0,40.0,34.4,,15.3,63.4,0.0,0.0,,32.0,5.2,28.2,0.0,0.0,,29.0,12.0,20.2,16.0,10.0,7.8,6.0,22.0,48.2,21.5,34.0,27.8,42.0,0.0,0.0,6.2,0.0,0.0,0.0
2008-06-12,0.0,2.5,0.0,0.0,0.0,,0.2,6.0,0.0,0.0,,15.0,0.0,0.0,2.7,0.0,,3.4,0.0,18.2,26.0,0.0,0.0,7.5,7.8,5.6,25.5,1.8,38.9,3.0,0.0,0.0,20.4,0.0,0.0,0.0
2008-06-13,0.0,0.0,0.0,2.0,0.0,,1.5,8.4,0.0,10.0,,45.0,0.0,0.0,9.0,0.0,,0.0,0.0,4.2,0.0,0.0,0.0,7.2,3.1,0.0,37.5,0.0,29.5,0.0,31.0,0.0,30.5,0.0,0.0,0.0
2008-06-14,6.0,60.9,0.0,8.0,10.8,,15.2,90.8,0.0,14.0,,19.0,0.0,0.0,20.0,0.0,,4.8,37.0,72.0,30.6,50.9,27.8,40.0,50.4,7.0,69.0,13.8,25.7,4.0,42.1,0.0,22.1,22.0,7.8,18.0
2008-06-15,65.6,30.0,0.0,61.8,20.4,,85.1,60.8,46.0,66.0,,0.0,7.3,30.4,8.0,50.4,,33.6,36.0,28.5,0.0,43.0,23.6,44.0,31.4,31.0,37.0,27.8,0.0,31.0,19.0,14.3,8.4,35.0,10.0,6.5
2008-06-16,0.0,1.0,0.0,2.0,2.0,,0.0,5.8,1.0,0.0,,0.0,2.1,0.0,17.5,65.5,,4.4,6.0,2.0,0.0,4.0,4.0,5.2,4.0,6.5,7.0,3.6,0.0,0.8,0.0,0.0,20.4,0.0,0.0,0.0
2008-06-17,10.6,1.4,0.0,5.0,0.0,,0.0,31.6,0.0,0.0,,0.0,0.0,0.0,0.7,35.4,,0.0,0.0,14.4,0.0,17.0,0.8,4.4,30.0,17.9,3.0,0.0,0.0,0.5,5.0,0.0,15.3,16.0,31.2,0.0
2008-06-18,61.1,0.0,0.0,0.0,0.0,,78.8,1.4,66.0,0.0,,0.0,0.0,40.2,0.0,10.2,,0.0,0.0,6.6,34.0,4.0,0.0,0.0,0.0,0.0,1.0,0.0,0.0,1.0,65.9,0.0,2.1,31.0,46.8,0.0
2008-06-19,8.8,14.4,0.0,16.8,9.4,,30.9,30.4,5.0,34.3,,0.0,0.0,0.0,15.0,28.1,,5.5,15.0,6.4,6.0,10.0,10.6,7.5,24.1,5.5,6.5,1.4,0.0,2.5,0.0,19.2,18.2,0.0,0.2,0.0
2008-06-20,14.7,3.5,0.0,35.2,25.4,,8.3,22.6,12.0,66.2,,13.0,12.4,14.4,20.5,11.5,,27.9,10.0,18.2,8.6,15.2,6.4,3.3,9.3,31.0,11.4,36.6,0.0,41.2,4.0,0.0,24.5,0.0,10.2,0.0
2008-06-21,0.6,3.5,0.0,7.8,7.2,0.0,7.2,28.2,0.0,28.2,,0.1,5.2,0.0,1.7,0.0,,19.4,0.0,4.0,2.6,4.0,4.4,1.0,1.6,36.5,7.0,12.0,0.0,12.5,0.0,0.0,23.2,0.0,0.0,0.0
2008-06-22,0.0,3.1,0.0,11.4,1.2,0.0,0.0,2.6,0.0,30.4,,9.0,0.0,0.0,13.5,5.2,,8.6,0.0,8.0,2.4,0.0,1.0,4.5,0.7,0.0,26.5,2.0,0.0,2.0,0.0,0.0,0.0,0.0,0.0,0.0
2008-06-23,0.0,15.4,0.0,16.2,0.4,16.5,39.9,68.0,0.0,43.3,,0.0,0.0,0.0,30.5,22.1,,26.8,7.0,18.2,14.4,3.0,1.2,22.0,62.9,0.2,16.0,0.0,0.0,5.2,0.0,0.0,0.0,0.0,0.0,0.0
2008-06-24,4.7,4.6,0.0,31.2,0.2,8.2,16.1,15.0,0.0,20.2,,0.0,18.2,0.0,12.2,0.0,,2.2,0.0,12.0,0.0,0.0,1.0,2.5,2.1,1.5,3.6,0.6,0.0,4.2,0.0,3.1,0.0,5.0,2.2,5.5
2008-06-25,4.4,8.5,0.0,0.0,7.8,1.5,1.0,2.0,6.0,0.0,,0.0,3.1,0.0,14.0,0.0,,9.0,0.0,8.2,4.0,12.0,0.8,3.0,50.9,7.2,14.0,4.4,0.0,2.0,30.5,0.0,10.2,22.0,0.0,6.0
2008-06-26,26.0,11.2,0.0,0.0,8.6,0.0,15.3,58.0,122.0,0.0,,10.3,6.2,130.4,1.4,60.0,,7.3,9.0,38.2,8.0,26.5,2.4,8.5,10.3,0.4,6.5,12.0,0.0,8.0,45.6,13.0,0.0,6.0,11.2,3.0
2008-06-27,6.8,13.0,0.0,6.0,3.4,1.5,0.3,42.0,20.0,28.2,,22.4,65.3,10.2,11.5,11.2,,35.0,15.0,24.4,14.0,29.3,14.0,3.5,19.3,1.2,7.0,4.0,0.0,10.0,0.0,40.2,19.2,0.0,57.0,5.5
2008-06-28,0.0,0.0,0.0,0.0,0.0,0.0,0.0,4.4,0.0,15.5,,24.0,40.2,0.0,20.0,0.0,,0.0,0.0,4.4,2.5,0.0,0.6,2.5,55.5,0.0,7.0,0.0,0.0,1.0,10.2,0.0,24.9,4.0,6.6,0.0
2008-06-29,27.2,19.1,0.0,25.2,20.2,4.2,23.0,22.0,6.0,15.3,,10.0,9.4,0.0,0.0,0.0,,27.7,7.2,30.5,22.4,37.0,5.6,26.0,0.0,32.0,24.0,35.2,0.0,27.0,12.6,8.0,12.1,16.0,24.4,36.0
2008-06-30,2.0,2.8,0.0,7.0,4.8,13.2,27.4,6.4,0.0,0.0,,11.2,0.0,0.0,7.5,0.0,,14.2,6.0,6.5,4.2,7.2,3.4,3.5,0.0,8.0,3.5,7.6,0.0,9.4,7.1,0.2,30.2,40.0,21.0,5.0
2008-07-01,39.6,9.0,0.0,29.2,9.0,10.0,14.7,18.2,0.0,9.4,,10.1,0.0,25.4,15.0,0.0,,4.0,6.2,28.5,16.4,22.6,13.2,14.0,0.0,27.5,38.0,15.4,0.0,31.5,,0.0,13.5,10.0,19.6,4.0
2008-07-02,4.0,1.1,0.0,3.0,2.2,7.5,13.7,3.4,0.0,0.0,,13.0,0.0,0.0,35.0,40.2,,3.9,0.0,16.0,0.0,13.7,1.0,4.2,23.0,7.8,12.0,6.6,0.0,12.2,,0.0,7.1,8.0,0.0,16.0
2008-07-03,1.2,0.0,0.0,0.0,1.2,1.6,6.9,2.6,0.0,0.0,,22.0,0.0,0.0,0.0,9.0,,2.1,0.0,0.0,0.0,0.0,0.2,1.2,0.0,5.5,0.0,2.0,0.0,2.5,6.6,0.0,51.5,10.0,18.2,30.5
2008-07-04,4.0,0.0,0.0,0.0,9.0,4.0,14.3,1.4,50.0,12.5,,4.0,0.0,0.0,31.4,6.4,,3.4,0.0,1.0,0.5,0.0,0.8,0.0,0.0,5.3,7.0,1.6,0.0,18.4,108.6,0.0,31.5,20.0,19.2,0.0
2008-07-05,5.0,2.3,0.0,1.6,6.8,0.0,8.1,0.8,8.0,0.0,,0.0,0.0,40.2,22.7,33.1,,15.6,0.0,6.6,0.0,4.2,0.0,5.2,2.3,13.5,1.0,12.0,3.4,8.5,12.0,0.0,13.2,15.0,47.0,10.0
2008-07-06,43.0,9.5,0.0,42.0,1.2,3.3,24.3,14.0,32.0,0.0,,44.0,4.1,41.4,0.0,54.7,,13.2,7.0,6.4,3.6,7.0,2.2,6.5,25.8,5.2,13.2,2.8,7.2,12.4,69.0,11.5,11.5,13.0,41.0,48.0
2008-07-07,1.2,0.0,0.0,0.0,4.0,0.3,4.6,40.0,0.0,36.0,,9.0,7.2,0.0,0.0,0.0,,3.4,5.0,2.0,0.0,1.7,1.0,1.7,4.0,6.4,8.0,0.8,4.1,10.5,0.0,0.0,0.0,0.0,0.0,0.0
2008-07-08,0.0,25.7,0.0,2.0,0.4,0.0,0.0,14.6,0.0,0.0,,25.2,0.0,0.0,22.0,0.0,,1.0,18.0,26.4,1.3,36.0,51.4,3.4,22.4,0.0,0.0,1.2,7.6,12.4,42.0,0.0,0.0,0.0,0.0,0.0
2008-07-09,8.3,2.5,0.0,0.0,0.4,0.4,1.5,3.6,0.0,0.0,,12.4,0.0,0.0,41.5,0.0,,0.0,3.0,18.0,1.5,5.5,0.8,4.1,3.2,7.1,2.0,1.0,1.8,13.5,41.5,0.0,42.5,0.0,0.0,2.0
2008-07-10,0.0,0.4,0.0,1.2,20.2,10.4,40.1,10.4,0.0,0.0,,7.0,14.2,0.0,38.4,0.0,,4.7,0.0,6.2,2.8,0.8,0.2,7.1,1.8,30.0,26.0,14.0,0.5,4.5,39.2,17.2,24.2,4.0,0.0,0.0
2008-07-11,0.0,0.2,0.0,22.2,0.4,9.8,5.3,10.2,16.0,0.0,,0.0,9.1,0.0,49.0,0.0,,9.9,2.0,24.0,18.0,2.0,1.6,2.0,0.8,4.2,22.5,0.8,11.2,7.0,13.8,3.1,12.2,0.0,0.0,0.0
2008-07-12,70.3,48.3,0.0,8.2,17.4,7.1,1.9,46.2,160.0,15.6,,0.1,5.2,0.0,19.0,20.0,,0.0,15.0,8.5,4.2,9.7,28.2,25.5,12.7,6.1,10.0,10.6,6.3,2.0,61.6,0.0,30.5,0.0,6.0,0.0
2008-07-13,16.2,6.8,0.0,0.0,0.8,3.0,14.7,39.0,32.0,36.5,,21.0,25.2,0.0,32.5,53.0,,17.6,15.5,22.5,4.6,44.0,8.0,0.5,0.3,5.1,27.0,0.6,3.9,6.0,19.0,3.1,22.2,49.0,14.6,40.0
2008-07-14,10.8,4.8,0.0,18.8,16.4,2.1,10.9,24.8,12.0,0.0,,12.0,3.3,14.5,12.7,0.0,,45.9,13.0,16.2,2.6,2.0,4.4,9.5,0.7,15.2,6.0,17.0,7.4,21.5,53.5,10.4,10.2,18.0,22.2,0.0
2008-07-15,63.0,23.7,0.0,10.8,2.0,3.5,15.0,77.4,53.0,5.5,,7.0,11.4,0.0,54.5,56.0,,34.2,10.2,12.4,29.1,21.5,2.2,18.5,31.5,7.5,19.0,4.8,8.7,28.5,45.0,0.0,9.1,11.0,12.4,29.0
2008-07-16,1.0,8.4,0.0,14.8,28.4,13.5,0.6,5.8,30.5,5.6,,21.0,14.3,58.2,44.5,0.0,,7.3,0.0,16.5,16.3,12.5,0.6,6.0,10.3,27.0,14.0,12.8,38.5,19.0,19.0,14.6,7.2,7.0,3.2,4.0
2008-07-17,53.4,2.8,0.0,2.6,3.2,14.5,32.2,5.6,12.0,23.5,,2.2,8.2,21.4,19.0,0.0,,3.4,0.0,20.2,14.2,1.3,0.4,12.2,10.4,8.7,22.0,3.8,28.7,28.5,22.0,0.0,10.1,145.0,24.2,9.0
2008-07-18,3.0,1.6,0.0,9.2,1.2,2.0,2.2,14.4,0.0,26.0,,13.0,3.1,7.2,60.0,33.1,,31.7,6.0,14.8,3.2,11.5,46.6,1.5,0.0,6.5,31.0,1.8,17.3,5.0,17.0,0.0,42.0,0.0,8.2,5.0
2008-07-19,84.6,10.2,0.0,4.2,1.4,18.5,72.8,4.2,23.0,5.8,,9.0,0.0,41.4,21.7,36.4,,27.3,0.0,6.5,0.0,17.3,4.8,5.2,4.7,18.4,5.0,14.8,19.7,15.5,7.0,0.0,19.5,8.0,8.0,0.0
2008-07-20,18.1,13.3,0.0,14.8,21.4,23.3,28.1,6.4,39.0,0.0,,11.4,0.0,25.2,11.5,50.2,,22.1,32.0,10.2,19.6,27.2,15.0,14.5,18.3,23.0,12.5,26.6,27.3,45.0,13.0,26.2,20.1,23.0,20.4,30.0
2008-07-21,13.8,2.4,0.0,12.8,17.4,17.2,24.8,7.2,0.0,0.0,,7.2,0.0,12.4,0.0,10.5,,2.6,7.0,8.6,0.5,4.0,10.0,5.2,5.6,27.5,3.0,25.0,3.2,17.0,10.6,4.0,2.2,4.0,3.6,0.0
2008-07-22,31.0,4.1,0.0,3.6,0.6,3.0,2.2,10.8,16.0,0.0,,0.0,17.4,51.2,0.0,0.0,,2.2,3.0,12.0,3.5,5.0,7.4,7.2,6.4,1.5,10.0,1.8,2.7,6.2,75.0,0.0,18.5,29.0,8.4,0.0
2008-07-23,47.0,1.5,0.0,15.8,0.4,10.5,25.3,6.0,0.0,0.0,,0.0,0.0,40.2,4.5,0.0,,14.0,10.2,0.0,5.1,12.5,9.8,19.0,13.7,1.6,2.0,1.2,1.8,10.5,17.0,16.0,5.2,20.0,25.4,16.0
2008-07-24,36.8,7.7,0.0,8.8,18.4,21.5,47.4,3.8,18.0,0.0,,0.0,2.2,0.0,10.5,0.0,,0.0,16.0,8.4,2.1,7.8,11.6,13.2,8.3,21.0,5.0,26.0,0.7,11.0,,5.0,2.2,38.0,63.0,15.5
2008-07-25,1.8,0.0,0.0,6.4,0.0,0.7,0.3,2.2,0.0,0.0,,0.0,7.1,0.0,21.3,3.4,,0.0,0.0,10.2,20.5,0.0,0.4,0.5,0.0,0.2,0.0,1.0,3.2,4.0,,0.0,52.5,8.0,4.0,0.0
2008-07-26,0.0,0.0,0.0,7.6,0.0,0.0,0.0,11.0,42.0,0.0,,0.0,5.1,5.2,0.0,0.0,,29.9,0.0,0.0,0.0,0.0,0.0,0.0,0.0,1.2,0.5,0.2,2.1,12.5,0.0,0.0,0.0,0.0,10.0,0.0
2008-07-27,0.0,17.9,0.0,38.6,40.2,0.5,0.0,19.6,0.0,26.0,,0.3,0.0,0.0,2.5,0.0,,20.3,0.0,22.0,36.1,42.0,1.0,4.5,1.1,8.4,10.5,20.2,15.7,13.0,20.5,0.0,0.0,0.0,0.0,0.0
2008-07-28,13.4,23.0,0.0,3.6,10.5,17.0,38.3,49.4,17.2,28.3,,0.0,0.0,10.4,0.8,4.5,,0.0,2.0,24.2,24.0,9.0,2.4,9.5,20.6,13.0,50.0,12.6,29.5,16.5,7.0,5.4,0.0,0.0,0.0,0.0
2008-07-29,0.0,5.5,0.0,9.0,0.8,1.0,3.2,21.6,19.0,0.0,,0.0,0.0,0.0,43.5,0.0,,2.8,3.0,18.4,2.0,14.2,2.0,11.2,10.7,3.5,9.5,5.4,38.2,1.5,,0.0,32.3,0.0,0.0,0.0
2008-07-30,0.0,17.4,0.0,6.0,2.5,2.0,0.0,0.4,0.0,0.0,,0.0,0.0,0.0,9.2,0.0,,18.3,0.0,22.6,10.2,0.0,0.0,0.5,0.0,0.0,18.5,4.8,2.8,1.5,16.0,0.0,6.2,2.0,0.0,0.0
2008-07-31,0.0,5.3,0.0,10.2,1.6,0.4,0.0,11.8,0.0,0.0,,12.0,65.2,0.0,18.0,3.7,,8.8,0.0,26.6,11.4,7.8,0.0,3.0,0.6,19.4,25.0,2.2,1.4,0.0,0.0,0.0,0.0,0.0,0.0,0.0
2008-08-01,0.0,0.6,0.0,7.2,9.5,3.0,1.3,23.2,0.0,41.9,,9.0,32.5,0.0,0.0,0.0,,31.5,0.0,28.0,10.3,7.5,0.0,5.0,19.3,42.5,30.0,7.8,37.9,18.5,0.0,0.0,0.0,0.0,0.0,0.0
2008-08-02,0.0,5.4,0.0,11.6,5.2,3.0,0.4,27.4,0.0,44.3,,1.2,0.0,0.0,0.0,0.0,,4.2,8.2,38.0,10.2,8.2,17.8,9.5,57.7,13.0,15.0,7.0,42.5,4.5,42.0,0.0,32.0,0.0,0.0,0.0
2008-08-03,31.2,26.1,0.0,50.8,24.1,8.0,24.3,59.2,0.0,82.2,,7.0,9.4,21.4,5.0,3.5,,16.0,16.0,68.0,34.1,84.0,16.4,34.2,22.4,16.0,72.0,15.4,38.9,10.5,0.0,29.4,2.0,13.0,4.2,0.0
2008-08-04,0.0,13.8,0.0,18.6,12.0,7.0,17.8,36.2,0.0,63.4,,0.0,7.1,0.0,8.0,0.0,,17.4,25.0,10.5,7.4,16.0,52.2,10.0,5.6,18.2,39.0,9.6,15.8,6.0,21.0,0.0,0.0,0.0,0.0,0.0
2008-08-05,0.4,1.0,0.0,0.0,0.4,10.0,0.7,0.4,0.0,0.0,,0.0,0.0,0.0,45.0,0.0,,0.0,0.0,2.0,0.0,0.0,0.0,1.0,0.0,1.3,2.0,0.6,21.7,1.5,29.0,0.0,0.0,0.0,0.0,0.0
2008-08-06,0.0,6.8,0.0,10.8,17.0,15.0,0.0,16.8,0.0,0.0,,0.0,0.0,0.0,38.0,4.0,,9.2,35.0,10.0,4.0,12.0,20.6,5.6,38.4,5.5,3.5,11.2,28.9,6.0,0.0,0.0,15.5,0.0,0.0,0.0
2008-08-07,0.0,29.6,0.0,0.0,13.2,1.3,24.3,34.8,82.0,0.0,,0.0,28.2,28.4,1.5,0.0,,0.0,17.0,10.8,28.0,5.0,26.6,15.0,19.4,0.0,1.5,14.4,4.2,4.2,212.0,30.6,57.0,23.0,103.4,0.0
2008-08-08,20.6,13.5,0.0,34.0,25.8,23.0,84.0,53.2,4.0,0.0,,0.0,4.1,20.2,0.0,0.0,,12.9,13.0,18.2,8.4,15.0,8.0,24.1,8.6,19.2,50.0,24.0,3.4,22.4,19.0,0.0,0.0,8.0,11.6,10.0
2008-08-09,0.0,0.0,0.0,0.0,0.0,3.1,2.3,0.6,0.0,0.0,,13.0,3.0,0.0,6.4,0.0,,11.9,0.0,8.5,7.3,2.0,0.4,0.0,0.6,31.0,9.0,3.2,23.3,17.5,0.0,0.0,42.0,0.0,0.0,0.0
2008-08-10,0.0,29.1,0.0,33.6,50.8,7.2,32.2,54.8,0.0,0.0,,14.1,32.2,4.2,13.0,10.0,,0.0,15.0,46.5,28.5,15.2,21.6,28.0,25.9,27.2,52.0,35.4,24.1,27.5,0.0,0.0,32.5,0.0,0.0,0.0
2008-08-11,0.0,10.9,0.0,2.4,2.4,9.7,4.9,11.4,0.0,0.0,,9.0,24.1,0.0,28.5,0.0,,33.3,8.0,12.0,2.5,5.6,3.0,15.5,2.0,13.5,11.5,3.0,3.6,15.0,0.0,3.2,0.0,0.0,0.0,0.0
2008-08-12,0.0,0.0,0.0,5.4,0.0,7.8,0.5,0.0,0.0,0.0,,0.0,36.4,20.4,0.0,30.0,,2.3,0.0,0.4,0.0,0.0,0.0,0.5,0.0,3.4,9.0,1.6,0.8,8.0,0.0,7.1,13.0,0.0,0.0,0.0
2008-08-13,16.8,18.3,0.0,18.6,4.6,12.2,23.8,19.2,4.0,0.0,,0.0,8.1,60.2,22.7,0.0,,7.5,36.0,34.2,17.8,11.3,18.0,22.0,9.7,32.4,15.2,19.6,9.3,41.1,25.0,5.2,7.0,3.0,0.8,0.0
2008-08-14,0.1,11.4,0.0,34.6,21.2,4.1,20.2,20.6,2.0,0.0,,0.0,5.2,0.0,41.7,0.0,,24.1,2.0,34.2,9.4,0.0,1.0,18.0,14.6,25.0,6.0,15.4,11.4,24.4,0.0,0.0,10.2,9.0,14.4,0.0
2008-08-15,0.0,1.1,0.0,13.0,7.0,6.4,3.6,12.4,20.0,0.0,,0.0,3.2,0.0,14.0,53.0,,32.9,3.2,30.0,8.2,7.2,0.2,7.0,9.7,3.0,10.0,1.4,4.7,7.4,0.0,3.2,9.5,3.0,1.6,23.0
2008-08-16,0.0,1.7,0.0,7.6,5.4,4.5,7.2,3.0,0.0,0.0,,0.1,7.1,0.0,22.5,0.0,,14.2,2.0,1.5,10.4,0.0,0.4,2.5,0.0,23.0,1.0,13.6,0.3,5.0,16.0,1.5,0.0,0.0,0.2,0.0
2008-08-17,11.4,0.0,0.0,0.0,8.6,9.5,4.0,3.2,0.0,0.0,,21.0,115.4,0.0,31.5,2.0,,6.2,0.0,0.0,10.2,0.0,2.0,1.0,0.0,3.5,0.5,0.6,0.1,0.0,0.0,0.0,13.2,0.0,0.0,0.0
2008-08-18,26.5,0.0,0.0,5.0,1.0,1.0,0.0,0.0,2.0,40.4,,7.2,60.5,10.4,14.0,20.0,,0.0,0.0,0.0,0.1,0.0,0.2,0.0,0.0,0.0,0.0,2.0,0.0,0.0,0.0,0.0,42.5,21.0,40.0,40.5
2008-08-19,36.6,6.5,0.0,24.4,19.0,3.5,8.2,9.6,43.0,40.2,,0.0,32.2,9.4,14.7,3.0,,36.9,0.0,20.5,0.0,0.0,0.8,1.5,0.2,31.2,0.0,22.2,0.0,37.7,14.0,0.0,15.5,13.0,19.8,11.0
2008-08-20,4.2,1.5,0.0,11.8,3.2,2.6,3.6,16.2,0.0,40.4,,0.0,0.0,0.0,23.5,2.4,,2.0,0.0,10.0,16.2,8.2,1.2,7.0,7.7,2.4,12.5,5.6,2.3,6.0,4.1,0.0,0.0,0.0,2.4,0.0
2008-08-21,0.0,11.6,0.0,9.6,2.8,6.0,2.6,12.8,9.0,25.4,,0.0,0.0,0.0,0.0,0.0,,5.0,0.0,16.0,17.2,3.0,3.4,7.5,8.1,4.6,37.5,5.0,16.7,7.5,16.0,0.0,0.0,0.0,1.8,0.0
2008-08-22,3.0,0.2,0.0,0.0,0.0,1.2,15.7,4.2,0.0,17.3,,0.0,0.0,0.0,17.6,0.0,,4.9,9.0,24.0,2.4,46.0,0.0,1.1,0.8,0.7,1.0,5.2,14.3,4.5,0.0,0.0,0.0,0.0,0.0,0.0
2008-08-23,0.0,0.0,0.0,8.6,0.0,2.3,10.9,14.0,0.0,0.0,,12.0,5.4,0.0,7.6,4.1,,0.0,0.0,0.2,0.0,7.0,0.2,0.0,0.0,0.2,20.0,0.0,0.9,7.2,0.0,0.0,0.0,17.0,0.0,0.0
2008-08-24,0.0,15.0,0.0,9.0,61.2,1.2,1.6,30.0,0.0,8.3,,15.4,12.1,0.0,28.5,0.0,,5.5,0.0,10.0,4.2,11.6,1.6,13.0,13.9,13.5,10.0,16.0,0.7,20.0,2.5,0.0,18.5,0.0,1.0,51.0
2008-08-25,0.0,0.0,0.0,0.0,0.0,0.0,0.0,2.4,0.0,0.0,,40.0,36.4,118.5,79.5,0.0,,34.5,0.0,0.0,0.0,0.0,0.0,0.0,0.0,0.0,5.0,0.6,0.0,2.0,26.0,19.1,32.0,6.0,17.4,7.0
2008-08-26,0.0,5.4,0.0,10.0,5.6,0.0,44.1,22.0,20.0,20.4,,16.0,0.0,0.0,15.0,21.0,,4.5,27.0,14.5,4.0,0.0,14.6,1.0,34.1,4.0,6.0,11.2,1.8,0.5,60.3,8.2,2.0,0.0,4.3,0.0
2008-08-27,4.0,12.1,0.0,15.0,9.6,5.5,17.3,37.0,0.0,30.1,,18.3,0.0,17.4,0.0,20.0,,6.0,23.0,40.5,23.2,16.6,8.8,3.0,17.3,4.5,27.5,25.6,0.0,2.0,29.1,5.1,0.0,0.0,0.0,21.5
2008-08-28,58.2,2.5,0.0,4.6,1.2,9.2,71.2,9.4,25.0,10.2,,0.0,112.3,0.0,0.0,2.0,,4.5,0.0,10.0,2.4,13.3,2.0,1.5,2.8,4.6,8.5,6.0,3.1,4.0,23.8,17.0,0.0,40.0,38.6,0.0
2008-08-29,18.2,3.8,0.0,13.8,4.4,31.6,51.4,46.6,20.0,0.0,,0.0,23.4,0.0,3.7,39.0,,3.8,36.0,6.0,8.4,1.6,3.6,2.0,3.1,6.8,15.5,5.6,2.7,5.0,5.3,0.0,42.0,3.0,8.0,8.0
2008-08-30,16.6,8.1,0.0,10.2,3.8,9.5,4.1,20.2,15.0,0.0,,41.0,16.2,27.4,41.0,0.0,,5.4,29.0,6.5,14.5,19.6,20.0,3.1,11.6,0.5,30.0,4.0,8.4,4.5,0.0,0.0,2.0,14.0,14.4,19.0
2008-08-31,12.6,4.8,0.0,8.4,7.8,39.2,75.6,32.4,36.0,0.0,,0.0,118.4,10.2,42.3,40.0,,9.8,13.0,4.5,24.7,9.5,7.4,12.2,30.0,10.2,6.5,9.0,0.0,5.0,0.0,3.1,42.8,0.0,6.8,0.0
2008-09-01,3.0,0.9,0.0,0.0,0.4,5.3,14.2,3.4,0.0,0.0,,0.0,65.2,0.0,18.5,31.0,,0.0,0.0,0.0,2.6,4.6,1.2,0.0,1.1,0.4,2.0,0.8,0.0,0.0,0.0,14.3,42.1,25.0,10.2,28.0
2008-09-02,0.0,0.0,0.0,0.0,0.0,0.0,8.6,1.2,0.0,0.0,,0.2,36.4,0.0,10.0,2.0,,0.0,0.0,0.0,0.0,0.0,7.8,0.0,0.0,0.0,0.0,0.0,0.0,0.0,27.0,0.0,0.0,2.0,1.2,0.0
2008-09-03,0.0,0.0,0.0,0.0,0.0,1.1,1.3,0.0,0.0,0.0,,24.0,5.2,0.0,0.0,4.0,,0.0,0.0,0.0,0.0,0.0,0.0,0.0,0.0,0.0,0.0,0.0,0.0,0.0,11.7,0.0,42.0,0.0,3.2,0.0
2008-09-04,30.2,1.0,0.0,2.2,1.6,1.4,3.0,3.4,55.0,14.2,,22.1,21.4,0.0,0.4,76.2,,0.5,3.0,2.0,2.4,0.0,0.2,20.0,1.3,0.7,4.0,2.6,4.1,0.0,0.0,0.0,33.1,0.0,27.2,0.0
2008-09-05,14.2,2.0,0.0,0.0,1.4,2.0,37.3,9.0,34.0,12.5,,12.3,0.0,14.5,13.5,0.0,,1.0,0.0,0.6,2.8,2.0,0.8,2.0,1.3,0.0,29.0,2.4,3.8,0.0,0.0,6.4,0.0,24.0,0.0,20.0
2008-09-06,0.0,0.0,0.0,7.0,1.2,1.0,5.2,31.2,50.0,44.5,,0.3,2.2,0.0,8.0,0.0,,0.0,0.0,0.0,0.0,6.2,0.0,0.0,0.0,0.0,1.0,0.0,0.2,0.0,0.0,0.0,0.0,0.0,0.0,0.0
2008-09-07,0.0,1.0,0.0,28.4,0.6,23.0,0.0,7.6,0.0,0.0,,0.0,16.4,0.0,27.4,0.0,,3.0,11.0,8.0,1.0,40.0,0.4,3.0,3.3,6.0,2.0,3.0,0.7,3.5,0.0,0.0,0.0,0.0,0.0,0.0
2008-09-08,0.0,1.2,0.0,0.0,0.0,1.1,0.0,7.4,0.0,0.0,,0.0,0.0,0.0,19.0,0.0,,0.0,0.0,0.4,1.4,2.7,0.0,2.0,2.6,0.0,2.0,1.0,0.4,0.0,0.0,0.0,0.0,0.0,0.0,0.0
2008-09-09,0.0,4.0,0.0,0.0,2.2,0.4,4.0,5.0,0.0,0.0,,0.0,35.2,0.0,5.0,0.0,,0.0,0.0,0.6,6.5,6.0,0.0,0.0,5.3,0.0,19.5,0.2,4.9,2.0,0.0,0.0,42.2,0.0,0.0,0.0
2008-09-10,0.0,0.0,0.0,0.0,0.0,1.0,2.7,12.0,0.0,0.0,,0.0,22.4,0.0,0.0,0.0,,0.0,13.0,4.4,3.5,8.0,4.8,0.0,22.3,0.0,11.0,0.0,8.8,0.0,0.0,0.0,42.1,0.0,0.2,0.0
2008-09-11,0.0,37.4,0.0,84.6,27.4,15.5,2.4,39.2,0.0,22.5,,0.0,3.4,0.0,0.0,0.0,,77.1,9.0,10.0,26.4,4.5,5.0,18.0,22.9,11.2,61.0,23.2,40.4,27.5,0.0,0.0,23.0,0.0,0.0,0.0
2008-09-12,43.8,84.3,0.0,0.0,10.2,5.4,7.8,24.4,9.0,0.0,,0.0,0.0,0.0,7.4,0.0,,1.1,43.0,8.2,32.6,21.0,33.2,22.0,35.7,6.0,106.0,8.8,84.8,15.0,0.0,3.1,0.0,0.0,0.0,0.0
2008-09-13,15.2,41.3,0.0,0.0,14.0,6.4,12.0,49.8,0.0,10.5,,0.4,21.3,0.0,3.5,0.0,,2.0,69.0,58.4,16.2,7.4,18.4,45.0,7.5,2.5,3.5,0.2,44.7,1.0,0.0,0.0,0.0,0.0,0.0,0.0
2008-09-14,1.4,32.8,0.0,9.8,5.0,3.2,7.9,48.6,8.0,35.5,,0.0,0.0,0.0,14.0,0.0,,30.3,8.0,50.0,29.5,21.0,2.8,38.5,11.1,0.0,7.0,4.2,38.4,2.0,0.0,0.0,0.0,0.0,0.1,0.0
2008-09-15,0.0,9.0,0.0,0.0,0.2,1.5,0.8,23.2,0.0,0.0,,0.0,0.0,0.0,60.6,0.0,,6.0,0.0,0.0,27.4,0.0,0.0,0.0,1.8,0.0,16.2,0.2,11.9,1.5,5.7,0.0,0.0,0.0,0.6,5.0
2008-09-16,0.0,0.0,0.0,0.0,0.0,0.0,0.0,0.0,0.0,0.0,,0.0,0.0,0.0,17.5,0.0,,0.0,0.0,2.5,0.2,0.0,0.0,0.0,0.0,0.2,0.0,0.0,6.3,7.2,0.0,0.0,0.0,0.0,0.0,0.0
2008-09-17,0.0,0.0,0.0,0.0,0.4,1.0,35.4,0.2,0.0,0.0,,0.0,0.0,0.0,4.5,0.0,,2.2,0.0,2.0,0.0,27.2,0.0,3.0,14.3,1.2,0.5,2.4,10.4,3.0,0.0,0.0,0.0,0.0,0.0,0.0
2008-09-18,0.0,3.6,0.0,11.0,0.6,2.5,0.0,9.4,0.0,32.0,,0.0,0.0,0.0,10.0,0.0,,1.8,0.0,0.0,4.9,0.0,0.0,2.0,1.4,2.0,2.0,6.2,0.2,2.0,0.0,0.0,0.0,0.0,0.0,0.0
2008-09-19,0.0,0.0,0.0,0.0,0.0,2.4,1.4,27.0,0.0,0.0,,0.0,0.0,0.0,0.0,0.0,,0.0,0.0,0.3,0.0,0.0,0.0,0.0,0.0,0.0,0.0,0.0,0.0,0.0,0.0,0.0,0.0,0.0,0.0,0.0
2008-09-20,0.0,0.0,0.0,6.8,0.4,0.5,0.0,0.2,0.0,0.0,,12.0,0.0,0.0,0.0,0.0,,0.0,0.0,0.2,0.5,0.0,0.8,2.0,0.0,0.0,0.0,2.2,0.0,1.0,0.0,0.0,0.0,0.0,0.0,0.0
2008-09-21,22.9,0.0,0.0,0.0,1.2,2.0,12.5,1.6,0.0,0.0,,0.0,0.0,15.4,1.0,0.0,,17.8,24.0,0.0,8.4,9.8,0.2,2.5,0.0,2.3,0.0,2.0,23.6,3.5,0.0,0.0,0.0,0.0,0.0,0.0
2008-09-22,2.0,7.7,0.0,0.0,10.4,0.0,6.8,0.8,3.2,0.0,,0.0,0.0,10.2,6.7,0.0,,8.0,0.0,0.2,1.5,7.0,0.6,4.1,3.4,0.8,0.0,10.0,1.1,0.0,6.0,0.0,0.0,0.0,0.0,0.0
2008-09-23,0.0,0.0,0.0,0.0,0.0,0.5,0.0,0.0,90.0,0.0,,0.0,0.0,40.4,0.0,0.0,,3.2,0.0,0.0,0.0,0.0,0.4,8.1,0.0,0.9,0.0,0.4,0.0,4.2,0.0,3.0,0.0,0.0,20.4,135.0
2008-09-24,0.0,0.0,0.0,22.6,0.0,4.5,11.5,4.0,0.0,0.0,,0.0,0.0,0.0,0.0,0.0,,14.2,11.0,18.5,0.6,8.3,4.8,8.0,0.0,0.7,0.0,0.0,0.0,23.5,0.0,0.0,0.0,0.0,0.0,0.0
2008-09-25,18.2,27.9,0.0,18.4,71.6,14.5,18.1,26.0,0.0,0.0,,0.0,0.0,0.0,14.0,13.0,,41.2,11.2,10.0,17.2,10.6,5.2,16.5,10.4,17.5,18.5,25.0,0.1,19.0,0.0,0.0,0.0,0.0,0.0,0.0
2008-09-26,0.0,2.5,0.0,6.2,1.6,11.3,0.0,5.4,0.0,0.0,,0.0,0.0,0.0,7.0,35.0,,37.6,2.0,2.0,1.5,1.3,3.8,4.1,1.7,1.0,1.5,0.8,1.4,6.5,0.0,14.0,0.0,0.0,0.0,0.0
2008-09-27,0.0,0.0,0.0,0.0,0.0,3.5,0.0,0.0,0.0,0.0,,0.0,0.0,0.0,0.0,0.0,,0.0,0.0,0.0,0.0,0.0,0.0,0.0,0.0,0.0,0.0,0.2,0.0,1.0,0.0,0.0,0.0,0.0,0.0,0.0
2008-09-28,0.0,0.0,0.0,0.0,0.0,4.0,9.6,0.0,0.0,0.0,,0.0,0.0,0.0,0.0,0.0,,0.0,0.0,0.0,0.0,0.0,0.0,0.0,0.0,0.0,0.0,0.0,0.0,8.0,0.0,0.0,42.0,0.0,0.0,0.0
2008-09-29,0.0,30.5,0.0,17.8,5.2,0.0,17.1,32.8,0.0,25.4,,0.0,0.0,0.0,4.6,0.0,,10.7,26.0,34.0,43.5,27.0,8.8,5.2,17.4,6.0,43.5,4.4,0.0,7.0,0.0,4.0,12.0,4.5,12.6,9.0
2008-09-30,1.6,4.2,0.0,6.6,5.6,0.7,0.0,14.0,82.0,0.0,,0.0,0.0,0.0,0.4,0.0,,9.0,9.0,6.1,8.4,15.0,7.6,6.1,5.1,8.9,0.0,9.0,0.0,6.0,4.6,13.0,0.0,7.0,10.4,0.0
2008-10-01,0.0,0.0,0.0,0.0,0.0,0.0,0.0,0.0,0.0,0.0,,0.0,0.0,0.0,0.0,0.0,,0.0,0.0,0.0,0.0,0.0,0.0,0.0,0.0,0.0,0.0,0.0,0.0,0.0,0.0,0.0,0.0,0.0,0.0,0.0
2008-10-02,0.0,0.0,0.0,0.0,0.0,0.0,0.0,0.0,0.0,0.0,,0.0,0.0,0.0,19.5,0.0,,0.0,0.0,0.0,0.0,0.0,0.0,0.0,0.0,0.0,0.0,0.0,0.0,0.0,12.0,0.0,0.0,0.0,0.0,0.0
2008-10-03,0.0,0.0,0.0,0.0,0.0,0.0,0.0,0.0,0.0,0.0,,0.0,0.0,0.0,2.0,0.0,,0.0,0.0,0.0,0.0,0.0,0.0,0.0,0.0,0.0,0.0,0.0,0.0,4.5,0.0,0.0,0.0,0.0,0.0,0.0
2008-10-04,0.0,0.0,0.0,0.0,0.0,0.0,0.0,0.0,0.0,0.0,,0.0,0.0,0.0,5.5,0.0,,0.0,0.0,0.0,0.0,0.0,0.0,0.0,0.0,0.0,0.0,0.0,0.0,0.0,0.0,0.0,0.0,0.0,0.0,0.0
2008-10-05,0.0,0.0,0.0,0.0,0.0,0.0,0.0,0.0,0.0,0.0,,0.0,4.3,0.0,11.0,0.0,,0.0,0.0,10.0,20.0,0.0,0.0,0.0,4.9,0.0,0.0,0.0,0.0,0.0,0.0,0.0,0.0,0.0,0.0,0.0
2008-10-06,10.2,0.0,0.0,5.0,0.0,3.0,0.0,15.8,28.0,0.0,,0.0,6.2,0.0,0.0,0.0,,16.9,6.0,0.0,0.0,26.2,0.0,0.0,2.0,0.0,23.1,0.0,0.0,3.0,29.1,0.0,50.5,3.0,12.2,0.0
2008-10-07,21.4,5.6,0.0,8.2,4.4,13.0,49.2,4.6,0.0,0.0,,0.0,0.0,0.0,0.0,0.0,,0.0,3.0,0.0,0.0,3.1,4.2,3.4,1.0,5.4,15.0,0.0,12.2,0.0,0.0,0.0,0.0,0.0,0.0,0.0
2008-10-08,17.9,0.0,0.0,0.0,0.0,2.0,2.4,20.0,31.0,0.0,,0.1,0.0,11.4,3.0,0.0,,0.0,7.0,0.0,0.0,4.0,0.0,0.0,1.3,0.0,0.0,0.0,0.0,0.0,0.0,0.0,20.1,33.0,13.4,0.0
2008-10-09,21.4,0.0,0.0,0.0,0.0,0.0,7.6,0.2,1.0,0.0,,1.2,0.0,0.0,2.5,0.0,,0.0,0.0,0.0,0.0,0.0,0.0,0.0,2.4,0.0,0.0,0.0,0.0,0.0,0.0,0.0,0.0,0.0,0.0,0.0
2008-10-10,0.0,0.0,0.0,0.0,0.0,0.0,0.0,0.0,0.0,0.0,,0.0,0.0,0.0,1.0,0.0,,0.0,0.0,0.0,0.0,0.0,0.0,0.0,0.0,0.0,0.0,0.0,22.8,0.0,0.0,0.0,0.0,0.0,43.2,0.0
2008-10-11,0.0,0.0,0.0,0.0,0.0,0.0,0.0,0.0,0.0,0.0,,0.0,0.0,0.0,10.5,0.0,,0.0,0.0,0.0,0.0,0.0,0.0,0.0,0.0,0.0,0.0,0.0,6.4,1.0,0.0,0.0,0.0,0.0,0.2,0.0
2008-10-12,0.0,4.7,0.0,0.0,0.0,0.0,0.0,8.8,0.0,0.0,,0.0,0.0,0.0,0.0,0.0,,5.4,0.0,2.6,0.0,4.3,0.0,0.0,0.0,0.0,0.0,0.0,0.0,0.0,0.0,0.0,0.0,0.0,0.0,0.0
2008-10-13,0.0,0.0,0.0,0.0,0.0,0.0,0.0,0.0,0.0,0.0,,0.0,0.0,0.0,0.0,0.0,,0.0,0.0,0.0,0.0,0.0,0.0,0.0,0.0,0.0,0.0,0.0,0.0,0.0,0.0,0.0,0.0,0.0,0.0,0.0
2008-10-14,0.0,0.0,0.0,0.0,0.0,0.0,0.0,0.0,0.0,0.0,,0.0,0.0,0.0,0.0,0.0,,0.0,0.0,0.0,0.0,0.0,0.0,0.0,0.0,0.0,0.0,0.0,0.0,0.0,0.0,0.0,0.0,0.0,0.0,0.0
2008-10-15,0.0,0.0,0.0,0.0,0.0,0.0,1.2,13.2,0.0,0.0,,0.0,0.0,0.0,13.0,0.0,,0.0,2.0,2.5,0.0,16.5,0.0,0.0,2.3,0.0,0.0,0.0,0.0,0.0,0.0,0.0,0.0,0.0,0.0,0.0
2008-10-16,0.0,0.0,0.0,0.0,0.0,0.0,0.0,0.0,0.0,0.0,,0.0,0.0,0.0,4.3,0.0,,0.0,0.0,0.0,7.5,0.0,0.0,0.0,0.0,0.0,0.0,0.0,0.0,0.0,0.0,0.0,0.0,0.0,0.0,0.0
2008-10-17,0.0,0.0,0.0,0.0,0.0,0.0,0.5,0.0,0.0,0.0,,0.0,0.0,0.0,0.0,0.0,,0.0,0.0,0.0,0.0,0.0,0.0,0.0,0.0,0.0,0.0,0.0,0.0,0.0,0.0,0.0,0.0,0.0,0.0,0.0
2008-10-18,0.0,0.0,0.0,0.0,0.0,0.0,0.0,0.0,0.0,0.0,,0.0,0.0,0.0,0.0,0.0,,0.0,0.0,0.0,0.0,0.0,0.0,0.0,0.0,0.0,0.0,0.0,0.0,0.0,0.0,0.0,0.0,0.0,0.0,0.0
2008-10-19,0.0,0.0,0.0,0.0,0.0,0.0,0.0,0.0,0.0,0.0,,0.0,0.0,0.0,2.0,0.0,,0.0,0.0,0.0,0.0,0.0,0.0,0.0,0.0,0.0,0.0,0.0,0.0,0.0,0.0,0.0,0.0,0.0,0.0,0.0
2008-10-20,0.0,0.0,0.0,0.0,0.0,0.0,0.0,0.0,0.0,0.0,,0.0,0.0,0.0,0.0,0.0,,0.0,0.0,0.0,0.0,0.0,0.0,0.0,0.0,0.0,0.0,0.0,0.0,0.0,0.0,0.0,0.0,0.0,0.0,0.0
2008-10-21,0.0,0.0,0.0,0.0,0.0,0.0,0.0,0.0,0.0,0.0,,0.0,0.0,0.0,0.0,0.0,,0.0,0.0,0.0,0.0,0.0,0.0,0.0,0.0,0.0,0.0,0.0,0.0,0.0,0.0,0.0,0.0,0.0,0.0,0.0
2008-10-22,0.0,0.0,0.0,0.0,0.0,0.0,0.0,0.0,0.0,0.0,,0.0,0.0,0.0,0.0,0.0,,0.0,0.0,0.0,0.0,0.0,0.0,0.0,0.0,0.0,0.0,0.0,0.0,0.0,0.0,0.0,0.0,0.0,0.0,0.0
2008-10-23,0.0,0.0,0.0,0.0,0.0,2.5,0.0,0.0,0.0,0.0,,0.0,0.0,0.0,0.0,0.0,,0.0,0.0,0.0,0.0,0.0,0.0,0.0,0.0,0.0,0.0,0.0,0.0,0.0,0.0,0.0,0.0,0.0,0.0,0.0
2008-10-24,0.0,0.0,0.0,0.0,0.0,0.0,1.0,0.0,0.0,0.0,,0.0,0.0,0.0,0.0,0.0,,0.0,0.0,0.0,0.0,0.0,0.0,0.0,0.0,0.0,0.0,0.0,0.0,0.0,0.0,0.0,0.0,0.0,0.0,0.0
2008-10-25,0.0,0.0,0.0,0.0,0.0,0.0,0.0,0.0,0.0,0.0,,0.0,0.0,0.0,0.0,0.0,,0.0,0.0,0.0,0.0,0.0,0.0,0.0,0.0,0.0,0.0,0.0,0.0,0.0,0.0,0.0,0.0,0.0,0.0,0.0
2008-10-26,0.0,0.0,0.0,0.0,0.0,0.5,0.0,0.0,0.0,0.0,,0.0,0.0,0.0,3.4,0.0,,0.0,0.0,0.0,0.0,0.0,0.0,0.0,0.0,0.0,0.0,0.0,0.0,0.0,0.0,0.0,8.4,0.0,0.0,0.0
2008-10-27,0.0,0.0,0.0,0.0,0.0,0.0,0.0,0.0,0.0,0.0,,0.0,0.0,0.0,0.0,0.0,,0.0,0.0,0.0,0.0,0.0,0.0,0.0,0.0,0.0,0.0,0.0,0.0,0.0,0.0,0.0,0.0,0.0,0.0,0.0
2008-10-28,0.0,0.0,0.0,0.0,0.0,0.0,0.0,0.0,0.0,0.0,,0.0,0.0,0.0,0.0,0.0,,0.0,0.0,0.0,0.0,0.0,0.0,0.0,0.0,0.0,0.0,0.0,0.0,0.0,0.0,0.0,0.0,0.0,0.0,0.0
2008-10-29,0.0,0.0,0.0,0.0,0.0,0.0,0.0,0.0,0.0,0.0,,0.0,0.0,0.0,0.0,0.0,,0.0,0.0,0.0,0.0,0.0,0.0,0.0,0.0,0.0,0.0,0.0,0.0,0.0,0.0,0.0,0.0,0.0,0.0,0.0
2008-10-30,0.0,0.0,0.0,0.0,0.0,0.0,0.0,0.0,0.0,0.0,,0.0,0.0,0.0,0.0,0.0,,0.0,0.0,0.0,0.0,0.0,0.0,0.0,0.0,0.0,0.0,0.0,0.0,0.0,0.0,0.0,0.0,0.0,0.0,0.0
2008-10-31,0.0,0.0,0.0,0.0,0.0,0.0,0.0,0.0,0.0,0.0,,0.0,0.0,0.0,0.0,0.0,,0.0,0.0,0.0,0.0,0.0,0.0,0.0,0.0,0.0,0.0,0.0,0.0,0.0,0.0,0.0,0.0,0.0,0.0,0.0
2008-11-01,0.0,0.0,0.0,0.0,0.0,0.0,0.0,0.0,0.0,0.0,,0.0,0.0,0.0,0.0,0.0,,0.0,0.0,0.0,0.0,0.0,0.0,0.0,0.0,0.0,0.0,0.0,0.0,0.0,0.0,0.0,0.0,0.0,0.0,0.0
2008-11-02,0.0,0.0,0.0,0.0,0.0,0.0,0.0,0.0,0.0,0.0,,0.0,0.0,0.0,0.0,0.0,,0.0,0.0,0.0,0.0,0.0,0.0,0.0,0.0,0.0,0.0,0.0,0.0,0.0,0.0,0.0,0.0,0.0,0.0,0.0
2008-11-03,0.0,0.0,0.0,0.0,0.0,0.0,0.0,0.0,0.0,0.0,,0.0,18.2,0.0,0.0,0.0,,0.0,0.0,0.0,0.0,0.0,0.0,0.0,0.0,0.0,0.0,0.0,0.0,0.0,0.0,0.0,0.0,0.0,0.0,0.0
2008-11-04,0.0,0.0,0.0,0.0,0.0,0.0,0.0,0.0,0.0,0.0,,0.0,0.0,0.0,0.0,0.0,,0.0,0.0,0.0,0.0,0.0,0.0,0.0,0.0,0.0,0.0,0.0,0.0,0.0,0.0,0.0,0.0,0.0,0.0,0.0
2008-11-05,0.0,0.0,0.0,0.0,0.0,0.0,0.0,0.0,0.0,0.0,,0.0,0.0,0.0,0.0,0.0,,0.0,0.0,0.0,0.0,0.0,0.0,0.0,0.0,0.0,0.0,0.0,0.0,0.0,0.0,0.0,0.0,0.0,0.0,0.0
2008-11-06,0.0,0.0,0.0,0.0,0.0,0.0,0.0,0.0,0.0,0.0,,0.0,0.0,0.0,0.0,0.0,,0.0,0.0,0.0,0.0,0.0,0.0,0.0,0.0,0.0,0.0,0.0,0.0,0.0,0.0,0.0,0.0,0.0,0.0,0.0
2008-11-07,0.0,0.0,0.0,0.0,0.0,0.0,0.0,0.0,0.0,0.0,,0.0,0.0,0.0,0.0,0.0,,0.0,0.0,0.0,0.0,0.0,0.0,0.0,0.0,0.0,0.0,0.0,0.0,0.0,0.0,0.0,0.0,0.0,0.0,0.0
2008-11-08,0.0,0.0,0.0,0.0,0.0,0.0,0.0,0.0,0.0,0.0,,0.0,0.0,0.0,0.0,0.0,,0.0,0.0,0.0,0.0,0.0,0.0,0.0,0.0,0.0,0.0,0.0,0.0,0.0,0.0,0.0,0.0,0.0,0.0,0.0
2008-11-09,0.0,0.0,0.0,0.0,0.0,0.0,0.0,0.0,0.0,0.0,,0.0,0.0,0.0,0.0,0.0,,0.0,0.0,0.0,0.0,0.0,0.0,0.0,0.0,0.0,0.0,0.0,0.0,0.0,0.0,0.0,0.0,0.0,0.0,0.0
2008-11-10,0.0,0.0,0.0,0.0,0.0,0.0,0.0,0.0,0.0,0.0,,0.0,0.0,0.0,0.0,0.0,,0.0,0.0,0.0,0.0,0.0,0.0,0.0,0.0,0.0,0.0,0.0,0.0,0.0,0.0,0.0,0.0,0.0,0.0,0.0
2008-11-11,0.0,0.0,0.0,0.0,0.0,0.0,0.0,0.0,0.0,0.0,,0.0,0.0,0.0,0.0,0.0,,0.0,0.0,0.0,0.0,0.0,0.0,0.0,0.0,0.0,0.0,0.0,0.0,0.0,0.0,0.0,0.0,0.0,0.0,0.0
2008-11-12,0.0,0.0,0.0,0.0,0.0,0.0,0.0,0.0,0.0,0.0,,0.0,0.0,0.0,0.0,0.0,,0.0,0.0,0.0,0.0,0.0,0.0,0.0,0.0,0.0,0.0,0.0,0.0,0.0,0.0,0.0,0.0,0.0,0.0,0.0
2008-11-13,0.0,0.0,0.0,0.0,0.0,0.0,0.0,0.0,0.0,0.0,,0.0,0.0,0.0,0.0,0.0,,0.0,0.0,0.0,0.0,0.0,0.0,0.0,0.0,0.0,0.0,0.0,0.0,0.0,0.0,0.0,0.0,0.0,0.0,0.0
2008-11-14,0.0,0.0,0.0,0.0,0.0,0.0,0.0,0.0,0.0,0.0,,0.0,0.0,0.0,0.0,0.0,,0.0,0.0,0.0,0.0,0.0,0.0,0.0,0.0,0.0,0.0,0.0,0.0,0.0,0.0,0.0,0.0,0.0,0.0,0.0
2008-11-15,0.0,0.0,0.0,0.0,0.0,0.0,0.0,0.0,0.0,0.0,,0.0,0.0,0.0,0.0,0.0,,0.0,0.0,0.0,0.0,0.0,0.0,0.0,0.0,0.0,0.0,0.0,0.0,0.0,0.0,0.0,0.0,0.0,0.0,0.0
2008-11-16,0.0,0.0,0.0,0.0,0.0,0.0,0.0,0.0,0.0,0.0,,0.0,0.0,0.0,0.0,0.0,,0.0,0.0,0.0,0.0,0.0,0.0,0.0,0.0,0.0,0.0,0.0,0.0,0.0,0.0,0.0,0.0,0.0,0.0,0.0
2008-11-17,0.0,0.0,0.0,0.0,0.0,0.0,0.0,0.0,0.0,0.0,,0.0,0.0,0.0,0.0,0.0,,0.0,0.0,0.0,0.0,0.0,0.0,0.0,0.0,0.0,0.0,0.0,0.0,0.0,0.0,0.0,0.0,0.0,0.0,0.0
2008-11-18,0.0,0.0,0.0,0.0,0.0,0.0,0.0,0.0,0.0,0.0,,0.0,0.0,0.0,0.0,0.0,,0.0,0.0,0.0,0.0,0.0,0.0,0.0,0.0,0.0,0.0,0.0,0.0,0.0,0.0,0.0,0.0,0.0,0.0,0.0
2008-11-19,0.0,0.0,0.0,0.0,0.0,0.0,0.0,0.0,0.0,0.0,,0.0,0.0,0.0,0.0,0.0,,0.0,0.0,0.0,0.0,0.0,0.0,0.0,0.0,0.0,0.0,0.0,0.0,0.0,0.0,0.0,0.0,0.0,0.0,0.0
2008-11-20,0.0,0.0,0.0,0.0,0.0,0.0,0.0,0.0,0.0,0.0,,0.0,0.0,0.0,0.0,0.0,,0.0,0.0,0.0,0.0,0.0,0.0,0.0,0.0,0.0,0.0,0.0,0.0,0.0,0.0,0.0,0.0,0.0,0.0,0.0
2008-11-21,0.0,0.0,0.0,0.0,0.0,0.0,0.0,0.0,0.0,0.0,,0.0,0.0,0.0,0.0,0.0,,0.0,0.0,0.0,0.0,0.0,0.0,0.0,0.0,0.0,0.0,0.0,0.0,0.0,0.0,0.0,0.0,0.0,0.0,0.0
2008-11-22,0.0,0.0,0.0,0.0,0.0,0.0,0.0,0.0,0.0,0.0,,0.0,0.0,0.0,0.0,0.0,,0.0,0.0,0.0,0.0,0.0,0.0,0.0,0.0,0.0,0.0,0.0,0.0,0.0,0.0,0.0,0.0,0.0,0.0,0.0
2008-11-23,0.0,0.0,0.0,0.0,0.0,0.0,0.0,0.0,0.0,0.0,,0.0,0.0,0.0,0.0,0.0,,0.0,0.0,0.0,0.0,0.0,0.0,0.0,0.0,0.0,0.0,0.0,0.0,0.0,0.0,0.0,0.0,0.0,0.0,0.0
2008-11-24,0.0,0.0,0.0,0.0,0.0,0.0,0.0,0.0,0.0,0.0,,0.0,0.0,0.0,0.0,0.0,,0.0,0.0,0.0,0.0,0.0,0.0,0.0,0.0,0.0,0.0,0.0,0.0,0.0,0.0,0.0,0.0,0.0,0.0,0.0
2008-11-25,0.0,0.0,0.0,0.0,0.0,0.0,0.0,0.0,0.0,0.0,,0.0,0.0,0.0,0.0,0.0,,0.0,0.0,0.0,0.0,0.0,0.0,0.0,0.0,0.0,0.0,0.0,0.0,0.0,0.0,0.0,0.0,0.0,0.0,0.0
2008-11-26,0.0,0.0,0.0,0.0,0.0,0.0,0.0,0.0,0.0,0.0,,0.0,0.0,0.0,0.0,0.0,,0.0,0.0,0.0,0.0,0.0,0.0,0.0,0.0,0.0,0.0,0.0,0.0,0.0,0.0,0.0,0.0,0.0,0.0,0.0
2008-11-27,0.0,0.0,0.0,0.0,0.0,0.0,0.0,0.0,0.0,0.0,,0.0,0.0,0.0,0.0,0.0,,0.0,0.0,0.0,0.0,0.0,0.0,0.0,0.0,0.0,0.0,0.0,0.0,0.0,0.0,0.0,0.0,0.0,0.0,0.0
2008-11-28,0.0,0.0,0.0,0.0,0.0,0.0,0.0,0.0,0.0,0.0,,0.0,0.0,0.0,0.0,0.0,,0.0,0.0,0.0,0.0,0.0,0.0,0.0,0.0,0.0,0.0,0.0,0.0,0.0,0.0,0.0,0.0,0.0,0.0,0.0
2008-11-29,0.0,0.0,0.0,0.0,0.0,0.0,0.0,0.0,0.0,0.0,,0.0,0.0,0.0,0.0,0.0,,0.0,0.0,0.0,0.0,0.0,0.0,0.0,0.0,0.0,0.0,0.0,0.0,0.0,0.0,0.0,0.0,0.0,0.0,0.0
2008-11-30,0.0,0.0,0.0,0.0,0.0,0.0,0.0,0.0,0.0,0.0,,0.0,0.0,0.0,0.0,0.0,,0.0,0.0,0.0,0.0,0.0,0.0,0.0,0.0,0.0,0.0,0.0,0.0,0.0,0.0,0.0,0.0,0.0,0.0,0.0
2008-12-01,0.0,0.0,0.0,0.0,0.0,0.0,0.0,0.0,0.0,0.0,0.0,0.0,0.0,0.0,0.0,0.0,,0.0,0.0,0.0,0.0,0.0,0.0,0.0,0.0,0.0,0.0,0.0,0.0,0.0,0.0,0.0,0.0,0.0,0.0,0.0
2008-12-02,0.0,0.0,0.0,0.0,0.0,0.0,0.0,0.0,0.0,0.0,0.0,0.0,0.0,0.0,0.0,0.0,,0.0,0.0,0.0,0.0,0.0,0.0,0.0,0.0,0.0,0.0,0.0,0.0,0.0,0.0,0.0,0.0,0.0,0.0,0.0
2008-12-03,0.0,0.0,0.0,0.0,0.0,0.0,0.0,0.0,0.0,0.0,0.0,0.0,0.0,0.0,0.0,0.0,,0.0,0.0,0.0,0.0,0.0,0.0,0.0,0.0,0.0,0.0,0.0,0.0,0.0,0.0,0.0,0.0,0.0,0.0,0.0
2008-12-04,0.0,0.0,0.0,0.0,0.0,0.0,0.0,0.0,0.0,0.0,0.0,0.0,0.0,0.0,0.0,0.0,,0.0,0.0,0.0,0.0,0.0,0.0,0.0,0.0,0.0,0.0,0.0,0.0,0.0,0.0,0.0,0.0,0.0,0.0,0.0
2008-12-05,0.0,0.0,0.0,0.0,0.0,0.0,0.0,0.0,0.0,0.0,0.0,0.0,0.0,0.0,0.0,0.0,,0.0,0.0,0.0,0.0,0.0,0.0,0.0,0.0,0.0,0.0,0.0,0.0,0.0,0.0,0.0,0.0,0.0,0.0,0.0
2008-12-06,0.0,0.0,0.0,0.0,0.0,0.0,0.0,0.0,0.0,0.0,0.0,0.0,0.0,0.0,0.0,0.0,,0.0,0.0,0.0,0.0,0.0,0.0,0.0,0.0,0.0,0.0,0.0,0.0,0.0,0.0,0.0,0.0,0.0,0.0,0.0
2008-12-07,0.0,0.0,0.0,0.0,0.0,0.0,0.0,0.0,0.0,0.0,0.0,0.0,0.0,0.0,0.0,0.0,,0.0,0.0,0.0,0.0,0.0,0.0,0.0,0.0,0.0,0.0,0.0,0.0,0.0,0.0,0.0,0.0,0.0,0.0,0.0
2008-12-08,0.0,0.0,0.0,0.0,0.0,0.0,0.0,0.0,0.0,0.0,0.0,0.0,0.0,0.0,0.0,0.0,,0.0,0.0,0.0,0.0,0.0,0.0,0.0,0.0,0.0,0.0,0.0,0.0,0.0,0.0,0.0,0.0,0.0,0.0,0.0
2008-12-09,0.0,0.0,0.0,0.0,0.0,0.0,0.0,0.0,0.0,0.0,0.0,0.0,0.0,0.0,0.0,0.0,,0.0,0.0,0.0,0.0,0.0,0.0,0.0,0.0,0.0,0.0,0.0,0.0,0.0,0.0,0.0,0.0,0.0,0.0,0.0
2008-12-10,0.0,0.0,0.0,0.0,0.0,0.0,0.0,0.0,0.0,0.0,0.0,0.0,0.0,0.0,0.0,0.0,,0.0,0.0,0.0,0.0,0.0,0.0,0.0,0.0,0.0,0.0,0.0,0.0,0.0,0.0,0.0,0.0,0.0,0.0,0.0
2008-12-11,0.0,0.0,0.0,0.0,0.0,0.0,0.0,0.0,0.0,0.0,0.0,0.0,0.0,0.0,0.0,0.0,,0.0,0.0,0.0,0.0,0.0,0.0,0.0,0.0,0.0,0.0,0.0,0.0,0.0,0.0,0.0,0.0,0.0,0.0,0.0
2008-12-12,0.0,0.0,0.0,0.0,0.0,0.0,0.0,0.0,0.0,0.0,0.0,0.0,0.0,0.0,0.0,0.0,,0.0,0.0,0.0,0.0,0.0,0.0,0.0,0.0,0.0,0.0,0.0,0.0,0.0,0.0,0.0,0.0,0.0,0.0,0.0
2008-12-13,0.0,0.0,0.0,0.0,0.0,0.0,0.0,0.0,0.0,0.0,0.0,0.0,0.0,0.0,0.0,0.0,,0.0,0.0,0.0,0.0,0.0,0.0,0.0,0.0,0.0,0.0,0.0,0.0,0.0,0.0,0.0,0.0,0.0,0.0,0.0
2008-12-14,0.0,0.0,0.0,0.0,0.0,0.0,0.0,0.0,0.0,0.0,0.0,0.0,0.0,0.0,0.0,0.0,,0.0,0.0,0.0,0.0,0.0,0.0,0.0,0.0,0.0,0.0,0.0,0.0,0.0,0.0,0.0,0.0,0.0,0.0,0.0
2008-12-15,0.0,0.0,0.0,0.0,0.0,0.0,0.0,0.0,0.0,0.0,0.0,0.0,0.0,0.0,0.0,0.0,,0.0,0.0,0.0,0.0,0.0,0.0,0.0,0.0,0.0,0.0,0.0,0.0,0.0,0.0,0.0,0.0,0.0,0.0,0.0
2008-12-16,0.0,0.0,0.0,0.0,0.0,0.0,0.0,0.0,0.0,0.0,0.0,0.0,0.0,0.0,0.0,0.0,,0.0,0.0,0.0,0.0,0.0,0.0,0.0,0.0,0.0,0.0,0.0,0.0,0.0,0.0,0.0,0.0,0.0,0.0,0.0
2008-12-17,0.0,0.0,0.0,0.0,0.0,0.0,0.0,0.0,0.0,0.0,0.0,0.0,0.0,0.0,0.0,0.0,,0.0,0.0,0.0,0.0,0.0,0.0,0.0,0.0,0.0,0.0,0.0,0.0,0.0,0.0,0.0,0.0,0.0,0.0,0.0
2008-12-18,0.0,0.0,0.0,0.0,0.0,0.0,0.0,0.0,0.0,0.0,0.0,0.0,0.0,0.0,0.0,0.0,,0.0,0.0,0.0,0.0,0.0,0.0,0.0,0.0,0.0,0.0,0.0,0.0,0.0,0.0,0.0,0.0,0.0,0.0,0.0
2008-12-19,0.0,0.0,0.0,0.0,0.0,0.0,0.0,0.0,0.0,0.0,0.0,0.0,0.0,0.0,0.0,0.0,,0.0,0.0,0.0,0.0,0.0,0.0,0.0,0.0,0.0,0.0,0.0,0.0,0.0,0.0,0.0,0.0,0.0,0.0,0.0
2008-12-20,0.0,0.0,0.0,0.0,0.0,0.0,0.0,0.0,0.0,0.0,0.0,0.0,0.0,0.0,0.0,0.0,,0.0,0.0,0.0,0.0,0.0,0.0,0.0,0.0,0.0,0.0,0.0,0.0,0.0,0.0,0.0,0.0,0.0,0.0,0.0
2008-12-21,0.0,0.0,0.0,0.0,0.0,0.0,0.0,0.0,0.0,0.0,0.0,0.0,0.0,0.0,0.0,0.0,,0.0,0.0,0.0,0.0,0.0,0.0,0.0,0.0,0.0,0.0,0.0,0.0,0.0,0.0,0.0,0.0,0.0,0.0,0.0
2008-12-22,0.0,0.0,0.0,0.0,0.0,0.0,0.0,0.0,0.0,0.0,0.0,0.0,0.0,0.0,0.0,0.0,,0.0,0.0,0.0,0.0,0.0,0.0,0.0,0.0,0.0,0.0,0.0,0.0,0.0,0.0,0.0,0.0,0.0,0.0,0.0
2008-12-23,0.0,0.0,0.0,0.0,0.0,0.0,0.0,0.0,0.0,0.0,0.0,0.0,0.0,0.0,0.0,0.0,,0.0,0.0,0.0,0.0,0.0,0.0,0.0,0.0,0.0,0.0,0.0,0.0,0.0,0.0,0.0,0.0,0.0,0.0,0.0
2008-12-24,0.0,0.0,0.0,0.0,0.0,0.0,0.0,0.0,0.0,0.0,0.0,0.0,0.0,0.0,0.0,0.0,,0.0,0.0,0.0,0.4,0.0,0.0,0.0,0.0,0.0,0.0,0.0,0.0,0.0,0.0,0.0,0.0,0.0,0.0,0.0
2008-12-25,0.0,0.0,0.0,0.0,0.0,0.0,0.0,0.0,0.0,0.0,0.0,0.0,0.0,0.0,0.0,0.0,,0.0,0.0,0.0,0.0,0.0,0.0,0.0,0.0,0.0,0.0,0.0,0.0,0.0,0.0,0.0,0.0,0.0,0.0,0.0
2008-12-26,0.0,0.0,0.0,0.0,0.0,0.0,0.0,1.0,0.0,0.0,0.0,0.0,0.0,0.0,0.7,0.0,,0.0,0.0,0.0,11.7,0.0,0.8,0.3,2.4,0.0,3.5,0.0,13.2,0.0,0.0,0.0,13.1,0.0,0.0,0.0
2008-12-27,0.0,0.0,0.0,8.4,0.0,0.0,2.5,7.8,0.0,0.0,0.0,0.1,0.0,0.0,3.5,0.0,,0.0,2.0,0.0,0.0,0.0,1.6,2.5,1.6,0.1,2.5,0.0,0.0,0.0,0.0,0.0,0.0,0.0,0.0,0.0
2008-12-28,0.0,0.0,0.0,0.0,0.0,0.0,0.0,0.0,0.0,0.0,0.0,0.0,0.0,0.0,0.0,0.0,,7.9,0.0,0.0,0.0,0.0,0.4,0.0,0.0,0.0,0.0,0.0,0.0,0.0,0.0,0.0,0.0,0.0,0.0,0.0
2008-12-29,0.0,0.0,0.0,0.0,0.0,0.0,0.0,0.0,0.0,0.0,0.0,0.0,0.0,0.0,0.0,0.0,,0.0,0.0,0.0,0.0,0.0,0.0,0.0,0.0,0.0,0.0,0.0,0.0,0.0,0.0,0.0,0.0,0.0,0.0,0.0
2008-12-30,0.0,0.0,0.0,0.0,0.0,0.0,0.0,0.0,0.0,0.0,0.0,0.0,0.0,0.0,0.0,0.0,,0.0,0.0,0.0,0.0,0.0,0.0,0.0,0.0,0.0,0.0,0.0,0.0,0.0,0.0,0.0,0.0,0.0,0.0,0.0
2008-12-31,0.0,0.0,0.0,0.0,0.0,0.0,0.0,0.0,0.0,0.0,0.0,0.0,0.0,0.0,0.0,0.0,,0.0,0.0,0.0,0.0,0.0,0.0,0.0,0.0,0.0,0.0,0.0,0.0,0.0,0.0,0.0,0.0,0.0,0.0,0.0
2009-01-01,0.0,0.0,0.0,0.0,0.0,0.0,0.0,0.0,0.0,0.0,0.0,0.0,0.0,0.0,0.0,0.0,0.0,0.0,0.0,0.0,0.0,0.0,0.0,0.0,0.0,0.0,0.0,0.0,0.0,0.0,0.0,0.0,0.0,0.0,0.0,0.0
2009-01-02,0.0,0.0,0.0,0.0,0.0,0.0,0.0,0.0,0.0,0.0,0.0,0.0,0.0,0.0,0.0,0.0,0.0,0.0,0.0,0.0,0.0,0.0,0.0,0.0,0.0,0.0,0.0,0.0,20.1,0.0,0.0,0.0,0.0,0.0,0.0,0.0
2009-01-03,0.0,0.0,0.0,0.0,0.0,0.0,0.0,0.0,0.0,0.0,0.0,0.0,0.0,0.0,0.0,0.0,0.0,0.0,0.0,0.0,0.0,0.0,0.0,0.0,0.0,0.0,0.0,0.0,5.2,0.0,0.0,0.0,0.0,0.0,0.0,0.0
2009-01-04,0.0,0.0,0.0,0.0,0.0,0.0,0.0,0.0,0.0,0.0,0.0,0.0,0.0,0.0,0.0,0.0,0.0,0.0,0.0,0.0,0.0,0.0,0.0,0.0,0.0,0.0,0.0,0.0,0.5,0.0,0.0,0.0,0.0,0.0,0.0,0.0
2009-01-05,0.0,0.0,0.0,0.0,0.0,0.0,0.0,0.0,0.0,0.0,0.0,0.0,0.0,0.0,0.0,0.0,0.0,0.0,0.0,0.0,0.0,0.0,0.0,0.0,0.0,0.0,0.0,0.0,0.6,0.0,0.0,0.0,0.0,0.0,0.0,0.0
2009-01-06,0.0,0.0,0.0,0.0,0.0,0.0,0.0,0.0,0.0,0.0,0.0,0.0,0.0,0.0,0.0,0.0,0.0,0.0,0.0,0.0,0.0,0.0,0.0,0.0,0.0,0.0,0.0,0.0,3.4,0.0,0.0,0.0,0.0,0.0,0.0,0.0
2009-01-07,0.0,0.0,0.0,0.0,0.0,0.0,0.0,0.0,0.0,0.0,0.0,0.0,0.0,0.0,0.0,0.0,0.0,0.0,0.0,0.0,0.0,0.0,0.0,0.0,0.0,0.0,0.0,0.0,6.2,0.0,0.0,0.0,0.0,0.0,0.0,0.0
2009-01-08,0.0,0.0,0.0,0.0,0.0,0.0,0.0,0.0,0.0,0.0,0.0,0.0,0.0,0.0,0.0,0.0,0.0,0.0,0.0,0.0,0.0,0.0,0.0,0.0,0.0,0.0,0.0,0.0,25.4,0.0,0.0,0.0,0.0,0.0,0.0,0.0
2009-01-09,0.0,0.0,0.0,0.0,0.0,0.0,0.0,0.0,0.0,0.0,0.0,0.0,0.0,0.0,0.0,0.0,0.0,0.0,0.0,0.0,0.0,0.0,0.0,0.0,0.0,0.0,0.0,0.0,18.2,0.0,0.0,0.0,0.0,0.0,0.0,0.0
2009-01-10,0.0,0.0,0.0,0.0,0.0,0.0,0.0,0.0,0.0,0.0,0.0,0.0,0.0,0.0,0.0,0.0,0.0,0.0,0.0,0.0,0.0,0.0,0.0,0.0,0.0,0.0,0.0,0.0,8.6,0.0,0.0,0.0,0.0,0.0,0.0,0.0
2009-01-11,0.0,0.0,0.0,0.0,0.0,0.0,0.0,0.0,0.0,0.0,0.0,0.0,0.0,0.0,0.0,0.0,0.0,0.0,0.0,0.0,0.0,0.0,0.0,0.0,0.0,0.0,0.0,0.0,46.2,0.0,0.0,0.0,0.0,0.0,0.0,0.0
2009-01-12,0.0,0.0,0.0,0.0,0.0,0.0,0.0,0.0,0.0,0.0,0.0,0.0,0.0,0.0,0.0,0.0,0.0,0.0,0.0,0.0,0.0,0.0,0.0,0.0,0.0,0.0,0.0,0.0,16.4,0.0,0.0,0.0,0.0,0.0,0.0,0.0
2009-01-13,0.0,0.0,0.0,0.0,0.0,0.0,0.0,0.0,0.0,0.0,0.0,0.0,0.0,0.0,0.0,0.0,0.0,0.0,0.0,0.0,0.0,0.0,0.0,0.0,0.0,0.0,0.0,0.0,8.2,0.0,0.0,0.0,0.0,0.0,0.0,0.0
2009-01-14,0.0,0.0,0.0,0.0,0.0,0.0,0.0,0.0,0.0,0.0,0.0,0.0,0.0,0.0,0.0,0.0,0.0,0.0,0.0,0.0,0.0,0.0,0.0,0.0,0.0,0.0,0.0,0.0,0.0,0.0,0.0,0.0,0.0,0.0,0.0,0.0
2009-01-15,0.0,0.0,0.0,0.0,0.0,0.0,0.0,0.0,0.0,0.0,0.0,0.0,0.0,0.0,0.0,0.0,0.0,0.0,0.0,0.0,0.0,0.0,0.0,0.0,0.0,0.0,0.0,0.0,6.8,0.0,0.0,0.0,0.0,0.0,0.0,0.0
2009-01-16,0.0,0.0,0.0,0.0,0.0,0.0,0.0,0.0,0.0,0.0,0.0,0.0,0.0,0.0,0.0,0.0,0.0,0.0,0.0,0.0,0.0,0.0,0.0,0.0,0.0,0.0,0.0,0.0,2.4,0.0,0.0,0.0,0.0,0.0,0.0,0.0
2009-01-17,0.0,0.0,0.0,0.0,0.0,0.0,0.0,0.0,0.0,0.0,0.0,0.0,0.0,0.0,0.0,0.0,0.0,0.0,0.0,0.0,0.0,0.0,0.0,0.0,0.0,0.0,0.0,0.0,4.2,0.0,0.0,0.0,0.0,0.0,0.0,0.0
2009-01-18,0.0,0.0,0.0,0.0,0.0,0.0,0.0,0.0,0.0,0.0,0.0,0.0,0.0,0.0,0.0,0.0,0.0,0.0,0.0,0.0,0.0,0.0,0.0,0.0,0.0,0.0,0.0,0.0,0.0,0.0,0.0,0.0,0.0,0.0,0.0,0.0
2009-01-19,0.0,0.0,0.0,0.0,0.0,0.0,0.0,0.0,0.0,0.0,0.0,0.0,0.0,0.0,0.0,0.0,0.0,0.0,0.0,0.0,0.0,0.0,0.0,0.0,0.0,0.0,0.0,0.0,0.0,0.0,0.0,0.0,0.0,0.0,0.0,0.0
2009-01-20,0.0,0.0,0.0,0.0,0.0,0.0,0.0,0.0,0.0,0.0,0.0,0.0,0.0,0.0,0.0,0.0,0.0,0.0,0.0,0.0,0.0,0.0,0.0,0.0,0.0,0.0,0.0,0.0,5.2,0.0,0.0,0.0,0.0,0.0,0.0,0.0
2009-01-21,0.0,0.0,0.0,0.0,0.0,0.0,0.0,0.0,0.0,0.0,0.0,0.0,0.0,0.0,0.0,0.0,0.0,0.0,0.0,0.0,0.0,0.0,0.0,0.0,0.0,0.0,0.0,0.0,40.8,0.0,0.0,0.0,0.0,0.0,0.0,0.0
2009-01-22,0.0,0.0,0.0,0.0,0.0,0.0,0.0,0.0,0.0,0.0,0.0,0.0,0.0,0.0,0.0,0.0,0.0,0.0,0.0,0.0,0.0,0.0,0.0,0.0,0.0,0.0,0.0,0.0,10.5,0.0,0.0,0.0,0.0,0.0,0.0,0.0
2009-01-23,0.0,0.0,0.0,0.0,0.0,0.0,0.0,0.0,0.0,0.0,0.0,0.0,0.0,0.0,0.0,0.0,0.0,0.0,0.0,0.0,0.0,0.0,0.0,0.0,0.0,0.0,0.0,0.0,0.0,0.0,0.0,0.0,0.0,0.0,0.0,0.0
2009-01-24,0.0,0.0,0.0,0.0,0.0,0.0,0.0,0.0,0.0,0.0,0.0,0.0,0.0,0.0,0.0,0.0,0.0,0.0,0.0,0.0,0.0,0.0,0.0,0.0,0.0,0.0,0.0,0.0,15.2,0.0,0.0,0.0,0.0,0.0,0.0,0.0
2009-01-25,0.0,0.0,0.0,0.0,0.0,0.0,0.0,0.0,0.0,0.0,0.0,0.0,0.0,0.0,0.0,0.0,0.0,0.0,0.0,0.0,0.0,0.0,0.0,0.0,0.0,0.0,0.0,0.0,6.8,0.0,0.0,0.0,0.0,0.0,0.0,0.0
2009-01-26,0.0,0.0,0.0,0.0,0.0,0.0,0.0,0.0,0.0,0.0,0.0,0.0,0.0,0.0,0.0,0.0,0.0,0.0,0.0,0.0,0.0,0.0,0.0,0.0,0.0,0.0,0.0,0.0,6.2,0.0,0.0,0.0,0.0,0.0,0.0,0.0
2009-01-27,0.0,0.0,0.0,0.0,0.0,0.0,0.0,0.0,0.0,0.0,0.0,0.0,0.0,0.0,0.0,0.0,0.0,0.0,0.0,0.0,0.0,0.0,0.0,0.0,0.0,0.0,0.0,0.0,0.0,0.0,0.0,0.0,0.0,0.0,0.0,0.0
2009-01-28,0.0,0.0,0.0,0.0,0.0,0.0,0.0,0.0,0.0,0.0,0.0,0.0,0.0,0.0,0.0,0.0,0.0,0.0,0.0,0.0,0.0,0.0,0.0,0.0,0.0,0.0,0.0,0.0,8.8,0.0,0.0,0.0,0.0,0.0,0.0,0.0
2009-01-29,0.0,0.0,0.0,0.0,0.0,0.0,0.0,0.0,0.0,0.0,0.0,0.0,0.0,0.0,0.0,0.0,0.0,0.0,0.0,0.0,0.0,0.0,0.0,0.0,0.0,0.0,0.0,0.0,0.0,0.0,0.0,0.0,0.0,0.0,0.0,0.0
2009-01-30,0.0,0.0,0.0,0.0,0.0,0.0,0.0,0.0,0.0,0.0,0.0,0.0,0.0,0.0,0.0,0.0,0.0,0.0,0.0,0.0,0.0,0.0,0.0,0.0,0.0,0.0,0.0,0.0,6.5,0.0,0.0,0.0,0.0,0.0,0.0,0.0
2009-01-31,0.0,0.0,0.0,0.0,0.0,0.0,0.0,0.0,0.0,0.0,0.0,0.0,0.0,0.0,0.0,0.0,0.0,0.0,0.0,0.0,0.0,0.0,0.0,0.0,0.0,0.0,0.0,0.0,17.6,0.0,0.0,0.0,0.0,0.0,0.0,0.0
2009-02-01,0.0,0.0,0.0,0.0,0.0,0.0,0.0,0.0,0.0,0.0,0.0,0.0,0.0,0.0,0.0,0.0,0.0,0.0,0.0,0.0,0.0,0.0,0.0,0.0,0.0,0.0,0.0,0.0,0.0,0.0,0.0,0.0,0.0,0.0,0.0,0.0
2009-02-02,0.0,0.0,0.0,0.0,0.0,0.0,0.0,0.0,0.0,0.0,0.0,0.0,0.0,0.0,0.0,0.0,0.0,0.0,0.0,0.0,0.0,0.0,0.0,0.0,0.0,0.0,0.0,0.0,0.0,0.0,0.0,0.0,0.0,0.0,0.0,0.0
2009-02-03,0.0,0.0,0.0,0.0,0.0,0.0,0.0,0.0,0.0,0.0,0.0,0.0,0.0,0.0,0.0,0.0,0.0,0.0,0.0,0.0,0.0,0.0,0.0,0.0,0.0,0.0,0.0,0.0,0.0,0.0,0.0,0.0,0.0,0.0,0.0,0.0
2009-02-04,0.0,0.0,0.0,0.0,0.0,0.0,0.0,0.0,0.0,0.0,0.0,0.0,0.0,0.0,0.0,0.0,0.0,0.0,0.0,0.0,0.0,0.0,0.0,0.0,0.0,0.0,0.0,0.0,0.0,0.0,0.0,0.0,0.0,0.0,0.0,0.0
2009-02-05,0.0,0.0,0.0,0.0,0.0,0.0,0.0,0.0,0.0,0.0,0.0,0.0,0.0,0.0,0.0,0.0,0.0,0.0,0.0,0.0,0.0,0.0,0.0,0.0,0.0,0.0,0.0,0.0,0.0,0.0,0.0,0.0,0.0,0.0,0.0,0.0
2009-02-06,0.0,0.0,0.0,0.0,0.0,0.0,0.0,0.0,0.0,0.0,0.0,0.0,0.0,0.0,0.0,0.0,0.0,0.0,0.0,0.0,0.0,0.0,0.0,0.0,0.0,0.0,0.0,0.0,0.0,0.0,0.0,0.0,0.0,0.0,0.0,0.0
2009-02-07,0.0,0.0,0.0,0.0,0.0,0.0,0.0,0.0,0.0,0.0,0.0,0.0,0.0,0.0,0.0,0.0,0.0,0.0,0.0,0.0,0.0,0.0,0.0,0.0,0.0,0.0,0.0,0.0,0.0,0.0,0.0,0.0,0.0,0.0,0.0,0.0
2009-02-08,0.0,0.0,0.0,0.0,0.0,0.0,0.0,0.0,0.0,0.0,0.0,0.0,0.0,0.0,0.0,0.0,0.0,0.0,0.0,0.0,0.0,0.0,0.0,0.0,0.0,0.0,0.0,0.0,0.0,0.0,0.0,0.0,0.0,0.0,0.0,0.0
2009-02-09,0.0,0.0,0.0,0.0,0.0,0.0,0.0,0.0,0.0,0.0,0.0,0.0,0.0,0.0,0.0,0.0,0.0,0.0,0.0,0.0,0.0,0.0,0.0,0.0,0.0,0.0,0.0,0.0,0.0,0.0,0.0,0.0,0.0,0.0,0.0,0.0
2009-02-10,0.0,0.0,0.0,0.0,0.0,0.0,0.0,0.0,0.0,0.0,0.0,0.0,0.0,5.2,0.0,0.0,0.0,0.0,0.0,0.0,0.0,0.0,0.0,0.0,0.0,0.0,0.0,0.0,0.0,0.0,0.0,0.0,0.0,0.0,0.0,0.0
2009-02-11,0.0,0.0,0.0,0.0,0.0,0.0,0.0,0.0,0.0,0.0,0.0,0.0,0.0,0.0,0.0,0.0,0.0,0.0,0.0,0.0,0.0,0.0,0.0,0.0,0.0,0.0,0.0,0.0,0.0,0.0,0.0,0.0,0.0,0.0,0.0,0.0
2009-02-12,1.0,0.0,0.0,0.0,0.0,0.0,0.0,1.4,0.0,0.0,0.0,0.0,0.0,0.0,0.0,0.0,0.0,0.0,0.0,0.0,0.0,0.0,0.0,0.0,0.0,0.0,1.5,0.0,0.0,0.0,0.0,0.0,0.0,0.0,0.0,0.0
2009-02-13,0.0,0.0,0.0,0.0,0.0,0.0,0.0,0.0,0.0,0.0,0.0,0.0,0.0,0.0,0.0,0.0,0.0,0.0,0.0,0.0,0.0,0.0,0.0,0.0,0.0,0.0,0.0,0.0,0.0,0.0,0.0,0.0,0.0,0.0,0.0,0.0
2009-02-14,0.0,0.0,0.0,0.0,0.0,0.0,0.0,0.0,0.0,0.0,0.0,0.0,0.0,0.0,0.0,0.0,0.0,0.0,0.0,0.0,0.0,0.0,0.0,0.0,0.0,0.0,0.0,0.0,0.0,0.0,0.0,0.0,0.0,0.0,0.0,0.0
2009-02-15,0.0,0.0,0.0,0.0,0.0,0.0,0.0,0.0,0.0,0.0,0.0,0.0,0.0,0.0,0.0,0.0,0.0,0.0,0.0,0.0,0.0,0.0,0.0,0.0,0.0,0.0,0.0,0.0,0.0,0.0,0.0,0.0,0.0,0.0,0.0,0.0
2009-02-16,0.0,0.0,0.0,0.0,0.0,0.0,0.0,0.0,0.0,0.0,0.0,0.0,0.0,0.0,0.0,0.0,0.0,0.0,0.0,0.0,0.0,0.0,0.0,0.0,0.0,0.0,0.0,0.0,0.0,0.0,0.0,0.0,0.0,0.0,0.0,0.0
2009-02-17,0.0,0.0,0.0,0.0,0.0,0.0,0.0,0.0,0.0,0.0,0.0,0.0,0.0,0.0,0.0,0.0,0.0,0.0,0.0,0.0,0.0,0.0,0.0,0.0,0.0,0.0,0.0,0.0,0.0,0.0,0.0,0.0,0.0,0.0,0.0,0.0
2009-02-18,0.0,0.0,0.0,0.0,0.0,0.0,0.0,0.0,0.0,0.0,0.0,0.0,0.0,0.0,0.0,0.0,0.0,0.0,0.0,0.0,0.0,0.0,0.0,0.0,0.0,0.0,0.0,0.0,0.0,0.0,0.0,0.0,0.0,0.0,0.0,0.0
2009-02-19,0.0,0.0,0.0,0.0,0.0,0.0,0.0,0.0,0.0,0.0,0.0,0.0,0.0,0.0,0.0,0.0,0.0,0.0,0.0,0.0,0.0,0.0,0.0,0.0,0.0,0.0,0.0,0.0,0.0,0.0,0.0,0.0,0.0,0.0,0.0,0.0
2009-02-20,0.0,0.0,0.0,0.0,0.0,0.0,0.0,0.0,0.0,0.0,0.0,0.0,0.0,0.0,0.0,0.0,0.0,0.0,0.0,0.0,0.0,0.0,0.0,0.0,0.0,0.0,0.0,0.0,0.0,0.0,0.0,0.0,0.0,0.0,0.0,0.0
2009-02-21,0.0,0.0,0.0,0.0,0.0,0.0,0.0,0.0,0.0,0.0,0.0,0.0,0.0,0.0,0.0,0.0,0.0,0.0,0.0,0.0,0.0,0.0,0.0,0.0,0.0,0.0,0.0,0.0,0.0,0.0,0.0,0.0,0.0,0.0,0.0,0.0
2009-02-22,0.0,0.0,0.0,0.0,0.0,0.0,0.0,0.0,0.0,0.0,0.0,0.0,0.0,0.0,0.0,0.0,0.0,0.0,0.0,0.0,0.0,0.0,0.0,0.0,0.0,0.0,0.0,0.0,0.0,0.0,0.0,0.0,0.0,0.0,0.0,0.0
2009-02-23,0.0,0.0,0.0,0.0,0.0,0.0,0.0,0.0,0.0,0.0,0.0,0.0,0.0,0.0,0.0,0.0,0.0,0.0,0.0,0.0,0.0,0.0,0.0,0.0,0.0,0.0,0.0,0.0,0.0,0.0,0.0,0.0,0.0,0.0,0.0,0.0
2009-02-24,0.0,0.0,0.0,0.0,0.0,0.0,0.0,0.0,0.0,0.0,0.0,0.0,0.0,0.0,0.0,0.0,0.0,0.0,0.0,0.0,0.0,0.0,0.0,0.0,0.0,0.0,0.0,0.0,0.0,0.0,0.0,0.0,0.0,0.0,0.0,0.0
2009-02-25,0.0,0.0,0.0,0.0,0.0,0.0,0.0,0.0,0.0,0.0,0.0,0.0,0.0,0.0,0.0,0.0,0.0,0.0,0.0,0.0,0.0,0.0,0.0,0.0,0.0,0.0,0.0,0.0,0.0,0.0,0.0,0.0,0.0,0.0,0.0,0.0
2009-02-26,0.0,0.0,0.0,0.0,0.0,0.0,0.0,0.0,0.0,0.0,0.0,0.0,0.0,0.0,0.0,0.0,0.0,0.0,0.0,0.0,0.0,0.0,0.0,0.0,0.0,0.0,0.0,0.0,0.0,0.0,0.0,0.0,0.0,0.0,0.0,0.0
2009-02-27,0.0,0.0,0.0,0.0,0.0,0.0,0.0,0.0,0.0,0.0,0.0,0.0,0.0,0.0,0.0,0.0,0.0,0.0,0.0,0.0,0.0,0.0,0.0,0.0,0.0,0.0,0.0,0.0,0.0,0.0,0.0,0.0,0.0,0.0,0.0,0.0
2009-02-28,0.0,0.0,0.0,0.0,0.0,0.0,0.0,0.0,0.0,0.0,0.0,0.0,0.0,0.0,0.0,0.0,0.0,0.0,0.0,0.0,0.0,0.0,0.0,0.0,0.0,0.0,0.0,0.0,0.0,0.0,0.0,0.0,0.0,0.0,0.0,0.0
2009-03-01,0.0,0.0,0.0,0.0,0.0,0.0,0.0,0.0,0.0,0.0,0.0,0.0,0.0,0.0,0.0,0.0,0.0,0.0,0.0,0.0,0.0,0.0,0.0,0.0,0.0,0.0,0.0,0.0,0.0,0.0,0.0,0.0,0.0,0.0,0.0,0.0
2009-03-02,0.0,0.0,0.0,0.0,0.0,0.0,0.0,0.0,0.0,0.0,0.0,0.0,0.0,0.0,0.0,0.0,0.0,0.0,0.0,0.0,0.0,0.0,0.0,0.0,0.0,0.0,2.5,0.0,0.0,0.0,0.0,0.0,0.0,0.0,0.0,0.0
2009-03-03,0.0,0.0,0.0,0.0,0.0,0.0,0.0,0.0,0.0,0.0,0.0,0.0,0.0,0.0,0.0,0.0,0.0,0.0,0.0,0.0,0.0,0.0,0.0,0.0,0.0,0.0,0.5,0.0,0.0,0.0,0.0,0.0,0.0,0.0,0.0,0.0
2009-03-04,0.0,0.0,0.0,0.0,0.0,0.0,0.0,0.0,0.0,0.0,0.0,0.0,0.0,0.0,0.0,0.0,0.0,0.0,0.0,0.0,0.0,0.0,0.0,0.0,0.0,0.0,0.0,0.0,0.0,0.0,0.0,0.0,0.0,0.0,0.0,0.0
2009-03-05,0.0,0.0,0.0,0.0,0.0,0.0,0.0,0.0,0.0,0.0,0.0,0.0,0.0,0.0,0.0,0.0,0.0,0.0,0.0,0.0,0.0,0.0,0.0,0.0,0.0,0.0,0.0,0.0,0.0,0.0,0.0,0.0,0.0,0.0,0.0,0.0
2009-03-06,0.0,0.0,0.0,0.0,0.0,0.0,0.0,0.0,0.0,0.0,0.0,0.0,0.0,0.0,0.0,0.0,0.0,0.0,0.0,0.0,0.0,0.0,0.0,0.0,0.0,0.0,0.0,0.0,0.0,0.0,0.0,0.0,0.0,0.0,0.0,0.0
2009-03-07,0.0,0.0,0.0,0.0,0.0,0.0,0.0,0.0,0.0,0.0,0.0,0.0,0.0,0.0,0.0,0.0,0.0,0.0,0.0,0.0,0.0,0.0,0.0,0.0,0.0,0.0,0.0,0.0,0.0,0.0,0.0,0.0,0.0,0.0,0.0,0.0
2009-03-08,0.0,0.0,0.0,0.0,0.0,0.0,0.0,0.0,0.0,0.0,0.0,0.0,0.0,0.0,0.0,0.0,0.0,0.0,0.0,0.0,0.0,0.0,0.0,0.0,0.0,0.0,0.0,0.0,0.0,0.0,0.0,0.0,0.0,0.0,0.0,0.0
2009-03-09,0.0,0.0,0.0,0.0,0.0,0.0,0.0,0.0,0.0,0.0,0.0,0.0,0.0,0.0,0.0,0.0,0.0,0.0,0.0,0.0,0.0,0.0,0.0,0.0,0.0,0.0,0.0,0.0,0.0,0.0,0.0,0.0,0.0,0.0,0.0,0.0
2009-03-10,0.0,0.0,0.0,0.0,0.0,0.0,0.0,0.0,0.0,0.0,0.0,0.0,0.0,0.0,0.0,0.0,0.0,0.0,0.0,0.0,0.0,0.0,0.0,0.0,0.0,0.0,0.0,0.0,0.0,0.0,0.0,0.0,0.0,0.0,0.0,0.0
2009-03-11,0.0,0.0,0.0,0.0,6.2,0.0,0.0,0.0,0.0,0.0,2.0,0.0,0.0,0.0,0.0,0.0,0.0,0.0,0.0,0.0,0.0,0.0,0.0,0.0,0.0,0.0,0.0,0.0,0.0,0.0,0.0,0.0,0.0,0.0,0.0,0.0
2009-03-12,0.0,0.0,0.0,0.0,1.0,0.0,0.0,0.0,0.0,0.0,0.0,0.0,0.0,0.0,0.0,0.0,0.0,0.0,0.0,0.0,0.0,0.0,0.0,0.0,0.0,0.0,0.0,0.0,0.0,0.0,0.0,0.0,0.0,0.0,0.0,0.0
2009-03-13,0.0,0.0,0.0,0.0,0.8,0.0,0.0,0.0,0.0,0.0,0.0,0.0,0.0,0.0,0.0,0.0,0.0,0.0,0.0,0.0,0.0,0.0,0.0,0.0,0.0,0.0,0.0,0.0,0.0,0.0,0.0,0.0,0.0,0.0,0.0,0.0
2009-03-14,0.0,0.0,0.0,0.0,0.0,0.0,0.0,0.0,0.0,0.0,0.0,0.0,0.0,0.0,0.0,0.0,0.0,0.0,0.0,0.0,0.0,0.0,0.0,0.0,0.0,0.0,1.0,0.0,0.0,0.0,0.0,0.0,0.0,0.0,0.0,0.0
2009-03-15,0.0,0.0,0.0,0.0,0.0,0.0,0.0,0.0,0.0,0.0,15.5,0.0,0.0,0.0,0.0,0.0,0.0,0.0,0.0,0.0,0.0,0.0,0.0,0.0,0.0,0.0,0.0,0.0,0.0,0.0,0.0,0.0,0.0,0.0,0.0,0.0
2009-03-16,0.0,0.0,0.0,0.0,0.0,0.0,0.0,0.0,0.0,0.0,0.0,0.0,0.0,0.0,0.0,0.0,0.0,0.0,0.0,0.0,0.0,0.0,0.0,0.0,0.0,0.0,0.0,0.0,0.0,0.0,0.0,0.0,0.0,0.0,0.0,0.0
2009-03-17,0.0,0.0,0.0,0.0,0.0,0.0,0.0,0.0,0.0,0.0,0.0,0.0,0.0,0.0,0.0,0.0,0.0,0.0,0.0,0.0,0.0,0.0,0.0,0.0,0.0,0.0,0.0,0.0,0.0,0.0,0.0,0.0,0.0,0.0,0.0,0.0
2009-03-18,0.0,0.0,0.0,0.0,0.0,0.0,0.0,0.0,0.0,0.0,0.0,0.0,0.0,0.0,0.0,0.0,0.0,0.0,0.0,0.0,0.0,0.0,0.0,0.0,0.0,0.0,0.0,0.0,0.8,0.0,0.0,0.0,0.0,0.0,0.0,0.0
2009-03-19,0.0,0.6,0.0,0.0,0.4,0.0,0.0,0.0,0.0,0.0,0.0,0.0,0.0,0.0,0.0,0.0,0.0,0.0,0.0,6.6,1.0,0.7,0.0,0.0,8.4,1.8,0.0,0.0,0.6,0.0,0.0,0.0,0.0,0.0,0.0,0.0
2009-03-20,0.0,0.0,0.0,0.0,9.0,2.0,0.0,0.0,0.0,0.0,0.0,0.0,0.0,0.0,0.0,0.0,0.0,0.0,0.0,0.0,0.0,0.0,0.0,0.0,0.0,0.0,0.0,0.0,1.0,0.0,0.0,0.0,0.0,0.0,0.0,0.0
2009-03-21,0.0,1.0,1.0,0.0,1.0,3.5,0.0,0.0,0.0,0.0,0.0,0.0,0.0,0.0,0.0,0.0,0.0,10.4,0.0,2.4,1.5,2.0,10.0,1.8,2.4,12.2,0.0,16.8,1.1,6.5,0.0,15.2,0.0,0.0,0.0,0.0
2009-03-22,0.0,0.3,2.0,0.0,0.0,1.0,0.0,0.0,0.0,0.0,0.0,0.0,0.0,0.0,0.0,0.0,0.0,0.9,2.0,0.0,14.3,1.1,1.4,0.0,1.3,0.0,0.0,2.4,0.5,0.0,0.0,0.0,0.0,0.0,0.0,0.0
2009-03-23,0.0,0.2,0.0,0.0,0.0,9.0,0.0,0.0,0.0,0.0,0.0,0.0,0.0,0.0,0.0,0.0,0.0,1.5,0.0,8.4,0.0,11.0,0.6,10.0,0.0,0.2,0.0,2.6,1.2,0.0,0.0,0.0,0.0,0.0,0.0,0.0
2009-03-24,0.0,0.0,0.0,0.0,0.0,0.0,0.0,0.0,0.0,0.0,0.0,0.0,0.0,0.0,0.0,0.0,0.0,0.0,0.0,4.5,0.0,0.0,0.0,0.0,0.0,0.1,0.0,0.4,0.0,0.0,0.0,0.0,0.0,0.0,0.0,0.0
2009-03-25,0.0,0.0,6.0,0.0,0.0,0.0,0.0,0.0,0.0,0.0,12.0,0.0,0.0,0.0,0.0,0.0,0.0,0.0,0.0,6.0,0.0,15.5,0.0,0.0,2.4,0.0,0.0,0.0,1.8,0.0,0.0,0.0,0.0,0.0,0.0,0.0
2009-03-26,0.0,0.0,2.5,0.0,0.0,0.0,0.0,0.0,0.0,0.0,0.0,0.5,0.0,0.0,0.0,0.0,0.0,4.0,2.0,1.8,0.0,1.1,0.0,0.0,2.0,0.0,0.0,0.0,2.6,3.5,0.0,0.0,0.0,0.0,0.0,0.0
2009-03-27,0.0,0.0,0.0,0.0,0.0,0.0,2.4,0.0,7.0,0.0,0.0,0.9,0.0,0.0,1.5,0.0,0.0,0.0,1.2,6.2,2.5,0.0,6.4,0.0,0.0,3.4,0.0,1.4,0.0,0.0,0.0,8.1,0.0,13.0,5.4,0.0
2009-03-28,0.0,0.0,0.0,0.0,0.0,0.0,0.0,0.0,0.0,0.0,0.0,0.0,0.0,0.0,0.0,0.0,0.0,0.0,0.0,2.2,0.0,0.0,0.0,0.0,0.0,0.2,0.0,0.0,3.2,0.0,8.0,0.0,0.0,0.0,0.0,0.0
2009-03-29,0.0,0.1,0.0,2.0,0.4,1.0,0.0,0.0,0.0,0.0,4.2,0.0,0.0,0.0,0.0,0.0,0.0,0.0,0.0,0.0,7.5,0.0,7.0,0.0,0.0,1.0,0.0,1.2,4.6,0.0,0.0,0.0,0.0,0.0,0.0,0.0
2009-03-30,0.0,18.9,0.0,7.4,6.0,9.0,0.0,0.0,0.0,16.2,0.0,0.0,0.0,0.0,0.0,0.0,0.0,6.7,6.0,8.2,10.0,4.3,1.4,15.5,8.1,5.2,0.0,4.8,0.0,3.0,0.0,0.0,0.0,0.0,0.0,0.0
2009-03-31,0.0,7.3,14.0,5.4,1.0,5.0,0.0,0.0,0.0,8.4,0.0,0.0,0.0,0.0,0.0,0.0,0.0,2.5,3.0,0.0,0.0,12.0,6.6,12.0,18.4,3.1,0.0,2.4,0.0,6.2,1.1,0.0,0.0,0.0,0.0,0.0
2009-04-01,0.0,11.0,0.0,3.6,3.6,2.0,0.0,6.6,0.0,0.0,0.0,0.0,0.0,0.0,0.0,0.0,0.0,0.0,9.0,0.0,0.0,18.6,0.0,3.0,9.5,0.0,0.5,2.8,0.0,0.0,0.0,0.0,0.0,0.0,0.0,0.0
2009-04-02,0.0,0.0,0.0,0.0,0.0,1.0,0.0,0.0,0.0,0.0,12.2,0.0,0.0,0.0,0.0,0.0,0.0,0.0,0.0,0.0,0.0,0.0,0.0,0.0,0.0,0.0,6.0,0.0,0.0,0.0,0.0,0.0,0.0,0.0,0.0,0.0
2009-04-03,0.0,0.0,0.0,1.0,0.0,13.0,2.8,1.2,0.0,0.0,0.0,1.0,0.0,0.0,0.0,0.0,0.0,0.0,0.0,0.0,0.0,0.0,2.0,0.1,0.0,0.0,0.0,1.4,0.0,0.0,0.0,4.1,1.0,0.0,0.0,0.0
2009-04-04,0.0,1.2,0.0,4.8,1.4,0.0,0.4,6.4,0.0,0.0,15.5,0.0,0.0,0.0,0.0,0.0,0.0,0.0,1.2,0.0,0.0,1.0,0.0,2.5,1.9,0.0,3.5,0.2,0.0,0.0,0.0,0.0,0.0,0.0,0.0,0.0
2009-04-05,0.0,0.0,0.0,0.0,0.0,0.0,0.0,0.0,0.0,0.0,0.0,0.0,0.0,0.0,0.0,0.0,0.0,0.0,0.0,0.0,0.0,0.0,0.0,0.0,0.2,0.0,0.0,0.0,0.0,0.0,0.0,0.0,0.0,0.0,0.0,0.0
2009-04-06,0.0,0.0,0.0,0.0,0.0,0.0,0.0,0.0,0.0,0.0,0.0,0.0,0.0,0.0,0.0,0.0,0.0,0.0,0.0,0.0,0.0,0.0,0.0,0.0,0.0,0.0,0.0,0.0,0.0,0.0,0.0,0.0,0.0,0.0,0.0,0.0
2009-04-07,0.0,0.0,0.0,0.0,0.0,0.0,0.0,0.0,0.0,0.0,0.0,0.0,0.0,0.0,0.0,0.0,0.0,0.0,0.0,0.0,0.0,0.0,0.0,0.0,0.0,0.0,0.0,0.0,0.0,0.0,0.0,0.0,0.0,0.0,0.0,0.0
2009-04-08,0.0,0.0,0.0,0.0,0.0,0.0,0.0,0.0,0.0,0.0,0.0,0.0,0.0,0.0,0.0,0.0,0.0,0.0,0.0,0.0,0.0,0.0,0.0,0.0,0.0,0.0,0.0,0.0,0.0,0.0,0.0,0.0,0.0,0.0,0.0,0.0
2009-04-09,0.0,0.0,0.0,0.0,0.0,0.0,0.0,0.0,0.0,0.0,0.0,0.0,0.0,0.0,0.0,0.0,0.0,0.0,0.0,0.0,0.0,0.0,0.0,0.0,0.0,0.0,0.0,0.0,0.0,0.0,0.0,0.0,0.0,0.0,0.0,0.0
2009-04-10,0.0,0.9,2.0,2.0,0.0,0.0,0.0,0.0,0.0,0.0,0.0,0.0,0.0,0.0,0.0,0.0,0.0,0.0,8.0,0.0,0.0,0.0,0.0,0.0,0.2,0.0,0.0,0.0,0.0,0.0,0.0,0.0,0.0,0.0,0.0,0.0
2009-04-11,0.0,0.0,0.0,0.0,0.0,0.0,0.0,0.0,0.0,0.0,0.0,0.0,0.0,0.0,0.0,0.0,0.0,0.0,0.0,0.0,0.0,0.0,0.0,0.0,0.0,0.0,0.0,0.0,0.0,0.0,0.0,0.0,0.0,0.0,0.0,0.0
2009-04-12,0.0,0.0,0.0,0.0,0.0,0.0,0.0,0.0,0.0,0.0,0.0,0.0,0.0,0.0,0.0,0.0,0.0,0.0,0.0,0.0,0.0,0.0,0.0,0.0,0.0,0.0,0.0,0.0,0.0,0.0,0.0,0.0,0.0,0.0,0.0,0.0
2009-04-13,0.0,0.0,0.0,0.0,0.0,0.0,0.0,0.0,0.0,0.0,0.0,0.0,0.0,0.0,0.0,0.0,0.0,0.0,0.0,0.0,0.0,0.0,0.0,0.0,0.0,0.0,0.0,0.0,0.0,0.0,0.0,0.0,0.0,0.0,0.0,0.0
2009-04-14,0.0,0.0,0.0,0.0,0.0,13.0,0.0,0.0,0.0,0.0,0.0,0.0,0.0,0.0,0.0,0.0,0.0,0.0,0.0,0.0,0.0,0.0,0.0,0.0,0.0,0.0,0.0,0.0,0.0,2.0,0.0,0.0,0.0,0.0,0.0,0.0
2009-04-15,0.0,0.0,0.0,0.0,0.0,0.0,2.7,0.0,0.0,0.0,0.0,0.0,0.0,0.0,0.0,0.0,0.0,0.0,0.0,0.0,0.0,0.0,0.0,0.0,0.0,0.2,0.0,0.0,0.0,0.0,0.0,0.0,0.0,0.0,0.0,0.0
2009-04-16,0.0,0.0,0.0,0.0,0.0,0.0,0.0,0.0,0.0,0.0,0.0,0.0,0.0,0.0,0.0,0.0,0.0,0.0,0.0,0.0,0.0,0.0,0.0,0.0,0.0,0.0,0.0,0.0,0.0,0.0,0.0,0.0,0.0,0.0,0.0,0.0
2009-04-17,0.0,0.0,0.0,0.0,0.0,0.0,0.0,7.2,0.0,16.0,9.5,0.0,0.0,0.0,0.0,0.0,0.0,0.0,0.0,0.0,0.0,2.5,0.8,0.0,0.0,0.2,0.0,0.6,0.0,1.2,0.0,0.0,0.0,0.0,0.0,0.0
2009-04-18,0.0,5.5,0.0,0.0,0.0,0.0,2.9,7.4,0.0,3.0,0.0,0.0,0.0,0.0,5.0,0.0,0.0,0.0,0.0,0.0,0.0,0.5,0.4,0.0,2.8,0.5,3.0,0.0,0.0,0.0,0.0,0.0,0.0,0.0,0.0,0.0
2009-04-19,0.0,0.0,0.0,0.0,0.0,0.0,0.0,0.0,0.0,0.0,0.0,0.0,0.0,0.0,0.0,0.0,0.0,0.0,0.0,0.0,0.0,0.0,0.0,0.0,0.0,0.0,0.0,0.0,0.0,0.0,0.0,0.0,0.0,0.0,0.0,0.0
2009-04-20,0.0,0.0,0.0,0.0,0.0,0.0,0.0,0.0,0.0,0.0,0.0,0.0,0.0,0.0,0.0,0.0,0.0,0.0,0.0,0.0,0.0,0.0,0.0,0.0,0.0,0.0,1.5,0.0,0.0,0.0,0.0,0.0,0.0,0.0,0.0,0.0
2009-04-21,0.0,0.0,2.0,0.0,0.0,0.0,0.0,0.0,0.0,0.0,0.0,0.0,0.0,0.0,0.0,0.0,0.0,0.0,0.0,0.0,0.0,1.3,0.0,0.0,0.0,0.0,0.0,0.0,0.0,0.0,0.0,0.0,0.0,0.0,0.0,0.0
2009-04-22,0.0,2.7,1.0,0.0,0.0,4.0,0.0,3.0,0.0,12.5,0.0,0.0,0.0,0.0,0.0,0.0,0.0,0.0,0.0,0.0,2.5,4.0,0.0,3.5,8.1,0.0,2.5,0.0,0.0,0.0,0.0,0.0,0.0,0.0,0.0,0.0
2009-04-23,0.0,0.0,0.0,0.0,0.0,3.0,0.0,0.0,0.0,0.0,0.0,0.0,0.0,0.0,0.0,0.0,0.0,0.0,0.0,0.0,0.0,0.0,0.0,0.0,0.0,0.0,0.0,0.0,0.0,0.0,0.0,0.0,0.0,5.0,0.0,0.0
2009-04-24,0.0,0.0,0.0,0.0,0.0,0.0,0.0,0.0,0.0,0.0,0.0,0.0,2.3,0.0,0.0,0.0,0.0,0.0,0.0,0.0,0.0,0.0,0.0,0.0,0.0,0.0,0.0,0.0,0.0,0.0,0.0,0.0,0.0,0.0,0.0,0.0
2009-04-25,0.0,0.0,0.0,0.0,0.0,0.0,0.0,0.0,0.0,0.0,0.0,0.0,0.0,0.0,0.0,0.0,0.0,0.0,0.0,0.0,0.0,0.0,0.0,0.0,0.0,0.0,0.0,0.0,0.0,0.0,0.0,0.0,0.0,0.0,0.0,0.0
2009-04-26,0.0,0.0,0.0,0.0,0.0,0.0,0.0,0.0,0.0,0.0,0.0,0.0,0.0,0.0,0.0,0.0,0.0,0.0,0.0,0.0,0.0,0.0,0.0,0.0,0.0,0.0,0.0,0.0,0.0,0.0,0.0,0.0,0.0,0.0,0.0,0.0
2009-04-27,0.0,0.0,0.0,0.0,0.0,0.0,0.0,0.0,0.0,0.0,0.0,0.0,0.0,0.0,0.0,0.0,0.0,0.0,0.0,0.0,0.0,0.0,0.0,0.0,0.0,0.0,0.0,0.0,0.0,0.0,0.0,0.0,0.0,0.0,0.0,0.0
2009-04-28,0.0,0.0,0.0,0.0,0.0,0.0,0.0,0.0,0.0,0.0,0.0,0.0,0.0,0.0,0.0,0.0,0.0,0.0,0.0,0.0,0.0,0.0,0.0,0.0,0.0,0.0,0.0,0.0,0.0,0.0,0.0,0.0,0.0,0.0,0.0,0.0
2009-04-29,0.0,0.0,0.0,0.0,0.0,0.0,0.0,0.0,0.0,0.0,0.0,0.0,0.0,0.0,41.0,0.0,0.0,0.0,0.0,0.0,0.0,0.0,0.0,0.0,0.0,0.0,0.0,0.0,0.0,0.0,0.0,0.0,0.0,0.0,0.0,0.0
2009-04-30,0.0,0.0,0.0,0.0,0.0,0.0,21.1,0.0,15.2,0.0,2.1,0.0,0.0,0.0,10.3,0.0,0.0,0.0,0.0,0.0,0.0,0.0,0.0,0.0,0.0,0.0,0.0,0.0,0.0,0.0,0.0,0.0,0.0,0.0,0.0,0.0
2009-05-01,2.6,0.0,0.0,0.0,0.9,3.0,4.4,9.2,0.0,0.0,16.2,4.1,0.0,0.0,0.0,0.0,0.0,0.0,4.0,0.0,0.0,1.2,13.4,1.5,0.0,0.5,2.5,1.8,0.0,0.0,0.0,0.0,0.0,0.0,3.0,0.0
2009-05-02,0.0,0.0,0.0,0.0,0.0,0.0,1.4,4.8,0.0,0.0,9.0,0.0,0.0,0.0,0.0,0.0,0.0,0.0,0.0,0.0,0.0,0.0,0.0,0.0,0.0,0.0,1.5,0.0,0.0,0.0,0.0,0.0,0.0,17.0,0.0,0.0
2009-05-03,14.0,10.0,0.0,8.6,5.4,3.0,26.4,13.8,21.0,0.0,0.0,16.1,0.0,0.0,0.0,31.0,0.0,18.0,3.2,0.0,0.0,15.3,5.6,1.5,0.0,11.5,8.0,6.8,0.0,11.0,0.0,0.0,7.2,0.0,13.0,0.0
2009-05-04,0.0,3.0,7.0,0.0,4.4,0.0,0.0,1.4,0.0,0.0,0.0,0.0,0.0,0.0,0.0,0.0,0.0,0.0,2.2,8.4,0.0,0.0,2.4,7.5,18.8,1.8,3.0,4.0,0.0,5.0,0.0,5.4,0.0,0.0,0.0,0.0
2009-05-05,0.0,11.5,2.5,2.2,1.2,0.0,0.0,1.6,0.0,0.0,0.0,4.0,0.0,0.0,0.0,5.0,0.0,0.2,8.0,4.2,0.0,1.6,5.0,3.5,2.9,0.0,1.0,4.8,0.0,0.0,0.0,0.0,0.0,0.0,0.0,0.0
2009-05-06,0.0,1.4,1.0,0.0,0.5,3.0,5.6,0.0,0.0,0.0,0.0,0.0,0.0,0.0,0.0,0.0,0.0,0.2,1.2,0.0,0.0,4.6,18.4,2.5,2.1,0.0,0.5,0.4,0.0,0.0,0.0,0.0,0.0,0.0,0.0,0.0
2009-05-07,0.0,0.0,0.0,0.0,0.0,0.0,0.0,0.0,0.0,0.0,0.0,0.0,0.0,0.0,0.0,0.0,0.0,0.0,0.0,0.0,0.0,0.0,0.0,0.0,0.0,0.0,0.0,0.0,0.0,0.0,0.0,2.1,0.0,0.0,0.0,0.0
2009-05-08,0.0,0.0,0.0,0.0,0.0,0.0,0.0,0.0,0.0,0.0,0.0,0.0,0.0,0.0,0.0,0.0,0.0,0.0,0.0,0.0,0.0,0.0,0.0,0.0,0.0,0.0,0.0,0.0,0.0,0.0,0.0,0.0,0.0,0.0,0.0,0.0
2009-05-09,0.0,0.0,0.0,0.0,0.0,0.0,0.0,0.0,0.0,0.0,0.0,0.0,12.4,0.0,0.0,0.0,0.0,0.0,0.0,0.0,0.0,0.0,0.0,0.0,0.0,0.0,0.0,0.0,0.0,0.0,0.0,0.0,0.0,0.0,0.0,0.0
2009-05-10,0.0,0.0,0.0,0.0,0.0,0.0,0.0,0.0,0.0,0.0,0.0,0.0,3.2,0.0,0.0,0.0,0.0,0.0,0.0,0.0,0.0,0.0,0.0,0.0,0.0,0.0,0.0,0.0,0.0,0.0,0.0,35.5,3.6,0.0,0.0,11.5
2009-05-11,0.0,7.7,30.0,0.0,5.2,40.0,3.7,4.6,0.0,0.0,0.0,38.0,0.0,0.0,8.5,0.0,0.0,22.3,4.0,5.6,12.8,1.8,6.6,5.2,2.8,24.2,3.0,7.0,0.0,0.0,0.0,0.0,19.4,0.0,0.0,0.0
2009-05-12,15.8,16.5,11.0,0.0,18.4,27.7,29.1,1.1,30.0,0.0,0.0,9.3,0.0,0.0,0.0,2.5,0.0,10.8,10.0,26.4,31.4,25.0,10.0,17.5,12.4,12.2,2.8,21.4,0.0,15.0,0.0,3.1,0.0,0.0,28.2,15.0
2009-05-13,0.0,4.5,6.5,10.6,4.6,6.0,6.3,8.6,2.5,0.0,0.0,15.0,0.0,0.0,0.0,0.0,0.0,5.5,12.0,20.2,2.4,3.6,5.8,8.5,14.2,9.7,5.0,5.4,0.0,5.5,0.0,18.2,0.0,23.0,0.0,0.0
2009-05-14,0.0,5.7,0.0,24.4,0.4,1.0,0.0,1.6,0.0,0.0,0.0,5.0,0.0,0.0,0.0,0.0,0.0,0.0,0.0,0.0,0.0,0.0,0.0,2.1,1.0,0.9,4.0,0.0,0.0,0.0,0.0,0.0,0.0,0.0,0.0,0.0
2009-05-15,0.0,0.0,0.0,7.2,0.0,1.0,0.0,0.0,0.0,0.0,0.0,0.0,0.0,0.0,0.0,0.0,0.0,0.0,0.0,1.6,0.0,5.1,0.0,0.0,0.0,0.0,0.0,0.0,0.0,0.0,0.0,0.0,0.0,0.0,0.0,0.0
2009-05-16,0.1,1.6,0.0,0.0,0.3,32.0,0.2,32.6,0.0,0.0,0.0,10.0,0.0,0.0,0.0,0.0,0.0,5.4,0.0,14.0,10.8,2.8,0.0,1.0,62.0,1.5,2.4,2.0,0.0,11.0,0.0,3.2,1.3,0.0,0.0,0.0
2009-05-17,0.0,0.9,5.0,10.2,0.7,9.0,0.0,2.0,0.0,0.0,0.0,0.0,0.0,0.0,0.0,0.0,0.0,12.4,13.2,0.0,1.7,1.0,7.0,1.2,0.6,0.2,7.3,0.4,0.0,18.2,0.0,6.1,2.5,0.0,0.0,0.0
2009-05-18,0.0,0.0,0.0,0.0,0.0,0.0,0.0,0.6,0.0,0.0,0.0,4.1,0.0,0.0,5.5,10.0,0.0,0.0,0.0,0.0,0.0,0.0,0.0,0.0,0.0,0.0,0.0,0.0,0.0,1.0,0.0,0.0,0.0,0.0,0.0,0.0
2009-05-19,0.0,0.0,0.0,0.0,0.0,0.0,0.0,0.0,0.0,0.0,0.0,0.0,0.0,0.0,0.0,0.0,0.0,0.0,0.0,14.0,0.0,0.0,0.0,0.0,0.0,0.0,0.0,0.0,0.0,0.0,0.0,0.0,13.3,0.0,0.0,0.0
2009-05-20,6.0,0.0,0.0,1.6,22.4,0.0,23.2,2.6,0.0,19.3,0.0,0.0,0.0,0.0,0.0,6.2,0.0,0.0,0.0,4.6,1.5,31.0,0.4,0.0,4.0,0.0,0.0,27.0,0.0,0.0,0.0,0.0,60.5,0.0,0.0,0.0
2009-05-21,0.0,0.0,2.5,0.0,0.6,1.2,0.7,0.0,0.0,0.0,43.5,11.0,0.0,0.0,0.0,3.0,0.0,0.5,0.0,1.5,0.0,0.0,0.0,0.3,0.0,0.0,0.0,0.4,0.0,1.0,0.0,0.0,5.1,0.0,0.0,0.0
2009-05-22,1.0,6.5,0.0,0.0,0.7,1.0,1.2,37.6,0.0,0.0,3.8,0.0,0.0,0.0,0.0,0.0,0.0,1.1,10.2,2.2,2.8,1.2,6.2,1.2,2.1,6.4,3.0,0.6,0.0,2.6,0.0,0.0,1.1,0.0,6.2,0.0
2009-05-23,8.8,0.5,0.0,0.0,0.0,1.0,0.7,0.0,9.0,0.0,8.5,4.0,0.0,0.0,0.0,1.0,55.3,7.1,0.0,0.0,0.0,0.0,0.8,3.5,0.0,1.4,0.0,0.4,0.0,1.0,0.0,0.0,0.0,3.2,39.2,0.0
2009-05-24,0.2,0.0,0.0,7.2,0.0,5.0,4.0,0.0,0.0,0.0,0.0,8.3,0.0,0.0,0.0,0.0,0.0,2.8,0.0,0.0,0.0,0.0,0.0,0.0,0.0,2.3,0.0,0.0,0.0,4.5,0.0,0.0,5.2,0.6,0.8,0.0
2009-05-25,0.0,1.0,0.0,0.0,7.4,0.0,0.0,0.0,0.0,0.0,30.0,16.2,7.2,0.0,0.0,39.5,0.0,1.7,0.0,6.2,36.8,0.0,0.0,3.0,0.0,2.0,3.6,0.0,0.0,19.5,0.0,0.0,25.1,0.4,0.0,0.0
2009-05-26,13.4,37.8,30.0,0.0,31.6,25.0,12.0,34.6,11.0,5.0,42.0,0.0,0.0,0.0,0.0,8.5,22.7,47.5,36.0,0.0,0.4,28.0,34.6,27.0,36.3,36.8,0.0,31.6,0.0,44.5,0.0,32.5,2.2,1.1,12.6,0.0
2009-05-27,20.8,8.2,11.0,22.8,9.0,4.0,18.7,6.6,9.0,0.0,0.0,28.0,0.0,0.0,0.0,10.0,0.0,0.6,13.0,6.0,0.0,6.4,10.2,4.5,7.0,4.2,0.0,11.0,0.0,12.5,0.0,10.2,4.3,2.7,15.0,0.0
2009-05-28,0.0,0.0,1.0,7.4,0.0,0.0,0.0,0.0,0.0,0.0,0.0,5.1,0.0,0.0,0.0,5.2,0.0,10.4,3.0,0.0,0.0,0.0,0.0,0.2,1.8,2.5,0.0,0.0,0.0,4.2,0.0,0.0,0.0,0.0,0.0,0.0
2009-05-29,0.2,8.8,0.0,0.0,5.0,1.4,69.2,29.0,9.0,0.0,0.0,0.0,13.3,0.0,0.0,0.0,11.0,2.4,0.0,38.5,12.3,3.4,1.2,7.2,12.8,0.6,36.5,5.4,0.0,5.0,0.0,15.4,0.0,1.6,0.0,5.5
2009-05-30,0.0,0.0,0.0,0.0,0.0,0.0,0.0,1.6,9.0,4.4,0.0,11.4,0.0,0.0,0.0,0.0,0.0,0.0,0.0,18.4,2.8,0.0,0.0,4.1,0.0,0.2,1.0,0.0,0.0,2.0,0.0,0.0,18.2,0.0,0.0,0.0
2009-05-31,18.6,6.4,12.0,10.2,21.0,1.1,37.8,14.6,8.0,0.0,0.0,2.0,0.0,0.0,41.4,0.0,5.8,20.4,15.0,0.0,0.0,7.1,6.0,6.2,4.7,21.2,5.5,8.2,0.0,3.5,0.0,0.0,3.5,1.1,26.8,21.0
2009-06-01,0.0,0.0,3.0,0.0,0.6,0.0,0.0,0.0,0.0,0.0,18.7,0.0,0.0,0.0,0.0,0.0,0.0,0.2,0.0,2.2,2.8,0.8,1.2,0.5,0.7,0.2,1.3,1.4,12.5,10.2,15.2,0.0,0.0,0.0,4.4,0.0
2009-06-02,0.0,0.0,0.0,0.0,0.0,0.0,0.0,0.0,0.0,0.0,0.0,0.2,0.0,0.0,0.0,0.0,0.0,0.0,0.0,0.0,0.0,0.0,0.0,0.0,0.0,0.0,0.0,0.0,0.0,0.0,0.0,0.0,0.0,0.0,0.0,0.0
2009-06-03,0.0,0.0,10.0,0.0,0.4,0.0,2.3,0.2,10.0,0.0,0.0,0.0,0.0,0.0,0.0,0.0,0.0,0.2,8.0,2.4,0.0,3.7,0.4,5.5,5.9,0.0,0.0,0.0,2.8,0.0,29.3,0.0,0.0,0.0,0.0,0.0
2009-06-04,0.0,4.0,0.0,0.0,0.0,2.0,9.2,0.0,0.0,0.0,0.0,0.3,0.0,0.0,0.0,4.0,0.0,0.0,0.0,6.2,0.0,4.0,9.0,14.5,0.0,0.0,0.5,0.0,0.0,0.0,0.0,0.0,0.0,0.0,0.0,0.0
2009-06-05,0.0,23.5,0.0,0.0,0.0,0.0,0.0,15.8,0.0,0.0,0.0,0.0,8.2,0.0,0.0,0.0,0.0,0.0,0.0,4.5,1.3,0.0,1.4,4.5,7.8,0.0,8.5,0.0,0.0,0.0,0.0,0.0,0.0,0.0,0.0,0.0
2009-06-06,0.0,12.5,52.0,0.0,1.2,2.0,45.5,21.6,0.0,0.0,43.0,2.9,0.0,4.2,0.0,17.2,0.0,14.0,5.0,4.2,0.0,38.3,13.0,23.2,10.0,1.4,0.0,0.8,0.0,4.6,17.0,0.0,0.0,1.6,0.0,0.0
2009-06-07,0.0,0.0,0.0,4.4,0.0,0.0,0.0,0.0,0.0,0.0,0.0,3.0,0.0,0.0,0.0,0.0,0.0,0.0,0.0,8.5,30.6,0.0,0.8,0.5,0.0,0.0,1.0,0.0,0.0,0.5,0.0,0.0,0.0,0.0,0.0,0.0
2009-06-08,0.0,0.0,0.0,0.0,0.0,0.0,0.0,0.0,0.0,0.0,0.0,0.0,5.1,0.0,0.0,0.0,0.0,0.0,0.0,2.4,0.0,0.0,0.0,0.0,0.0,0.0,0.0,0.0,0.0,0.0,0.0,0.0,0.0,0.0,0.0,0.0
2009-06-09,0.0,0.0,0.0,0.0,0.0,0.0,0.0,0.0,0.0,0.0,0.0,0.0,0.0,0.0,0.0,0.0,0.0,0.0,0.0,0.0,0.0,0.0,0.0,0.0,0.0,0.0,0.0,0.0,0.0,0.0,0.0,0.0,0.0,0.0,0.0,0.0
2009-06-10,0.0,0.0,0.0,0.0,0.0,0.0,0.0,0.0,0.0,0.0,0.0,0.0,15.2,0.0,0.0,0.0,0.0,0.0,0.0,0.0,0.0,0.0,0.0,0.0,0.0,0.0,0.0,0.0,2.5,0.0,0.0,0.0,0.0,0.0,0.0,0.0
2009-06-11,0.0,0.0,3.0,0.0,0.0,0.0,14.0,0.0,0.0,0.0,0.0,0.0,13.3,0.0,0.0,5.3,0.0,0.0,0.0,0.0,0.0,0.0,0.0,0.0,0.0,0.0,0.0,0.0,4.2,0.0,0.0,0.0,34.2,0.0,0.0,0.0
2009-06-12,15.4,1.9,4.0,4.2,4.2,4.0,10.0,3.2,0.0,0.0,27.5,0.5,8.0,10.2,0.0,30.5,0.0,4.2,15.0,0.0,4.2,1.2,9.8,5.5,0.6,6.5,4.0,9.2,0.0,8.0,0.0,0.0,0.0,0.0,6.2,0.0
2009-06-13,31.8,3.3,71.3,4.2,1.4,10.0,0.8,48.2,0.0,0.0,0.0,1.5,0.0,16.4,82.4,0.0,0.0,1.2,22.0,0.0,2.5,8.3,1.4,10.5,2.8,0.0,4.0,2.0,0.0,0.0,0.0,0.0,0.0,0.0,0.2,0.0
2009-06-14,0.8,0.0,5.3,0.0,0.0,0.0,1.6,0.0,0.0,0.0,0.0,0.0,0.0,0.0,0.0,0.0,0.0,0.0,45.2,0.0,0.0,0.0,5.2,7.4,0.0,0.0,0.0,0.0,0.0,4.2,0.0,0.0,0.0,0.0,0.0,0.0
2009-06-15,0.0,0.0,0.0,0.0,0.0,0.0,0.0,0.0,0.0,0.0,0.0,0.0,6.3,0.0,0.0,0.0,0.0,0.0,0.0,1.6,0.0,0.0,3.2,0.0,0.0,0.0,0.0,0.0,0.0,0.0,0.0,0.0,0.0,0.0,0.0,0.0
2009-06-16,0.0,0.0,0.0,0.0,0.0,0.0,0.0,0.0,0.0,0.0,0.0,0.0,0.0,0.0,0.0,0.0,0.0,0.0,0.0,14.0,0.0,0.0,0.0,0.0,0.0,0.0,0.0,0.0,0.0,0.0,0.0,0.0,0.0,0.0,0.0,0.0
2009-06-17,0.0,0.0,0.0,0.0,0.0,0.0,0.0,0.0,0.0,0.0,0.0,0.0,0.0,0.0,0.0,0.0,0.0,0.0,0.0,0.0,0.0,0.0,0.0,0.0,0.0,0.0,0.0,0.0,0.0,0.0,0.0,0.0,0.0,0.0,0.0,0.0
2009-06-18,0.0,0.0,0.0,0.0,0.0,0.0,0.0,0.0,0.0,0.0,24.0,0.0,0.0,0.0,0.0,0.0,0.0,0.0,0.0,0.0,0.0,0.0,0.0,0.0,0.0,0.0,0.0,0.0,0.0,0.0,0.0,0.0,0.0,0.0,0.0,0.0
2009-06-19,0.0,0.0,0.0,0.0,0.0,0.0,0.0,0.0,0.0,0.0,0.0,0.0,0.0,0.0,0.0,0.0,0.0,0.0,0.0,14.0,0.0,0.0,0.0,0.0,0.0,0.0,0.0,0.0,0.0,0.0,0.0,0.0,15.5,0.0,0.0,0.0
2009-06-20,0.0,0.0,0.0,0.0,0.0,0.0,0.0,0.0,0.0,0.0,0.0,0.0,0.0,0.0,0.0,0.0,0.0,0.0,0.0,4.6,7.8,0.0,0.0,0.0,0.0,0.0,0.0,0.0,0.0,0.0,0.0,0.0,0.0,0.0,0.0,0.0
2009-06-21,0.0,0.0,0.0,5.4,0.0,0.0,0.0,0.0,0.0,0.0,0.0,0.0,0.0,0.0,0.0,0.0,0.0,0.0,0.0,1.5,0.0,0.0,0.0,0.0,0.0,0.0,0.0,0.0,0.0,0.0,0.0,0.0,0.0,0.0,0.0,0.0
2009-06-22,0.0,2.0,0.0,1.8,0.4,0.0,0.0,6.0,0.0,0.0,42.4,0.0,2.1,0.0,0.0,0.0,0.0,0.0,0.0,2.2,4.8,0.0,3.0,0.0,1.2,12.5,4.0,0.4,0.0,1.0,0.0,0.0,0.0,0.0,0.0,0.0
2009-06-23,0.0,0.0,0.0,10.0,2.6,30.0,0.7,0.0,0.0,0.0,7.0,1.1,0.0,44.5,6.4,0.0,0.0,20.3,0.0,0.0,0.0,32.0,12.6,0.0,16.0,0.0,0.0,7.6,6.4,20.0,4.7,0.0,0.0,0.0,0.0,0.0
2009-06-24,1.4,0.0,0.0,0.0,0.0,1.0,0.0,0.0,18.0,0.0,29.0,1.9,15.2,0.0,10.4,0.0,0.0,0.2,0.0,0.0,0.0,0.0,0.0,0.0,0.0,0.0,0.0,0.0,1.2,1.0,0.0,0.0,0.0,5.3,0.0,0.0
2009-06-25,0.0,0.0,0.0,0.0,0.0,0.0,1.4,1.2,0.0,0.0,26.0,0.2,4.2,0.0,0.0,0.0,0.0,0.0,0.0,6.2,0.0,0.0,0.0,0.0,0.0,0.0,0.0,0.0,0.0,2.0,0.0,0.0,0.0,0.0,0.0,0.0
2009-06-26,0.0,47.3,4.3,13.4,6.0,0.0,0.0,4.2,0.0,0.0,0.0,0.0,0.0,7.1,20.0,0.0,0.0,0.2,10.0,0.0,30.0,2.1,0.0,0.0,5.4,0.0,2.2,3.8,17.4,1.5,0.0,0.0,27.2,0.0,0.0,0.0
2009-06-27,0.0,9.5,8.0,8.6,13.0,2.0,3.9,35.6,3.2,10.5,0.0,3.4,0.0,20.2,8.4,13.2,36.0,6.4,6.0,6.0,10.5,9.0,2.8,0.0,7.9,6.5,1.5,6.2,12.5,4.6,2.1,6.5,2.1,0.0,0.0,0.0
2009-06-28,17.0,2.5,1.0,0.0,1.2,6.0,59.1,10.0,0.0,5.5,0.0,0.0,11.2,0.0,6.0,0.0,57.0,32.7,6.0,0.0,1.4,3.0,0.4,0.0,2.1,3.6,4.5,1.6,26.5,8.5,0.0,0.0,10.1,0.0,0.0,31.5
2009-06-29,8.5,9.0,4.0,8.2,8.5,1.0,1.4,0.4,11.0,0.0,0.0,0.2,28.1,0.0,42.0,0.0,0.0,15.5,9.0,38.5,8.6,11.5,5.8,0.0,16.5,6.5,5.5,8.2,6.4,1.5,10.5,32.2,90.5,7.2,0.0,0.0
2009-06-30,40.0,9.5,0.0,7.8,0.5,0.0,48.5,2.3,0.0,0.0,0.0,0.0,0.0,0.0,42.0,173.0,0.0,0.0,8.0,18.4,2.1,0.0,32.0,0.0,2.5,2.0,2.8,0.8,0.0,0.0,16.6,0.0,102.6,25.0,0.0,12.0
2009-07-01,28.2,39.5,6.5,12.0,10.6,11.5,35.1,15.8,46.0,0.0,30.5,25.1,0.0,0.0,145.5,38.0,0.0,16.6,14.0,0.0,28.2,27.7,4.4,8.2,0.0,0.0,12.0,8.4,0.0,15.5,0.0,0.0,30.3,6.9,0.0,8.4
2009-07-02,23.8,10.2,7.5,8.2,9.4,19.0,33.7,26.4,6.0,20.5,43.0,20.4,0.0,0.0,4.0,1.0,0.0,5.0,11.0,0.0,16.1,23.1,8.2,8.0,0.0,0.0,30.5,8.6,0.0,14.5,0.0,0.0,33.0,2.1,0.0,9.0
2009-07-03,0.1,0.0,2.0,0.0,3.7,0.0,1.1,30.0,0.0,0.0,42.0,0.0,0.0,0.0,1.1,0.0,0.0,4.0,15.0,0.0,1.2,35.0,3.6,3.5,0.0,0.0,0.5,6.6,0.0,7.5,0.0,0.0,92.3,0.0,0.0,2.0
2009-07-04,13.4,0.0,1.0,0.0,0.0,0.0,16.8,1.8,0.0,34.4,0.0,36.0,0.0,0.0,21.5,0.0,0.0,4.6,2.0,0.0,0.0,0.8,16.2,0.5,0.0,0.0,58.0,1.8,0.0,1.0,0.0,0.0,76.2,0.0,0.0,0.0
2009-07-05,0.2,7.2,6.5,36.4,13.2,25.0,7.1,62.6,0.0,0.0,21.5,6.0,0.0,0.0,84.6,0.0,0.0,0.0,52.0,0.0,22.6,27.3,10.0,23.2,0.0,0.0,52.0,7.8,0.0,16.0,0.0,0.0,0.0,0.0,0.0,4.2
2009-07-06,6.4,4.6,9.0,4.2,0.2,4.0,12.9,43.6,4.0,0.0,6.0,102.3,0.0,0.0,11.0,0.0,0.0,53.3,0.0,0.0,3.6,35.8,0.2,11.5,0.0,0.0,43.0,0.0,0.0,3.5,0.0,1.0,17.5,1.0,0.0,1.2
2009-07-07,0.0,30.6,1.0,14.4,13.0,30.0,30.2,84.6,28.0,0.0,25.0,0.0,0.0,0.0,1.5,1.0,0.0,24.8,6.0,0.0,43.6,36.2,13.4,10.2,0.0,0.0,62.5,10.8,0.0,23.5,0.0,0.0,13.0,0.0,0.0,0.0
2009-07-08,2.0,7.8,1.0,5.2,10.4,0.0,35.2,84.0,0.0,39.3,28.0,0.0,0.0,0.0,0.0,0.0,0.0,11.5,0.0,0.0,15.6,0.0,0.2,0.5,0.0,0.0,23.0,10.4,0.0,13.2,0.0,0.0,0.0,0.0,0.0,0.0
2009-07-09,0.0,0.0,0.0,2.0,0.0,2.3,13.2,9.0,0.0,26.2,0.0,0.0,0.0,0.0,0.0,0.0,0.0,0.0,0.0,0.0,1.0,0.0,0.0,0.0,0.0,0.0,11.0,0.0,0.0,0.5,0.0,0.0,0.0,0.0,0.0,0.0
2009-07-10,0.0,0.0,0.0,0.0,0.0,0.0,0.8,14.0,0.0,0.0,0.0,25.0,0.0,0.0,0.0,0.0,0.0,0.0,0.0,0.0,0.0,0.0,0.0,0.0,0.0,0.0,3.0,0.0,0.0,0.0,0.0,0.0,2.5,0.0,0.0,0.0
2009-07-11,0.0,1.7,0.0,2.2,1.2,0.5,0.4,22.4,0.0,0.0,0.0,5.0,0.0,0.0,0.0,3.0,0.0,0.0,0.0,0.0,5.7,0.0,0.0,0.0,0.0,0.0,6.0,0.2,0.0,0.0,0.0,0.0,19.6,0.0,0.0,0.0
2009-07-12,0.0,5.0,5.0,3.2,1.6,6.0,10.9,29.4,4.0,0.0,15.5,3.0,0.0,0.0,0.0,0.0,0.0,0.2,4.0,0.0,6.8,3.0,14.0,1.0,0.0,0.0,18.0,2.2,0.0,0.0,0.0,0.0,0.0,0.0,0.0,0.0
2009-07-13,0.0,21.8,27.5,6.2,6.2,1.0,0.0,28.6,0.0,0.0,0.0,0.0,0.0,0.0,14.5,0.0,0.0,6.3,38.0,0.0,18.9,68.0,33.8,31.0,0.0,0.0,29.5,3.2,0.0,0.0,0.0,0.0,0.0,0.0,0.0,0.0
2009-07-14,0.0,0.0,0.0,0.0,0.0,0.0,0.0,0.0,0.0,0.0,0.0,0.3,0.0,0.0,0.0,0.0,0.0,13.7,0.0,0.0,2.5,0.0,0.2,1.0,0.0,0.0,0.0,0.0,0.0,29.5,0.0,0.0,27.3,0.0,0.0,0.0
2009-07-15,0.0,7.6,17.0,4.8,7.4,3.5,0.8,55.2,4.0,10.0,39.0,22.0,0.0,0.0,0.0,0.0,0.0,5.0,11.0,0.0,6.4,11.2,10.2,8.5,0.0,0.0,8.5,10.4,0.0,8.0,0.0,19.3,0.0,0.0,0.0,0.0
2009-07-16,0.0,0.0,0.0,2.2,3.6,0.0,5.5,12.4,0.0,7.3,0.0,0.0,7.4,0.0,0.0,0.0,0.0,0.3,0.0,2.0,0.0,0.0,0.0,2.0,0.0,0.0,2.0,0.4,3.4,1.0,0.0,0.0,0.0,0.0,0.0,0.0
2009-07-17,0.0,0.2,0.0,2.0,0.0,1.0,0.0,2.2,0.0,9.2,0.0,0.0,3.2,0.0,0.0,0.0,0.0,0.0,0.0,1.0,0.0,0.0,0.0,0.2,0.0,0.0,11.0,0.0,10.4,7.5,0.0,0.0,0.0,0.0,0.0,0.0
2009-07-18,0.0,0.0,0.0,0.0,0.2,10.0,0.0,86.0,0.0,10.4,0.0,5.0,16.1,0.0,0.0,0.0,0.0,0.3,0.0,4.0,0.0,0.0,0.2,0.1,4.3,0.0,1.5,0.4,15.8,2.0,0.0,0.0,0.0,0.0,0.0,0.0
2009-07-19,0.0,14.4,19.0,6.2,15.6,0.0,32.9,55.6,0.0,10.3,0.0,11.1,0.0,0.0,0.0,11.4,0.0,19.8,36.0,14.6,24.5,72.0,16.2,11.5,51.5,0.0,47.0,14.2,45.2,17.3,0.0,22.1,0.0,0.0,0.0,0.0
2009-07-20,4.4,8.1,1.0,6.4,7.0,0.0,54.9,66.8,0.0,20.4,0.0,7.2,0.0,0.0,0.0,0.0,84.0,11.2,0.0,4.5,7.8,36.2,2.8,33.0,4.5,0.0,45.0,4.4,40.5,0.5,0.0,5.0,20.4,0.0,0.0,0.0
2009-07-21,0.0,0.6,3.0,6.4,0.0,2.0,16.7,23.6,0.0,30.3,0.0,8.0,87.4,11.4,0.0,0.0,0.0,0.2,0.0,16.6,0.0,0.8,23.0,1.5,4.6,0.0,3.5,0.0,6.5,3.5,0.0,0.0,6.0,0.0,0.0,0.0
2009-07-22,0.0,2.1,3.0,5.6,4.2,1.5,1.2,36.0,0.0,10.5,15.5,0.0,15.2,1.2,8.4,0.0,0.0,0.6,2.0,46.6,0.0,9.6,0.6,8.5,5.9,0.0,41.5,8.6,15.2,4.0,0.0,0.0,14.5,0.0,0.0,0.0
2009-07-23,1.4,1.2,14.0,0.0,0.0,9.0,14.7,45.8,0.0,20.0,0.0,0.0,3.1,0.0,9.5,0.0,0.0,0.0,0.0,18.0,11.4,21.6,0.0,0.0,31.0,0.0,16.5,0.0,25.5,0.2,0.0,0.0,1.6,0.0,0.0,0.0
2009-07-24,0.0,0.0,0.0,0.0,0.0,0.0,0.0,18.0,0.0,5.1,0.0,0.1,0.0,0.0,0.0,0.0,0.0,0.0,0.0,0.0,0.0,0.0,0.0,0.0,0.0,0.0,1.0,0.0,0.7,0.0,0.0,0.0,9.2,0.0,0.0,0.0
2009-07-25,0.0,0.0,0.0,1.4,0.0,0.0,0.0,0.6,0.0,3.2,0.0,0.0,1.1,0.0,0.0,0.0,68.0,0.0,0.0,0.0,0.0,0.0,0.0,0.0,0.0,0.0,0.0,0.0,0.0,0.0,0.0,0.0,10.1,0.0,14.0,0.0
2009-07-26,0.0,11.5,4.0,0.0,2.2,10.0,1.0,35.0,0.0,0.0,0.0,12.3,32.3,0.0,120.4,103.2,0.0,1.7,5.0,11.5,2.5,64.0,4.4,5.2,15.2,0.0,33.0,2.0,16.5,8.2,0.0,0.0,37.6,1.5,1.0,0.0
2009-07-27,80.0,59.2,11.0,79.4,62.4,100.9,68.9,50.6,59.0,0.0,0.0,78.0,14.1,10.4,11.4,10.0,0.0,72.5,22.0,60.2,36.0,104.5,22.4,6.4,79.7,0.0,49.0,57.0,45.5,9.5,59.6,20.3,84.4,3.8,23.2,5.0
2009-07-28,21.6,76.5,84.0,35.2,71.6,22.0,34.4,40.2,27.0,0.0,42.0,55.4,5.4,18.2,7.0,7.0,0.0,26.3,83.0,62.4,47.0,32.2,78.2,100.2,76.3,0.0,78.0,46.0,42.5,59.5,27.4,50.2,22.6,5.2,62.8,4.1
2009-07-29,45.2,1.2,3.0,5.4,2.0,34.0,30.2,0.6,29.0,0.0,6.0,11.0,0.0,41.4,19.7,33.0,0.0,2.0,2.0,5.0,1.9,2.0,0.6,7.0,1.4,0.0,10.0,2.8,5.2,10.5,45.6,0.0,19.5,2.9,51.4,5.8
2009-07-30,35.0,10.3,0.0,15.0,7.8,4.0,54.2,32.0,56.0,0.0,0.0,25.0,16.2,120.4,2.0,4.0,0.0,18.5,11.2,50.0,10.4,29.0,14.8,16.5,28.6,0.0,18.0,8.8,18.5,25.2,0.0,26.7,126.6,11.6,102.2,8.2
2009-07-31,42.2,5.0,1.0,5.2,7.4,17.0,167.1,3.2,0.0,0.0,43.0,23.2,88.3,88.2,5.4,30.1,0.0,11.5,0.0,0.0,3.4,6.5,13.0,11.0,5.9,0.0,2.0,8.2,8.7,12.0,133.0,48.3,18.5,21.0,11.0,0.0
2009-08-01,47.6,29.2,0.0,6.0,4.6,8.0,58.8,60.0,51.0,0.0,34.0,5.4,3.3,11.2,20.4,0.0,0.0,0.0,3.0,12.0,0.0,4.5,0.0,0.2,0.0,0.0,1.7,0.4,0.3,0.0,18.2,0.0,0.0,3.5,9.2,14.0
2009-08-02,51.2,0.0,0.0,9.0,0.0,0.0,0.6,46.0,0.0,0.0,11.5,0.0,0.0,14.5,60.5,34.2,0.0,0.2,0.0,4.4,18.8,0.0,0.0,0.0,0.0,0.0,3.2,0.0,0.0,0.0,0.0,0.0,0.0,5.2,0.6,9.0
2009-08-03,99.8,0.0,0.0,2.6,0.0,1.5,15.3,58.8,2.0,0.0,0.0,0.0,7.4,7.4,44.0,1.5,0.0,0.0,0.0,8.6,9.8,7.7,0.0,1.5,0.0,0.0,1.7,0.0,0.0,0.0,0.0,0.0,8.1,3.6,12.0,28.5
2009-08-04,42.4,0.0,0.0,14.0,0.0,0.0,17.5,4.6,8.0,0.0,0.0,6.3,1.0,22.2,17.5,50.5,0.0,7.1,0.0,30.0,0.0,0.0,1.8,0.4,0.0,0.0,8.0,0.0,0.0,0.0,0.0,0.0,46.5,2.1,15.2,2.0
2009-08-05,47.4,2.2,0.0,0.0,1.4,4.1,89.1,8.4,102.0,0.0,0.0,9.0,5.3,41.4,30.4,30.5,0.0,0.0,0.0,0.0,14.6,2.8,12.6,1.1,4.6,0.5,2.0,4.6,0.0,0.0,41.3,0.0,79.6,1.7,6.2,10.0
2009-08-06,39.4,2.8,1.0,11.4,3.6,3.6,171.4,16.6,66.0,48.2,0.0,82.4,0.0,11.2,22.0,20.0,0.0,8.1,13.2,4.0,0.0,5.0,3.0,3.0,1.1,9.5,6.5,11.8,8.4,0.0,22.5,0.0,38.0,2.0,8.4,9.5
2009-08-07,0.6,24.2,8.0,69.4,34.2,4.8,3.1,27.6,60.0,24.8,42.0,49.2,0.0,13.2,18.0,2.5,0.0,13.2,12.0,16.2,42.0,19.1,14.4,14.4,12.1,25.0,9.0,46.8,10.5,0.0,5.9,35.0,0.0,2.5,6.2,0.0
2009-08-08,12.8,4.1,1.0,19.0,14.8,0.0,18.5,0.0,4.0,0.0,42.5,26.0,26.3,0.0,90.7,0.0,0.0,12.8,3.2,2.0,0.0,5.4,3.2,11.2,3.8,25.3,9.5,24.6,0.0,0.0,0.0,0.0,14.3,0.0,13.0,0.0
2009-08-09,0.0,0.2,0.0,8.2,3.4,0.0,0.4,15.0,0.0,0.0,0.0,5.0,13.4,0.0,5.0,1.8,38.0,8.0,0.0,50.0,40.3,0.0,0.6,5.5,2.7,1.6,11.0,0.8,0.0,0.0,0.0,0.0,0.0,0.0,0.0,0.0
2009-08-10,0.0,1.8,0.0,30.2,2.8,17.0,14.9,2.4,16.0,0.0,19.5,22.0,65.3,0.0,0.0,43.1,0.0,16.2,10.0,28.8,14.4,8.7,0.0,0.3,3.1,4.5,30.0,2.2,1.7,0.0,0.0,0.0,46.7,0.0,0.0,0.0
2009-08-11,3.0,23.0,34.0,13.8,14.0,0.0,8.5,20.2,12.0,0.0,8.9,10.0,12.4,0.0,10.3,0.0,0.0,14.9,13.0,40.4,40.2,16.0,7.2,13.4,15.8,21.5,7.0,10.0,37.4,0.0,101.0,0.0,20.6,0.0,0.0,0.0
2009-08-12,0.0,14.4,0.0,7.6,0.6,5.0,26.8,18.4,3.0,8.2,0.0,0.0,91.2,1.5,15.5,0.0,0.0,31.0,0.0,64.4,28.4,0.0,0.0,10.0,7.5,0.5,0.0,0.6,38.4,0.0,2.4,0.0,9.4,0.0,0.0,0.0
2009-08-13,7.0,58.7,22.0,8.0,67.4,0.0,9.0,39.0,10.0,17.0,0.0,11.0,31.1,2.2,4.6,11.5,0.0,21.9,31.0,25.0,33.5,21.8,39.8,15.5,37.5,34.0,0.0,44.4,33.8,0.0,0.0,3.2,36.3,0.0,0.0,0.0
2009-08-14,7.6,4.4,13.0,4.4,1.6,10.0,63.9,2.0,1.2,8.0,0.0,32.0,10.2,4.5,31.0,0.0,0.0,13.2,13.0,2.4,14.6,5.0,4.0,3.2,5.1,18.0,15.0,7.8,35.5,0.0,89.5,11.3,4.0,2.4,14.6,14.5
2009-08-15,3.2,5.0,7.0,4.8,4.4,0.0,0.0,24.0,5.2,21.6,16.6,0.1,55.1,20.4,2.6,75.2,0.0,19.9,5.0,6.5,7.0,6.1,0.6,10.5,6.4,16.4,7.0,6.6,13.5,0.0,0.0,10.3,44.3,0.0,0.0,0.0
2009-08-16,53.8,3.5,3.0,31.8,11.2,15.0,25.4,3.0,19.0,8.6,46.0,3.2,11.7,40.5,7.4,29.3,0.0,32.1,0.0,8.6,0.0,4.2,9.4,33.0,9.3,9.5,20.0,3.5,10.2,0.0,82.8,46.2,33.1,3.2,16.0,47.0
2009-08-17,32.6,57.3,19.0,70.2,61.2,40.0,30.7,64.6,48.0,28.8,23.0,75.0,16.0,40.4,120.4,30.5,0.0,82.7,31.2,58.6,43.0,29.9,38.0,32.5,22.3,69.5,20.0,44.9,72.3,57.5,0.0,30.1,48.5,4.7,100.8,8.4
2009-08-18,11.0,6.2,19.0,15.4,3.4,10.0,11.2,41.4,5.1,13.2,43.5,24.0,4.1,10.2,80.9,22.0,0.0,10.5,38.0,2.5,0.0,6.7,9.8,0.6,1.6,10.0,15.0,2.4,8.4,14.2,0.0,0.0,41.6,0.2,11.0,0.0
2009-08-19,79.8,21.0,4.0,49.2,4.4,0.0,11.4,12.0,42.0,12.4,37.0,12.1,7.3,15.4,13.4,61.3,0.0,1.8,23.0,26.2,12.6,14.3,27.6,1.2,4.3,1.0,23.0,3.6,0.0,3.5,0.0,0.0,29.4,2.8,30.8,0.0
2009-08-20,91.8,17.7,1.0,0.0,1.6,0.0,35.3,29.2,37.1,43.4,7.1,0.0,0.0,8.5,11.6,15.2,0.0,5.0,2.0,8.5,0.0,4.7,4.2,4.5,3.9,0.2,16.0,2.0,3.2,4.2,0.0,0.0,21.6,13.2,54.2,49.0
2009-08-21,2.2,8.0,2.0,19.6,2.4,0.0,1.6,6.6,13.3,0.0,0.0,0.0,0.0,2.2,22.0,0.0,21.3,6.9,11.0,4.0,10.2,4.5,19.2,5.1,4.3,2.3,12.0,4.8,10.5,17.5,0.0,0.0,41.3,17.6,17.8,4.0
2009-08-22,0.0,0.0,0.0,0.0,0.0,5.0,10.9,3.2,8.0,0.0,11.5,12.0,0.0,26.4,34.5,11.0,0.0,0.0,0.0,0.0,0.0,0.0,3.4,0.0,0.0,0.0,1.0,2.6,0.0,0.5,0.0,0.0,0.0,0.0,0.0,20.0
2009-08-23,19.4,0.0,0.0,0.0,1.2,0.0,7.5,0.0,23.0,0.0,7.6,30.0,8.1,0.0,1.0,0.0,0.0,0.6,0.0,0.0,24.1,0.0,0.6,0.5,2.9,1.0,4.5,0.2,0.0,3.5,0.0,0.0,0.0,3.0,6.4,17.0
2009-08-24,1.0,30.3,7.0,24.0,2.8,26.0,26.8,12.4,0.0,65.2,3.4,5.2,3.2,0.0,7.5,0.0,20.2,21.5,28.0,10.2,3.2,36.0,19.0,6.5,0.0,1.1,30.0,4.0,13.0,34.2,0.0,12.1,10.6,0.5,0.0,0.0
2009-08-25,0.0,6.5,6.7,10.0,9.4,5.0,7.4,4.4,0.0,12.3,8.2,0.4,12.0,0.0,20.5,0.0,0.0,7.5,2.2,6.4,8.2,4.5,2.8,6.4,4.3,28.0,14.0,15.0,20.2,3.3,0.0,0.0,7.1,0.0,0.0,0.0
2009-08-26,0.0,14.3,30.0,27.0,15.4,14.0,1.7,41.4,0.0,40.3,0.0,0.0,57.3,0.0,25.5,0.0,0.0,34.9,30.0,16.0,28.2,45.3,15.2,11.5,18.4,30.5,29.5,10.6,32.4,53.3,0.0,0.0,8.2,0.0,0.0,0.0
2009-08-27,0.0,4.1,12.0,20.2,5.2,1.0,4.3,12.4,16.0,0.2,19.6,0.0,4.1,0.0,61.5,0.0,0.0,11.9,7.0,6.0,2.5,23.8,10.0,5.0,8.8,17.0,21.5,10.8,24.2,20.0,0.0,0.0,10.1,0.0,0.0,0.0
2009-08-28,0.0,28.2,4.0,13.8,30.8,6.0,1.2,22.0,0.0,10.4,11.0,0.0,3.5,0.0,44.0,0.0,0.0,15.5,5.0,4.8,23.1,20.2,0.0,21.5,81.5,16.8,2.0,15.0,28.5,23.5,0.0,0.0,16.4,0.0,0.0,0.0
2009-08-29,0.0,0.0,5.0,7.6,0.0,1.0,0.0,32.6,0.0,10.2,0.0,0.0,0.0,0.0,1.4,0.0,0.0,1.2,3.2,0.4,0.0,11.0,0.8,0.0,21.0,8.4,0.5,0.8,0.3,0.4,0.0,0.0,0.0,0.0,0.0,0.0
2009-08-30,0.0,15.5,29.0,18.4,4.4,4.0,0.0,10.4,0.0,10.6,0.0,0.0,68.4,0.0,24.0,0.0,0.0,4.9,29.0,10.2,12.4,26.5,7.6,11.5,0.0,1.4,21.0,3.0,10.2,0.2,0.0,10.5,0.0,0.0,0.0,0.0
2009-08-31,0.0,0.3,0.0,4.8,1.2,0.0,11.5,9.6,0.0,30.2,0.0,0.1,44.1,0.0,28.0,0.0,0.0,0.0,0.0,0.0,9.4,0.0,0.0,0.0,0.0,0.0,10.0,0.2,13.5,1.5,0.0,0.0,0.0,0.0,0.0,0.0
2009-09-01,0.0,2.5,0.0,14.2,20.8,0.0,0.0,12.0,0.0,6.0,0.0,0.1,21.2,0.0,5.0,0.0,0.0,23.8,0.0,0.0,8.6,27.8,0.0,15.0,38.1,35.5,25.0,39.4,38.5,13.5,0.0,0.0,0.0,0.0,0.0,0.0
2009-09-02,25.5,24.5,0.0,0.0,0.0,5.0,16.7,0.4,30.0,0.4,0.0,0.0,7.1,41.4,0.0,0.0,0.0,0.2,2.0,0.7,6.0,4.1,0.0,2.2,12.6,0.2,0.5,0.4,40.5,7.4,0.0,0.0,0.0,8.0,15.2,0.0
2009-09-03,0.0,0.0,0.0,0.0,4.0,9.5,27.7,36.6,0.0,29.0,0.0,0.0,5.2,0.0,0.0,5.0,0.0,4.8,0.0,0.4,0.0,0.0,0.0,20.5,20.3,4.5,18.0,0.0,42.5,25.0,0.0,0.0,0.0,0.0,0.0,0.0
2009-09-04,0.0,0.0,0.0,0.0,2.2,10.0,0.0,1.2,0.0,0.0,0.0,11.0,0.0,0.0,19.0,0.0,0.0,15.5,0.0,1.6,0.0,0.0,0.0,3.1,2.4,5.0,10.0,0.0,23.2,15.5,0.0,0.0,0.0,0.0,0.0,0.0
2009-09-05,8.8,5.6,31.0,0.0,4.6,15.0,2.1,2.2,6.0,0.0,43.4,0.0,2.2,40.5,2.0,18.2,0.0,13.6,16.0,0.5,15.8,11.6,5.8,5.5,6.9,14.6,5.5,3.0,17.2,29.5,0.0,0.0,30.1,0.9,8.8,0.0
2009-09-06,22.4,14.0,13.5,16.4,15.4,15.0,48.2,10.8,35.0,0.0,43.5,0.4,5.1,10.2,8.0,20.8,0.0,17.4,12.0,22.4,12.0,15.8,20.0,9.5,44.4,24.5,9.0,14.0,10.2,8.5,14.3,10.2,52.6,3.0,12.6,18.0
2009-09-07,11.6,7.6,6.5,8.2,7.2,13.0,6.9,10.0,5.0,8.4,8.2,31.0,15.3,25.4,34.0,12.2,0.0,9.4,5.0,14.6,6.7,5.6,7.2,6.0,7.8,8.5,13.5,7.8,15.5,6.4,27.1,19.3,0.0,0.9,16.6,0.0
2009-09-08,0.0,1.0,3.0,0.0,6.0,10.0,1.3,20.0,4.0,0.0,8.2,0.0,12.1,0.0,9.5,2.0,0.0,0.5,0.0,2.5,1.4,3.5,0.6,0.5,2.2,0.5,10.0,0.4,8.4,13.5,8.0,0.0,0.0,0.0,0.0,0.0
2009-09-09,4.8,7.9,7.0,13.6,2.6,39.0,11.2,32.4,4.0,12.2,2.2,32.0,5.3,2.4,1.4,9.0,0.0,3.0,0.0,8.0,4.4,4.9,11.4,5.4,6.8,7.0,11.5,2.4,40.2,6.4,5.2,0.0,0.0,0.5,3.2,8.5
2009-09-10,1.8,2.8,5.0,6.4,1.4,10.5,1.9,8.0,0.0,4.2,0.0,5.0,27.1,5.2,0.0,0.0,0.0,5.7,3.5,6.2,2.4,6.1,4.2,5.3,2.8,3.4,6.0,3.8,0.0,5.6,0.0,0.0,0.0,0.0,10.4,10.5
2009-09-11,0.0,8.4,0.0,7.8,4.4,25.0,0.0,7.2,0.0,2.6,0.0,0.0,0.0,0.0,0.0,0.0,0.0,4.3,0.0,0.0,6.6,0.0,0.6,2.5,4.0,4.5,2.5,6.0,0.0,0.2,0.0,0.0,0.0,0.0,0.0,0.0
2009-09-12,0.0,0.0,0.5,0.0,0.0,0.0,0.0,0.4,0.0,0.0,43.5,0.0,0.0,0.0,2.0,0.0,0.0,1.0,0.0,0.0,0.0,0.0,0.0,0.0,0.0,0.0,0.0,0.0,0.0,5.0,4.0,0.0,0.0,0.0,0.0,0.0
2009-09-13,0.0,0.0,0.0,0.0,0.0,0.0,0.0,0.0,0.0,0.0,0.0,0.0,0.0,0.0,1.5,0.0,0.0,0.0,0.0,0.0,0.0,0.0,0.0,0.0,0.0,0.0,0.0,0.0,0.0,0.1,0.0,0.0,0.0,0.0,0.0,0.0
2009-09-14,0.0,0.0,0.0,0.0,0.0,0.0,0.0,0.0,0.0,0.0,0.0,0.0,0.0,0.0,0.0,0.0,0.0,0.0,0.0,0.0,0.0,0.0,0.0,0.0,0.0,0.0,0.0,0.0,0.0,0.5,0.0,0.0,0.0,0.0,0.0,0.0
2009-09-15,0.0,0.0,0.0,0.0,0.0,0.0,19.2,1.6,0.0,0.0,2.5,0.0,0.0,0.0,0.0,0.0,0.0,1.4,0.0,10.2,0.0,0.0,1.2,0.0,0.0,0.0,0.0,0.0,0.0,0.0,0.0,0.0,0.0,0.0,0.0,0.0
2009-09-16,0.0,0.0,0.0,0.0,0.0,0.0,0.0,0.0,0.0,0.0,0.0,0.0,0.0,0.0,0.0,0.0,0.0,0.4,2.2,2.0,0.0,6.5,3.0,0.0,0.0,0.0,35.0,0.0,39.4,0.0,0.0,0.0,0.0,0.0,0.0,0.0
2009-09-17,0.0,0.0,2.0,0.0,0.0,0.0,0.5,0.0,0.0,0.0,2.4,2.4,0.0,0.0,4.0,0.0,0.0,0.0,1.0,0.0,0.0,0.0,4.8,32.5,0.0,0.0,0.0,0.0,0.0,0.0,6.7,0.0,96.6,0.0,0.0,0.0
2009-09-18,0.0,0.0,3.0,0.0,9.8,0.5,23.7,0.0,0.0,0.0,5.0,11.0,0.0,0.0,11.5,0.0,0.0,0.0,0.0,0.0,0.0,0.0,9.6,0.6,66.6,0.0,0.0,0.6,0.0,0.0,0.0,0.0,0.0,0.0,0.0,0.0
2009-09-19,0.0,0.0,0.0,0.0,0.0,0.5,0.0,4.0,0.0,0.0,0.0,0.0,0.0,0.0,0.6,0.0,0.0,0.0,12.0,0.0,0.0,4.8,0.0,1.2,0.0,0.0,0.0,0.0,10.5,0.0,0.0,0.0,0.0,0.0,0.0,0.0
2009-09-20,0.0,0.0,0.0,0.0,0.0,0.0,0.0,0.0,0.0,0.0,43.0,0.0,0.0,0.0,0.0,0.0,0.0,0.0,0.0,0.0,0.0,0.5,0.4,4.5,0.0,0.0,0.0,0.0,20.3,0.0,15.0,0.0,0.0,0.0,0.0,0.0
2009-09-21,0.0,0.0,0.0,0.0,0.0,10.2,13.7,0.0,0.0,0.0,0.0,0.0,0.0,0.0,0.0,0.0,0.0,0.0,0.0,0.0,0.0,0.0,0.8,5.1,6.4,0.0,0.0,0.0,0.0,0.0,0.0,0.0,0.0,0.0,0.0,0.0
2009-09-22,0.0,0.0,0.0,0.0,0.0,0.0,0.7,3.2,14.0,0.0,0.0,0.0,0.0,0.0,7.4,0.0,0.0,0.0,0.0,0.0,0.0,2.5,10.0,0.0,0.0,0.0,0.0,0.0,0.0,0.0,18.3,0.0,0.0,0.0,0.0,0.0
2009-09-23,2.8,0.0,0.0,0.0,0.0,0.3,10.5,0.0,52.3,0.0,43.2,0.0,0.0,10.4,9.0,0.0,0.0,0.0,0.0,0.0,0.0,0.4,0.0,0.5,7.8,0.0,0.0,0.0,0.0,0.0,10.1,0.0,0.0,0.0,0.0,0.0
2009-09-24,7.0,0.0,0.0,0.0,0.0,1.5,5.5,0.0,4.2,0.0,43.0,0.0,0.0,0.0,12.5,0.0,0.0,0.0,0.0,0.0,0.0,0.0,19.6,6.5,13.4,1.3,10.0,0.0,6.2,0.0,0.0,0.0,0.0,0.0,0.0,0.0
2009-09-25,0.0,36.4,33.0,0.0,21.6,10.5,0.0,11.6,0.0,0.0,0.0,0.0,0.0,0.0,18.0,0.0,0.0,10.6,16.0,0.0,0.0,3.8,12.2,6.4,11.4,2.4,8.0,2.2,3.1,3.5,0.0,13.3,0.0,0.0,0.0,0.0
2009-09-26,0.0,1.3,0.0,0.0,13.6,0.0,3.2,0.2,0.0,4.2,0.0,0.0,0.0,0.0,0.0,0.0,0.0,8.5,4.0,0.0,0.0,21.2,3.4,11.5,0.0,0.0,0.0,4.8,0.0,0.5,0.0,29.3,1.2,0.0,0.0,0.0
2009-09-27,0.0,0.0,0.0,0.0,0.0,20.0,0.0,0.0,0.0,0.0,0.0,0.0,0.0,0.0,0.0,0.0,0.0,0.0,0.0,0.0,0.0,5.8,0.0,5.0,0.0,0.0,0.0,0.0,0.0,2.0,0.0,0.0,0.0,0.0,0.0,0.0
2009-09-28,0.0,0.0,0.0,0.0,0.0,0.0,0.0,0.0,0.0,0.0,0.0,9.0,0.0,0.0,0.0,0.0,0.0,2.3,0.0,0.0,0.0,0.0,0.0,21.5,0.0,0.4,0.0,1.4,5.0,17.5,0.0,0.0,26.5,0.0,0.0,0.0
2009-09-29,0.0,0.0,0.0,0.0,0.0,0.0,0.0,0.0,0.0,0.0,0.0,0.0,0.0,0.0,15.0,0.0,0.0,0.0,0.0,0.0,0.0,0.0,0.0,0.0,0.0,0.0,0.0,0.0,0.0,8.0,0.0,0.0,4.4,0.0,0.0,0.0
2009-09-30,5.8,1.4,0.0,8.2,0.0,0.0,1.1,5.2,11.2,0.0,24.0,0.0,0.0,0.0,2.5,0.0,0.0,10.0,0.0,0.0,20.2,9.5,0.2,11.5,7.5,21.5,15.0,1.0,0.3,14.4,0.0,30.2,0.0,0.0,0.0,0.0
2009-10-01,0.0,0.5,0.0,0.0,0.0,1.0,0.0,0.0,0.0,0.0,0.0,0.0,0.0,0.0,7.0,0.0,0.0,4.6,0.0,0.0,0.0,0.0,0.0,0.5,1.4,0.0,18.0,0.0,0.0,2.0,0.0,0.0,0.0,0.0,0.0,0.0
2009-10-02,0.0,8.0,0.0,0.0,0.0,0.0,0.0,4.2,0.0,0.0,0.0,0.0,0.0,0.0,17.0,0.0,0.0,0.7,0.0,0.0,0.0,0.0,0.0,0.0,0.0,0.0,17.5,0.0,0.0,0.0,0.0,0.0,0.0,0.0,0.0,0.0
2009-10-03,0.0,0.7,1.0,0.0,0.4,2.0,0.0,0.4,0.0,0.0,0.0,0.0,0.0,0.0,0.0,0.0,0.0,3.6,1.2,0.0,0.0,1.5,0.8,1.5,0.0,1.0,0.0,0.2,0.3,0.0,0.0,0.0,0.0,0.0,0.0,0.0
2009-10-04,0.0,6.0,1.0,0.0,4.4,0.5,0.0,6.6,0.0,14.6,0.0,0.0,0.0,0.0,0.0,0.0,0.0,2.3,0.0,10.2,0.0,1.5,0.0,3.5,4.8,2.4,0.0,4.0,3.0,0.0,0.0,0.0,0.0,0.0,0.0,0.0
2009-10-05,0.0,0.0,0.0,16.0,0.6,6.0,0.0,0.0,0.0,0.0,0.0,0.0,0.0,0.0,21.0,0.0,0.0,0.0,0.0,6.4,0.0,0.0,0.0,0.0,0.0,17.8,13.5,1.8,7.1,0.0,0.0,0.0,0.0,0.0,0.0,0.0
2009-10-06,0.0,5.2,0.0,0.0,0.0,7.0,0.0,7.4,0.0,0.0,18.5,0.0,0.0,10.4,5.5,0.0,0.0,6.3,0.0,22.6,0.0,0.0,0.0,0.5,16.4,6.0,18.0,0.0,15.2,28.5,0.0,0.0,0.0,6.0,0.0,0.0
2009-10-07,2.8,3.0,2.0,14.0,11.2,30.0,0.0,6.0,0.0,10.2,0.0,0.0,0.0,0.0,0.6,0.0,0.0,82.0,2.5,14.0,0.0,3.7,2.6,3.2,1.4,13.0,0.0,13.0,6.3,8.0,0.0,0.0,40.2,0.0,3.0,0.0
2009-10-08,29.2,45.8,44.0,37.6,55.5,40.0,83.3,33.8,0.0,17.0,0.0,0.0,0.0,0.0,12.0,0.0,0.0,3.2,41.0,20.0,0.0,52.7,58.4,55.5,6.6,75.0,0.0,54.4,2.2,18.4,0.0,39.2,42.5,4.0,11.0,17.0
2009-10-09,8.5,2.3,2.0,2.2,2.8,0.0,3.0,1.4,0.0,0.0,0.0,0.0,0.0,0.0,4.3,0.0,0.0,0.0,4.0,0.0,0.0,0.0,2.2,5.5,1.2,2.8,0.0,2.8,0.0,44.5,0.0,0.0,0.0,0.0,1.2,30.5
2009-10-10,0.0,0.0,0.0,0.0,0.0,0.0,0.0,0.0,0.0,0.0,18.5,0.0,0.0,0.0,0.0,0.0,0.0,0.0,0.0,0.0,0.0,0.0,0.0,0.0,0.0,0.0,0.0,0.0,0.0,5.5,0.0,0.0,1.0,0.0,0.0,0.0
2009-10-11,0.0,0.0,0.0,0.0,0.0,2.0,0.0,0.0,0.0,0.0,0.0,2.0,0.0,0.0,0.0,0.0,0.0,0.0,0.0,0.0,0.0,0.0,6.6,0.0,0.0,0.0,12.0,0.0,3.2,0.0,41.0,0.0,22.1,0.0,0.0,0.0
2009-10-12,0.0,0.0,3.0,0.0,0.0,0.5,0.0,0.0,30.0,0.0,0.0,0.0,0.0,20.5,3.5,0.0,0.0,0.2,0.0,0.0,0.0,0.0,1.2,0.0,0.0,0.0,0.0,0.0,0.0,0.0,0.0,0.0,0.0,0.0,0.0,0.0
2009-10-13,0.0,0.0,0.0,0.0,0.0,0.2,0.0,2.6,0.0,0.0,0.0,0.0,0.0,0.0,13.4,0.0,0.0,1.4,0.0,0.0,0.0,0.0,0.0,0.5,0.0,0.0,8.0,0.0,0.0,0.0,0.0,0.0,0.0,0.0,0.0,0.0
2009-10-14,0.0,0.0,0.0,0.0,0.0,0.0,0.0,0.0,0.0,0.0,0.0,0.0,0.0,0.0,19.0,0.0,0.0,0.0,0.0,0.0,0.0,0.0,0.0,0.0,0.0,0.0,0.0,0.0,0.0,2.0,0.0,0.0,0.0,0.0,0.0,0.0
2009-10-15,0.0,0.0,0.0,0.0,0.0,0.0,0.0,0.0,0.0,0.0,0.0,0.0,0.0,0.0,10.5,0.0,0.0,0.0,0.0,0.0,0.0,0.0,0.0,0.0,0.0,0.0,0.0,0.0,0.0,0.0,0.0,0.0,0.0,0.0,0.0,0.0
2009-10-16,0.0,0.0,0.0,0.0,0.0,0.0,0.0,0.0,0.0,0.0,0.0,0.0,0.0,0.0,0.0,0.0,0.0,0.0,0.0,0.0,0.0,0.0,0.0,0.0,0.0,0.0,7.5,0.0,0.0,0.0,0.0,0.0,0.0,0.0,0.0,0.0
2009-10-17,0.0,0.0,0.0,0.0,0.0,0.0,0.0,0.0,0.0,0.0,0.0,0.0,0.0,0.0,0.0,0.0,0.0,0.0,0.0,0.0,0.0,0.0,0.0,0.0,0.0,0.0,6.0,0.0,0.0,0.0,0.0,0.0,0.0,0.0,0.0,0.0
2009-10-18,0.0,0.0,0.0,0.0,0.0,0.0,0.0,0.0,0.0,0.0,0.0,0.0,0.0,0.0,0.0,0.0,0.0,0.0,0.0,0.0,0.0,0.0,0.0,0.0,0.0,0.0,2.0,0.0,0.0,0.0,0.0,0.0,0.0,0.0,0.0,0.0
2009-10-19,0.0,0.0,0.0,0.0,0.0,0.0,0.0,0.0,0.0,0.0,0.0,0.0,0.0,0.0,0.0,0.0,0.0,0.0,0.0,0.0,0.0,0.0,0.0,0.0,0.0,0.0,0.0,0.0,0.0,0.0,0.0,0.0,0.0,0.0,0.0,0.0
2009-10-20,0.0,0.0,0.0,0.0,0.0,0.0,0.0,0.0,0.0,0.0,0.0,0.0,0.0,0.0,0.0,0.0,0.0,0.0,0.0,0.0,0.0,0.0,0.0,0.0,0.0,0.0,0.0,0.0,0.0,0.0,0.0,0.0,0.0,0.0,0.0,0.0
2009-10-21,0.0,0.0,0.0,0.0,0.0,0.0,0.0,0.0,0.0,0.0,0.0,0.0,0.0,0.0,11.0,0.0,0.0,0.0,0.0,0.0,0.0,0.0,0.0,0.0,0.0,0.0,11.5,0.0,0.0,0.0,0.0,0.0,0.0,0.0,0.0,0.0
2009-10-22,0.0,0.0,0.0,0.0,0.0,0.0,0.0,0.0,0.0,0.0,0.0,0.0,0.0,0.0,0.7,0.0,0.0,0.0,0.0,0.0,0.0,0.0,0.0,0.0,0.0,0.0,1.0,0.0,0.0,0.0,0.0,0.0,0.0,0.0,0.0,0.0
2009-10-23,0.0,0.0,0.0,0.0,0.0,0.0,0.0,0.0,0.0,0.0,0.0,0.0,0.0,0.0,0.0,0.0,0.0,0.0,0.0,0.0,0.0,0.0,0.0,0.0,0.0,0.0,0.0,0.0,0.0,0.0,0.0,0.0,0.0,0.0,0.0,0.0
2009-10-24,0.0,0.0,0.0,0.0,0.0,0.0,0.0,0.0,0.0,0.0,0.0,0.0,0.0,0.0,0.0,0.0,0.0,0.0,0.0,0.0,0.0,0.0,0.0,0.0,0.0,0.0,0.0,0.0,0.0,0.0,0.0,0.0,0.0,0.0,0.0,0.0
2009-10-25,0.0,0.0,0.0,0.0,0.0,0.0,0.0,0.0,0.0,0.0,0.0,0.0,0.0,0.0,0.0,0.0,0.0,0.0,0.0,0.0,0.0,0.0,0.0,0.0,0.0,0.0,3.0,0.0,0.0,0.0,0.0,0.0,0.0,0.0,0.0,0.0
2009-10-26,0.0,0.0,0.0,0.0,0.0,0.0,0.0,0.0,0.0,0.0,0.0,0.0,0.0,0.0,0.0,0.0,0.0,0.0,0.0,0.0,0.0,0.0,0.0,0.0,0.0,0.0,0.0,0.0,0.0,0.0,0.0,0.0,0.0,0.0,0.0,0.0
2009-10-27,0.0,0.0,0.0,0.0,0.0,0.0,0.0,0.0,0.0,0.0,0.0,0.0,0.0,0.0,0.0,0.0,0.0,0.0,0.0,0.0,0.0,0.0,0.0,0.0,0.0,0.0,0.0,0.0,0.0,0.0,0.0,0.0,0.0,0.0,0.0,0.0
2009-10-28,0.0,0.0,0.0,0.0,0.0,0.0,0.0,0.0,0.0,0.0,0.0,0.0,0.0,0.0,0.0,0.0,0.0,0.0,0.0,0.0,0.0,0.0,0.0,0.0,0.0,0.0,0.0,0.0,0.0,0.0,0.0,0.0,0.0,0.0,0.0,0.0
2009-10-29,0.0,0.0,0.0,0.0,0.0,0.0,0.0,0.0,0.0,0.0,0.0,0.0,0.0,0.0,0.0,0.0,0.0,0.0,0.0,0.0,0.0,0.0,0.0,0.0,0.0,0.0,0.0,0.0,0.0,0.0,0.0,0.0,0.0,0.0,0.0,0.0
2009-10-30,0.0,0.0,0.0,0.0,0.0,0.0,0.0,0.0,0.0,0.0,0.0,0.0,0.0,0.0,0.0,0.0,0.0,0.0,0.0,0.0,0.0,0.0,0.0,0.0,0.0,0.0,0.0,0.0,0.0,0.0,0.0,0.0,0.0,0.0,0.0,0.0
2009-10-31,0.0,0.0,0.0,0.0,0.0,0.0,0.0,0.0,0.0,0.0,0.0,0.0,0.0,0.0,0.0,0.0,0.0,0.0,0.0,0.0,0.0,0.0,0.0,0.0,0.0,0.0,0.0,0.0,0.0,0.0,0.0,0.0,0.0,0.0,0.0,0.0
2009-11-01,0.0,0.0,0.0,0.0,0.0,0.0,0.0,0.0,0.0,0.0,0.0,0.0,0.0,0.0,0.0,0.0,0.0,0.0,0.0,0.0,0.0,0.0,0.0,0.0,0.0,0.0,0.0,0.0,0.0,0.0,0.0,0.0,0.0,0.0,0.0,0.0
2009-11-02,0.0,0.0,0.0,0.0,0.0,0.0,0.0,0.0,0.0,0.0,0.0,0.0,0.0,0.0,0.0,0.0,0.0,0.0,0.0,0.0,0.0,0.0,0.0,0.0,0.0,0.0,0.0,0.0,0.0,0.0,0.0,0.0,0.0,0.0,0.0,0.0
2009-11-03,0.0,0.0,0.0,0.0,0.0,0.0,0.0,0.0,0.0,0.0,0.0,0.0,0.0,0.0,0.0,0.0,0.0,0.0,0.0,0.0,0.0,0.0,0.0,0.0,0.0,0.0,0.0,0.0,0.0,0.0,0.0,0.0,0.0,0.0,0.0,0.0
2009-11-04,0.0,0.0,0.0,0.0,0.0,0.0,0.0,0.0,0.0,0.0,0.0,0.0,0.0,0.0,0.0,0.0,0.0,0.0,0.0,0.0,0.0,0.0,0.0,0.0,0.0,0.0,0.0,0.0,0.0,0.0,0.0,0.0,0.0,0.0,0.0,0.0
2009-11-05,0.0,0.0,0.0,0.0,0.0,0.0,0.0,0.0,0.0,0.0,0.0,0.0,0.0,0.0,0.0,0.0,0.0,0.0,0.0,0.0,0.0,0.0,0.0,0.0,0.0,0.0,0.0,0.0,0.0,0.0,0.0,0.0,0.0,0.0,0.0,0.0
2009-11-06,0.0,0.0,0.0,0.0,0.0,0.0,0.0,0.0,0.0,0.0,0.0,0.0,0.0,0.0,0.0,0.0,0.0,0.0,0.0,0.0,0.0,0.0,0.0,0.0,0.0,0.0,0.0,0.0,0.0,0.0,0.0,0.0,0.0,0.0,0.0,0.0
2009-11-07,0.0,0.0,0.0,0.0,0.0,0.0,0.0,0.0,0.0,0.0,0.0,0.0,0.0,0.0,20.5,0.0,0.0,0.0,0.0,0.0,0.0,0.0,0.0,0.0,0.0,0.0,0.0,0.0,0.0,0.0,0.0,0.0,0.0,0.0,0.0,0.0
2009-11-08,0.0,0.0,0.0,0.0,0.0,0.0,0.0,0.0,0.0,0.0,0.0,0.0,0.0,0.0,14.0,0.0,0.0,0.0,0.0,0.0,0.0,0.0,0.0,0.0,0.0,0.0,0.0,0.0,0.0,0.0,0.0,0.0,0.0,0.0,0.0,0.0
2009-11-09,0.0,0.0,0.0,0.0,0.0,0.0,0.0,0.0,0.0,0.0,0.0,0.0,0.0,0.0,0.0,0.0,0.0,0.0,0.0,0.0,0.0,0.0,0.0,0.0,0.0,0.0,0.0,0.0,0.0,0.0,0.0,0.0,0.0,0.0,0.0,0.0
2009-11-10,0.0,0.0,0.0,0.0,0.0,0.0,0.0,0.0,0.0,0.0,0.0,0.0,0.0,0.0,0.0,0.0,0.0,0.0,0.0,0.0,0.0,0.0,0.0,0.0,0.0,0.0,0.0,0.0,0.0,0.0,0.0,0.0,0.0,0.0,0.0,0.0
2009-11-11,0.0,0.0,0.0,0.0,0.0,0.0,0.0,0.0,0.0,0.0,0.0,0.0,0.0,0.0,0.0,0.0,0.0,0.0,0.0,0.0,0.0,0.0,0.0,0.0,0.0,0.0,0.0,0.0,0.0,0.0,0.0,0.0,0.0,0.0,0.0,0.0
2009-11-12,0.0,0.0,0.0,0.0,0.0,0.0,0.0,0.0,0.0,0.0,0.0,0.0,0.0,0.0,0.0,0.0,0.0,0.0,0.0,0.0,0.0,0.0,0.0,0.0,0.0,0.0,0.0,0.0,0.0,0.0,0.0,0.0,0.0,0.0,0.0,0.0
2009-11-13,0.0,1.0,0.5,1.4,1.2,1.2,0.0,1.2,0.0,0.0,0.0,0.0,0.0,0.0,0.0,0.0,0.0,1.2,0.0,0.0,0.0,0.0,0.0,0.5,0.0,1.5,1.5,1.4,0.0,0.0,0.0,0.0,0.0,0.0,0.0,0.0
2009-11-14,0.0,0.0,0.0,0.0,0.0,0.0,0.0,0.0,0.0,0.0,0.0,0.0,0.0,0.0,0.0,0.0,0.0,0.0,0.0,0.0,0.0,0.0,0.8,0.0,0.0,0.0,0.0,0.0,0.0,0.0,0.0,0.0,0.0,0.0,0.0,0.0
2009-11-15,0.0,0.0,0.0,0.0,0.0,0.0,0.0,0.0,0.0,0.0,0.0,0.0,0.0,0.0,0.0,0.0,0.0,0.0,0.0,0.0,0.0,0.0,0.0,0.0,0.0,0.0,0.0,0.0,0.0,0.0,0.0,0.0,0.0,0.0,0.0,0.0
2009-11-16,0.0,0.0,0.0,0.0,0.0,0.0,0.0,0.0,0.0,0.0,0.0,0.0,0.0,0.0,0.0,0.0,0.0,0.0,0.0,0.0,0.0,0.0,0.0,0.0,0.0,0.0,0.0,0.0,0.0,0.0,0.0,0.0,0.0,0.0,0.0,0.0
2009-11-17,0.0,0.0,0.0,0.0,0.0,0.0,0.0,0.0,0.0,0.0,0.0,0.0,0.0,0.0,0.0,0.0,0.0,0.0,0.0,0.0,0.0,0.0,0.0,0.0,0.0,0.0,0.0,0.0,0.0,0.0,0.0,0.0,0.0,0.0,0.0,0.0
2009-11-18,0.0,0.0,0.0,0.0,0.0,0.0,0.0,0.0,0.0,0.0,0.0,0.0,0.0,0.0,0.0,0.0,0.0,0.0,0.0,0.0,0.0,0.0,0.0,0.0,0.0,0.0,0.0,0.0,0.0,0.0,0.0,0.0,0.0,0.0,0.0,0.0
2009-11-19,0.0,0.0,0.0,0.0,0.0,0.0,0.0,0.0,0.0,0.0,0.0,0.0,0.0,0.0,0.0,0.0,0.0,0.0,0.0,0.0,0.0,0.0,0.0,0.0,0.0,0.0,0.0,0.0,0.0,0.0,0.0,0.0,0.0,0.0,0.0,0.0
2009-11-20,0.0,0.0,0.0,0.0,0.0,0.0,0.0,0.0,0.0,0.0,0.0,0.0,0.0,0.0,0.0,0.0,0.0,0.0,0.0,0.0,0.0,0.0,0.0,0.0,0.0,0.0,0.0,0.0,0.0,0.0,0.0,0.0,0.0,0.0,0.0,0.0
2009-11-21,0.0,0.0,0.0,0.0,0.0,0.0,0.0,0.0,0.0,0.0,0.0,0.0,0.0,0.0,0.0,0.0,0.0,0.0,0.0,0.0,0.0,0.0,0.0,0.0,0.0,0.0,0.0,0.0,0.0,0.0,0.0,0.0,0.0,0.0,0.0,0.0
2009-11-22,0.0,0.0,0.0,0.0,0.0,0.0,0.0,0.0,0.0,0.0,0.0,0.0,0.0,0.0,0.0,0.0,0.0,0.0,0.0,0.0,0.0,0.0,0.0,0.0,0.0,0.0,0.0,0.0,0.0,0.0,0.0,0.0,0.0,0.0,0.0,0.0
2009-11-23,0.0,0.0,0.0,0.0,0.0,0.0,0.0,0.0,0.0,0.0,0.0,0.0,0.0,0.0,0.0,0.0,0.0,0.0,0.0,0.0,0.0,0.0,0.0,0.0,0.0,0.0,0.0,0.0,0.0,0.0,0.0,0.0,0.0,0.0,0.0,0.0
2009-11-24,0.0,0.0,0.0,0.0,0.0,0.0,0.0,0.0,0.0,0.0,0.0,0.0,0.0,0.0,0.0,0.0,0.0,0.0,0.0,0.0,0.0,0.0,0.0,0.0,0.0,0.0,0.0,0.0,0.0,0.0,0.0,0.0,0.0,0.0,0.0,0.0
2009-11-25,0.0,0.0,0.0,0.0,0.0,0.0,0.0,0.0,0.0,0.0,0.0,0.0,0.0,0.0,0.0,0.0,0.0,0.0,0.0,0.0,0.0,0.0,0.0,0.0,0.0,0.0,0.0,0.0,0.0,0.0,0.0,0.0,0.0,0.0,0.0,0.0
2009-11-26,0.0,0.0,0.0,0.0,0.0,0.0,0.0,0.0,0.0,0.0,0.0,0.0,0.0,0.0,0.0,0.0,0.0,0.0,0.0,0.0,0.0,0.0,0.0,0.0,0.0,0.0,0.0,0.0,0.0,0.0,0.0,0.0,0.0,0.0,0.0,0.0
2009-11-27,0.0,0.0,0.0,0.0,0.0,0.0,0.0,0.0,0.0,0.0,0.0,0.0,0.0,0.0,0.0,0.0,0.0,0.0,0.0,0.0,0.0,0.0,0.0,0.0,0.0,0.0,0.0,0.0,0.0,0.0,0.0,0.0,0.0,0.0,0.0,0.0
2009-11-28,0.0,0.0,0.0,0.0,0.0,0.0,0.0,0.0,0.0,0.0,0.0,0.0,0.0,0.0,0.0,0.0,0.0,0.0,0.0,0.0,0.0,0.0,0.0,0.0,0.0,0.0,0.0,0.0,0.0,0.0,0.0,0.0,0.0,0.0,0.0,0.0
2009-11-29,0.0,0.0,0.0,0.0,0.0,0.0,0.0,0.0,0.0,0.0,0.0,0.0,0.0,0.0,0.0,0.0,0.0,0.0,0.0,0.0,0.0,0.0,0.0,0.0,0.0,0.0,0.0,0.0,0.0,0.0,0.0,0.0,0.0,0.0,0.0,0.0
2009-11-30,0.0,0.0,0.0,0.0,0.0,0.0,0.0,0.0,0.0,0.0,0.0,0.0,0.0,0.0,0.0,0.0,0.0,0.0,0.0,0.0,0.0,0.0,0.0,0.0,0.0,0.0,0.0,0.0,0.0,0.0,0.0,0.0,0.0,0.0,0.0,0.0
2009-12-01,0.0,0.0,0.0,0.0,0.0,0.0,0.0,0.0,0.0,0.0,0.0,0.0,0.0,0.0,0.0,0.0,0.0,0.0,0.0,0.0,0.0,0.0,0.0,0.0,0.0,0.0,0.0,0.0,0.0,0.0,0.0,0.0,0.0,8.6,0.0,0.0
2009-12-02,0.0,0.0,0.0,0.0,0.0,0.0,0.0,0.0,0.0,0.0,0.0,0.0,0.0,0.0,0.0,0.0,0.0,0.0,0.0,0.0,0.0,0.0,0.0,0.0,0.0,0.0,0.0,0.0,0.0,0.0,0.0,0.0,0.0,0.0,0.0,0.0
2009-12-03,0.0,0.0,0.0,0.0,0.0,0.0,0.0,0.0,0.0,0.0,0.0,0.0,0.0,0.0,0.0,0.0,0.0,0.0,0.0,0.0,0.0,0.0,0.0,0.0,0.0,0.0,0.0,0.0,0.0,0.0,0.0,0.0,0.0,0.0,0.0,0.0
2009-12-04,0.0,0.0,0.0,0.0,0.0,0.0,0.0,0.0,0.0,0.0,0.0,0.0,0.0,0.0,0.0,0.0,0.0,0.0,0.0,0.0,0.0,0.0,0.0,0.0,0.0,0.0,0.0,0.0,0.0,0.0,0.0,0.0,0.0,0.0,0.0,0.0
2009-12-05,0.0,0.0,0.0,0.0,0.0,0.0,0.0,0.0,0.0,0.0,0.0,0.0,0.0,0.0,0.0,0.0,0.0,0.0,0.0,0.0,0.0,0.0,0.0,0.0,0.0,0.0,0.0,0.0,0.0,0.0,0.0,0.0,0.0,0.0,0.0,0.0
2009-12-06,0.0,0.0,0.0,0.0,0.0,0.0,0.0,0.0,0.0,0.0,0.0,0.0,0.0,0.0,0.0,0.0,0.0,0.0,0.0,0.0,0.0,0.0,0.0,0.0,0.0,0.0,0.0,0.0,0.0,0.0,0.0,0.0,0.0,0.0,0.0,0.0
2009-12-07,0.0,0.0,0.0,0.0,0.0,0.0,0.0,0.0,0.0,0.0,0.0,0.0,0.0,0.0,0.0,0.0,0.0,0.0,0.0,0.0,0.0,0.0,0.0,0.0,0.0,0.0,0.0,0.0,0.0,0.0,0.0,0.0,0.0,0.0,0.0,0.0
2009-12-08,0.0,0.0,0.0,0.0,0.0,0.0,0.0,0.0,0.0,0.0,0.0,0.0,0.0,0.0,0.0,0.0,0.0,0.0,0.0,0.0,0.0,0.0,0.0,0.0,0.0,0.0,0.0,0.0,0.0,0.0,0.0,0.0,0.0,0.0,0.0,0.0
2009-12-09,0.0,0.0,0.0,0.0,0.0,0.0,0.0,0.0,0.0,0.0,0.0,0.0,0.0,0.0,0.0,0.0,0.0,0.0,0.0,0.0,0.0,0.0,0.0,0.0,0.0,0.0,0.0,0.0,0.0,0.0,0.0,0.0,0.0,0.0,0.0,0.0
2009-12-10,0.0,0.0,0.0,0.0,0.0,0.0,0.0,0.0,0.0,0.0,0.0,0.0,0.0,0.0,0.0,0.0,0.0,0.0,0.0,0.0,0.0,0.0,0.0,0.0,0.0,0.0,0.0,0.0,0.0,0.0,0.0,0.0,0.0,0.0,0.0,0.0
2009-12-11,0.0,0.0,0.0,0.0,0.0,0.0,0.0,0.0,0.0,0.0,0.0,0.0,0.0,0.0,0.0,0.0,0.0,0.0,0.0,0.0,0.0,0.0,0.0,0.0,0.0,0.0,0.0,0.0,0.0,0.0,0.0,0.0,0.0,0.0,0.0,0.0
2009-12-12,0.0,0.0,0.0,0.0,0.0,0.0,0.0,0.0,0.0,0.0,0.0,0.0,0.0,0.0,0.0,0.0,0.0,0.0,0.0,0.0,0.0,0.0,0.0,0.0,0.0,0.0,0.0,0.0,0.0,0.0,0.0,0.0,0.0,0.0,0.0,0.0
2009-12-13,0.0,0.0,0.0,0.0,0.0,0.0,0.0,0.0,0.0,0.0,0.0,0.0,0.0,0.0,0.0,0.0,0.0,0.0,0.0,0.0,0.0,0.0,0.0,0.0,0.0,0.0,0.0,0.0,0.0,0.0,0.0,0.0,0.0,0.0,0.0,0.0
2009-12-14,0.0,0.0,0.0,0.0,0.0,0.0,0.0,0.0,0.0,0.0,0.0,0.0,0.0,0.0,0.0,0.0,0.0,0.0,0.0,0.0,0.0,0.0,0.0,0.0,0.0,0.0,0.0,0.0,0.0,0.0,0.0,0.0,0.0,0.0,0.0,0.0
2009-12-15,0.0,0.0,0.0,0.0,0.0,0.0,0.0,0.0,0.0,0.0,0.0,0.0,0.0,0.0,0.0,0.0,0.0,0.0,0.0,0.0,0.0,0.0,0.0,0.0,0.0,0.0,0.0,0.0,0.0,0.0,0.0,0.0,0.0,0.0,0.0,0.0
2009-12-16,0.0,0.0,0.0,0.0,0.0,0.0,0.0,0.0,0.0,0.0,0.0,0.0,0.0,0.0,0.0,0.0,0.0,0.0,0.0,0.0,0.0,0.0,0.0,0.0,0.0,0.0,0.0,0.0,0.0,0.0,0.0,0.0,0.0,0.0,0.0,0.0
2009-12-17,0.0,0.0,0.0,0.0,0.0,0.0,0.0,0.0,0.0,0.0,0.0,0.0,0.0,0.0,0.0,0.0,0.0,0.0,0.0,0.0,0.0,0.0,0.0,0.0,0.0,0.0,0.0,0.0,0.0,0.0,0.0,0.0,0.0,0.0,0.0,0.0
2009-12-18,0.0,0.0,0.0,0.0,0.0,0.0,0.0,0.0,0.0,0.0,0.0,0.0,0.0,0.0,0.0,0.0,0.0,0.0,0.0,0.0,0.0,0.0,0.0,0.0,0.0,0.0,0.0,0.0,0.0,0.0,0.0,0.0,0.0,0.0,0.0,0.0
2009-12-19,0.0,0.0,0.0,0.0,0.0,0.0,0.0,0.0,0.0,0.0,0.0,0.0,0.0,0.0,0.0,0.0,0.0,0.0,0.0,0.0,0.0,0.0,0.0,0.0,0.0,0.0,0.0,0.0,0.0,0.0,0.0,0.0,0.0,0.0,0.0,0.0
2009-12-20,0.0,0.0,0.0,0.0,0.0,0.0,0.0,0.0,0.0,0.0,0.0,0.0,0.0,0.0,0.0,0.0,0.0,0.0,0.0,0.0,0.0,0.0,0.0,0.0,0.0,0.0,0.0,0.0,0.0,0.0,0.0,0.0,0.0,0.0,0.0,0.0
2009-12-21,0.0,0.0,0.0,0.0,0.0,0.0,0.0,0.0,0.0,0.0,0.0,0.0,0.0,0.0,0.0,0.0,0.0,0.0,0.0,0.0,0.0,0.0,0.0,0.0,0.0,0.0,0.0,0.0,0.0,0.0,0.0,0.0,0.0,0.0,0.0,0.0
2009-12-22,0.0,0.0,0.0,0.0,0.0,0.0,0.0,0.0,0.0,0.0,0.0,0.0,0.0,0.0,0.0,0.0,0.0,0.0,0.0,0.0,0.0,0.0,0.0,0.0,0.0,0.0,0.0,0.0,0.0,0.0,0.0,0.0,0.0,0.0,0.0,0.0
2009-12-23,0.0,0.0,0.0,0.0,0.0,0.0,0.0,0.0,0.0,0.0,0.0,0.0,0.0,0.0,0.0,0.0,0.0,0.0,0.0,0.0,0.0,0.0,0.0,0.0,0.0,0.0,0.0,0.0,0.0,0.0,0.0,0.0,0.0,0.0,0.0,0.0
2009-12-24,0.0,0.0,0.0,0.0,0.0,0.0,0.0,0.0,0.0,0.0,0.0,0.0,0.0,0.0,0.0,0.0,0.0,0.0,0.0,0.0,0.0,0.0,0.0,0.0,0.0,0.0,0.0,0.0,0.0,0.0,0.0,0.0,0.0,0.0,0.0,0.0
2009-12-25,0.0,0.0,0.0,0.0,0.0,0.0,0.0,0.0,0.0,0.0,0.0,0.0,0.0,0.0,0.0,0.0,0.0,0.0,0.0,0.0,0.0,0.0,0.0,0.0,0.0,0.0,0.0,0.0,0.0,0.0,0.0,0.0,0.0,0.0,0.0,0.0
2009-12-26,0.0,0.0,0.0,0.0,0.0,0.0,0.0,0.0,0.0,0.0,0.0,0.0,0.0,0.0,0.0,0.0,0.0,0.0,0.0,0.0,0.0,0.0,0.0,0.0,0.0,0.0,0.0,0.0,0.0,0.0,0.0,0.0,0.0,0.0,0.0,0.0
2009-12-27,0.0,0.0,0.0,0.0,0.0,0.0,0.0,0.0,0.0,0.0,0.0,0.0,0.0,0.0,0.0,0.0,0.0,0.0,0.0,0.0,0.0,0.0,0.0,0.0,0.0,0.0,0.0,0.0,0.0,0.0,0.0,0.0,0.0,0.0,0.0,0.0
2009-12-28,0.0,0.0,0.0,0.0,0.0,0.0,0.0,0.0,0.0,0.0,0.0,0.0,0.0,0.0,0.0,0.0,0.0,0.0,0.0,0.0,0.0,0.0,0.0,0.0,0.0,0.0,0.0,0.0,0.0,0.0,0.0,0.0,0.0,0.0,0.0,0.0
2009-12-29,0.0,0.0,0.0,0.0,0.0,0.0,0.0,0.0,0.0,0.0,0.0,0.0,0.0,0.0,0.0,0.0,0.0,0.0,0.0,0.0,0.0,0.0,0.0,0.0,0.0,0.0,0.0,0.0,0.0,0.0,0.0,0.0,0.0,0.0,0.0,0.0
2009-12-30,0.0,0.0,0.0,0.0,0.0,5.0,0.0,0.0,0.0,0.0,0.0,0.0,0.0,0.0,4.3,0.0,0.0,0.0,0.0,0.0,0.0,0.0,0.0,0.0,0.0,0.0,0.0,0.0,0.0,0.0,0.0,0.0,0.0,0.0,0.0,0.0
2009-12-31,6.4,3.6,0.0,1.8,3.6,0.0,5.1,3.6,4.3,1.6,0.0,0.0,0.0,0.0,0.0,0.0,0.0,0.0,7.5,0.0,0.0,0.0,6.2,0.0,0.0,4.5,3.0,3.4,0.0,6.5,0.0,3.2,0.0,0.0,5.8,0.0
2010-01-01,0.0,0.0,,0.0,0.0,0.0,0.0,0.0,0.0,0.0,0.0,0.0,0.0,0.0,0.0,0.0,0.0,0.0,,0.0,0.0,0.0,,0.0,0.0,0.0,0.0,0.0,0.0,0.0,0.0,0.0,0.0,0.0,0.0,0.0
2010-01-02,0.0,0.0,,0.0,0.0,0.0,0.0,0.0,0.0,0.0,0.0,0.0,0.0,0.0,0.0,0.0,0.0,0.0,,0.0,0.0,0.0,,0.0,0.0,0.0,0.0,0.0,0.0,0.0,0.0,0.0,0.0,0.0,0.0,0.0
2010-01-03,0.0,0.0,,0.0,0.0,0.0,0.0,0.0,0.0,0.0,0.0,0.0,0.0,0.0,0.0,0.0,0.0,2.0,,0.0,0.0,0.0,,0.0,0.0,0.0,0.0,0.0,0.0,0.0,0.0,0.0,0.0,0.0,0.0,0.0
2010-01-04,0.0,0.0,,0.0,0.0,0.0,0.0,0.0,0.0,0.0,0.0,0.0,0.0,0.0,0.0,0.0,0.0,0.0,,0.0,0.0,0.0,,0.0,0.0,0.0,0.0,0.0,0.0,0.0,0.0,0.0,0.0,0.0,0.0,0.0
2010-01-05,0.0,0.0,,0.0,0.0,0.0,0.0,0.0,0.0,0.0,0.0,0.0,0.0,0.0,0.0,0.0,0.0,0.0,,0.0,0.0,0.0,,0.0,0.0,0.0,0.0,0.0,0.0,0.0,0.0,0.0,0.0,0.0,0.0,0.0
2010-01-06,0.0,0.0,,0.0,0.0,0.0,0.0,0.0,0.0,0.0,0.0,0.0,0.0,0.0,0.0,0.0,0.0,0.0,,0.0,0.0,0.0,,0.0,0.0,0.0,0.0,0.0,0.0,0.0,0.0,0.0,0.0,0.0,0.0,0.0
2010-01-07,0.0,0.0,,0.0,0.0,0.0,0.0,0.0,0.0,0.0,0.0,0.0,0.0,0.0,0.0,0.0,0.0,0.0,,0.0,0.0,0.0,,0.0,0.0,0.0,0.0,0.0,0.0,0.0,0.0,0.0,0.0,0.0,0.0,0.0
2010-01-08,0.0,0.0,,0.0,0.0,0.0,0.0,0.0,0.0,0.0,0.0,0.0,0.0,0.0,0.0,0.0,0.0,0.0,,0.0,0.0,0.0,,0.0,0.0,0.0,0.0,0.0,0.0,0.0,0.0,0.0,0.0,0.0,0.0,0.0
2010-01-09,0.0,0.0,,0.0,0.0,0.0,0.0,0.0,0.0,0.0,0.0,0.0,0.0,0.0,0.0,0.0,0.0,0.0,,0.0,0.0,0.0,,0.0,0.0,0.0,0.0,0.0,0.0,0.0,0.0,0.0,0.0,0.0,0.0,0.0
2010-01-10,0.0,0.0,,0.0,0.0,0.0,0.0,0.0,0.0,0.0,0.0,0.0,0.0,0.0,0.0,0.0,0.0,0.0,,0.0,0.0,0.0,,0.0,0.0,0.0,0.0,0.0,0.0,0.0,0.0,0.0,0.0,0.0,0.0,0.0
2010-01-11,0.0,0.0,,0.0,0.0,0.0,0.0,0.0,0.0,0.0,0.0,0.0,0.0,0.0,0.0,0.0,0.0,0.0,,0.0,0.0,0.0,,0.0,0.0,0.0,0.0,0.0,0.0,0.0,0.0,0.0,0.0,0.0,0.0,0.0
2010-01-12,0.0,0.0,,0.0,0.0,0.0,0.0,0.0,0.0,0.0,0.0,0.0,0.0,0.0,0.0,0.0,0.0,0.0,,0.0,0.0,0.0,,0.0,0.0,0.0,0.0,0.0,0.0,0.0,0.0,0.0,0.0,0.0,0.0,0.0
2010-01-13,0.0,0.0,,0.0,0.0,0.0,0.0,0.0,0.0,0.0,0.0,0.0,0.0,0.0,0.0,0.0,0.0,0.0,,0.0,0.0,0.0,,0.0,0.0,0.0,0.0,0.0,0.0,0.0,0.0,0.0,0.0,0.0,0.0,0.0
2010-01-14,0.0,1.9,,5.4,2.4,0.0,1.9,2.0,0.0,0.0,0.0,0.0,0.0,0.0,3.5,0.0,0.0,2.4,,0.0,0.0,0.0,,0.0,0.0,0.0,0.0,0.0,0.0,0.0,0.0,0.0,0.0,0.0,0.0,0.0
2010-01-15,0.0,0.0,,0.0,0.0,0.0,0.0,0.0,0.0,0.0,0.0,0.0,0.0,0.0,0.0,0.0,0.0,0.0,,0.0,0.0,0.0,,0.0,0.0,0.0,0.0,0.0,0.0,0.0,0.0,0.0,0.0,0.0,0.0,0.0
2010-01-16,0.0,0.0,,0.0,0.0,0.0,0.0,0.0,0.0,0.0,0.0,0.0,0.0,0.0,0.0,0.0,0.0,0.0,,0.0,0.0,0.0,,0.0,0.0,0.0,0.0,0.0,0.0,0.0,0.0,0.0,0.0,0.0,0.0,0.0
2010-01-17,0.0,0.0,,0.0,0.0,0.0,0.0,0.0,0.0,0.0,0.0,0.0,0.0,0.0,0.0,0.0,0.0,0.0,,0.0,0.0,0.0,,0.0,0.0,0.0,0.0,0.0,0.0,0.0,0.0,0.0,0.0,0.0,0.0,0.0
2010-01-18,0.0,0.0,,0.0,0.0,0.0,0.0,0.0,0.0,0.0,0.0,0.0,0.0,0.0,0.0,0.0,0.0,0.0,,0.0,0.0,0.0,,0.0,0.0,0.0,0.0,0.0,0.0,0.0,0.0,0.0,0.0,0.0,0.0,0.0
2010-01-19,0.0,0.0,,0.0,0.0,0.0,0.0,0.0,0.0,0.0,0.0,0.0,0.0,0.0,0.0,0.0,0.0,0.0,,0.0,0.0,0.0,,0.0,0.0,0.0,0.0,0.0,0.0,0.0,0.0,0.0,0.0,0.0,0.0,0.0
2010-01-20,0.0,0.0,,0.0,0.0,0.0,0.0,0.0,0.0,0.0,0.0,0.0,0.0,0.0,0.0,0.0,0.0,0.0,,0.0,0.0,0.0,,0.0,0.0,0.0,0.0,0.0,0.0,0.0,0.0,0.0,0.0,0.0,0.0,0.0
2010-01-21,0.0,0.0,,0.0,0.0,0.0,0.0,0.0,0.0,0.0,0.0,0.0,0.0,0.0,0.0,0.0,0.0,0.0,,0.0,0.0,0.0,,0.0,0.0,0.0,0.0,0.0,0.0,0.0,0.0,0.0,0.0,0.0,0.0,0.0
2010-01-22,0.0,0.0,,0.0,0.0,0.0,0.0,0.0,0.0,0.0,0.0,0.0,0.0,0.0,0.0,0.0,0.0,0.0,,0.0,0.0,0.0,,0.0,0.0,0.0,0.0,0.0,0.0,0.0,0.0,0.0,0.0,0.0,0.0,0.0
2010-01-23,0.0,0.0,,0.0,0.0,0.0,0.0,0.0,0.0,0.0,0.0,0.0,0.0,0.0,0.0,0.0,0.0,0.0,,0.0,0.0,0.0,,0.0,0.0,0.0,0.0,0.0,0.0,0.0,0.0,0.0,0.0,0.0,0.0,0.0
2010-01-24,0.0,0.0,,0.0,0.0,0.0,0.0,0.0,0.0,0.0,0.0,0.0,0.0,0.0,0.0,0.0,0.0,0.0,,0.0,0.0,0.0,,0.0,0.0,0.0,0.0,0.0,0.0,0.0,0.0,0.0,0.0,0.0,0.0,0.0
2010-01-25,0.0,0.0,,0.0,0.0,0.0,0.0,0.0,0.0,0.0,0.0,0.0,0.0,0.0,0.0,0.0,0.0,0.0,,0.0,0.0,0.0,,0.0,0.0,0.0,0.0,0.0,0.0,0.0,0.0,0.0,0.0,0.0,0.0,0.0
2010-01-26,0.0,0.0,,0.0,0.0,0.0,0.0,0.0,0.0,0.0,0.0,0.0,0.0,0.0,0.0,0.0,0.0,0.0,,0.0,0.0,0.0,,0.0,0.0,0.0,0.0,0.0,0.0,0.0,0.0,0.0,0.0,0.0,0.0,0.0
2010-01-27,0.0,0.0,,0.0,0.0,0.0,0.0,0.0,0.0,0.0,0.0,0.0,0.0,0.0,0.0,0.0,0.0,0.0,,0.0,0.0,0.0,,0.0,0.0,0.0,0.0,0.0,0.0,0.0,0.0,0.0,0.0,0.0,0.0,0.0
2010-01-28,0.0,0.0,,0.0,0.0,0.0,0.0,0.0,0.0,0.0,0.0,0.0,0.0,0.0,0.0,0.0,0.0,0.0,,0.0,0.0,0.0,,0.0,0.0,0.0,0.0,0.0,0.0,0.0,0.0,0.0,0.0,0.0,0.0,0.0
2010-01-29,0.0,0.0,,0.0,0.0,0.0,0.0,0.0,0.0,0.0,0.0,0.0,0.0,0.0,0.0,0.0,0.0,0.0,,0.0,0.0,0.0,,0.0,0.0,0.0,0.0,0.0,0.0,0.0,0.0,0.0,0.0,0.0,0.0,0.0
2010-01-30,0.0,0.0,,0.0,0.0,0.0,0.0,0.0,0.0,0.0,0.0,0.0,0.0,0.0,0.0,0.0,0.0,0.0,,0.0,0.0,0.0,,0.0,0.0,0.0,0.0,0.0,0.0,0.0,0.0,0.0,0.0,0.0,0.0,0.0
2010-01-31,0.0,0.0,,0.0,0.0,0.0,0.0,0.0,0.0,0.0,0.0,0.0,0.0,0.0,0.0,0.0,0.0,0.0,,0.0,0.0,0.0,,0.0,0.0,0.0,0.0,0.0,0.0,0.0,0.0,0.0,0.0,0.0,0.0,0.0
2010-02-01,0.0,0.0,,0.0,0.0,0.0,0.0,0.0,0.0,0.0,0.0,0.0,0.0,0.0,0.0,0.0,0.0,0.0,,0.0,0.0,0.0,,0.0,0.0,0.0,0.0,0.0,0.0,0.0,0.0,0.0,0.0,0.0,0.0,0.0
2010-02-02,0.0,0.0,,0.0,0.0,0.0,0.0,0.0,0.0,0.0,0.0,0.0,0.0,0.0,0.0,0.0,0.0,0.0,,0.0,0.0,0.0,,0.0,0.0,0.0,0.0,0.0,0.0,0.0,0.0,0.0,0.0,0.0,0.0,0.0
2010-02-03,0.0,0.0,,0.0,0.0,0.0,0.0,0.0,0.0,0.0,0.0,0.0,0.0,0.0,0.0,0.0,0.0,0.0,,0.0,0.0,0.0,,0.0,0.0,0.0,0.0,0.0,0.0,0.0,0.0,0.0,0.0,0.0,0.0,0.0
2010-02-04,0.0,0.0,,0.0,0.0,0.0,0.0,0.0,0.0,0.0,0.0,0.0,0.0,0.0,0.0,0.0,0.0,0.0,,0.0,0.0,0.0,,0.0,0.0,0.0,0.0,0.0,0.0,0.0,0.0,0.0,0.0,0.0,0.0,0.0
2010-02-05,0.0,0.0,,0.0,0.0,0.0,0.0,0.0,0.0,0.0,0.0,0.0,0.0,0.0,0.0,0.0,0.0,0.0,,0.0,0.0,0.0,,0.0,0.0,0.0,0.0,0.0,0.0,0.0,0.0,0.0,0.0,0.0,0.0,0.0
2010-02-06,0.0,0.0,,0.0,0.0,0.0,0.0,0.0,0.0,0.0,0.0,0.0,0.0,0.0,0.0,0.0,0.0,0.0,,0.0,0.0,0.0,,0.0,0.0,0.0,0.0,0.0,0.0,0.0,0.0,0.0,0.0,0.0,0.0,0.0
2010-02-07,0.0,0.0,,0.0,0.0,0.0,0.0,0.0,0.0,0.0,0.0,0.0,0.0,0.0,0.0,0.0,0.0,0.0,,0.0,0.0,0.0,,0.0,0.0,0.0,0.0,0.0,0.0,0.0,0.0,0.0,0.0,0.0,0.0,0.0
2010-02-08,0.0,0.0,,0.0,0.0,0.0,0.0,0.0,0.0,0.0,0.0,0.0,0.0,0.0,0.0,0.0,0.0,0.0,,0.0,0.0,0.0,,0.0,0.0,0.0,0.0,0.0,0.0,0.0,0.0,0.0,4.0,0.0,0.0,0.0
2010-02-09,0.0,0.9,,1.8,0.4,0.0,0.0,2.4,0.0,0.0,0.0,0.0,0.0,0.0,0.0,0.0,0.0,0.4,,0.0,1.9,1.0,,1.5,0.0,0.0,1.0,0.0,2.1,1.0,4.1,9.3,0.0,0.0,0.0,0.0
2010-02-10,2.0,21.5,,26.2,18.8,24.0,0.0,31.2,0.0,0.0,3.1,0.0,0.0,0.0,0.0,0.0,0.0,21.6,,0.0,26.0,22.4,,19.0,0.0,30.3,22.5,20.6,22.3,23.5,0.0,0.0,0.0,16.0,6.0,0.0
2010-02-11,0.0,0.0,,0.0,0.0,0.0,8.1,0.0,0.0,0.0,0.1,0.0,3.1,5.2,0.0,0.0,0.0,0.0,,5.4,0.0,0.0,,0.0,0.0,0.0,0.0,0.0,0.0,0.0,0.0,0.0,0.0,0.0,0.0,0.0
2010-02-12,0.0,0.0,,0.0,0.0,0.0,0.0,0.0,0.0,0.0,0.0,0.0,17.4,0.0,0.0,0.0,0.0,0.0,,25.0,0.0,0.0,,0.0,0.0,0.0,0.0,0.0,0.0,0.0,0.0,0.0,1.5,0.0,0.0,0.0
2010-02-13,2.0,0.9,,1.6,1.2,3.2,0.0,1.6,0.0,0.0,1.1,0.0,0.0,0.0,0.0,0.0,0.0,0.0,,0.0,0.0,1.4,,1.2,0.0,1.2,0.0,1.0,0.3,0.0,0.0,0.0,0.0,0.0,2.9,0.0
2010-02-14,0.0,0.0,,0.0,0.0,0.0,2.9,0.0,0.0,0.0,0.0,0.0,0.0,0.0,0.0,0.0,0.0,0.0,,0.0,0.0,0.0,,0.0,0.0,0.0,0.0,0.0,0.0,0.0,2.0,0.0,0.0,0.0,0.0,0.0
2010-02-15,0.0,0.0,,0.0,0.0,0.0,0.0,0.0,0.0,0.0,0.0,0.0,0.0,0.0,0.0,0.0,0.0,0.0,,0.0,0.0,0.0,,0.0,0.0,0.0,0.0,0.0,0.0,0.0,0.0,0.0,0.0,0.0,0.0,0.0
2010-02-16,0.0,0.0,,0.0,0.0,0.0,0.0,0.0,0.0,0.0,0.0,0.0,0.0,0.0,0.0,0.0,0.0,0.0,,0.0,0.0,0.0,,0.0,0.0,0.0,0.0,0.0,0.0,0.0,0.0,0.0,0.0,0.0,0.0,0.0
2010-02-17,0.0,0.0,,0.0,0.0,0.0,0.0,0.0,0.0,0.0,0.0,0.0,0.0,0.0,0.0,0.0,0.0,0.0,,0.0,0.0,0.0,,0.0,0.0,0.0,0.0,0.0,0.0,0.0,0.0,0.0,0.0,0.0,0.0,0.0
2010-02-18,0.0,0.0,,0.0,0.0,0.0,0.0,0.0,0.0,0.0,0.0,0.0,0.0,0.0,0.0,0.0,0.0,0.0,,0.0,0.0,0.0,,0.0,0.0,0.0,0.0,0.0,0.0,0.0,0.0,0.0,0.0,0.0,0.0,0.0
2010-02-19,0.0,0.0,,0.0,0.0,0.0,0.0,0.0,0.0,0.0,0.0,0.0,0.0,0.0,0.0,0.0,0.0,0.0,,0.0,0.0,0.0,,0.0,0.0,0.0,0.0,0.0,0.0,0.0,0.0,0.0,0.0,0.0,0.0,0.0
2010-02-20,0.0,0.0,,0.0,0.0,0.0,0.0,0.0,0.0,0.0,0.0,0.0,0.0,0.0,0.0,0.0,0.0,0.0,,0.0,0.0,0.0,,0.0,0.0,0.0,0.0,0.0,0.0,0.0,0.0,0.0,0.0,0.0,0.0,0.0
2010-02-21,0.0,0.0,,0.0,0.0,0.0,0.0,0.0,0.0,0.0,0.0,0.0,0.0,0.0,0.0,0.0,0.0,0.0,,0.0,0.0,0.0,,0.0,0.0,0.0,0.0,0.0,0.0,0.0,0.0,0.0,0.0,0.0,0.0,0.0
2010-02-22,0.0,0.0,,0.0,0.0,0.0,0.0,0.0,0.0,0.0,0.0,0.0,0.0,0.0,0.0,0.0,0.0,0.0,,0.0,0.0,0.0,,0.0,0.0,0.0,0.0,0.0,0.0,0.0,0.0,0.0,0.0,0.0,0.0,0.0
2010-02-23,0.0,0.0,,0.0,0.0,0.0,0.0,0.0,0.0,0.0,0.0,0.0,0.0,0.0,0.0,0.0,0.0,0.0,,0.0,0.0,0.0,,0.0,0.0,0.0,0.0,0.0,0.0,0.0,0.0,0.0,0.0,0.0,0.0,0.0
2010-02-24,0.0,0.0,,0.0,0.0,0.0,0.0,0.0,0.0,0.0,0.0,0.0,0.0,0.0,0.0,0.0,0.0,0.0,,0.0,0.0,0.0,,0.0,0.0,0.0,0.5,0.0,0.0,0.0,0.0,0.0,0.0,0.0,0.0,0.0
2010-02-25,0.0,0.0,,0.0,0.0,0.0,0.0,0.0,0.0,0.0,0.0,0.0,0.0,0.0,0.0,0.0,0.0,0.0,,0.0,0.0,0.0,,0.0,0.0,0.0,0.0,0.0,0.0,0.0,0.0,0.0,0.0,0.0,0.0,0.0
2010-02-26,0.0,0.0,,0.0,0.0,0.0,0.0,0.0,0.0,0.0,0.0,0.0,0.0,0.0,0.0,0.0,0.0,0.0,,0.0,0.0,0.0,,0.0,0.0,0.0,0.0,0.0,0.0,0.0,0.0,0.0,0.0,0.0,0.0,0.0
2010-02-27,0.0,0.0,,0.0,0.0,0.0,0.0,0.0,0.0,0.0,0.0,0.0,0.0,0.0,0.0,0.0,0.0,0.0,,0.0,0.0,0.0,,0.0,0.0,0.0,0.0,0.0,0.0,0.0,0.0,0.0,0.0,0.0,0.0,0.0
2010-02-28,0.0,0.0,,0.0,0.0,0.0,0.0,0.0,0.0,0.0,0.0,0.0,0.0,0.0,0.0,0.0,0.0,0.0,,0.0,0.0,0.0,,0.0,0.0,0.0,0.0,0.0,0.0,0.0,0.0,0.0,0.0,0.0,0.0,0.0
2010-03-01,0.0,0.0,,0.0,0.0,8.0,0.0,15.4,0.0,0.0,0.0,0.0,0.0,0.0,0.0,0.0,0.0,0.0,,25.0,0.0,0.0,,0.0,0.0,0.0,0.0,0.0,0.0,0.0,0.0,0.0,17.2,0.0,0.0,0.0
2010-03-02,0.0,29.3,,15.4,3.6,0.0,11.7,0.0,18.0,0.0,0.0,0.0,0.0,0.0,0.0,0.0,0.0,0.0,,0.0,15.2,5.0,,25.5,14.0,1.0,15.5,2.0,17.2,0.0,8.5,0.0,0.0,0.0,0.0,0.0
2010-03-03,0.0,0.0,,0.0,0.0,0.0,0.0,0.0,0.0,0.0,0.0,0.0,0.0,0.0,0.0,0.0,0.0,0.0,,0.0,0.0,0.0,,0.0,0.0,0.0,0.0,0.0,0.0,0.0,0.0,0.0,0.0,0.0,0.0,0.0
2010-03-04,0.0,0.0,,0.0,0.0,0.0,0.0,0.0,0.0,0.0,0.0,0.0,0.0,0.0,0.0,0.0,0.0,0.0,,0.0,0.0,0.0,,0.0,0.0,0.0,0.0,0.0,0.0,0.0,0.0,0.0,0.0,0.0,0.0,0.0
2010-03-05,0.0,0.0,,0.0,0.0,0.0,0.0,0.0,0.0,0.0,0.0,0.0,0.0,0.0,0.0,0.0,0.0,0.0,,0.0,0.0,0.0,,0.0,0.0,0.0,0.0,0.0,0.0,0.0,0.0,0.0,0.0,0.0,0.0,0.0
2010-03-06,0.0,0.0,,0.0,0.0,17.0,0.0,0.0,0.0,0.0,0.0,0.0,0.0,0.0,0.0,0.0,0.0,0.0,,0.0,0.0,0.0,,0.0,0.0,0.0,0.0,0.0,0.0,0.0,0.0,0.0,0.0,0.0,0.0,0.0
2010-03-07,0.0,0.0,,0.0,0.0,9.5,0.0,0.0,0.0,0.0,0.0,0.0,0.0,0.0,0.0,0.0,0.0,0.0,,0.0,0.0,0.0,,0.0,0.0,0.0,0.0,0.0,0.0,0.0,0.0,0.0,0.0,0.0,0.0,0.0
2010-03-08,0.0,0.0,,0.0,0.0,4.0,0.0,0.0,0.0,0.0,0.0,0.0,0.0,0.0,0.0,0.0,0.0,0.0,,0.0,0.0,0.0,,0.0,0.0,0.0,0.0,0.0,0.0,0.0,0.0,0.0,0.0,0.0,0.0,0.0
2010-03-09,0.0,0.0,,0.0,0.0,3.0,0.0,0.0,0.0,0.0,0.0,0.0,0.0,0.0,0.0,0.0,0.0,0.0,,0.0,0.0,0.0,,0.0,0.0,0.0,0.0,0.0,0.0,0.0,0.0,0.0,0.0,0.0,0.0,0.0
2010-03-10,0.0,0.0,,0.0,0.0,0.0,0.0,0.0,0.0,0.0,0.0,0.0,0.0,0.0,0.0,0.0,0.0,0.0,,0.0,0.0,0.0,,0.0,0.0,0.0,0.0,0.0,0.0,0.0,0.0,0.0,0.0,0.0,0.0,0.0
2010-03-11,0.0,0.0,,0.0,0.0,0.0,0.0,0.0,0.0,0.0,0.0,0.0,0.0,5.0,0.0,0.0,0.0,0.0,,0.0,0.0,0.0,,0.0,0.0,0.0,0.0,0.0,0.0,0.0,0.0,0.0,0.0,0.0,0.0,0.0
2010-03-12,0.0,0.0,,0.0,0.0,0.0,0.0,0.0,0.0,0.0,0.0,0.0,0.0,0.0,0.0,0.0,0.0,0.0,,0.0,0.0,0.0,,0.0,0.0,0.0,0.0,0.0,0.0,0.0,0.0,0.0,0.0,0.0,0.0,0.0
2010-03-13,0.0,0.0,,0.0,0.0,0.0,0.0,0.0,0.0,0.0,0.0,0.0,0.0,0.0,0.0,0.0,0.0,0.0,,0.0,0.0,0.0,,0.0,0.0,0.0,0.0,0.0,0.0,0.0,0.0,0.0,0.0,0.0,0.0,0.0
2010-03-14,0.0,0.0,,0.0,0.0,0.0,0.0,0.0,0.0,0.0,0.0,0.0,0.0,0.0,0.0,0.0,0.0,0.0,,0.0,0.0,0.0,,0.0,0.0,0.0,0.0,0.0,0.0,0.0,0.0,0.0,0.0,0.0,0.0,0.0
2010-03-15,0.0,1.5,,1.4,0.2,0.0,0.0,2.6,0.0,0.0,0.0,0.0,0.0,0.0,0.0,0.0,0.0,0.0,,0.0,0.0,1.4,,0.0,0.0,0.0,1.5,0.0,0.2,0.0,0.0,0.0,0.0,0.0,0.0,0.0
2010-03-16,0.0,0.0,,0.0,0.0,0.0,0.0,0.0,0.0,0.0,0.0,0.0,0.0,0.0,0.0,0.0,0.0,0.0,,0.0,0.0,0.0,,0.0,0.0,0.0,0.0,0.0,0.0,0.0,0.0,0.0,0.0,0.0,0.0,0.0
2010-03-17,0.0,0.5,,0.0,0.0,0.0,0.0,0.0,0.0,0.0,0.0,0.0,0.0,0.0,0.0,0.0,0.0,0.0,,0.0,0.0,0.0,,0.0,0.0,0.0,0.0,0.0,3.0,0.0,0.0,0.0,0.0,0.0,0.0,0.0
2010-03-18,0.0,0.0,,0.0,0.0,0.0,0.0,0.0,0.0,0.0,0.0,0.0,0.0,0.0,0.0,0.0,0.0,0.0,,10.0,0.0,0.0,,0.0,0.0,0.0,0.0,0.0,0.0,1.0,0.0,0.0,0.0,0.0,0.0,0.0
2010-03-19,0.0,0.0,,0.0,0.0,0.0,0.0,0.0,0.0,0.0,0.0,0.0,0.0,0.0,0.0,0.0,0.0,0.0,,0.0,0.0,0.0,,0.0,0.0,0.0,1.5,0.0,0.0,0.0,0.0,0.0,0.0,0.0,0.0,0.0
2010-03-20,0.0,0.0,,0.0,0.0,26.0,0.0,0.0,0.0,0.0,0.0,3.5,0.0,0.0,0.0,0.0,0.0,0.0,,0.0,0.0,0.0,,0.0,0.0,0.0,0.0,0.0,0.0,0.0,0.0,0.0,0.0,0.0,0.0,0.0
2010-03-21,0.0,0.0,,0.0,0.0,5.0,0.0,0.0,0.0,0.0,0.0,0.0,0.0,0.0,0.0,0.0,0.0,0.0,,0.0,0.0,0.0,,0.0,0.0,0.0,0.0,0.0,0.0,0.0,0.0,0.0,0.0,0.0,0.0,0.0
2010-03-22,0.0,0.0,,0.0,0.0,0.0,0.0,0.0,0.0,0.0,0.0,0.0,0.0,0.0,0.0,0.0,0.0,0.0,,0.0,0.0,0.0,,0.0,0.0,0.0,0.0,0.0,0.0,0.0,0.0,0.0,0.0,0.0,0.0,0.0
2010-03-23,0.0,0.0,,0.0,0.0,0.0,0.0,0.0,0.0,0.0,0.0,0.0,0.0,0.0,0.0,0.0,0.0,0.0,,0.0,0.0,0.0,,0.0,0.0,0.0,0.0,0.0,0.2,0.0,0.0,0.0,0.0,0.0,0.0,0.0
2010-03-24,0.0,0.0,,0.0,0.0,56.0,0.0,0.0,0.0,0.0,0.0,0.0,0.0,0.0,0.0,0.0,0.0,0.0,,0.0,0.0,0.0,,0.0,0.0,0.0,0.0,0.0,0.0,0.0,0.0,0.0,0.0,0.0,0.0,0.0
2010-03-25,0.0,0.0,,0.0,0.0,6.0,0.0,0.0,0.0,0.0,0.0,0.0,0.0,0.0,0.0,0.0,0.0,0.0,,0.0,0.0,0.0,,0.0,0.0,0.0,0.0,0.0,0.0,0.0,0.0,0.0,0.0,0.0,0.0,0.0
2010-03-26,0.0,0.0,,0.0,0.0,0.0,0.0,0.0,0.0,0.0,0.0,0.0,0.0,0.0,0.0,0.0,0.0,0.0,,0.0,0.0,0.0,,0.0,0.0,0.0,0.0,0.0,0.0,0.0,0.0,0.0,0.0,0.0,0.0,0.0
2010-03-27,0.0,0.0,,0.0,0.0,0.0,0.0,0.0,0.0,0.0,0.0,0.0,0.0,0.0,0.0,0.0,0.0,0.0,,0.0,0.0,0.0,,0.0,0.0,0.0,0.0,0.0,0.0,0.0,0.0,0.0,0.0,0.0,0.0,0.0
2010-03-28,0.0,0.0,,0.0,0.0,0.0,0.0,0.0,0.0,0.0,0.0,5.2,0.0,0.0,0.0,0.0,0.0,0.0,,0.0,0.0,0.0,,0.0,0.0,0.0,0.0,0.0,0.0,0.0,0.0,0.0,0.0,0.0,0.0,0.0
2010-03-29,0.0,0.0,,0.0,0.0,0.0,0.0,0.0,0.0,0.0,0.0,0.0,0.0,0.0,0.0,0.0,0.0,0.0,,0.0,0.0,0.0,,0.0,0.0,0.0,0.0,0.0,0.0,0.0,0.0,0.0,0.0,0.0,0.0,0.0
2010-03-30,0.0,0.0,,0.0,0.0,27.0,0.0,0.0,0.0,0.0,0.0,0.0,0.0,0.0,0.0,0.0,0.0,0.0,,0.0,0.0,0.0,,0.0,0.0,0.0,0.0,0.0,0.0,0.0,0.0,0.0,1.5,0.0,0.0,0.0
2010-03-31,0.0,4.4,,6.2,1.4,6.5,5.4,6.4,0.0,0.0,0.0,0.0,0.0,0.0,0.0,0.0,0.0,0.4,,0.0,11.0,3.6,,5.0,16.0,0.6,2.0,1.6,7.8,0.0,0.0,0.0,9.5,0.0,0.0,0.0
2010-04-01,0.0,5.4,,11.4,7.2,0.0,0.0,5.6,0.0,0.0,3.8,0.0,0.0,0.0,0.0,0.0,0.0,3.1,,0.0,7.2,3.3,,7.2,0.0,7.0,2.5,6.0,7.4,2.0,8.2,0.0,0.0,0.0,0.0,0.0
2010-04-02,0.0,0.0,,0.0,0.0,0.0,0.0,0.0,0.0,0.0,0.0,2.5,0.0,0.0,0.0,0.0,0.0,0.0,,0.0,0.0,0.0,,0.0,0.0,0.0,3.5,0.0,0.0,0.0,0.0,0.0,0.0,0.0,0.0,0.0
2010-04-03,0.0,0.0,,0.0,0.0,0.0,0.0,0.0,0.0,0.0,0.0,0.0,0.0,0.0,0.0,0.0,0.0,0.0,,0.0,0.0,0.0,,0.0,0.0,0.0,0.0,0.0,0.0,0.0,0.0,0.0,0.0,0.0,0.0,0.0
2010-04-04,0.0,0.0,,0.0,0.0,0.0,0.0,0.0,0.0,0.0,0.0,0.0,0.0,0.0,0.0,0.0,0.0,0.0,,0.0,0.0,0.0,,0.0,0.0,0.0,5.0,0.0,0.0,0.0,0.0,0.0,0.0,0.0,0.0,0.0
2010-04-05,0.0,0.0,,0.0,0.0,0.0,0.0,0.0,0.0,0.0,0.0,0.0,0.0,0.0,0.0,0.0,0.0,0.0,,0.0,0.0,0.0,,0.0,0.0,0.0,0.0,0.0,0.0,0.0,0.0,0.0,0.0,0.0,0.0,0.0
2010-04-06,0.0,0.0,,0.0,0.0,0.0,0.0,0.0,0.0,0.0,0.0,0.0,0.0,0.0,0.0,0.0,0.0,0.0,,0.0,0.0,0.0,,0.0,0.0,0.0,1.5,0.0,0.0,0.0,0.0,0.0,0.0,0.0,0.0,0.0
2010-04-07,0.0,0.0,,0.0,0.0,0.0,0.0,0.0,0.0,0.0,0.0,0.0,0.0,0.0,0.0,0.0,0.0,0.0,,0.0,0.0,0.0,,0.0,0.0,0.0,0.0,0.0,0.0,0.0,0.0,0.0,0.0,0.0,0.0,0.0
2010-04-08,0.0,0.0,,0.0,0.0,0.0,0.0,0.0,0.0,0.0,0.0,0.0,0.0,0.0,0.0,0.0,0.0,0.0,,0.0,0.0,0.0,,0.0,0.0,0.0,0.0,0.0,0.0,0.0,0.0,0.0,0.0,0.0,0.0,0.0
2010-04-09,0.0,0.0,,0.0,0.0,0.0,0.0,0.0,0.0,0.0,0.0,0.0,0.0,0.0,0.0,0.0,0.0,0.0,,0.0,0.0,0.0,,0.0,0.0,0.0,0.0,0.0,0.0,0.0,0.0,0.0,0.0,0.0,0.0,0.0
2010-04-10,0.0,0.0,,0.0,0.0,0.0,0.0,0.0,0.0,0.0,0.0,0.0,0.0,0.0,0.0,0.0,0.0,0.0,,0.0,0.0,0.0,,0.0,0.0,0.0,0.0,0.0,0.0,0.0,0.0,0.0,0.0,0.0,0.0,0.0
2010-04-11,0.0,0.0,,0.0,0.0,0.0,0.0,0.0,0.0,0.0,0.0,0.0,0.0,0.0,0.0,0.0,0.0,0.0,,0.0,0.0,0.0,,0.0,0.0,0.0,0.0,0.0,0.0,0.0,0.0,0.0,0.0,0.0,0.0,0.0
2010-04-12,0.0,0.0,,0.0,0.0,0.0,0.0,0.0,0.0,0.0,0.0,0.0,0.0,0.0,0.0,0.0,0.0,0.0,,0.0,0.0,0.0,,0.0,0.0,0.0,0.5,0.0,0.0,0.0,0.0,0.0,0.0,0.0,0.0,0.0
2010-04-13,0.0,0.0,,0.0,0.0,0.0,0.0,0.0,0.0,0.0,5.5,0.0,0.0,0.0,0.0,0.0,0.0,6.2,,0.0,0.0,0.0,,0.0,0.0,0.0,0.0,0.0,0.0,0.0,9.0,3.1,15.2,0.0,0.0,0.0
2010-04-14,4.0,2.8,,6.8,3.6,0.0,16.0,20.4,9.3,0.0,1.0,0.0,0.0,0.0,10.5,0.0,0.0,0.0,,0.0,0.0,7.2,,4.1,12.0,7.5,0.0,4.4,11.5,10.0,0.0,16.4,9.2,10.0,16.2,0.0
2010-04-15,0.0,0.0,,2.0,0.0,0.0,0.0,0.0,0.0,0.0,0.0,0.0,0.0,4.5,0.0,0.0,0.0,0.0,,0.0,0.0,0.0,,0.0,0.0,0.0,0.0,0.0,0.0,0.0,0.0,0.0,0.0,0.0,0.0,10.0
2010-04-16,0.0,0.2,,0.0,0.0,0.0,6.3,16.4,0.0,0.0,20.5,0.9,0.0,0.0,0.0,0.0,0.0,0.0,,0.0,1.2,0.0,,4.0,0.3,0.0,0.0,0.0,0.3,1.0,0.0,0.0,0.0,0.0,0.0,0.0
2010-04-17,0.0,0.0,,0.0,0.0,3.0,0.0,0.0,0.0,0.0,2.0,7.2,0.0,0.0,41.5,0.0,0.0,0.0,,0.0,10.2,0.0,,0.0,0.0,0.0,0.0,0.0,4.2,0.0,24.5,0.0,7.5,0.0,0.0,0.0
2010-04-18,14.0,5.8,,4.8,2.4,0.0,5.3,0.8,0.0,0.0,13.5,2.4,10.0,0.0,0.0,0.0,0.0,3.4,,14.0,1.4,1.7,,3.2,1.7,1.5,0.0,1.4,6.4,1.0,0.0,0.0,0.0,13.0,12.8,0.0
2010-04-19,14.4,9.6,,6.8,4.4,0.0,0.5,32.0,2.0,0.0,0.0,9.0,0.0,0.0,15.0,0.0,0.0,2.5,,18.0,3.9,11.0,,8.3,9.4,2.0,0.0,4.4,28.2,4.5,0.0,0.0,7.2,0.0,0.0,0.0
2010-04-20,0.0,0.7,,10.2,4.0,0.0,5.6,0.0,0.0,0.0,0.0,2.3,0.0,10.2,0.0,0.0,0.0,0.0,,8.0,0.0,0.0,,1.2,0.0,3.7,4.5,6.6,0.0,0.0,0.0,0.0,0.0,0.0,0.0,0.0
2010-04-21,0.0,0.0,,0.0,0.0,0.0,0.0,0.0,0.0,0.0,0.0,0.0,0.0,0.0,0.0,0.0,0.0,0.0,,0.0,0.0,0.0,,0.0,0.0,0.0,0.0,0.0,0.0,0.0,0.0,0.0,0.0,0.0,0.0,0.0
2010-04-22,0.0,0.0,,0.0,0.0,0.0,0.0,0.0,0.0,0.0,0.0,0.0,0.0,0.0,0.0,0.0,0.0,0.0,,0.0,0.0,0.0,,0.0,0.0,0.5,0.0,0.0,0.0,0.0,0.0,0.0,0.0,0.0,0.0,0.0
2010-04-23,0.0,0.0,,0.0,0.0,0.0,0.0,0.0,0.0,0.0,0.0,17.0,0.0,0.0,0.0,0.0,0.0,0.0,,0.0,0.0,0.0,,0.0,0.0,0.0,0.0,0.0,0.0,0.0,0.0,0.0,0.0,0.0,0.0,0.0
2010-04-24,0.0,0.0,,0.0,0.0,0.0,0.0,0.0,0.0,0.0,0.0,5.1,0.0,0.0,0.0,0.0,0.0,0.0,,0.0,0.0,0.0,,0.0,0.0,0.0,0.0,0.0,0.0,0.0,0.0,0.0,0.0,0.0,0.0,0.0
2010-04-25,0.0,0.0,,0.0,0.0,0.0,0.0,0.0,0.0,0.0,0.0,20.5,0.0,0.0,0.0,0.0,0.0,0.0,,0.0,0.0,0.0,,0.0,0.0,0.0,0.0,0.0,0.0,0.0,0.0,0.0,0.0,0.0,0.0,0.0
2010-04-26,0.0,0.0,,0.0,0.0,0.0,0.0,0.0,0.0,0.0,0.0,0.0,0.0,0.0,0.0,0.0,0.0,0.0,,0.0,0.0,0.0,,0.0,0.0,0.0,0.0,0.0,0.0,0.0,0.0,0.0,0.0,0.0,0.0,0.0
2010-04-27,0.0,0.0,,0.0,0.0,0.0,0.0,0.0,0.0,0.0,0.0,0.0,0.0,0.0,0.0,0.0,0.0,0.0,,0.0,0.0,0.0,,0.0,0.0,0.0,0.0,0.0,0.0,0.0,0.0,0.0,0.0,0.0,0.0,0.0
2010-04-28,0.0,0.0,,0.0,0.0,0.0,0.0,0.0,0.0,0.0,0.0,7.5,0.0,0.0,0.0,0.0,0.0,0.0,,0.0,0.0,0.0,,0.0,0.0,0.0,0.0,0.0,0.0,0.0,0.0,0.0,0.0,0.0,0.0,0.0
2010-04-29,0.0,0.0,,0.0,0.0,0.0,0.7,0.0,0.0,0.0,2.5,5.1,10.4,0.0,0.0,40.1,0.0,0.0,,0.0,0.0,3.1,,0.0,0.0,0.0,0.0,0.0,0.4,0.0,0.0,0.0,0.0,0.0,0.0,0.0
2010-04-30,8.8,20.8,,10.2,79.2,5.0,18.8,4.8,6.2,0.0,0.0,20.5,0.0,0.0,0.0,0.0,0.0,33.8,,25.0,11.6,17.9,,19.0,0.0,48.5,15.0,62.0,20.8,28.0,0.0,0.0,0.0,29.0,49.0,32.0
2010-05-01,0.0,0.0,,0.4,0.0,,0.0,0.0,0.0,0.0,3.5,0.0,0.0,0.0,0.0,0.0,0.0,0.6,,0.0,0.0,0.0,,0.0,0.0,0.0,0.0,0.2,0.0,8.2,0.0,0.0,21.0,0.0,0.0,0.0
2010-05-02,2.4,52.2,,10.4,30.4,,31.0,36.6,0.0,12.0,14.7,0.0,0.0,0.0,61.5,0.0,0.0,10.1,,40.0,16.0,16.5,,13.2,29.2,11.6,26.8,21.0,14.4,0.0,7.5,16.0,42.2,3.0,5.2,16.0
2010-05-03,0.0,0.0,,0.0,0.0,,0.0,0.0,0.0,0.0,0.0,0.0,0.0,0.0,0.0,0.0,0.0,0.0,,0.0,0.0,0.0,,0.0,0.0,0.0,0.0,0.0,0.0,0.0,5.4,0.0,22.1,0.0,0.0,0.0
2010-05-04,0.0,0.8,,0.0,14.6,,4.8,0.0,0.0,0.0,0.0,0.0,0.0,0.0,10.5,0.0,0.0,2.4,,10.0,0.0,0.0,,2.5,4.3,2.8,0.0,14.0,0.0,0.0,0.0,0.0,36.4,0.0,0.0,0.0
2010-05-05,0.0,6.3,,0.0,0.0,,0.0,1.8,0.0,0.0,0.0,13.3,0.0,0.0,11.5,0.0,0.0,1.6,,0.0,0.0,0.0,,0.0,0.0,1.2,0.8,0.0,2.2,0.0,0.0,6.0,30.0,0.0,0.0,0.0
2010-05-06,3.0,0.4,,0.0,0.4,,3.2,0.0,0.0,0.0,0.0,9.5,0.0,0.0,41.3,0.0,0.0,12.2,,2.0,0.0,0.0,,1.7,0.0,0.5,0.0,0.2,3.1,9.0,0.0,6.1,2.0,0.0,0.0,0.0
2010-05-07,5.0,3.5,,7.6,4.6,,108.6,24.8,0.0,0.0,36.5,0.0,0.0,0.0,37.7,7.0,0.0,18.4,,0.0,2.3,0.0,,6.0,2.1,4.6,20.1,5.6,0.2,29.5,0.0,0.0,0.0,0.0,0.0,2.5
2010-05-08,1.0,0.5,,1.4,0.2,,46.2,12.0,0.0,0.0,2.3,0.0,0.0,0.0,1.5,0.0,0.0,13.1,,0.0,4.1,0.0,,4.5,2.8,1.5,5.1,0.0,14.5,6.5,45.5,4.3,0.0,0.0,0.0,0.0
2010-05-09,0.0,0.0,,0.0,0.8,,37.0,0.0,0.0,0.0,1.0,0.0,0.0,0.0,0.0,0.0,0.0,0.0,,0.0,0.0,0.0,,0.0,0.0,0.0,3.7,1.0,0.0,0.0,0.0,0.0,0.0,0.0,0.0,12.5
2010-05-10,0.0,0.0,,0.0,0.0,,0.0,0.0,0.0,0.0,0.0,0.0,0.0,0.0,0.0,0.0,0.0,0.0,,0.0,0.0,0.0,,0.0,0.0,0.0,0.0,0.0,0.0,0.0,0.0,0.0,0.0,0.0,0.0,0.0
2010-05-11,0.0,0.0,,0.0,0.0,,0.0,0.0,0.0,0.0,0.0,0.0,0.0,0.0,0.0,0.0,0.0,0.0,,0.0,0.0,0.0,,0.0,0.0,0.0,0.0,0.0,0.0,0.0,0.0,0.0,0.0,0.0,0.0,0.0
2010-05-12,0.0,0.0,,0.0,0.0,,0.0,31.2,0.0,0.0,0.0,0.0,0.0,0.0,0.0,0.0,0.0,0.0,,0.0,0.0,0.0,,0.0,0.0,0.0,0.5,0.0,0.0,0.0,0.0,0.0,0.0,0.0,0.0,0.0
2010-05-13,0.0,0.0,,0.0,0.0,,0.0,0.0,0.0,0.0,0.0,0.0,0.0,0.0,0.0,0.0,0.0,0.0,,0.0,0.0,0.0,,0.0,0.0,0.0,0.0,0.0,0.0,0.0,0.0,0.0,0.0,0.0,0.0,0.0
2010-05-14,0.0,0.0,,0.0,0.0,,0.0,0.0,0.0,0.0,0.0,0.0,0.0,0.0,0.0,0.0,0.0,0.0,,0.0,0.0,0.0,,0.0,0.0,0.0,0.0,0.0,0.0,0.0,0.0,0.0,0.0,0.0,0.0,0.0
2010-05-15,0.0,0.0,,0.0,0.0,,0.0,0.0,0.0,0.0,0.0,0.0,0.0,0.0,0.0,10.0,0.0,0.0,,0.0,0.0,0.0,,0.0,0.0,0.0,0.0,0.0,0.0,0.0,0.0,0.0,0.0,0.0,0.0,0.0
2010-05-16,0.0,0.0,,0.0,0.0,,0.0,0.0,0.0,0.0,3.5,0.0,0.0,0.0,0.0,0.0,0.0,0.0,,2.0,0.0,0.0,,0.0,0.0,0.0,0.0,0.0,0.0,0.0,0.0,0.0,0.0,0.0,0.0,0.0
2010-05-17,0.0,0.0,,0.0,0.0,,0.0,0.0,0.0,0.0,1.0,0.0,0.0,0.0,0.0,14.0,0.0,0.0,,0.0,0.0,0.0,,0.0,0.0,2.6,0.0,0.0,0.0,0.0,0.0,0.0,0.0,0.0,0.0,0.0
2010-05-18,0.0,0.0,,0.0,0.0,,0.0,0.4,0.0,0.0,0.0,20.3,7.3,0.0,0.0,25.0,0.0,0.0,,0.0,0.0,0.0,,0.0,2.8,0.0,20.0,0.0,0.0,4.5,0.0,0.0,0.0,0.0,0.0,0.0
2010-05-19,0.0,5.0,,0.0,0.0,,0.0,0.0,0.0,0.0,0.0,0.0,0.0,0.0,0.0,0.0,0.0,0.0,,0.0,0.0,3.8,,1.4,7.8,0.0,0.0,0.0,2.5,0.0,0.0,0.0,0.0,0.0,0.0,0.0
2010-05-20,0.0,1.6,,2.8,0.4,,8.4,21.2,6.4,20.1,0.0,0.0,0.0,10.4,0.0,4.1,0.0,0.0,,0.0,0.0,0.0,,2.0,0.7,2.5,1.0,1.4,25.8,2.5,0.0,0.0,7.3,3.0,8.0,0.0
2010-05-21,8.4,1.0,,3.2,1.2,,0.3,0.8,3.2,0.0,19.1,9.5,4.2,20.2,0.0,0.0,0.0,0.0,,0.0,0.0,0.0,,1.2,0.0,0.0,0.0,1.0,0.0,0.0,10.5,0.0,0.0,20.0,16.4,25.0
2010-05-22,0.0,0.0,,0.0,0.0,,0.0,0.0,0.0,0.0,0.0,0.0,15.1,0.0,0.0,25.2,0.0,0.0,,0.0,0.0,0.0,,0.0,0.0,0.0,0.0,0.0,0.0,0.0,0.0,0.0,93.7,0.0,0.0,0.0
2010-05-23,0.0,0.0,,0.0,0.0,,0.0,1.2,0.0,10.2,0.0,7.5,32.4,0.0,1.5,10.0,0.0,0.0,,4.4,0.0,0.0,,0.0,56.3,0.0,0.0,0.0,0.0,0.0,0.0,0.0,0.0,0.0,0.0,0.0
2010-05-24,23.2,47.5,,18.6,24.8,,41.5,41.2,23.0,0.0,4.8,2.3,0.0,62.4,0.0,16.6,0.0,22.1,,30.0,40.1,30.5,,54.0,0.0,18.5,47.0,28.0,29.2,21.5,0.0,32.5,0.0,32.0,77.0,51.0
2010-05-25,3.0,1.7,,12.0,0.0,,0.0,4.6,0.0,12.2,0.0,9.3,0.0,0.0,0.0,0.0,0.0,0.0,,0.0,2.5,0.0,,0.0,0.0,0.0,2.0,0.0,4.0,1.5,120.0,0.0,0.0,8.0,7.8,7.5
2010-05-26,0.0,0.0,,0.0,0.0,,0.0,0.0,0.0,0.0,0.0,22.2,0.0,0.0,0.0,0.0,0.0,0.0,,0.0,0.0,1.6,,0.0,0.0,0.0,3.5,0.0,0.0,0.0,4.0,0.0,151.6,0.0,0.0,0.0
2010-05-27,1.4,0.0,,0.0,0.0,,2.3,0.0,0.0,31.0,0.0,0.0,0.0,0.0,0.0,0.0,0.0,3.7,,0.0,0.0,7.2,,0.2,4.9,5.5,25.0,0.0,0.0,26.0,0.0,0.0,0.0,0.0,0.0,0.0
2010-05-28,0.0,26.1,,12.0,5.6,,0.0,32.6,0.0,0.0,0.0,0.0,0.0,0.0,0.0,0.0,0.0,4.3,,0.0,49.2,0.0,,44.2,21.3,4.6,0.0,18.0,8.1,2.0,16.8,0.0,0.0,0.0,0.0,0.0
2010-05-29,0.0,0.0,,0.0,0.0,,0.0,0.0,0.0,0.0,0.0,0.0,10.2,0.0,0.0,0.0,0.0,0.0,,15.5,1.8,0.0,,0.0,0.0,0.0,0.0,0.0,53.5,0.0,0.0,0.0,0.0,0.0,0.0,0.0
2010-05-30,0.0,0.0,,0.0,0.0,,0.0,0.0,0.0,0.0,5.6,0.0,8.1,0.0,0.0,6.9,0.0,0.0,,2.0,0.0,0.0,,0.0,0.7,0.0,0.0,0.0,0.0,0.0,0.0,0.0,0.0,0.0,0.0,0.0
2010-05-31,1.4,1.4,,0.0,1.8,,1.5,0.0,0.0,0.0,0.0,0.0,0.0,11.2,0.0,0.0,0.0,1.0,,0.0,0.0,0.0,,0.0,0.0,0.0,0.0,1.0,0.0,0.0,0.0,0.0,0.0,0.0,0.0,0.0
2010-06-01,0.0,0.0,,0.0,0.0,,0.0,0.0,0.0,0.0,8.6,0.0,0.0,0.0,0.0,0.0,0.0,0.0,,0.0,0.0,0.0,,0.0,0.0,0.0,0.0,0.0,0.0,0.0,0.0,0.0,13.0,0.0,0.0,0.0
2010-06-02,0.0,0.0,,0.0,0.0,,0.0,0.0,0.0,0.0,0.0,0.0,3.2,0.0,11.0,0.0,0.0,0.0,,0.0,0.0,0.0,,0.0,0.0,0.0,0.0,0.0,3.1,0.0,0.0,0.0,19.0,0.0,0.0,0.0
2010-06-03,0.0,17.7,,0.0,17.8,,9.8,20.4,4.0,0.0,22.2,0.0,0.0,0.0,0.0,0.0,0.0,17.5,,0.0,0.0,12.5,,18.2,15.2,8.4,13.0,15.0,2.2,6.5,0.0,0.0,11.6,0.0,0.8,0.0
2010-06-04,0.0,1.8,,3.8,0.8,,8.9,2.8,11.0,0.0,28.4,0.0,0.0,10.4,0.0,4.0,0.0,2.6,,8.4,14.6,0.0,,1.5,2.2,2.3,4.0,1.0,0.2,9.0,0.0,0.0,0.0,3.0,0.0,8.0
2010-06-05,0.0,8.3,,1.8,2.4,,11.0,1.4,13.0,0.0,0.0,0.0,0.0,0.0,0.0,0.0,0.0,1.0,,15.0,0.0,0.0,,0.0,4.6,2.5,5.4,1.6,10.2,7.0,0.0,0.0,8.0,0.0,0.0,0.0
2010-06-06,0.0,0.0,,0.0,0.0,,6.7,0.0,16.0,0.0,0.0,0.0,0.0,0.0,0.0,0.0,0.0,0.0,,4.0,0.0,0.0,,4.5,0.0,0.0,0.0,0.0,0.0,0.0,0.0,0.0,0.0,0.0,0.0,0.0
2010-06-07,0.0,0.0,,0.0,0.0,,0.0,0.0,0.0,0.0,0.0,0.0,16.1,0.0,0.0,0.0,0.0,0.0,,0.0,0.0,0.0,,0.3,0.0,0.0,0.0,0.0,0.0,0.0,0.0,0.0,0.0,0.0,0.0,0.0
2010-06-08,0.0,0.0,,0.0,0.0,,0.0,0.0,0.0,0.0,0.0,0.0,0.0,0.0,0.0,0.0,0.0,0.0,,0.0,0.0,0.0,,0.0,0.0,0.0,0.0,0.0,0.0,0.0,0.0,0.0,0.0,0.0,0.0,0.0
2010-06-09,0.0,0.0,,0.0,0.0,,0.0,0.0,0.0,0.0,0.0,0.0,0.0,0.0,4.0,0.0,0.0,0.0,,0.0,0.0,0.0,,0.0,0.0,0.0,0.0,0.0,0.0,0.0,0.0,0.0,0.0,0.0,0.0,0.0
2010-06-10,0.0,0.0,,0.0,0.0,,0.0,0.0,0.0,0.0,0.0,0.0,0.0,0.0,0.0,0.0,0.0,0.0,,0.0,0.0,0.0,,0.0,0.0,0.0,0.0,0.0,0.0,0.0,5.3,0.0,0.0,0.0,0.0,0.0
2010-06-11,0.0,0.0,,0.0,0.0,,0.0,0.0,0.0,0.0,0.0,0.0,0.0,0.0,0.0,0.0,0.0,0.0,,0.0,0.0,0.0,,0.0,13.7,0.0,0.0,0.0,5.5,0.0,4.0,0.0,13.5,0.0,0.0,0.0
2010-06-12,0.0,1.0,,0.0,2.4,,0.0,0.0,0.0,0.0,0.0,0.0,0.0,0.0,0.0,0.0,0.0,0.0,,0.0,0.0,19.5,,0.0,0.0,0.0,0.0,3.2,15.2,0.0,8.5,0.0,28.7,0.0,0.0,0.0
2010-06-13,22.4,26.0,,28.8,31.0,,30.0,21.4,3.0,0.0,11.0,5.0,21.4,12.4,0.0,0.0,0.0,0.0,,0.0,14.0,20.3,,32.2,36.6,1.7,17.6,32.8,15.2,24.5,3.1,0.0,0.0,0.0,38.8,0.0
2010-06-14,0.0,0.0,,0.0,0.0,,34.0,0.0,10.0,0.0,0.5,0.0,0.0,0.0,0.0,0.0,0.0,46.4,,0.0,0.0,0.0,,0.0,0.0,0.0,0.0,0.0,0.0,1.0,0.0,14.1,12.2,77.0,14.4,0.0
2010-06-15,0.0,0.0,,0.0,0.0,,0.0,0.0,18.0,0.0,0.8,0.0,0.0,0.0,0.0,0.0,0.0,0.2,,0.0,0.0,0.0,,0.0,0.0,0.0,0.0,0.0,0.3,0.2,0.0,0.0,0.0,0.0,0.0,0.0
2010-06-16,0.0,0.0,,0.0,0.0,,0.0,40.0,0.0,0.0,0.8,9.3,0.0,0.0,0.0,0.0,0.0,0.0,,0.0,0.0,0.0,,0.0,0.7,0.0,6.0,0.0,0.0,0.0,0.0,0.0,28.2,0.0,0.0,0.0
2010-06-17,0.6,5.0,,0.0,0.2,,14.6,20.2,0.0,0.0,34.5,1.7,0.0,2.5,0.0,0.0,0.0,0.1,,0.0,0.0,1.1,,0.0,1.7,0.0,0.5,0.0,0.0,0.0,0.0,0.0,0.0,4.0,31.0,18.5
2010-06-18,0.0,56.2,,15.8,47.6,,0.0,43.6,0.0,0.0,0.1,11.0,0.0,0.0,0.0,0.0,0.0,31.6,,0.0,0.0,23.8,,30.2,55.7,18.6,66.2,39.0,38.2,24.5,0.0,0.0,0.0,0.0,0.0,26.5
2010-06-19,0.0,0.0,,0.0,0.0,,0.0,0.0,0.0,0.0,0.0,0.0,0.0,0.0,0.0,0.0,0.0,0.0,,0.0,5.3,3.4,,0.0,0.0,0.0,15.0,0.0,0.0,0.0,11.0,0.0,0.0,0.0,0.0,0.0
2010-06-20,0.0,4.5,,0.0,0.0,,4.8,18.0,0.0,0.0,0.0,0.0,0.0,0.0,0.0,0.0,0.0,0.0,,0.0,0.0,0.0,,0.0,0.0,0.0,17.0,0.0,36.5,0.0,0.0,0.0,0.0,0.0,0.0,0.0
2010-06-21,0.0,0.0,,7.6,0.0,,0.0,0.0,0.0,0.0,0.0,7.2,0.0,0.0,0.0,0.0,0.0,0.0,,0.0,0.0,1.0,,0.0,13.0,0.0,0.0,0.0,0.0,0.0,0.0,0.0,72.5,4.0,0.0,0.0
2010-06-22,84.4,0.1,,0.0,0.4,,0.0,20.6,55.4,0.0,10.9,7.3,0.0,127.4,0.0,15.1,40.0,0.0,,0.0,1.1,51.5,,3.5,0.0,0.0,0.0,0.0,5.6,0.0,9.0,0.0,0.0,15.0,57.4,0.0
2010-06-23,0.0,0.4,,0.0,0.0,,0.0,8.6,0.0,0.0,0.0,10.0,0.0,0.0,0.0,0.0,20.0,29.0,,0.0,0.0,1.4,,0.0,12.0,0.0,3.0,0.0,0.4,7.5,0.0,0.0,8.0,0.0,0.0,0.0
2010-06-24,3.0,1.9,,13.2,2.8,,16.1,5.8,0.0,0.0,0.0,11.5,0.0,0.0,0.0,0.0,0.0,18.7,,0.0,38.1,3.7,,1.2,0.0,12.5,26.5,3.0,6.2,9.0,0.0,0.0,0.0,0.0,0.0,0.0
2010-06-25,0.0,0.0,,0.0,0.0,,8.7,10.6,0.0,40.0,18.5,3.1,0.0,0.0,0.0,0.0,50.0,0.4,,0.0,0.0,0.0,,0.0,12.0,4.0,8.6,2.6,0.0,5.0,0.0,0.0,0.0,0.0,0.0,0.0
2010-06-26,0.0,4.4,,5.2,0.0,,18.3,16.2,0.0,40.3,0.0,0.0,0.0,0.0,24.5,0.0,0.0,0.0,,0.0,0.0,0.0,,0.0,0.0,0.0,5.0,0.0,3.5,0.0,0.0,0.0,30.5,0.0,10.4,0.0
2010-06-27,3.0,1.6,,8.2,1.4,,56.7,79.0,0.0,20.4,25.5,0.0,0.0,0.0,0.0,0.0,40.0,0.0,,0.0,1.6,30.4,,0.0,0.0,0.0,63.2,3.4,87.7,7.0,1.5,0.0,21.5,0.0,48.2,0.0
2010-06-28,0.0,6.4,,40.0,0.0,,121.2,45.0,0.0,40.1,43.0,0.0,0.0,39.4,0.0,0.0,20.0,17.0,,6.0,8.2,0.7,,1.3,4.1,19.6,34.2,17.4,68.1,16.5,0.0,0.0,0.0,0.0,30.8,0.0
2010-06-29,10.0,1.4,,4.0,0.0,,4.6,22.4,18.0,20.2,1.5,9.3,0.0,0.0,0.0,24.0,0.0,6.7,,15.0,0.0,0.0,,0.3,0.0,1.0,13.0,0.0,5.2,0.5,0.0,0.0,14.6,80.0,0.0,5.0
2010-06-30,151.6,5.0,,17.0,0.8,,113.4,10.8,8.0,0.0,6.5,3.1,0.0,0.0,0.0,56.7,10.0,1.9,,30.0,1.0,21.4,,1.5,6.7,0.8,0.0,0.0,3.1,3.2,0.0,0.0,0.0,26.0,0.0,0.0
2010-07-01,22.4,5.5,,6.0,0.0,,5.7,2.6,0.0,0.0,26.6,0.0,6.5,0.0,0.0,0.0,0.0,21.0,,0.0,9.2,2.5,0.0,4.5,0.0,40.6,25.0,22.0,0.4,42.5,0.0,0.0,0.0,11.0,0.0,0.0
2010-07-02,0.0,0.0,,0.0,0.0,,0.0,0.0,0.0,0.0,0.0,0.0,3.5,0.0,19.5,3.0,50.0,0.0,,0.0,0.0,0.0,0.0,0.2,0.0,0.8,30.0,0.0,9.1,8.0,0.0,0.0,0.0,0.0,0.0,0.0
2010-07-03,0.0,0.2,,0.0,2.8,,0.0,15.4,0.0,0.0,1.4,0.0,0.0,0.0,0.0,0.0,0.0,4.6,,0.0,4.4,0.0,0.0,0.1,0.0,0.0,2.5,0.0,0.0,1.0,0.0,0.0,7.5,0.0,0.0,0.0
2010-07-04,1.0,0.4,,0.0,0.0,,0.0,33.0,0.0,0.0,0.0,0.0,0.0,0.0,0.0,2.1,0.0,0.5,,0.0,15.0,43.5,0.0,0.3,0.0,0.5,17.0,0.0,0.0,0.0,0.0,0.0,12.7,0.0,0.0,0.0
2010-07-05,0.0,0.3,,20.2,2.6,,4.1,4.8,0.0,0.0,16.1,0.0,4.0,0.0,0.0,0.0,45.0,17.5,,4.0,12.1,5.5,0.0,0.5,0.0,8.0,8.0,3.0,2.3,12.0,0.0,0.0,0.0,0.0,0.0,0.0
2010-07-06,1.4,21.8,,9.2,6.0,,82.7,41.2,78.0,0.0,20.3,0.0,0.0,0.0,0.0,0.0,0.0,12.1,,12.0,4.0,35.0,0.0,68.0,41.1,14.6,26.5,9.0,47.8,7.0,50.4,15.5,19.2,0.0,0.0,0.0
2010-07-07,0.0,5.8,,0.0,0.4,,1.6,36.6,0.0,0.0,0.0,0.0,15.5,0.0,0.0,0.0,0.0,7.1,,6.4,3.0,2.0,0.0,10.5,0.0,0.5,4.0,0.0,13.2,5.3,0.0,0.0,16.5,0.0,0.0,0.0
2010-07-08,0.0,0.0,,0.0,2.6,,0.0,6.8,0.0,0.0,4.7,10.3,0.0,0.0,0.0,0.0,0.0,11.1,,16.4,0.0,0.0,0.0,0.2,38.5,2.2,0.0,1.2,8.8,8.0,0.0,0.0,21.5,0.0,0.0,0.0
2010-07-09,0.0,11.4,,19.2,1.6,,0.5,35.8,0.0,40.2,2.5,11.2,0.0,8.4,1.0,0.0,80.0,0.5,,20.0,6.0,11.8,0.0,7.5,0.0,0.0,10.5,0.0,3.4,12.5,0.0,0.0,24.1,0.0,0.0,0.0
2010-07-10,32.6,10.5,,15.0,16.8,,22.8,32.0,10.0,40.1,3.5,3.4,0.0,16.5,0.0,0.0,0.0,8.7,,12.2,6.7,32.2,0.0,16.5,22.6,20.5,25.0,14.0,38.5,13.2,13.5,5.0,100.5,0.0,5.4,0.0
2010-07-11,134.2,42.5,,58.0,17.8,,121.4,18.0,118.0,40.0,31.0,0.0,0.0,101.4,0.0,93.2,20.0,26.0,,5.0,9.1,34.5,0.0,31.2,12.4,46.0,25.0,8.6,47.8,33.0,72.2,30.3,105.4,68.0,46.0,0.0
2010-07-12,72.6,23.5,,22.2,34.4,,40.6,14.0,116.0,20.4,68.0,0.0,16.5,143.5,28.4,40.5,30.0,40.1,,20.0,8.4,20.0,0.0,42.0,42.4,35.5,12.0,60.0,39.5,51.0,56.7,39.5,9.5,30.0,57.0,0.0
2010-07-13,9.8,1.7,,0.0,14.0,,2.8,1.6,10.4,0.0,6.5,32.5,0.3,9.4,0.0,7.0,0.0,16.4,,40.0,3.6,5.6,0.0,3.2,0.0,6.0,3.0,11.2,22.1,5.0,0.0,0.0,23.5,0.0,0.0,0.0
2010-07-14,0.8,10.8,,14.0,13.0,,3.5,3.0,0.0,13.3,18.0,0.0,0.0,0.0,0.0,0.0,40.0,12.5,,6.4,0.0,1.5,0.0,5.4,8.0,8.4,2.5,8.2,13.3,8.0,0.0,0.0,0.0,0.0,0.0,0.0
2010-07-15,0.0,0.0,,0.0,0.0,,0.0,2.4,0.0,16.1,3.2,0.0,0.0,0.0,0.0,0.0,0.0,0.0,,0.0,0.0,2.5,0.0,0.2,0.0,1.8,8.8,0.0,0.0,4.2,0.0,0.0,11.5,0.0,0.0,0.0
2010-07-16,1.4,4.5,,6.6,2.6,,18.4,26.0,4.0,0.0,41.7,0.0,0.0,18.4,0.0,0.0,0.0,2.4,,30.0,4.6,49.0,0.0,5.2,9.1,3.0,12.5,2.4,0.8,5.0,0.0,4.3,0.0,63.0,8.6,0.0
2010-07-17,1.4,11.5,,10.6,0.4,,4.8,24.2,71.0,0.0,1.0,20.5,18.0,26.2,1.7,0.0,37.0,26.4,,35.0,32.6,16.4,42.6,13.2,0.0,3.0,4.0,1.4,0.0,12.4,22.2,9.2,35.5,0.0,0.0,27.0
2010-07-18,57.8,0.9,,3.2,2.0,,0.0,3.4,30.0,34.2,1.5,16.5,8.5,15.4,0.0,55.2,41.0,0.3,,8.0,0.0,1.5,0.4,1.3,5.7,0.5,0.8,0.4,0.0,2.3,0.0,0.0,1.5,54.0,32.4,0.0
2010-07-19,0.6,27.2,,8.6,12.4,,2.3,24.6,0.0,44.4,33.2,10.2,12.0,0.0,0.0,0.0,0.0,8.8,,5.0,20.1,11.7,1.2,15.5,7.5,2.6,6.8,2.8,0.5,5.0,0.0,0.0,32.0,0.0,0.0,67.0
2010-07-20,1.0,6.1,,12.6,5.0,,38.3,7.2,14.0,9.0,10.5,7.2,0.0,8.5,11.4,13.2,10.0,14.2,,42.0,8.3,52.0,9.8,6.5,12.1,8.0,9.0,11.0,8.2,4.1,0.0,13.0,11.5,0.0,3.6,54.0
2010-07-21,9.0,3.2,,0.0,0.0,,1.6,10.0,42.0,0.0,16.5,17.3,0.0,20.4,4.0,0.0,15.0,4.1,,24.0,0.0,1.7,2.6,0.3,42.1,2.5,0.0,0.0,0.0,16.2,40.4,0.0,27.1,0.0,2.2,0.0
2010-07-22,0.0,80.7,,22.0,36.6,,7.0,69.4,53.0,26.0,0.0,0.0,0.0,10.5,0.0,40.1,0.0,30.4,,4.0,40.4,39.5,28.4,40.0,46.2,37.0,9.8,38.8,15.5,7.3,56.3,0.0,0.0,0.0,99.8,0.0
2010-07-23,0.6,3.0,,0.0,3.6,,7.3,11.6,0.0,0.0,76.5,0.0,0.0,14.2,0.0,19.2,40.0,1.3,,0.0,1.9,16.2,0.2,3.2,0.0,1.5,7.1,6.6,47.2,3.2,73.5,0.0,9.0,0.0,0.0,0.0
2010-07-24,38.4,0.0,,0.0,0.0,,6.9,10.0,62.0,0.0,11.5,12.0,11.5,4.4,0.0,0.0,0.0,0.0,,10.0,0.0,6.0,2.2,2.3,6.5,0.5,0.8,0.0,0.0,2.1,0.0,0.0,10.2,0.0,0.0,0.0
2010-07-25,0.0,4.3,,6.4,3.0,,0.0,6.6,0.0,0.0,0.0,16.1,0.0,0.0,18.5,0.0,0.0,11.5,,3.0,5.2,8.3,0.4,7.2,12.5,1.2,4.5,5.0,0.0,14.0,0.0,0.0,2.0,0.0,0.0,0.0
2010-07-26,0.0,3.6,,19.8,2.0,,1.0,4.6,0.0,28.8,0.0,19.2,0.0,0.0,0.0,0.0,35.0,2.8,,0.0,27.4,3.0,0.6,4.1,0.0,3.0,22.2,3.2,29.5,2.5,0.0,0.0,0.0,0.0,0.0,0.0
2010-07-27,0.0,5.3,,11.8,1.8,,1.2,60.2,0.0,0.0,5.0,20.3,0.0,0.0,0.0,0.0,35.0,3.9,,2.0,6.8,16.0,0.8,10.2,9.0,6.1,24.4,2.6,0.0,23.0,0.0,0.0,1.0,0.0,0.0,0.0
2010-07-28,0.0,3.2,,15.4,5.2,,5.5,8.4,0.0,0.0,0.0,4.5,15.5,5.2,0.0,0.0,0.0,20.2,,15.0,11.2,4.5,6.6,4.0,10.0,14.0,0.0,11.0,4.5,16.0,0.0,0.0,20.0,0.0,2.0,0.0
2010-07-29,0.0,6.2,,18.6,6.6,,0.0,6.8,0.0,0.0,0.0,9.7,4.5,18.2,1.0,5.5,0.0,5.9,,40.0,3.8,13.0,3.8,4.2,28.0,23.5,0.0,7.0,0.0,22.3,0.0,0.0,11.1,0.0,0.0,0.0
2010-07-30,27.6,52.6,,25.4,35.2,,45.5,79.6,12.0,0.0,19.5,36.0,0.0,42.4,8.0,30.2,0.0,26.1,,12.0,42.4,44.6,24.4,10.0,72.5,28.5,60.5,41.5,49.8,27.5,0.0,0.0,0.0,58.0,0.1,0.0
2010-07-31,0.0,8.2,,18.0,0.8,,7.9,29.4,3.3,0.0,3.2,3.9,0.0,0.0,3.4,0.0,0.0,0.9,,0.0,3.2,3.5,1.6,7.5,15.2,0.5,32.0,0.8,5.2,4.5,13.4,0.0,9.0,0.0,2.2,0.0
2010-08-01,0.0,2.4,,3.4,1.4,9.0,4.4,15.4,19.0,41.2,3.7,8.3,0.5,9.5,8.6,0.0,41.0,2.0,,4.0,4.2,19.3,2.2,3.4,6.0,0.4,0.0,1.0,0.0,0.0,0.0,0.0,12.0,0.0,0.0,0.0
2010-08-02,10.6,10.5,,6.8,0.0,16.4,15.6,8.0,4.3,41.0,14.2,14.9,0.7,10.5,60.5,0.0,0.0,1.5,,0.0,8.2,5.3,1.8,5.0,10.0,1.0,21.5,0.0,10.3,9.3,0.0,0.0,7.6,4.0,13.2,0.0
2010-08-03,0.0,8.7,,10.2,7.8,17.0,2.4,23.4,0.0,41.4,3.3,11.6,2.0,0.0,14.3,0.0,0.0,9.0,,0.0,6.1,9.4,9.4,11.5,9.0,12.5,30.0,8.2,13.4,10.5,0.0,0.0,10.0,0.0,0.0,0.0
2010-08-04,0.0,0.0,,0.0,0.0,2.0,5.2,44.2,0.0,41.1,3.2,0.0,3.0,0.0,4.0,0.0,0.0,0.0,,2.0,2.0,0.0,0.0,0.1,0.0,1.0,21.5,0.0,55.2,4.3,0.0,0.0,0.0,0.0,0.0,0.0
2010-08-05,0.0,48.7,,0.0,16.8,0.0,0.0,70.2,9.2,0.0,20.5,0.0,0.4,0.0,2.7,0.0,44.0,20.7,,30.0,19.0,16.4,6.2,18.5,37.5,20.4,56.5,10.0,43.8,19.2,0.0,3.1,0.0,9.0,15.0,0.0
2010-08-06,0.0,7.1,,11.6,5.2,5.8,0.0,13.4,10.2,20.2,22.3,4.7,5.3,44.5,30.4,0.0,0.0,14.6,,0.0,8.1,22.5,13.6,13.2,21.6,11.0,10.4,4.6,37.5,25.0,0.0,0.0,12.1,0.0,0.0,0.0
2010-08-07,0.0,2.5,,6.2,1.4,0.0,0.8,1.4,0.0,20.0,1.5,0.0,0.2,0.0,0.0,0.0,0.0,0.3,,32.0,40.0,0.5,0.4,1.0,0.0,1.0,2.5,1.8,47.2,0.0,0.0,0.0,0.0,0.0,0.2,0.0
2010-08-08,0.0,8.8,,38.6,0.2,1.5,8.9,31.2,0.0,41.2,1.7,1.7,6.4,0.0,0.0,0.0,0.0,0.2,,8.0,19.1,12.0,1.0,2.5,8.0,0.0,52.0,0.2,33.8,1.0,0.0,0.0,3.0,0.0,0.0,0.0
2010-08-09,0.0,70.6,,33.8,12.4,5.0,0.0,53.6,0.0,41.6,0.0,0.0,7.5,0.0,18.0,0.0,0.0,9.0,,10.0,40.2,16.0,17.6,72.0,10.0,4.0,38.0,13.0,18.5,0.0,0.0,0.0,22.1,0.0,0.0,0.0
2010-08-10,0.0,37.5,,0.0,8.0,0.0,0.0,8.6,0.0,0.0,7.4,29.4,8.5,0.0,0.0,40.0,30.0,0.3,,0.0,8.6,51.9,0.8,2.0,11.5,3.5,30.0,26.6,55.8,3.5,0.0,0.0,0.0,0.0,0.0,0.0
2010-08-11,0.0,52.6,,0.0,0.4,0.0,0.0,6.8,0.0,15.2,11.0,1.9,9.5,0.0,0.0,20.5,0.0,5.3,,0.0,93.6,1.7,7.8,0.5,0.0,0.0,5.0,1.0,48.5,2.2,0.0,0.0,3.3,0.0,0.0,64.0
2010-08-12,0.0,3.6,,20.0,0.2,0.0,33.2,14.8,5.0,40.2,1.0,4.2,0.5,0.0,0.0,3.0,0.0,0.0,,0.0,6.0,1.5,42.6,3.5,46.0,0.0,24.0,0.4,10.2,5.2,0.0,33.2,0.9,0.0,1.2,12.0
2010-08-13,21.0,0.0,,2.0,0.0,0.0,86.0,3.8,1.1,40.0,11.5,8.2,0.1,0.0,0.0,25.0,34.0,5.5,,0.0,6.2,5.5,1.0,0.5,0.0,2.5,15.0,0.0,15.5,4.4,0.0,0.0,19.2,0.0,0.0,0.0
2010-08-14,2.0,13.2,,43.4,9.4,2.0,22.1,47.2,14.0,38.4,69.5,4.6,0.0,84.4,26.4,5.4,45.0,24.9,,15.0,33.0,0.0,14.0,1.0,18.5,13.6,34.0,5.4,0.0,2.0,0.0,10.5,1.9,115.0,12.8,0.0
2010-08-15,22.0,1.5,,0.0,2.8,15.5,80.0,12.6,0.0,20.2,4.0,10.8,0.3,6.2,0.0,3.1,0.0,0.2,,20.0,11.6,57.0,0.6,0.2,11.0,0.2,5.0,3.2,4.2,10.0,0.0,0.0,2.4,6.0,0.0,0.0
2010-08-16,0.0,3.2,,0.0,6.0,25.5,1.6,14.6,0.0,4.2,9.5,2.4,0.2,0.0,1.0,18.0,0.0,10.2,,35.0,6.2,11.5,0.6,3.5,20.0,1.8,14.0,3.8,30.8,6.2,0.0,0.0,54.1,0.0,0.0,0.0
2010-08-17,6.6,19.6,,7.4,39.6,14.5,4.8,68.4,34.2,0.0,6.2,12.6,16.5,14.5,4.0,10.5,10.0,22.7,,4.4,17.4,38.0,61.2,40.0,8.0,20.5,18.0,27.6,4.2,17.0,0.0,0.0,17.2,2.0,9.2,31.0
2010-08-18,1.0,1.5,,0.0,4.6,20.0,2.5,7.6,2.4,4.2,6.5,28.5,16.3,0.0,7.5,20.2,22.0,2.4,,28.0,1.3,8.4,2.0,7.0,7.0,0.5,13.4,9.2,0.0,7.2,0.0,11.2,15.4,46.0,0.4,0.0
2010-08-19,94.2,3.5,,7.8,5.8,23.4,54.1,6.6,6.0,4.4,2.8,19.3,20.4,0.0,17.5,0.0,0.0,11.3,,10.0,14.0,23.7,7.8,15.0,0.0,1.0,8.0,0.6,8.8,5.2,0.0,42.3,56.8,0.0,0.0,8.0
2010-08-20,8.6,45.8,,27.2,10.4,22.5,43.5,31.2,42.0,10.0,0.0,50.8,18.5,0.0,9.3,41.0,0.0,23.7,,50.0,24.0,2.1,5.4,12.0,10.0,8.4,37.0,5.2,50.2,17.3,20.3,4.0,2.4,0.0,0.0,0.0
2010-08-21,52.0,36.0,,31.2,16.6,15.0,43.7,43.0,34.0,30.4,6.4,15.0,12.0,14.4,16.0,37.5,0.0,40.1,,45.0,51.2,109.0,11.2,38.2,75.0,15.0,32.0,13.0,53.5,7.5,15.5,9.1,28.3,33.0,9.2,21.0
2010-08-22,33.0,4.6,,11.0,3.6,10.0,22.0,46.6,22.0,20.4,5.4,39.3,10.2,10.2,0.0,40.0,35.0,3.9,,5.5,7.2,12.3,13.4,10.5,13.5,13.5,30.5,4.6,25.8,4.5,40.3,3.2,10.5,0.0,8.6,41.0
2010-08-23,27.4,7.5,,8.2,6.4,25.0,121.8,10.2,34.0,10.2,36.2,77.4,23.5,13.4,0.0,21.5,0.0,4.0,,0.0,12.0,24.0,3.0,4.5,22.1,12.4,12.0,13.0,21.5,13.4,6.0,17.3,81.1,6.0,25.7,9.0
2010-08-24,38.4,37.5,,42.4,46.4,85.0,238.9,23.6,74.0,0.0,38.5,20.5,65.0,40.2,18.0,40.5,0.0,55.3,,7.0,13.2,97.0,45.0,50.2,48.0,56.5,30.2,56.4,63.9,60.2,0.0,15.0,230.5,32.0,23.6,0.0
2010-08-25,30.6,20.9,,19.2,27.2,12.0,67.1,17.0,154.0,0.0,21.7,0.0,8.0,50.5,13.0,20.0,20.0,27.5,,60.0,7.8,32.4,45.2,27.5,17.0,27.0,20.6,23.8,24.2,37.5,0.0,25.5,24.9,56.0,0.0,0.0
2010-08-26,0.0,2.7,,0.0,12.2,7.0,7.3,2.4,0.0,0.0,10.5,0.0,3.2,25.4,6.5,0.0,0.0,18.5,,45.0,0.0,0.0,0.8,2.5,25.0,7.5,5.5,9.0,17.5,9.4,0.0,2.5,24.3,0.0,0.0,0.0
2010-08-27,0.0,3.4,,43.4,0.0,13.0,0.0,2.0,26.3,0.0,70.0,0.0,1.5,108.5,1.5,0.0,0.0,0.0,,20.0,21.3,4.2,1.4,0.5,14.0,0.0,13.0,0.2,22.8,3.2,0.0,0.0,41.3,44.0,3.4,0.0
2010-08-28,3.6,21.5,,0.0,25.2,15.0,0.0,32.4,22.3,0.0,32.3,6.4,2.0,6.2,24.6,0.0,0.0,8.5,,0.0,18.6,35.5,14.0,17.2,42.0,10.2,20.0,16.0,22.0,4.5,0.0,0.0,0.0,0.0,0.0,0.0
2010-08-29,11.2,1.7,,9.8,0.0,14.0,10.3,36.4,1.3,0.0,0.0,4.3,0.5,0.0,0.0,0.0,0.0,0.6,,0.0,1.3,8.5,1.8,1.5,41.1,0.0,13.0,0.2,19.2,35.4,0.0,0.0,15.5,0.0,0.0,0.0
2010-08-30,0.0,8.7,,10.4,4.4,9.0,20.4,65.0,0.0,5.2,18.4,0.0,3.2,0.0,28.0,0.0,0.0,2.9,,4.0,17.4,5.0,0.6,3.2,4.5,3.5,10.5,3.4,23.1,0.0,0.0,0.0,3.4,0.0,0.0,0.0
2010-08-31,2.4,0.5,,8.6,2.6,7.0,3.0,3.2,0.0,0.0,29.4,8.7,0.5,0.0,5.5,0.0,56.0,28.8,,12.2,1.0,2.5,0.0,2.3,2.0,8.6,5.7,4.0,0.8,17.2,0.0,19.9,15.7,0.0,0.0,0.0
2010-09-01,1.0,12.4,,11.2,7.6,4.0,31.5,51.0,47.0,0.0,4.7,5.8,17.2,1.2,0.0,0.0,0.0,0.0,8.0,20.5,8.4,54.5,4.2,19.0,14.0,6.2,10.0,8.6,8.9,31.4,0.0,0.0,18.1,0.0,0.0,0.0
2010-09-02,1.4,13.2,,0.0,5.4,10.0,0.0,47.6,0.0,0.0,0.0,4.8,3.1,0.0,2.8,0.0,0.0,0.0,3.0,32.0,20.2,13.0,0.0,7.2,31.0,1.8,58.5,4.4,12.5,43.5,5.5,0.0,8.4,0.0,0.0,0.0
2010-09-03,45.8,24.7,,0.0,9.4,20.5,11.9,21.0,48.0,0.0,43.5,38.3,0.0,0.0,29.4,0.0,0.0,0.0,13.0,12.4,12.0,13.2,3.6,6.1,3.5,19.5,38.5,3.8,2.1,12.5,0.0,10.2,35.4,4.0,0.0,0.0
2010-09-04,0.0,33.4,,0.0,12.6,10.0,1.5,2.0,15.0,0.0,6.4,9.9,0.0,3.2,12.0,0.0,0.0,0.0,6.0,15.6,17.2,7.5,15.4,16.5,7.6,13.5,10.2,9.4,10.3,1.5,0.0,5.1,2.1,0.0,0.0,0.0
2010-09-05,0.0,1.9,,0.0,0.8,21.0,9.3,57.0,0.0,10.2,0.0,2.2,15.4,6.4,40.7,0.0,0.0,0.0,18.0,0.0,13.2,7.3,0.0,6.5,7.0,0.5,24.0,1.6,12.5,0.0,0.0,3.0,10.3,8.0,0.0,0.0
2010-09-06,0.0,3.7,,74.0,0.2,6.0,6.8,6.4,35.0,20.2,42.0,33.9,19.1,28.2,0.0,0.0,0.0,0.0,9.0,12.0,8.1,20.2,3.8,3.5,18.0,0.6,8.0,0.8,4.8,44.5,0.0,0.0,92.4,0.0,0.0,0.0
2010-09-07,0.0,70.1,,35.0,86.4,8.0,8.5,7.2,18.0,20.4,43.4,56.8,31.1,25.4,0.0,0.0,0.0,0.0,60.0,12.0,79.4,37.5,30.4,53.0,52.0,80.5,60.0,73.1,42.1,9.5,0.0,15.8,0.0,8.0,13.0,8.5
2010-09-08,0.0,1.8,,7.6,4.6,10.0,7.4,54.4,3.3,10.3,6.5,12.9,35.1,0.0,7.0,0.0,0.0,0.0,6.0,4.0,2.0,3.7,8.2,3.2,5.0,6.3,50.5,4.2,7.5,1.0,0.0,0.0,7.7,0.0,0.0,0.0
2010-09-09,0.0,0.0,,2.8,0.6,2.0,1.2,39.6,2.0,5.4,21.3,3.2,26.2,0.0,17.5,0.0,0.0,0.0,0.0,6.3,0.0,0.0,0.0,0.2,0.0,6.0,7.0,0.2,0.0,0.5,0.0,0.0,3.1,4.6,14.0,0.0
2010-09-10,7.2,0.3,,4.6,0.0,5.0,1.0,3.6,84.0,2.2,17.5,8.4,13.1,0.0,4.5,0.0,0.0,0.0,3.0,0.0,0.0,27.3,0.0,0.4,1.0,1.0,3.0,0.2,0.0,12.5,16.4,0.0,17.3,0.0,0.0,0.0
2010-09-11,1.0,0.0,,33.6,0.0,0.0,1.1,5.4,4.2,7.2,16.3,11.2,27.3,0.0,70.5,0.0,0.0,0.0,0.0,0.0,0.0,5.0,0.0,32.5,1.5,0.0,10.0,0.6,0.0,0.0,15.3,0.0,12.5,0.0,0.0,0.0
2010-09-12,67.4,22.7,,8.6,24.2,35.7,67.9,41.6,3.0,20.2,19.0,66.3,55.4,30.2,1.0,0.0,0.0,0.0,3.0,0.0,23.0,8.5,0.2,0.4,33.0,4.5,29.0,12.4,10.2,0.0,0.0,0.0,1.3,8.6,52.4,0.0
2010-09-13,0.0,3.6,,4.4,9.4,1.5,0.8,2.0,0.0,10.0,31.0,18.1,0.0,0.0,5.5,0.0,0.0,0.0,9.0,6.4,0.0,2.8,0.2,0.5,0.8,0.0,8.0,0.2,0.0,5.0,0.0,0.0,0.9,0.0,0.0,0.0
2010-09-14,0.0,1.4,,9.4,0.0,2.5,94.8,27.2,0.0,2.0,12.0,2.5,44.1,0.0,10.5,45.0,0.0,0.0,0.0,15.0,5.8,26.0,0.0,2.5,51.0,0.0,20.0,0.0,0.0,1.5,10.2,0.0,10.0,0.0,0.0,0.0
2010-09-15,0.0,2.3,,35.4,14.2,5.5,4.6,3.6,5.0,14.2,35.5,6.0,31.2,0.0,9.0,40.0,0.0,0.0,2.0,8.0,6.7,6.5,1.2,1.2,20.6,6.7,2.0,9.0,0.3,26.0,5.4,5.2,42.5,0.0,0.0,41.0
2010-09-16,21.0,12.2,,5.4,52.2,48.0,33.2,40.2,3.0,10.2,15.5,31.4,11.4,2.4,11.4,27.0,0.0,0.0,6.0,14.4,22.8,7.0,13.6,2.5,6.6,42.5,11.0,50.6,0.5,47.0,0.0,0.0,35.2,3.0,0.4,0.0
2010-09-17,17.0,3.3,,4.0,6.8,50.5,15.9,4.4,6.0,41.2,2.5,19.9,0.0,10.4,9.5,16.0,0.0,0.0,4.0,8.0,3.0,5.5,5.4,4.2,15.0,17.0,1.0,8.2,0.0,21.2,15.4,0.0,19.7,27.0,2.4,0.0
2010-09-18,35.4,4.0,,7.8,8.2,0.0,4.8,9.4,4.2,0.0,19.3,7.0,0.0,7.5,13.0,3.0,0.0,0.0,3.0,16.4,2.4,3.6,2.4,2.3,6.0,31.5,12.8,13.6,0.0,13.0,16.6,4.3,11.1,6.0,19.4,13.5
2010-09-19,15.0,2.6,,3.6,5.6,29.5,2.6,5.6,6.0,0.0,3.0,22.5,0.0,4.5,1.0,10.0,0.0,0.0,2.0,3.4,5.1,2.2,3.2,2.2,4.0,14.0,8.0,12.0,6.7,17.5,0.0,6.1,16.8,7.0,7.7,32.0
2010-09-20,0.0,0.0,,23.6,0.4,6.0,17.2,14.2,6.2,0.0,0.0,6.2,0.0,7.2,15.4,0.0,0.0,0.0,0.0,0.0,0.0,0.5,0.8,4.5,0.0,6.0,9.0,2.0,8.9,3.0,0.0,0.0,4.5,0.0,0.0,0.0
2010-09-21,0.0,3.1,,0.0,0.0,0.3,0.0,23.6,18.0,0.0,0.0,7.4,0.0,0.0,0.7,21.0,0.0,0.0,0.0,0.0,0.0,11.0,0.0,0.5,2.6,0.0,5.0,0.0,0.0,0.0,0.0,0.0,20.1,2.0,0.0,0.0
2010-09-22,44.4,0.0,,0.0,0.0,4.6,12.8,1.6,24.0,0.0,4.1,1.5,0.0,0.0,0.0,45.0,0.0,0.0,0.0,0.0,0.0,2.5,0.0,5.5,0.8,0.0,0.5,0.0,0.0,0.0,0.0,0.0,27.5,0.0,15.6,0.0
2010-09-23,12.4,0.0,,0.0,0.0,4.5,41.1,2.2,0.0,0.0,38.0,20.0,0.0,0.0,0.0,0.0,0.0,0.0,7.0,0.0,0.0,2.5,4.8,0.2,3.2,2.5,0.0,0.0,0.3,3.5,0.0,0.0,0.0,0.0,0.0,0.0
2010-09-24,0.0,0.4,,1.8,1.2,4.5,0.5,0.0,0.0,0.0,1.0,0.9,0.0,0.0,0.0,0.0,0.0,0.0,5.0,0.0,0.0,0.0,0.0,0.0,0.4,0.0,0.5,2.6,0.5,1.0,0.0,23.1,0.0,0.0,0.0,0.0
2010-09-25,0.0,0.0,,0.0,0.0,3.5,2.9,0.4,6.0,0.0,6.5,0.0,0.0,0.0,19.5,0.0,0.0,0.0,2.2,0.0,0.0,0.0,26.6,8.5,0.0,0.0,0.2,0.4,0.0,5.4,0.0,0.0,0.0,0.0,0.0,0.0
2010-09-26,0.0,0.0,,0.0,0.0,2.0,0.2,3.0,0.0,0.0,1.8,3.7,0.0,0.0,10.5,0.0,0.0,0.0,3.0,0.0,0.0,2.5,0.0,0.0,2.0,0.0,0.0,0.0,0.0,0.0,37.2,0.0,6.0,0.0,0.0,0.0
2010-09-27,0.0,0.0,,0.0,0.0,0.0,13.1,0.0,8.0,0.0,3.0,1.1,17.4,0.0,31.0,0.0,0.0,0.0,2.0,0.0,0.0,0.0,43.2,0.0,0.0,0.0,0.0,0.0,0.0,0.0,0.0,0.0,9.1,0.0,0.0,18.5
2010-09-28,0.0,0.0,,0.0,0.0,0.0,0.0,0.0,0.0,0.0,4.1,0.0,12.2,0.0,27.8,0.0,0.0,0.0,0.0,0.0,0.0,0.0,0.2,0.0,0.0,0.0,0.0,0.0,0.0,0.0,0.0,0.0,15.2,0.0,0.0,0.0
2010-09-29,0.0,0.0,,0.0,0.0,0.0,0.0,0.0,0.0,0.0,21.5,0.0,21.3,0.0,2.0,0.0,0.0,0.0,0.0,0.0,0.0,0.0,0.0,0.0,0.0,0.0,0.0,0.0,0.0,0.0,0.0,0.0,0.0,0.0,0.0,0.0
2010-09-30,0.0,0.0,,0.0,0.0,0.0,3.0,0.0,0.0,0.0,0.0,0.0,0.0,0.0,22.0,0.0,0.0,0.0,0.0,0.0,0.0,0.0,0.0,0.0,0.0,0.0,0.0,0.0,0.0,0.0,0.0,0.0,0.0,0.0,0.0,0.0
2010-10-01,0.0,1.6,0.0,0.0,0.0,0.0,2.3,0.0,0.0,,0.0,0.0,0.0,0.0,7.6,0.0,0.0,0.0,0.0,0.0,0.0,5.1,0.0,4.2,2.5,0.0,2.0,0.0,7.8,0.0,0.0,0.0,0.0,0.0,0.0,0.0
2010-10-02,0.0,0.0,0.0,0.0,0.0,0.0,0.0,0.0,0.0,,1.5,0.0,4.1,0.0,10.5,0.0,0.0,0.0,0.0,0.0,0.0,1.0,0.0,0.0,0.0,0.0,0.0,0.0,0.0,0.0,0.0,0.0,0.0,0.0,0.0,0.0
2010-10-03,0.0,0.0,0.0,0.0,0.0,0.0,0.0,0.0,0.0,,0.0,0.0,15.2,0.0,0.0,0.0,0.0,0.0,0.0,0.0,0.0,0.0,0.0,0.0,0.0,0.0,0.0,0.0,0.0,0.0,0.0,0.0,0.0,0.0,0.0,0.0
2010-10-04,0.0,0.0,0.0,0.0,0.0,0.0,26.1,0.0,0.0,,0.0,0.0,0.0,0.0,37.0,0.0,0.0,0.0,0.0,0.0,0.0,0.0,0.0,0.0,0.0,0.0,0.0,0.0,0.0,0.0,18.2,0.0,0.0,0.0,0.0,0.0
2010-10-05,0.0,0.0,0.0,0.0,0.0,0.0,0.0,0.0,0.0,,0.0,0.0,0.0,0.0,14.5,0.0,0.0,0.0,0.0,0.0,0.0,0.0,0.0,0.0,0.0,0.0,0.0,0.0,0.0,0.0,0.0,0.0,0.0,0.0,0.0,0.0
2010-10-06,0.0,0.0,0.0,0.0,0.0,0.0,0.0,0.0,49.0,,0.0,0.0,0.0,0.0,18.0,0.0,0.0,0.0,0.0,0.0,0.0,0.0,0.0,0.0,3.0,0.0,0.0,0.0,0.0,0.0,10.0,0.0,84.1,0.0,0.0,0.0
2010-10-07,0.1,0.3,17.5,0.0,0.0,0.0,15.6,0.0,0.0,,0.0,0.0,0.0,0.0,28.7,0.0,0.0,0.0,3.0,0.0,0.0,1.0,0.0,0.0,0.0,0.0,0.0,0.0,0.0,0.0,0.0,0.0,0.0,68.0,67.0,28.5
2010-10-08,0.0,0.0,0.0,0.0,0.0,0.0,0.0,0.0,14.0,,32.6,0.0,3.2,62.4,0.0,15.2,0.0,0.0,0.0,0.0,0.0,0.0,0.0,0.2,0.0,0.0,0.0,0.0,0.9,0.0,0.0,0.0,52.1,0.0,0.0,0.0
2010-10-09,21.6,0.0,0.0,3.2,2.4,9.0,31.8,2.4,3.0,,8.0,0.0,4.1,27.2,0.0,12.5,0.0,0.0,0.0,0.0,0.0,0.0,0.0,0.1,3.0,1.5,0.0,1.6,0.0,0.0,0.0,0.0,4.0,10.0,7.0,0.0
2010-10-10,0.0,0.0,0.0,0.0,0.0,1.0,0.0,0.0,0.0,,10.0,0.0,22.3,0.0,0.0,5.0,0.0,0.0,0.0,0.0,0.0,0.0,0.0,0.0,1.0,0.0,0.0,0.0,0.0,0.5,0.0,0.0,17.5,50.0,10.6,0.0
2010-10-11,82.4,0.0,0.0,0.0,0.0,0.0,4.2,0.0,56.0,,38.0,0.0,31.0,14.2,7.0,0.0,0.0,0.0,0.0,0.0,0.0,0.0,0.0,0.0,2.0,0.0,0.0,0.0,0.0,0.0,0.0,0.0,0.0,0.0,1.6,0.0
2010-10-12,0.0,0.0,0.3,0.0,0.0,0.0,0.0,0.0,6.2,,0.0,0.0,12.3,0.0,3.5,0.0,0.0,0.0,0.0,0.0,0.0,16.5,4.2,17.2,0.0,0.0,0.0,0.0,0.0,0.0,25.5,0.0,0.0,0.0,0.0,0.0
2010-10-13,0.0,0.0,0.0,0.0,0.0,0.0,0.0,0.0,0.0,,0.0,0.0,27.4,0.0,11.0,0.0,0.0,0.0,0.0,0.0,0.0,0.0,0.0,1.5,0.0,0.0,0.0,0.0,0.0,4.5,0.0,0.0,0.0,0.0,0.0,0.0
2010-10-14,0.0,0.0,0.1,0.0,0.0,0.0,0.0,2.6,0.0,,0.0,0.0,41.2,0.0,0.0,5.1,0.0,0.0,0.0,0.0,0.0,0.0,0.0,0.2,0.0,0.0,2.0,0.0,3.5,0.0,0.0,5.1,0.0,0.0,0.0,0.0
2010-10-15,1.4,1.4,6.5,0.0,2.2,0.0,0.0,1.6,0.0,,0.0,0.0,62.3,0.0,0.0,3.4,0.0,4.9,0.0,0.0,13.3,0.0,0.2,0.1,0.0,0.0,0.0,0.4,0.7,1.0,0.0,5.6,0.0,0.0,0.0,0.0
2010-10-16,1.0,0.0,21.0,0.0,0.0,33.5,6.9,0.8,0.0,,0.0,0.0,21.1,0.0,0.0,0.0,0.0,1.0,3.2,0.0,1.4,0.0,0.6,0.3,1.0,1.5,1.0,0.0,0.0,7.0,0.0,7.1,0.0,0.0,0.0,0.0
2010-10-17,10.8,14.8,0.5,11.6,16.2,2.0,15.9,10.6,0.0,,0.0,30.2,0.0,0.0,0.4,10.0,0.0,38.4,26.0,0.0,0.0,16.5,28.4,1.2,6.0,12.0,0.0,18.8,6.8,30.5,0.0,11.0,0.0,12.0,4.4,0.0
2010-10-18,7.5,1.2,0.0,1.6,0.0,0.0,1.1,18.4,0.0,,0.0,0.0,0.0,0.0,0.0,0.0,0.0,0.3,0.0,12.0,0.0,0.0,0.6,4.5,0.0,13.2,0.0,0.0,18.9,1.5,0.0,0.0,0.0,0.0,0.0,0.0
2010-10-19,0.0,0.0,0.0,0.0,0.0,0.0,0.0,0.0,0.0,,7.5,0.0,0.0,0.0,4.0,0.0,0.0,0.0,0.0,20.0,0.0,0.0,0.0,0.0,0.5,0.0,0.0,0.0,0.0,0.0,0.0,0.0,0.0,0.0,0.0,0.0
2010-10-20,0.0,0.0,0.0,0.0,0.0,0.0,0.0,0.0,0.0,,0.0,0.0,0.0,0.0,1.3,40.5,0.0,0.0,0.0,0.0,0.0,0.0,0.0,0.0,0.0,0.0,0.0,0.0,0.0,0.0,0.0,0.0,0.0,0.0,0.0,0.0
2010-10-21,32.0,5.2,14.5,13.8,32.2,61.2,15.8,12.0,0.0,,9.7,0.0,0.0,10.5,4.5,27.0,0.0,29.3,3.0,0.0,4.0,8.5,10.4,2.5,22.3,4.5,0.0,20.0,13.8,12.5,0.0,0.0,0.0,0.0,0.0,0.0
2010-10-22,5.0,0.0,0.0,0.0,0.0,3.6,0.0,0.0,27.3,,7.0,0.0,0.0,0.0,0.0,0.0,0.0,0.0,0.0,32.0,0.0,0.0,0.0,0.5,12.3,0.0,0.0,1.8,0.0,0.0,0.0,0.0,0.0,0.0,0.0,0.0
2010-10-23,2.8,0.0,0.0,1.4,0.0,0.0,1.2,6.4,0.0,,1.0,0.0,0.0,0.0,0.0,0.0,0.0,1.3,2.0,0.0,0.0,4.5,0.0,20.5,0.0,0.0,0.0,0.4,0.5,0.0,0.0,0.0,0.0,0.0,0.0,0.0
2010-10-24,0.0,0.0,0.0,0.0,0.0,0.0,0.0,0.0,0.0,,0.0,0.0,0.0,0.0,1.5,0.0,0.0,0.0,0.0,0.0,0.0,0.0,0.0,0.0,0.0,0.0,0.0,0.0,0.0,0.0,0.0,0.0,0.0,0.0,0.0,0.0
2010-10-25,0.0,0.0,0.0,0.0,0.0,0.0,0.0,0.0,0.0,,0.0,0.0,0.0,0.0,0.0,0.0,0.0,0.0,0.0,0.0,0.0,0.0,0.0,0.0,0.0,0.0,0.0,0.0,0.0,0.0,0.0,0.0,0.0,0.0,0.0,0.0
2010-10-26,0.0,0.0,0.0,0.0,0.0,0.0,0.0,0.0,0.0,,0.0,0.0,0.0,0.0,0.0,0.0,0.0,0.0,0.0,0.0,0.0,0.0,0.0,0.0,0.0,0.0,0.0,0.0,0.0,0.0,0.0,0.0,0.0,0.0,0.0,0.0
2010-10-27,0.0,0.0,0.0,0.0,0.0,0.0,0.0,0.0,0.0,,0.0,0.0,0.0,0.0,0.0,0.0,0.0,0.0,0.0,0.0,0.0,0.0,11.0,0.0,0.0,0.0,0.0,0.0,0.0,0.0,0.0,0.0,0.0,0.0,0.0,0.0
2010-10-28,0.0,0.0,0.0,0.0,0.0,0.0,0.0,0.0,0.0,,0.0,0.0,0.0,0.0,0.0,0.0,0.0,0.0,0.0,0.0,0.0,0.0,0.0,0.0,0.0,0.0,0.0,0.0,0.0,0.0,0.0,0.0,0.0,0.0,0.0,0.0
2010-10-29,0.0,0.0,0.0,0.0,0.0,0.0,0.0,0.0,0.0,,0.0,0.0,0.0,0.0,0.0,0.0,0.0,0.0,0.0,0.0,0.0,0.0,0.0,0.0,0.0,0.0,0.0,0.0,0.0,0.0,0.0,0.0,0.0,0.0,0.0,0.0
2010-10-30,0.0,0.0,0.0,0.0,0.0,0.0,0.0,0.0,0.0,,0.0,0.0,0.0,0.0,0.0,0.0,0.0,0.0,0.0,0.0,0.0,0.0,0.0,0.0,0.0,0.0,0.0,0.0,0.0,0.0,0.0,0.0,0.0,0.0,0.0,0.0
2010-10-31,0.0,0.0,0.0,0.0,0.0,0.0,0.0,0.0,0.0,,0.0,0.0,0.0,0.0,0.0,0.0,0.0,0.0,0.0,0.0,0.0,0.0,0.0,0.0,0.0,0.0,0.0,0.0,0.0,0.0,0.0,0.0,0.0,0.0,0.0,0.0
2010-11-01,0.0,0.0,0.0,0.0,0.0,0.0,0.0,0.0,0.0,0.0,0.0,0.0,0.0,0.0,0.0,0.0,0.0,0.0,0.0,0.0,0.0,0.0,0.0,0.0,0.0,0.0,0.0,0.0,0.0,0.0,0.0,0.0,0.0,0.0,0.0,0.0
2010-11-02,0.0,0.0,0.0,0.0,0.0,0.0,0.0,0.0,0.0,0.0,0.0,0.0,0.0,0.0,0.0,0.0,0.0,0.0,0.0,0.0,0.0,0.0,0.0,0.0,0.0,0.0,0.0,0.0,0.0,0.0,0.0,0.0,0.0,0.0,0.0,0.0
2010-11-03,0.0,0.0,0.0,0.0,0.0,0.0,0.0,0.0,0.0,0.0,0.0,0.0,0.0,0.0,0.0,0.0,0.0,0.0,0.0,0.0,0.0,0.0,0.0,0.0,0.0,0.0,0.0,0.0,0.0,0.0,0.0,0.0,0.0,0.0,0.0,0.0
2010-11-04,0.0,0.0,0.0,0.0,0.0,0.0,0.0,0.0,0.0,0.0,0.0,0.0,0.0,0.0,7.0,0.0,0.0,0.0,0.0,0.0,0.0,0.0,0.0,0.0,0.0,0.0,0.0,0.0,0.0,0.0,0.0,0.0,0.0,0.0,0.0,0.0
2010-11-05,0.0,0.0,0.0,0.0,0.0,0.0,0.0,0.0,0.0,0.0,0.0,0.0,0.0,0.0,0.0,0.0,0.0,0.0,0.0,0.0,0.0,0.0,0.0,0.0,0.0,0.0,0.0,0.0,0.0,0.0,0.0,0.0,0.0,0.0,0.0,0.0
2010-11-06,0.0,0.0,0.0,0.0,0.0,0.0,0.0,0.0,0.0,0.0,0.0,0.0,0.0,0.0,0.0,0.0,0.0,0.0,0.0,0.0,0.0,0.0,0.0,0.0,0.0,0.0,0.0,0.0,0.0,0.0,0.0,0.0,0.0,0.0,0.0,0.0
2010-11-07,0.0,0.0,0.0,0.0,0.0,0.0,0.0,0.0,0.0,0.0,0.0,0.0,0.0,0.0,0.0,0.0,0.0,0.0,0.0,0.0,0.0,0.0,0.0,0.0,0.0,0.0,0.0,0.0,0.0,0.0,0.0,0.0,0.0,0.0,0.0,0.0
2010-11-08,0.0,0.0,0.0,0.0,0.0,0.0,0.0,0.0,0.0,0.0,0.0,0.0,0.0,0.0,0.0,0.0,0.0,0.0,0.0,0.0,0.0,0.0,0.0,0.0,0.0,0.0,0.0,0.0,0.0,0.0,0.0,0.0,0.0,0.0,0.0,0.0
2010-11-09,0.0,0.0,0.0,0.0,0.0,0.0,0.0,0.0,0.0,0.0,0.0,0.0,0.0,0.0,0.0,0.0,0.0,0.0,0.0,0.0,0.0,0.0,0.0,0.0,0.0,0.0,0.0,0.0,0.0,0.0,0.0,0.0,0.0,0.0,0.0,0.0
2010-11-10,0.0,0.0,0.0,0.0,0.0,0.0,0.0,0.0,0.0,0.0,0.0,0.0,0.0,0.0,0.0,0.0,0.0,0.0,0.0,0.0,0.0,0.0,0.0,0.0,0.0,0.0,0.0,0.0,0.0,0.0,0.0,0.0,0.0,0.0,0.0,0.0
2010-11-11,0.0,0.0,0.0,0.0,0.0,0.0,0.0,0.0,0.0,0.0,0.0,0.0,0.0,0.0,0.0,0.0,0.0,0.0,0.0,0.0,0.0,0.0,0.0,0.0,0.0,0.0,0.0,0.0,0.0,0.0,0.0,0.0,0.0,0.0,0.0,0.0
2010-11-12,0.0,0.0,0.0,0.0,0.0,0.0,0.0,0.0,0.0,0.0,0.0,0.0,0.0,0.0,0.0,0.0,0.0,0.0,0.0,0.0,0.0,0.0,0.0,0.0,0.0,0.0,0.0,0.0,0.0,0.0,0.0,0.0,0.0,0.0,0.0,0.0
2010-11-13,0.0,0.0,0.0,0.0,0.0,0.0,0.0,0.0,0.0,0.0,0.0,0.0,0.0,0.0,0.0,0.0,0.0,0.0,0.0,0.0,0.0,0.0,0.0,0.0,0.0,0.0,0.0,0.0,0.0,0.0,0.0,0.0,0.0,0.0,0.0,0.0
2010-11-14,0.0,0.0,0.0,0.0,0.0,0.0,0.0,0.0,0.0,0.0,0.0,0.0,0.0,0.0,0.0,0.0,0.0,0.0,0.0,0.0,0.0,0.0,0.0,0.0,0.0,0.0,0.0,0.0,0.0,0.0,0.0,0.0,0.0,0.0,0.0,0.0
2010-11-15,0.0,0.0,0.0,0.0,0.0,0.0,0.0,0.0,0.0,0.0,0.0,0.0,0.0,0.0,0.0,0.0,0.0,0.0,0.0,0.0,0.0,0.0,0.0,0.0,0.0,0.0,0.0,0.0,0.0,0.0,0.0,0.0,0.0,0.0,0.0,0.0
2010-11-16,0.0,0.0,0.0,0.0,0.0,0.0,0.0,0.0,0.0,0.0,0.0,0.0,0.0,0.0,0.0,0.0,0.0,0.0,0.0,0.0,0.0,0.0,0.0,0.0,0.0,0.0,0.0,0.0,0.0,0.0,0.0,0.0,0.0,0.0,0.0,0.0
2010-11-17,0.0,0.0,0.0,0.0,0.0,0.0,0.0,0.0,0.0,0.0,0.0,0.0,0.0,0.0,0.0,0.0,0.0,0.0,0.0,0.0,0.0,0.0,0.0,0.0,0.0,0.0,0.0,0.0,0.0,0.0,0.0,0.0,0.0,0.0,0.0,0.0
2010-11-18,0.0,0.0,0.0,0.0,0.0,0.0,0.0,0.0,0.0,0.0,0.0,0.0,0.0,0.0,0.0,0.0,0.0,0.0,0.0,0.0,0.0,0.0,0.0,0.0,0.0,0.0,0.0,0.0,0.0,0.0,0.0,0.0,0.0,0.0,0.0,0.0
2010-11-19,0.0,0.0,0.0,0.0,0.0,0.0,0.0,0.0,0.0,0.0,0.0,0.0,0.0,0.0,0.0,0.0,0.0,0.0,0.0,0.0,0.0,0.0,0.0,0.0,0.0,0.0,0.0,0.0,0.0,0.0,0.0,0.0,0.0,0.0,0.0,0.0
2010-11-20,0.0,0.0,0.0,0.0,0.0,0.0,0.0,0.0,0.0,0.0,0.0,0.0,0.0,0.0,0.0,0.0,0.0,0.0,0.0,0.0,0.0,0.0,0.0,0.0,0.0,0.0,0.0,0.0,0.0,0.0,0.0,0.0,0.0,0.0,0.0,0.0
2010-11-21,0.0,0.0,0.0,0.0,0.0,0.0,0.0,0.0,0.0,0.0,0.0,0.0,0.0,0.0,0.0,0.0,0.0,0.0,0.0,0.0,0.0,0.0,0.0,0.0,0.0,0.0,0.0,0.0,0.0,0.0,0.0,0.0,0.0,0.0,0.0,0.0
2010-11-22,0.0,0.0,0.0,0.0,0.0,0.0,0.0,0.0,0.0,0.0,0.0,0.0,0.0,0.0,0.0,0.0,0.0,0.0,0.0,0.0,0.0,0.0,0.0,0.0,0.0,0.0,0.0,0.0,0.0,0.0,0.0,0.0,0.0,0.0,0.0,0.0
2010-11-23,0.0,0.0,0.0,0.0,0.0,0.0,0.0,0.0,0.0,0.0,0.0,0.0,0.0,0.0,0.0,0.0,0.0,0.0,0.0,0.0,0.0,0.0,0.0,0.0,0.0,0.0,0.0,0.0,0.0,0.0,0.0,0.0,0.0,0.0,0.0,0.0
2010-11-24,0.0,0.0,0.0,0.0,0.0,0.0,0.0,0.0,0.0,0.0,0.0,0.0,0.0,0.0,0.0,0.0,0.0,0.0,0.0,0.0,0.0,0.0,0.0,0.0,0.0,0.0,0.0,0.0,0.0,0.0,0.0,0.0,0.0,0.0,0.0,0.0
2010-11-25,0.0,0.0,0.0,0.0,0.0,0.0,0.0,0.0,0.0,0.0,0.0,0.0,0.0,0.0,0.0,0.0,0.0,0.0,0.0,0.0,0.0,0.0,0.0,0.0,0.0,0.0,0.0,0.0,0.0,0.0,0.0,0.0,0.0,0.0,0.0,0.0
2010-11-26,0.0,0.0,0.0,0.0,0.0,0.0,0.0,0.0,0.0,0.0,0.0,0.0,0.0,0.0,0.0,0.0,0.0,0.0,0.0,0.0,0.0,0.0,0.0,0.0,0.0,0.0,0.0,0.0,0.0,0.0,0.0,0.0,0.0,0.0,0.0,0.0
2010-11-27,0.0,0.0,0.0,0.0,0.0,0.0,0.0,0.0,0.0,0.0,0.0,0.0,0.0,0.0,0.0,0.0,0.0,0.0,0.0,0.0,0.0,0.0,0.0,0.0,0.0,0.0,0.0,0.0,0.0,0.0,0.0,0.0,0.0,0.0,0.0,0.0
2010-11-28,0.0,0.0,0.0,0.0,0.0,0.0,0.0,0.0,0.0,0.0,0.0,0.0,0.0,0.0,0.0,0.0,0.0,0.0,0.0,0.0,0.0,0.0,0.0,0.0,0.0,0.0,0.0,0.0,0.0,0.0,0.0,0.0,0.0,0.0,0.0,0.0
2010-11-29,0.0,0.0,0.0,0.0,0.0,0.0,0.0,0.0,0.0,0.0,0.0,0.0,0.0,0.0,0.0,0.0,0.0,0.0,0.0,0.0,0.0,0.0,0.0,0.0,0.0,0.0,0.0,0.0,0.0,0.0,0.0,0.0,0.0,0.0,0.0,0.0
2010-11-30,0.0,0.0,0.0,0.0,0.0,0.0,0.0,0.0,0.0,0.0,0.0,0.0,0.0,0.0,0.0,0.0,0.0,0.0,0.0,0.0,0.0,0.0,0.0,0.0,0.0,0.0,0.0,0.0,0.0,0.0,0.0,0.0,0.0,0.0,0.0,0.0
2010-12-01,0.0,0.0,0.0,0.0,0.0,0.0,0.0,0.0,0.0,0.0,0.0,0.0,0.0,0.0,0.0,0.0,0.0,0.0,0.0,0.0,0.0,0.0,0.0,0.0,0.0,0.0,0.0,0.0,0.0,0.0,0.0,0.0,0.0,0.0,0.0,0.0
2010-12-02,0.0,0.0,0.0,0.0,0.0,0.0,0.0,0.0,0.0,0.0,0.0,0.0,0.0,0.0,0.0,0.0,0.0,0.0,0.0,0.0,0.0,0.0,0.0,0.0,0.0,0.0,0.0,0.0,0.0,0.0,0.0,0.0,0.0,0.0,0.0,0.0
2010-12-03,0.0,0.0,0.0,0.0,0.0,0.0,0.0,0.0,0.0,0.0,0.0,0.0,0.0,0.0,0.0,0.0,0.0,0.0,0.0,0.0,0.0,0.0,0.0,0.0,0.0,0.0,0.0,0.0,0.0,0.0,0.0,0.0,0.0,0.0,0.0,0.0
2010-12-04,0.0,0.0,0.0,0.0,0.0,0.0,0.0,0.0,0.0,0.0,0.0,0.0,0.0,0.0,0.0,0.0,0.0,0.0,0.0,0.0,0.0,0.0,0.0,0.0,0.0,0.0,0.0,0.0,0.0,0.0,0.0,0.0,0.0,0.0,0.0,0.0
2010-12-05,0.0,0.0,0.0,0.0,0.0,0.0,0.0,0.0,0.0,0.0,0.0,0.0,0.0,0.0,0.0,0.0,0.0,0.0,0.0,0.0,0.0,0.0,0.0,0.0,0.0,0.0,0.0,0.0,0.0,0.0,0.0,0.0,0.0,0.0,0.0,0.0
2010-12-06,0.0,0.0,0.0,0.0,0.0,0.0,0.0,0.0,0.0,0.0,0.0,0.0,0.0,0.0,0.0,0.0,0.0,0.0,0.0,0.0,0.0,0.0,0.0,0.0,0.0,0.0,0.0,0.0,0.0,0.0,0.0,0.0,0.0,0.0,0.0,0.0
2010-12-07,0.0,0.0,0.0,0.0,0.0,0.0,0.0,0.0,0.0,0.0,0.0,0.0,0.0,0.0,0.0,0.0,0.0,0.0,0.0,0.0,0.0,0.0,0.0,0.0,0.0,0.0,0.0,0.0,0.0,0.0,0.0,0.0,0.0,0.0,0.0,0.0
2010-12-08,0.0,0.0,0.0,0.0,0.0,0.0,0.0,0.0,0.0,0.0,0.0,0.0,0.0,0.0,0.0,0.0,0.0,0.0,0.0,0.0,0.0,0.0,0.0,0.0,0.0,0.0,0.0,0.0,0.0,0.0,0.0,0.0,0.0,0.0,0.0,0.0
2010-12-09,0.0,0.0,0.0,0.0,0.0,0.0,0.0,0.0,0.0,0.0,0.0,0.0,0.0,0.0,0.0,0.0,0.0,0.0,0.0,0.0,0.0,0.0,0.0,0.0,0.0,0.0,0.0,0.0,0.0,0.0,0.0,0.0,0.0,0.0,0.0,0.0
2010-12-10,0.0,0.0,0.0,0.0,0.0,0.0,0.0,0.0,0.0,0.0,0.0,0.0,0.0,0.0,0.0,0.0,0.0,0.0,0.0,0.0,0.0,0.0,0.0,0.0,0.0,0.0,0.0,0.0,0.0,0.0,0.0,0.0,0.0,0.0,0.0,0.0
2010-12-11,0.0,0.0,0.0,0.0,0.0,0.0,0.0,0.0,0.0,0.0,0.0,0.0,0.0,0.0,0.0,0.0,0.0,0.0,0.0,0.0,0.0,0.0,0.0,0.0,0.0,0.0,0.0,0.0,0.0,0.0,0.0,0.0,0.0,0.0,0.0,0.0
2010-12-12,0.0,0.0,0.0,0.0,0.0,0.0,0.0,0.0,0.0,0.0,0.0,0.0,0.0,0.0,0.0,0.0,0.0,0.0,0.0,0.0,0.0,0.0,0.0,0.0,0.0,0.0,0.0,0.0,0.0,0.0,0.0,0.0,0.0,0.0,0.0,0.0
2010-12-13,0.0,0.0,0.0,0.0,0.0,0.0,0.0,0.0,0.0,0.0,0.0,0.0,0.0,0.0,0.0,0.0,0.0,0.0,0.0,0.0,0.0,0.0,0.0,0.0,0.0,0.0,0.0,0.0,0.0,0.0,0.0,0.0,0.0,0.0,0.0,0.0
2010-12-14,0.0,0.0,0.0,0.0,0.0,0.0,0.0,0.0,0.0,0.0,0.0,0.0,0.0,0.0,0.0,0.0,0.0,0.0,0.0,0.0,0.0,0.0,0.0,0.0,0.0,0.0,0.0,0.0,0.0,0.0,0.0,0.0,0.0,0.0,0.0,0.0
2010-12-15,0.0,0.0,0.0,0.0,0.0,0.0,0.0,0.0,0.0,0.0,0.0,0.0,0.0,0.0,0.0,0.0,0.0,0.0,0.0,0.0,0.0,0.0,0.0,0.0,0.0,0.0,0.0,0.0,0.0,0.0,0.0,0.0,0.0,0.0,0.0,0.0
2010-12-16,0.0,0.0,0.0,0.0,0.0,0.0,0.0,0.0,0.0,0.0,0.0,0.0,0.0,0.0,0.0,0.0,0.0,0.0,0.0,0.0,0.0,0.0,0.0,0.0,0.0,0.0,0.0,0.0,0.0,0.0,0.0,0.0,0.0,0.0,0.0,0.0
2010-12-17,0.0,0.0,0.0,0.0,0.0,0.0,0.0,0.0,0.0,0.0,0.0,0.0,0.0,0.0,0.0,0.0,0.0,0.0,0.0,0.0,0.0,0.0,0.0,0.0,0.0,0.0,0.0,0.0,0.0,0.0,0.0,0.0,0.0,0.0,0.0,0.0
2010-12-18,0.0,0.0,0.0,0.0,0.0,0.0,0.0,0.0,0.0,0.0,0.0,0.0,0.0,0.0,1.0,0.0,0.0,0.0,0.0,0.0,0.0,0.0,0.0,0.0,0.0,0.0,0.0,0.0,0.0,0.0,0.0,0.0,0.0,0.0,0.0,0.0
2010-12-19,0.0,0.0,0.0,0.0,0.0,0.0,0.0,0.0,0.0,0.0,0.0,0.0,0.0,0.0,0.0,0.0,0.0,0.0,0.0,0.0,0.0,0.0,0.0,0.0,0.0,0.0,0.0,0.0,0.0,0.0,0.0,0.0,0.0,0.0,0.0,0.0
2010-12-20,0.0,0.0,0.0,0.0,0.0,0.0,0.0,0.0,0.0,0.0,0.0,0.0,0.0,0.0,0.0,0.0,0.0,0.0,0.0,0.0,0.0,0.0,0.0,0.0,0.0,0.0,0.0,0.0,0.0,0.0,0.0,0.0,0.0,0.0,0.0,0.0
2010-12-21,0.0,0.0,0.0,0.0,0.0,0.0,0.0,0.0,0.0,0.0,0.0,0.0,0.0,0.0,0.0,0.0,0.0,0.0,0.0,0.0,0.0,0.0,0.0,0.0,0.0,0.0,0.0,0.0,0.0,0.0,0.0,0.0,0.0,0.0,0.0,0.0
2010-12-22,0.0,0.0,0.0,0.0,0.0,0.0,0.0,0.0,0.0,0.0,0.0,0.0,0.0,0.0,0.0,0.0,0.0,0.0,0.0,0.0,0.0,0.0,0.0,0.0,0.0,0.0,0.0,0.0,0.0,0.0,0.0,0.0,0.0,0.0,0.0,0.0
2010-12-23,0.0,0.0,0.0,0.0,0.0,0.0,0.0,0.0,0.0,0.0,0.0,0.0,0.0,0.0,0.0,0.0,0.0,0.0,0.0,0.0,0.0,0.0,0.0,0.0,0.0,0.0,0.0,0.0,0.0,0.0,0.0,0.0,0.0,0.0,0.0,0.0
2010-12-24,0.0,0.0,0.0,0.0,0.0,0.0,0.0,0.0,0.0,0.0,0.0,0.0,0.0,0.0,0.0,0.0,0.0,0.0,0.0,0.0,0.0,0.0,0.0,0.0,0.0,0.0,0.0,0.0,0.0,0.0,0.0,0.0,0.0,0.0,0.0,0.0
2010-12-25,0.0,0.0,0.0,0.0,0.0,0.0,0.0,0.0,0.0,0.0,0.0,0.0,0.0,0.0,0.0,0.0,0.0,0.0,0.0,0.0,0.0,0.0,0.0,0.0,0.0,0.0,0.0,0.0,0.0,0.0,0.0,0.0,0.0,0.0,0.0,0.0
2010-12-26,0.0,0.0,0.0,0.0,0.0,0.0,0.0,0.0,0.0,0.0,0.0,0.0,0.0,0.0,0.0,0.0,0.0,0.0,0.0,0.0,0.0,0.0,0.0,0.0,0.0,0.0,0.0,0.0,0.0,0.0,0.0,0.0,0.0,0.0,0.0,0.0
2010-12-27,0.0,0.0,0.0,0.0,0.0,0.0,0.0,0.0,0.0,0.0,0.0,0.0,0.0,0.0,0.0,0.0,0.0,0.0,0.0,0.0,0.0,0.0,0.0,0.0,0.0,0.0,0.0,0.0,0.0,0.0,0.0,0.0,0.0,0.0,0.0,0.0
2010-12-28,0.0,0.0,0.0,0.0,0.0,0.0,0.0,0.0,0.0,0.0,0.0,0.0,0.0,0.0,0.0,0.0,0.0,0.0,0.0,0.0,0.0,0.0,0.0,0.0,0.0,0.0,0.0,0.0,0.0,0.0,0.0,0.0,0.0,0.0,0.0,0.0
2010-12-29,0.0,0.0,0.0,0.0,0.0,0.0,0.0,0.0,0.0,0.0,0.0,0.0,0.0,0.0,0.0,0.0,0.0,0.0,0.0,0.0,0.0,0.0,0.0,0.0,0.0,0.0,0.0,0.0,0.0,0.0,0.0,0.0,0.0,0.0,0.0,0.0
2010-12-30,0.0,0.0,0.0,0.0,0.0,0.0,0.0,0.0,0.0,0.0,0.0,0.0,0.0,0.0,0.0,0.0,0.0,0.0,0.0,0.0,0.0,0.0,0.0,0.0,0.0,0.0,0.0,0.0,0.0,0.0,0.0,0.0,0.0,0.0,0.0,0.0
2010-12-31,0.0,0.0,0.0,0.0,0.0,0.0,0.0,0.0,0.0,0.0,0.0,0.0,0.0,0.0,0.0,0.0,0.0,0.0,0.0,0.0,0.0,0.0,0.0,0.0,0.0,0.0,0.0,0.0,0.0,0.0,0.0,0.0,0.0,0.0,0.0,0.0
2011-01-01,0.0,3.7,0.0,2.8,3.6,8.0,4.4,5.0,1.3,0.0,2.0,0.0,0.0,0.0,0.0,0.0,0.0,4.0,3.5,0.0,0.0,0.0,0.0,0.0,3.0,0.0,3.7,4.0,4.5,0.0,0.0,0.0,0.0,2.2,3.6,0.0
2011-01-02,0.0,0.0,0.0,0.0,0.0,0.0,0.0,0.0,0.0,0.0,0.0,0.0,0.0,0.0,0.0,0.0,0.0,0.0,0.0,0.0,0.0,0.0,0.0,0.0,0.0,0.0,0.0,0.0,0.0,0.0,0.0,0.0,0.0,0.0,0.0,0.0
2011-01-03,0.0,0.0,0.0,0.0,0.0,0.0,0.0,0.0,0.0,0.0,0.0,0.0,0.0,0.0,0.0,0.0,0.0,0.0,0.0,0.0,0.0,0.0,0.0,0.0,0.0,0.0,0.0,0.0,0.0,0.0,0.0,0.0,0.0,0.0,0.0,0.0
2011-01-04,0.0,0.0,0.0,0.0,0.0,0.0,0.0,0.0,0.0,0.0,0.0,0.0,0.0,0.0,0.0,0.0,0.0,0.0,0.0,0.0,0.0,0.0,0.0,0.0,0.0,0.0,0.0,0.0,0.0,0.0,0.0,0.0,0.0,0.0,0.0,0.0
2011-01-05,0.0,0.0,0.0,0.0,0.0,0.0,0.0,0.0,0.0,0.0,0.0,0.0,0.0,0.0,0.0,0.0,0.0,0.0,0.0,0.0,0.0,0.0,0.0,0.0,0.0,0.0,0.0,0.0,0.0,0.0,0.0,0.0,0.0,0.0,0.0,0.0
2011-01-06,0.0,0.0,0.0,0.0,0.0,0.0,0.0,0.0,0.0,0.0,0.0,0.0,0.0,0.0,0.0,0.0,0.0,0.0,0.0,0.0,0.0,0.0,0.0,0.0,0.0,0.0,0.0,0.0,0.0,0.0,0.0,0.0,0.0,0.0,0.0,0.0
2011-01-07,0.0,0.0,0.0,0.0,0.0,0.0,0.0,0.0,0.0,0.0,0.0,0.0,0.0,0.0,0.0,0.0,0.0,0.0,0.0,0.0,0.0,0.0,0.0,0.0,0.0,0.0,0.0,0.0,0.0,0.0,0.0,0.0,0.0,0.0,0.0,0.0
2011-01-08,0.0,0.0,0.0,0.0,0.0,0.0,0.0,0.0,0.0,0.0,0.0,0.0,0.0,0.0,0.0,0.0,0.0,0.0,0.0,0.0,0.0,0.0,0.0,0.0,0.0,0.0,0.0,0.0,0.0,0.0,0.0,0.0,0.0,0.0,0.0,0.0
2011-01-09,0.0,0.0,0.0,0.0,0.0,0.0,0.0,0.0,0.0,0.0,0.0,0.0,0.0,0.0,0.0,0.0,0.0,0.0,0.0,0.0,0.0,0.0,0.0,0.0,0.0,0.0,0.0,0.0,0.0,0.0,0.0,0.0,0.0,0.0,0.0,0.0
2011-01-10,0.0,0.0,0.0,0.0,0.0,0.0,0.0,0.0,0.0,0.0,0.0,0.0,0.0,0.0,0.0,0.0,0.0,0.0,0.0,0.0,0.0,0.0,0.0,0.0,0.0,0.0,0.0,0.0,0.0,0.0,0.0,0.0,0.0,0.0,0.0,0.0
2011-01-11,0.0,0.0,0.0,0.0,0.0,0.0,0.0,0.0,0.0,0.0,0.0,0.0,0.0,0.0,0.0,0.0,0.0,0.0,0.0,0.0,0.0,0.0,0.0,0.0,0.0,0.0,0.0,0.0,0.0,0.0,0.0,0.0,0.0,0.0,0.0,0.0
2011-01-12,0.0,0.0,0.0,0.0,0.0,0.0,0.0,0.0,0.0,0.0,0.0,0.0,0.0,0.0,0.0,0.0,0.0,0.0,0.0,0.0,0.0,0.0,0.0,0.0,0.0,0.0,0.0,0.0,0.0,0.0,0.0,0.0,0.0,0.0,0.0,0.0
2011-01-13,0.0,0.0,0.0,0.0,0.0,0.0,0.0,0.0,0.0,0.0,0.0,0.0,0.0,0.0,0.0,0.0,0.0,0.0,0.0,0.0,0.0,0.0,0.0,0.0,0.0,0.0,0.0,0.0,0.0,0.0,0.0,0.0,0.0,0.0,0.0,0.0
2011-01-14,0.0,0.0,0.0,0.0,0.0,0.0,0.0,0.0,0.0,0.0,0.0,0.0,0.0,0.0,0.0,0.0,0.0,0.0,0.0,0.0,0.0,0.0,0.0,0.0,0.0,0.0,0.0,0.0,0.0,0.0,0.0,0.0,0.0,0.0,0.0,0.0
2011-01-15,0.0,0.0,0.0,0.0,0.0,0.0,0.0,0.0,0.0,0.0,0.0,0.0,0.0,0.0,0.0,0.0,0.0,0.0,0.0,0.0,0.0,0.0,0.0,0.0,0.0,0.0,0.0,0.0,0.0,0.0,0.0,0.0,0.0,0.0,0.0,0.0
2011-01-16,0.0,0.0,0.0,0.0,0.0,0.0,0.0,0.0,0.0,0.0,0.0,0.0,0.0,0.0,0.0,0.0,0.0,0.0,0.0,0.0,0.0,0.0,0.0,0.1,9.2,0.0,0.0,0.0,0.0,0.0,0.0,2.1,0.0,0.0,0.0,0.0
2011-01-17,0.0,2.5,0.8,2.4,3.4,4.0,5.3,5.0,0.0,0.0,9.5,0.0,0.0,0.0,2.5,0.0,0.0,0.2,0.0,0.0,0.0,1.1,0.0,0.0,0.0,0.2,0.0,9.0,10.1,0.0,0.0,0.0,0.0,0.0,0.0,0.0
2011-01-18,0.0,0.0,0.0,0.0,0.0,0.0,0.0,0.0,0.0,0.0,0.0,0.0,0.0,0.0,0.0,0.0,0.0,0.0,0.0,0.0,0.0,0.0,0.0,0.0,0.0,0.0,0.0,0.0,0.0,0.0,0.0,0.0,0.0,0.0,0.0,0.0
2011-01-19,0.0,0.0,0.0,0.0,0.0,0.0,0.0,0.0,0.0,0.0,0.0,0.0,0.0,0.0,0.0,0.0,0.0,0.0,0.0,0.0,0.0,0.0,0.0,0.0,0.0,0.0,0.0,0.0,0.0,0.0,0.0,0.0,0.0,0.0,0.0,0.0
2011-01-20,0.0,0.0,0.0,0.0,0.0,0.0,0.0,0.0,0.0,0.0,0.0,0.0,0.0,0.0,0.0,0.0,0.0,0.0,0.0,0.0,0.0,0.0,0.0,0.0,0.0,0.0,0.0,0.0,0.0,0.0,0.0,0.0,0.0,0.0,0.0,0.0
2011-01-21,0.0,0.0,0.0,0.0,0.0,0.0,0.0,0.0,0.0,0.0,0.0,0.0,0.0,0.0,0.0,0.0,0.0,0.0,0.0,0.0,0.0,0.0,0.0,0.0,0.0,0.0,0.0,0.0,0.0,0.0,0.0,0.0,0.0,0.0,0.0,0.0
2011-01-22,0.0,0.0,0.0,0.0,0.0,0.0,0.0,0.0,0.0,0.0,0.0,0.0,0.0,0.0,0.0,0.0,0.0,0.0,0.0,0.0,0.0,0.0,0.0,0.0,0.0,0.0,0.0,0.0,0.0,0.0,0.0,0.0,0.0,0.0,0.0,0.0
2011-01-23,0.0,0.0,0.0,0.0,0.0,0.0,0.0,0.0,0.0,0.0,0.0,0.0,0.0,0.0,0.0,0.0,0.0,0.0,0.0,0.0,0.0,0.0,0.0,0.0,0.0,0.0,0.0,0.0,0.0,0.0,0.0,0.0,0.0,0.0,0.0,0.0
2011-01-24,0.0,0.0,0.0,0.0,0.0,0.0,0.0,0.0,0.0,0.0,0.0,0.0,0.0,0.0,0.0,0.0,0.0,0.0,0.0,0.0,0.0,0.0,0.0,0.0,0.0,0.0,0.0,0.0,0.0,0.0,0.0,0.0,0.0,0.0,0.0,0.0
2011-01-25,0.0,0.0,0.0,0.0,0.0,0.0,0.0,0.0,0.0,0.0,0.0,0.0,0.0,0.0,0.0,0.0,0.0,0.0,0.0,0.0,0.0,0.0,0.0,0.0,0.0,0.0,0.0,0.0,0.0,0.0,0.0,0.0,0.0,0.0,0.0,0.0
2011-01-26,0.0,0.0,0.0,0.0,0.0,0.0,0.0,0.0,0.0,0.0,0.0,0.0,0.0,0.0,0.0,0.0,0.0,0.0,0.0,0.0,0.0,0.0,0.0,0.0,0.0,0.0,0.0,0.0,0.0,0.0,0.0,0.0,0.0,1.0,0.6,0.0
2011-01-27,0.0,0.0,0.0,0.0,0.0,0.0,0.0,0.0,0.0,0.0,0.0,0.0,0.0,0.0,0.0,0.0,0.0,0.0,0.0,0.0,0.0,0.0,0.0,0.0,0.0,0.0,0.0,0.0,0.0,0.0,5.0,0.0,0.0,0.0,0.0,0.0
2011-01-28,0.0,0.0,0.0,0.0,0.0,0.0,0.0,0.0,0.0,0.0,0.0,0.0,0.0,0.0,0.0,0.0,0.0,0.0,0.0,0.0,0.0,0.0,0.0,0.0,0.0,0.0,0.0,0.0,0.0,0.0,0.0,0.0,0.0,0.0,0.0,0.0
2011-01-29,0.0,0.0,0.0,0.0,0.0,0.0,0.0,0.0,0.0,0.0,0.0,0.0,0.0,0.0,0.0,0.0,0.0,0.0,0.0,0.0,0.0,0.0,0.0,0.0,0.0,0.0,0.0,0.0,0.0,0.0,0.0,0.0,0.0,0.0,0.0,0.0
2011-01-30,0.0,0.0,0.0,0.0,0.0,0.0,0.0,0.0,0.0,0.0,0.0,0.0,0.0,0.0,0.0,0.0,0.0,0.0,0.0,0.0,0.0,0.0,0.0,0.0,0.0,0.0,0.0,0.0,0.0,0.0,0.0,0.0,0.0,0.0,0.0,0.0
2011-01-31,0.0,0.0,0.0,0.0,0.0,0.0,0.0,0.0,0.0,0.0,0.0,0.0,0.0,0.0,0.0,0.0,0.0,0.0,0.0,0.0,0.0,0.0,0.0,0.0,0.0,0.0,0.0,0.0,0.0,0.0,0.0,0.0,0.0,0.0,0.0,0.0
2011-02-01,0.0,0.0,0.0,0.0,0.0,0.0,0.0,0.0,0.0,0.0,0.0,0.0,0.0,0.0,0.0,0.0,0.0,0.0,0.0,0.0,0.0,0.0,0.0,0.0,0.0,0.0,0.0,0.0,0.0,0.0,0.0,0.0,0.0,0.0,0.0,0.0
2011-02-02,0.0,0.0,0.0,0.0,0.0,0.0,0.0,0.0,0.0,0.0,0.0,0.0,0.0,0.0,0.0,0.0,0.0,0.0,0.0,0.0,0.0,0.0,0.0,0.0,0.0,0.0,0.0,0.0,0.0,0.0,0.0,0.0,0.0,0.0,0.0,0.0
2011-02-03,0.0,0.0,0.0,0.0,0.0,0.0,0.0,0.0,0.0,0.0,0.0,0.0,0.0,0.0,0.0,0.0,0.0,0.0,0.0,0.0,0.0,0.0,0.0,0.0,0.0,0.0,0.0,0.0,0.0,0.0,0.0,0.0,0.0,0.0,0.0,0.0
2011-02-04,0.0,0.0,0.0,0.0,0.0,0.0,0.0,0.0,0.0,0.0,0.0,0.0,0.0,0.0,0.0,0.0,0.0,0.0,0.0,0.0,0.0,0.0,0.0,0.0,0.0,0.0,0.0,0.0,0.0,0.0,0.0,0.0,0.0,0.0,0.0,0.0
2011-02-05,0.0,0.0,0.0,0.0,0.0,0.0,0.0,0.0,0.0,0.0,0.0,0.0,0.0,0.0,0.0,0.0,0.0,0.0,0.0,0.0,0.0,0.0,0.0,0.0,0.0,0.0,0.0,0.0,0.0,0.0,0.0,0.0,0.0,0.0,0.0,0.0
2011-02-06,0.0,0.0,0.0,0.0,0.0,0.0,0.0,0.0,0.0,0.0,0.0,0.0,0.0,0.0,0.0,0.0,0.0,0.0,0.0,0.0,0.0,0.0,0.0,0.0,0.0,0.0,0.0,0.0,0.0,0.0,0.0,0.0,0.0,0.0,0.0,0.0
2011-02-07,0.0,0.0,0.0,0.0,0.0,0.0,0.0,0.0,0.0,0.0,0.0,0.0,0.0,0.0,0.0,0.0,0.0,0.0,0.0,0.0,0.0,0.0,0.0,0.0,0.0,0.0,0.0,0.0,0.0,0.0,0.0,0.0,0.0,0.0,0.0,0.0
2011-02-08,0.0,0.0,0.0,0.0,0.0,0.0,0.0,0.0,0.0,0.0,0.0,0.0,0.0,0.0,0.0,0.0,0.0,0.0,0.0,0.0,0.0,0.0,0.0,0.0,0.0,0.0,0.0,0.0,0.0,0.0,0.0,0.0,0.0,0.0,0.0,0.0
2011-02-09,0.0,0.0,0.0,0.0,0.0,0.0,0.0,0.0,0.0,0.0,0.0,0.0,0.0,0.0,0.0,0.0,0.0,0.0,0.0,0.0,0.0,0.0,0.0,0.0,0.0,0.0,0.0,0.0,0.0,0.0,0.0,0.0,0.0,0.0,0.0,0.0
2011-02-10,0.0,0.0,0.0,0.0,0.0,0.0,0.0,0.0,0.0,0.0,0.0,0.0,0.0,0.0,0.0,0.0,0.0,0.0,0.0,0.0,0.0,0.0,0.0,0.0,0.0,0.0,0.0,0.0,0.0,0.0,0.0,0.0,0.0,0.0,0.0,0.0
2011-02-11,0.0,0.0,0.0,0.0,0.0,0.0,0.0,0.0,0.0,0.0,0.0,0.0,0.0,0.0,0.0,0.0,0.0,0.0,0.0,0.0,0.0,0.0,0.0,0.0,0.0,0.0,0.0,0.0,0.0,0.0,0.0,0.0,0.0,0.0,0.0,0.0
2011-02-12,0.0,0.0,0.0,0.0,0.0,0.0,0.0,0.0,0.0,0.0,0.0,0.0,0.0,0.0,0.0,0.0,0.0,0.0,0.0,0.0,0.0,0.0,0.0,0.0,0.0,0.0,0.0,0.0,0.0,0.0,0.0,0.0,0.0,0.0,0.0,0.0
2011-02-13,0.0,0.0,0.0,0.0,0.0,0.0,0.0,0.0,0.0,0.0,0.0,0.0,0.0,0.0,0.0,2.0,0.0,0.0,0.0,0.0,0.0,0.0,0.0,0.0,0.0,0.0,0.0,0.0,0.0,0.0,0.0,0.0,0.0,0.0,0.0,0.0
2011-02-14,0.0,0.0,0.0,0.0,0.0,0.0,0.0,0.0,0.0,0.0,0.0,0.0,0.0,0.0,0.0,0.0,0.0,0.0,0.0,0.0,0.0,0.0,0.0,0.0,0.0,0.0,0.0,0.0,0.0,0.0,0.0,0.0,0.0,0.0,0.0,0.0
2011-02-15,1.0,2.7,1.0,1.6,1.6,0.0,0.0,2.4,0.0,0.0,0.0,0.0,0.0,0.0,0.0,3.0,0.0,0.0,0.0,4.4,6.0,1.5,0.4,2.5,1.5,2.3,3.0,1.0,0.0,1.5,0.0,0.0,0.0,0.0,0.0,0.0
2011-02-16,9.0,14.4,6.0,18.6,12.4,0.0,8.5,23.2,6.2,17.0,4.0,0.0,0.0,14.5,2.0,50.0,0.0,8.4,11.2,25.4,8.0,18.0,10.2,12.5,17.0,14.0,1.5,9.4,4.8,16.7,0.0,0.0,34.2,5.0,2.6,0.0
2011-02-17,12.2,31.3,36.0,28.4,34.2,0.0,26.2,25.2,11.4,23.1,13.6,0.0,0.0,0.0,16.6,0.0,0.0,39.2,36.1,30.4,3.0,33.1,35.6,37.0,26.3,37.5,32.5,38.0,56.5,33.5,0.0,35.1,0.0,20.0,2.0,0.0
2011-02-18,0.0,0.0,0.0,0.0,0.0,0.0,0.0,0.0,0.0,0.0,0.0,0.0,0.0,0.0,0.0,0.0,0.0,0.0,0.0,0.0,0.0,0.0,0.0,0.0,21.5,0.0,0.0,0.0,0.0,0.0,9.0,0.0,0.0,0.0,0.0,0.0
2011-02-19,0.0,0.0,0.0,0.0,0.0,0.0,0.0,0.0,0.0,0.0,0.0,0.0,0.0,0.0,0.0,0.0,0.0,0.0,0.0,0.0,0.0,0.0,0.0,0.0,0.0,0.0,0.0,0.0,0.0,0.0,0.0,0.0,0.0,0.0,0.0,0.0
2011-02-20,0.0,0.0,0.0,0.0,0.0,0.0,0.0,0.0,0.0,0.0,0.0,0.0,0.0,0.0,0.0,0.0,0.0,0.0,0.0,0.0,0.0,0.0,0.0,0.0,0.0,0.0,0.0,0.0,0.0,0.0,0.0,0.0,0.0,0.0,0.0,0.0
2011-02-21,0.0,0.0,0.0,0.0,0.0,0.0,0.0,0.0,0.0,0.0,0.0,0.0,0.0,0.0,0.0,0.0,0.0,0.0,0.0,0.0,0.0,0.0,0.0,2.5,0.0,0.0,0.0,0.0,0.0,0.0,0.0,0.0,0.0,0.0,0.0,0.0
2011-02-22,0.0,6.5,0.0,1.4,2.4,0.0,0.0,5.6,0.0,0.0,0.0,0.0,0.0,0.0,0.0,0.0,0.0,0.0,0.0,15.0,0.0,1.5,1.6,0.0,3.2,0.0,0.0,0.4,5.8,1.0,0.0,0.0,0.0,0.0,0.0,0.0
2011-02-23,0.0,0.0,0.0,0.0,0.0,0.0,0.0,0.0,0.0,0.0,0.0,0.0,0.0,0.0,0.0,0.0,0.0,0.0,0.0,0.0,0.0,0.0,0.0,0.0,0.0,0.0,0.0,0.0,0.0,0.0,0.0,0.0,0.0,0.0,0.0,0.0
2011-02-24,0.0,0.0,0.0,0.0,0.0,0.0,0.0,0.0,0.0,0.0,0.0,0.0,0.0,0.0,0.0,0.0,0.0,0.0,0.0,0.0,0.0,0.0,0.0,0.0,0.0,0.0,0.0,0.0,0.0,0.0,0.0,0.0,0.0,0.0,0.0,0.0
2011-02-25,0.0,0.0,0.0,0.0,0.0,0.0,0.0,0.0,0.0,0.0,0.0,0.0,0.0,0.0,0.0,0.0,0.0,0.0,0.0,0.0,0.0,0.0,0.0,0.0,0.0,0.0,0.0,0.0,0.0,0.0,0.0,0.0,0.0,0.0,0.0,0.0
2011-02-26,3.0,0.0,0.5,0.0,0.0,0.0,0.0,0.0,0.0,0.0,0.0,0.0,0.0,0.0,0.0,0.0,0.0,0.0,0.0,0.0,0.0,0.0,0.0,0.0,0.0,0.0,0.0,0.0,0.0,0.5,0.0,0.0,0.0,0.0,0.0,0.0
2011-02-27,0.0,0.0,0.0,0.0,0.6,4.0,1.0,0.0,0.0,0.0,0.0,23.8,0.0,0.0,0.0,0.0,0.0,0.0,0.0,0.0,0.0,0.0,0.0,0.0,0.0,0.0,0.0,8.6,0.0,1.2,5.2,0.0,0.0,0.0,0.0,0.0
2011-02-28,0.0,0.0,0.0,0.0,0.0,0.0,0.0,0.0,0.0,0.0,0.0,31.2,0.0,0.0,0.0,0.0,0.0,0.0,0.0,0.0,0.0,0.0,0.0,0.0,0.0,1.3,0.0,0.0,0.0,0.0,0.0,0.0,0.0,0.0,0.0,0.0
2011-03-01,0.0,0.0,0.0,0.0,0.0,0.0,0.0,0.0,0.0,0.0,0.0,0.0,0.0,0.0,0.0,0.0,0.0,0.0,0.0,0.0,0.0,0.0,0.0,0.0,0.0,0.0,0.0,0.0,0.0,0.0,0.0,0.0,0.0,0.0,0.0,0.0
2011-03-02,0.0,0.0,0.0,0.0,0.0,0.0,0.0,0.0,0.0,0.0,0.0,0.0,0.0,0.0,0.0,0.0,0.0,0.0,0.0,0.0,0.0,0.0,0.0,0.0,0.0,0.0,0.0,0.0,0.0,0.0,0.0,0.0,0.0,0.0,0.0,0.0
2011-03-03,0.0,0.0,0.0,0.0,0.0,0.0,0.0,0.0,0.0,0.0,0.0,0.0,0.0,0.0,0.0,0.0,0.0,0.0,0.0,0.0,0.0,0.0,0.0,0.0,0.0,0.0,0.0,0.0,0.0,0.0,0.0,0.0,0.0,0.0,0.0,0.0
2011-03-04,0.0,0.0,0.0,0.0,0.0,0.0,0.0,0.0,0.0,0.0,0.0,0.0,0.0,10.2,0.0,0.0,0.0,0.0,0.0,0.0,0.0,0.0,0.0,0.0,0.0,0.0,0.0,0.0,0.0,0.0,0.0,0.0,0.0,0.0,0.0,0.0
2011-03-05,0.0,0.0,0.0,0.0,0.0,0.0,0.0,0.0,0.0,0.0,0.0,0.0,0.0,0.0,0.0,0.0,0.0,0.0,0.0,0.0,0.0,0.0,0.0,0.0,0.0,0.0,0.0,0.0,0.0,0.0,0.0,0.0,0.0,0.0,0.0,0.0
2011-03-06,0.0,0.0,0.0,0.0,0.0,0.0,0.0,0.0,0.0,0.0,0.0,0.0,0.0,0.0,0.0,0.0,0.0,0.0,0.0,0.0,0.0,0.0,0.0,0.0,0.0,0.0,0.0,0.0,0.0,0.0,0.0,0.0,0.0,0.0,0.0,0.0
2011-03-07,0.0,0.0,0.0,0.0,0.0,0.0,0.0,0.0,0.0,0.0,,0.0,0.0,0.0,0.0,0.0,0.0,0.0,0.0,0.0,0.0,0.0,0.0,0.0,0.0,0.0,0.0,0.0,0.0,0.0,0.0,0.0,0.0,0.0,0.0,0.0
2011-03-08,0.0,0.0,0.0,0.0,0.0,0.0,0.0,0.0,0.0,0.0,,0.0,0.0,0.0,0.0,0.0,0.0,0.0,0.0,0.0,0.0,0.0,0.0,0.0,0.0,0.0,0.0,0.0,0.0,0.0,0.0,0.0,0.0,0.0,0.0,0.0
2011-03-09,2.0,0.0,0.0,0.0,0.0,4.0,0.0,0.0,0.0,0.0,,0.0,0.0,0.0,0.0,0.0,0.0,0.0,0.0,0.0,0.0,0.0,0.0,0.0,0.0,0.0,0.0,0.0,13.1,0.0,0.0,0.0,0.0,0.0,0.0,0.0
2011-03-10,0.4,0.0,1.5,0.0,1.2,0.0,0.8,0.0,0.0,0.0,,0.0,0.0,0.0,0.0,0.0,0.0,1.9,2.5,4.0,0.0,0.0,1.8,1.5,0.0,0.6,0.0,1.0,0.0,7.5,0.0,0.0,0.0,0.0,0.0,0.0
2011-03-11,0.0,0.0,0.0,0.0,0.0,0.0,0.0,0.0,0.0,0.0,,0.0,0.0,0.0,0.0,0.0,0.0,0.0,0.0,0.0,0.0,0.0,0.0,0.0,0.0,0.0,0.0,0.0,0.0,0.0,0.0,0.0,0.0,0.0,0.0,0.0
2011-03-12,0.0,0.0,0.0,0.0,0.0,0.0,0.0,0.0,0.0,0.0,,0.0,0.0,0.0,0.0,0.0,0.0,0.0,0.0,0.0,0.0,0.0,0.0,0.0,0.0,0.0,0.0,0.0,0.0,0.0,0.0,0.0,0.0,0.0,0.0,0.0
2011-03-13,0.0,0.0,0.0,0.0,0.0,0.0,0.0,0.0,0.0,0.0,0.0,0.0,0.0,0.0,0.0,0.0,0.0,0.0,0.0,0.0,0.0,0.0,0.0,0.0,0.0,0.0,0.0,0.0,0.0,0.0,0.0,0.0,0.0,0.0,0.0,0.0
2011-03-14,0.0,0.0,0.0,0.0,0.0,0.0,0.0,0.0,0.0,0.0,0.0,0.0,0.0,0.0,0.0,0.0,0.0,0.0,0.0,0.0,0.0,0.0,0.0,0.0,0.0,0.0,0.0,0.0,0.0,0.0,0.0,0.0,0.0,0.0,0.0,0.0
2011-03-15,0.0,0.0,0.0,0.0,0.0,0.0,0.0,0.0,0.0,0.0,0.0,0.0,0.0,0.0,0.0,0.0,0.0,0.0,0.0,0.0,0.0,0.0,0.0,0.0,0.0,0.0,0.0,0.0,0.0,0.0,0.0,0.0,0.0,0.0,,0.0
2011-03-16,0.0,0.0,0.0,0.0,0.0,0.0,0.0,0.0,0.0,0.0,0.0,0.0,0.0,0.0,1.0,0.0,0.0,0.0,0.0,0.0,0.0,0.0,0.0,0.0,0.0,0.0,0.0,0.0,0.0,0.0,0.0,0.0,0.0,0.0,,0.0
2011-03-17,0.0,0.0,0.0,0.0,0.0,0.0,0.0,0.0,0.0,0.0,0.0,0.0,0.0,0.0,0.0,0.0,0.0,0.0,0.0,0.0,0.0,0.0,0.0,0.0,0.0,0.0,0.0,0.0,0.0,0.0,0.0,0.0,0.0,0.0,,0.0
2011-03-18,0.0,0.4,0.0,0.0,0.0,0.0,0.0,6.2,0.0,17.2,0.0,0.0,0.0,0.0,0.0,0.0,0.0,2.0,0.0,0.0,0.0,0.0,0.0,0.0,1.4,0.0,0.0,0.0,0.0,0.0,0.0,0.0,0.0,0.0,,0.0
2011-03-19,0.0,2.1,1.6,2.0,1.4,8.7,1.5,14.0,0.0,19.6,0.0,0.0,0.0,0.0,0.0,0.0,0.0,0.0,4.2,0.0,11.0,4.1,1.6,2.0,4.3,2.0,0.0,2.0,4.2,2.5,0.0,0.0,0.0,0.0,,0.0
2011-03-20,0.0,0.0,0.0,0.0,0.0,0.0,0.0,0.0,0.0,0.0,0.0,0.0,0.0,0.0,0.0,0.0,0.0,0.0,0.0,5.5,0.0,0.0,0.0,0.0,0.0,16.2,0.0,0.0,0.0,0.0,0.0,0.0,6.5,0.0,,0.0
2011-03-21,0.0,5.8,3.0,5.0,3.0,18.0,4.9,0.0,0.0,3.6,0.0,0.0,0.0,0.0,3.0,0.0,0.0,7.2,6.3,10.2,2.4,6.0,2.8,2.5,6.5,0.0,0.0,3.8,10.5,7.5,0.0,0.0,0.0,0.0,,0.0
2011-03-22,0.0,0.0,0.0,0.0,0.0,0.0,0.0,0.0,0.0,0.0,0.0,0.0,0.0,0.0,0.0,0.0,0.0,0.0,0.0,0.0,0.0,0.0,0.0,0.0,0.0,0.0,0.0,0.0,0.0,0.0,0.0,0.0,0.0,0.0,,0.0
2011-03-23,0.0,0.0,0.0,0.0,0.0,0.0,0.0,0.0,0.0,0.0,0.0,0.0,0.0,0.0,0.0,0.0,0.0,0.0,0.0,0.0,0.0,0.0,0.0,0.0,0.0,0.0,0.0,0.0,0.0,0.0,0.0,0.0,0.0,0.0,,0.0
2011-03-24,0.0,0.0,0.0,0.0,0.0,0.0,0.0,0.0,0.0,0.0,0.0,0.0,0.0,0.0,0.0,0.0,0.0,0.0,0.0,0.0,0.0,0.0,0.0,0.0,0.0,0.0,0.0,0.0,0.0,0.0,0.0,0.0,0.0,0.0,,0.0
2011-03-25,0.0,0.0,0.0,0.0,0.0,0.0,0.0,0.0,0.0,0.0,0.0,0.0,0.0,0.0,0.0,0.0,0.0,0.0,0.0,0.0,0.0,0.0,0.0,0.0,0.0,0.0,0.0,0.0,0.0,0.0,0.0,0.0,0.0,0.0,,0.0
2011-03-26,0.0,0.0,0.0,0.0,0.0,0.0,0.0,0.0,0.0,0.0,0.0,0.0,0.0,0.0,0.0,14.2,0.0,0.0,0.0,0.0,0.0,0.0,0.0,0.0,0.0,0.0,10.0,0.0,0.0,0.0,0.0,0.0,0.0,0.0,,0.0
2011-03-27,0.0,0.0,0.0,0.0,0.0,28.0,0.0,12.4,0.0,12.2,0.0,0.0,0.0,0.0,0.0,0.0,0.0,0.0,0.0,0.0,0.0,0.0,0.0,0.1,4.2,0.0,5.2,1.0,7.8,0.0,0.0,0.0,0.0,0.0,,0.0
2011-03-28,6.2,0.7,0.5,1.3,0.4,0.0,5.6,1.2,10.0,0.0,30.0,0.0,0.0,15.5,0.0,0.0,0.0,0.8,0.0,4.4,0.0,1.3,0.6,0.3,0.7,0.2,4.0,0.0,0.0,1.2,4.0,0.0,12.2,25.0,,0.0
2011-03-29,0.0,7.0,0.0,0.0,1.2,0.0,0.0,24.2,9.0,0.0,0.0,0.0,0.0,0.0,0.0,0.0,0.0,0.6,2.1,6.0,0.0,7.9,0.4,2.3,7.2,0.0,11.0,0.8,9.2,0.5,0.0,0.0,0.0,0.0,,0.0
2011-03-30,0.0,0.4,0.0,0.0,0.0,0.0,0.0,0.2,0.0,0.0,0.0,0.0,0.0,0.0,0.0,0.0,0.0,0.0,1.2,0.0,0.0,0.0,0.0,0.0,0.0,0.0,0.4,0.0,0.0,0.0,6.1,0.0,0.0,0.0,,0.0
2011-03-31,0.0,0.0,0.0,0.0,0.0,0.0,0.0,0.0,0.0,0.0,23.3,0.0,0.0,0.0,0.0,0.0,0.0,15.2,0.0,0.0,0.0,0.0,2.2,0.0,0.0,0.2,0.0,0.0,0.0,1.5,0.0,0.0,0.0,0.0,,0.0
2011-04-01,0.0,2.7,7.0,0.0,0.6,5.5,0.0,9.4,0.0,0.0,1.5,0.0,0.0,0.0,2.5,0.0,0.0,6.9,5.2,0.0,1.0,12.3,2.0,8.0,2.4,4.0,5.0,1.0,4.2,0.0,0.0,0.0,0.0,0.0,,0.0
2011-04-02,0.0,0.0,0.0,0.0,0.0,7.0,0.8,0.0,0.0,0.0,0.0,0.0,0.0,0.0,0.0,0.0,0.0,0.0,0.0,0.0,0.0,0.0,0.0,0.0,0.0,0.0,0.0,0.0,0.0,4.0,0.0,0.0,0.0,0.0,,0.0
2011-04-03,0.0,0.0,0.0,1.2,0.0,0.0,0.0,0.0,0.0,0.0,0.0,0.0,0.0,0.0,0.0,2.0,0.0,0.0,0.0,0.0,0.0,0.0,0.0,0.0,0.0,0.0,0.0,0.0,0.0,0.0,0.0,0.0,0.0,0.0,,0.0
2011-04-04,1.0,0.7,1.0,1.0,1.6,0.0,6.4,1.6,4.0,0.0,32.4,0.0,7.5,22.4,0.0,0.0,0.0,3.0,1.2,0.0,0.0,0.7,0.8,2.5,0.0,3.5,3.0,2.4,0.0,7.5,0.0,0.0,1.5,0.0,,0.0
2011-04-05,0.0,0.0,0.0,0.0,0.0,0.0,0.0,0.0,0.0,0.0,0.0,0.0,0.0,4.2,0.0,0.0,0.0,0.0,0.0,0.0,0.0,0.0,0.0,0.0,0.0,0.0,0.0,0.0,0.0,0.0,0.0,0.0,0.0,0.0,,0.0
2011-04-06,0.0,0.0,0.0,0.0,0.0,0.0,0.0,0.0,0.0,0.0,0.0,0.0,0.0,0.0,0.0,0.0,0.0,0.0,0.0,0.0,0.0,0.0,0.0,0.0,0.0,0.0,0.0,0.0,0.0,0.0,0.0,0.0,0.0,0.0,,0.0
2011-04-07,0.0,0.0,0.0,0.0,0.0,25.0,0.0,0.0,0.0,0.0,0.0,0.0,0.0,0.0,0.0,0.0,0.0,0.0,0.0,0.0,0.0,0.0,0.0,0.0,0.0,0.0,0.0,0.0,0.0,0.0,0.0,0.0,0.0,0.0,,0.0
2011-04-08,0.0,0.0,0.0,0.0,0.0,20.0,0.0,0.0,0.0,0.0,0.0,0.0,0.0,0.0,0.0,0.0,0.0,0.0,0.0,0.0,0.0,0.0,0.0,0.0,0.0,0.0,1.0,0.0,0.0,0.0,0.0,0.0,0.0,0.0,,0.0
2011-04-09,0.0,0.0,0.0,0.0,0.0,1.5,0.0,0.0,0.0,0.0,0.0,0.0,0.0,0.0,0.0,0.0,0.0,0.0,0.0,0.0,0.0,0.0,0.0,0.0,0.0,0.0,0.0,0.0,0.0,0.0,0.0,0.0,0.0,0.0,,0.0
2011-04-10,0.0,0.0,0.0,0.0,0.0,3.2,0.0,0.0,0.0,0.0,0.0,0.0,0.0,0.0,0.0,0.0,0.0,0.0,0.0,0.0,0.0,0.0,1.0,0.0,0.0,0.0,0.0,0.0,0.0,0.2,0.0,0.0,0.0,0.0,,0.0
2011-04-11,0.0,1.8,0.0,3.0,1.8,0.0,2.5,3.8,0.0,0.0,0.0,0.0,0.0,0.0,0.0,0.0,0.0,1.6,10.5,0.0,0.0,10.2,6.6,3.5,0.0,1.0,0.0,9.2,25.5,0.4,0.0,0.0,0.0,0.0,,0.0
2011-04-12,0.0,0.0,2.0,0.0,0.8,15.6,0.0,0.0,0.0,0.0,2.4,0.0,0.0,0.0,0.0,0.0,0.0,2.1,0.0,0.0,0.0,0.5,0.0,0.0,0.0,1.2,6.0,2.4,0.0,0.0,0.0,0.0,0.8,0.0,,0.0
2011-04-13,0.0,12.9,10.0,11.6,9.2,0.5,46.2,32.2,0.0,0.0,43.2,0.0,0.0,0.0,0.0,0.0,0.0,12.6,9.2,0.0,16.8,19.5,11.8,17.5,0.0,13.0,0.0,7.8,35.3,17.5,0.0,0.0,60.3,0.0,,0.0
2011-04-14,1.0,2.4,6.4,2.6,8.2,0.0,0.0,0.0,20.4,0.0,0.0,1.3,0.0,10.2,0.0,0.0,0.0,2.2,4.3,0.0,2.0,0.6,4.4,0.0,0.0,0.0,0.0,5.8,10.2,2.5,0.0,0.0,0.0,18.0,21.0,40.0
2011-04-15,0.0,0.2,0.0,0.0,0.0,0.0,0.0,9.2,1.0,14.2,1.0,8.3,5.3,8.4,0.0,0.0,0.0,0.0,0.0,0.0,2.0,0.5,0.0,1.5,0.0,0.0,0.0,0.2,12.8,0.5,0.0,0.0,19.2,0.0,0.0,0.0
2011-04-16,0.0,0.0,0.0,0.0,0.0,0.0,1.0,0.0,0.0,0.0,0.0,19.5,7.2,0.0,0.0,0.0,0.0,0.0,0.0,0.0,0.0,2.8,2.6,0.2,0.0,8.5,3.2,0.6,3.2,5.4,0.0,0.0,0.0,0.0,0.0,0.0
2011-04-17,0.0,0.0,0.0,0.0,0.0,0.0,0.0,0.0,0.0,0.0,2.2,0.0,0.0,0.0,0.3,0.0,0.0,0.0,0.0,0.0,0.0,0.0,0.0,0.0,0.0,0.0,0.0,0.0,0.0,0.0,0.0,0.0,0.0,0.0,0.0,0.0
2011-04-18,0.0,0.0,0.0,0.0,0.0,17.5,0.0,0.0,0.0,0.0,0.0,0.0,0.0,0.0,5.3,0.0,0.0,0.0,0.0,2.0,0.0,0.0,0.0,0.0,0.0,0.0,0.0,0.0,3.0,0.0,0.0,0.0,0.0,0.0,0.0,0.0
2011-04-19,0.0,0.2,1.0,0.0,2.4,66.0,0.0,0.0,0.0,0.0,1.0,0.0,15.3,0.0,0.0,0.0,0.0,5.0,11.2,0.0,0.0,0.4,3.0,1.0,0.0,11.0,2.5,2.0,2.4,6.5,0.0,23.1,1.0,0.0,0.0,0.0
2011-04-20,0.0,5.0,2.0,13.2,4.8,7.5,0.0,11.0,0.0,0.0,11.5,27.2,10.1,0.0,0.0,0.0,0.0,11.2,7.0,0.0,5.2,0.0,8.4,3.0,0.0,6.5,0.0,4.4,9.5,17.5,0.0,0.0,0.0,0.0,0.0,0.0
2011-04-21,0.0,0.0,0.0,0.0,0.0,0.0,0.0,0.0,0.0,0.0,0.0,0.0,0.0,0.0,0.0,0.0,0.0,0.0,0.0,0.0,0.0,0.0,0.0,0.0,0.0,0.0,10.0,0.0,0.0,0.0,0.0,0.0,0.0,0.0,0.0,0.0
2011-04-22,0.0,0.0,0.0,0.0,0.0,0.5,0.0,0.0,0.0,0.0,0.0,0.0,0.0,0.0,0.0,0.0,0.0,0.0,0.0,0.0,0.0,0.0,0.0,0.0,0.0,0.0,3.0,0.0,0.0,0.0,0.0,0.0,0.0,0.0,0.0,0.0
2011-04-23,0.0,0.0,0.0,0.0,0.0,0.0,0.0,0.0,0.0,0.0,0.0,0.0,9.2,0.0,0.0,0.0,0.0,0.0,0.0,0.0,0.0,0.0,0.0,0.0,0.0,0.0,0.0,0.0,0.0,0.0,0.0,0.0,0.0,0.0,0.0,0.0
2011-04-24,0.0,0.0,0.0,0.0,0.0,44.0,0.0,0.0,0.0,0.0,0.0,0.0,0.0,0.0,0.0,0.0,0.0,0.0,0.0,0.0,0.0,0.0,0.0,0.0,36.0,0.0,5.0,0.0,0.0,0.0,0.0,0.0,0.0,0.0,0.0,0.0
2011-04-25,0.0,0.0,0.0,0.0,0.0,0.0,0.0,0.0,0.0,0.0,0.0,0.0,0.0,0.0,0.0,0.0,0.0,0.0,0.0,0.0,0.0,0.0,0.0,0.0,0.0,0.0,15.5,0.0,0.0,0.0,0.0,0.0,11.2,0.0,0.0,0.0
2011-04-26,0.0,4.2,6.3,6.6,15.2,1.0,0.0,0.0,0.0,0.0,0.0,9.1,21.1,0.0,0.0,0.0,0.0,0.0,8.3,20.0,30.0,40.6,11.2,20.5,0.0,33.2,6.5,15.0,36.3,19.0,0.0,0.0,0.0,0.0,0.0,0.0
2011-04-27,0.0,0.0,0.0,0.0,0.0,17.0,0.0,0.0,0.0,0.0,0.0,0.0,0.0,0.0,0.0,0.0,0.0,0.0,0.0,0.0,0.0,0.0,0.0,0.0,0.0,0.0,20.0,0.0,0.0,1.0,0.0,0.0,0.0,0.0,0.0,0.0
2011-04-28,0.0,1.0,1.5,0.0,0.0,9.7,0.0,1.4,0.0,0.0,0.0,0.0,35.1,0.0,0.0,0.0,0.0,0.0,0.0,10.4,28.0,0.0,1.6,0.0,0.0,0.0,0.0,0.0,0.0,0.0,0.0,0.0,30.1,0.0,0.0,0.0
2011-04-29,0.0,16.2,3.0,16.2,22.4,0.0,6.9,11.8,12.0,0.0,44.5,85.2,0.0,0.0,0.0,4.3,0.0,15.3,1.3,15.0,26.4,13.0,8.4,11.5,20.0,3.5,33.0,14.4,16.5,4.0,16.0,0.0,0.0,9.0,25.6,0.0
2011-04-30,18.6,9.5,1.2,13.0,20.4,11.0,0.4,25.6,0.0,17.4,0.0,0.0,3.1,12.4,1.5,14.2,0.0,2.6,6.0,10.0,0.0,8.5,7.8,0.0,0.0,2.5,10.0,12.8,7.8,4.5,0.0,0.0,0.0,0.0,0.0,0.0
2011-05-01,37.0,15.7,11.6,8.2,21.0,16.0,0.0,0.6,4.0,0.0,14.5,3.5,0.0,0.0,12.0,29.1,0.0,0.3,16.0,0.0,0.0,0.2,12.6,62.0,34.5,0.2,5.5,10.0,43.8,0.0,10.3,0.0,3.5,0.0,0.0,0.0
2011-05-02,10.0,11.8,24.0,2.2,25.6,16.2,23.6,0.0,3.1,0.0,49.5,6.2,15.2,0.0,0.0,21.4,0.0,91.3,32.7,0.0,8.6,38.4,9.4,10.0,1.8,35.5,6.5,18.2,23.5,49.5,0.0,36.5,0.0,9.5,9.6,0.0
2011-05-03,0.0,0.0,0.0,0.0,0.0,13.5,0.0,0.0,0.0,0.0,0.0,0.0,0.0,0.0,0.0,0.0,0.0,0.0,0.0,0.0,0.0,0.0,0.0,0.0,1.5,0.0,4.0,0.4,0.0,0.0,0.0,0.0,0.0,0.0,0.0,0.0
2011-05-04,15.6,2.0,0.5,1.4,0.0,0.0,6.7,0.0,3.2,0.0,3.9,9.5,11.1,18.4,0.0,0.0,0.0,72.2,36.2,0.0,0.0,0.0,6.2,2.0,10.5,15.2,5.2,14.6,6.2,38.0,17.2,0.0,4.1,0.0,0.0,0.0
2011-05-05,0.0,0.5,30.0,8.0,3.2,0.0,0.0,0.0,0.0,0.0,0.0,0.0,0.0,0.0,0.0,0.0,0.0,0.0,0.0,0.0,4.0,5.4,9.8,10.5,5.0,0.5,3.0,4.8,8.4,0.0,0.0,0.0,0.0,0.0,0.0,0.0
2011-05-06,0.0,12.5,0.5,0.0,0.0,0.0,0.0,0.0,0.0,0.0,0.0,0.0,21.2,0.0,0.0,0.0,0.0,0.0,1.2,0.0,0.0,26.1,5.4,12.3,2.0,0.0,14.0,0.0,3.5,0.0,0.0,0.0,0.0,0.0,0.0,0.0
2011-05-07,1.2,27.7,10.0,16.2,4.2,0.0,8.5,24.6,0.0,0.0,0.0,13.5,0.0,0.0,0.0,0.0,0.0,1.3,21.5,0.0,18.2,9.4,28.6,56.2,1.0,1.5,10.0,8.0,45.8,4.5,0.0,9.1,0.0,0.0,0.0,0.0
2011-05-08,54.4,0.3,19.0,0.0,0.4,0.0,7.7,2.4,53.0,0.0,4.5,9.3,18.1,10.2,1.6,19.1,0.0,5.2,3.6,0.0,0.0,1.4,7.4,5.3,41.1,1.6,20.0,2.0,7.2,2.0,13.6,0.0,45.1,10.0,17.4,0.0
2011-05-09,0.0,12.3,1.5,1.0,19.4,17.5,0.0,8.2,0.0,0.0,0.0,3.5,9.2,42.4,3.0,0.0,0.0,5.3,4.8,0.0,8.2,16.5,6.0,10.2,0.0,17.4,6.0,27.4,27.4,9.0,0.0,0.0,0.0,0.0,0.0,0.0
2011-05-10,6.2,0.0,0.0,0.0,0.0,0.0,5.4,18.4,0.0,0.0,1.5,1.5,5.4,0.0,0.0,0.0,0.0,0.0,0.0,8.4,0.0,0.0,0.0,0.0,7.8,0.1,7.5,0.0,0.0,0.2,0.0,0.0,0.0,0.0,0.0,0.0
2011-05-11,22.6,1.0,3.5,0.0,1.2,0.0,5.4,6.0,34.3,0.0,4.5,0.0,35.4,20.2,0.0,0.0,0.0,3.8,9.5,0.0,0.0,18.3,5.8,8.3,23.5,0.4,35.0,0.0,44.2,10.0,5.7,0.0,7.1,0.0,4.2,0.0
2011-05-12,14.3,23.5,9.5,13.0,20.2,2.0,36.1,82.6,23.0,0.0,19.5,12.5,0.0,0.0,0.0,0.0,0.0,21.5,5.3,0.0,20.2,4.0,7.4,8.5,13.5,13.6,25.0,16.6,5.2,9.0,10.8,6.0,44.3,12.0,19.2,0.0
2011-05-13,0.0,9.5,0.5,0.0,9.4,0.0,0.0,23.4,0.0,0.0,2.0,7.5,10.1,0.0,0.0,32.2,0.0,4.3,5.0,15.0,10.2,2.2,14.2,8.2,0.0,8.0,0.0,5.6,0.0,0.0,9.7,8.0,3.4,0.0,0.0,0.0
2011-05-14,12.2,0.0,0.0,0.0,0.0,0.0,9.4,0.0,0.0,0.0,2.0,1.5,0.0,0.0,0.0,0.0,0.0,0.0,0.0,35.4,0.0,3.5,0.0,0.0,1.8,0.0,0.0,0.0,3.2,0.0,0.0,0.0,0.0,0.0,2.4,0.0
2011-05-15,0.0,0.0,0.0,0.0,0.0,0.0,0.0,0.0,0.0,0.0,0.0,0.0,0.0,0.0,0.0,0.0,0.0,0.0,0.0,2.0,0.0,8.7,0.0,0.0,0.0,0.0,0.0,0.0,27.8,0.0,0.0,0.0,0.0,0.0,0.0,0.0
2011-05-16,0.0,0.0,0.0,0.0,0.0,2.0,0.0,0.0,0.0,0.0,0.0,0.0,0.0,0.0,2.5,0.0,0.0,0.0,0.0,30.0,0.0,0.0,0.0,0.0,0.0,0.0,0.0,0.0,0.0,0.0,0.0,0.0,0.0,0.0,0.0,0.0
2011-05-17,0.0,0.0,0.0,0.0,0.0,5.5,0.0,0.0,0.0,0.0,0.0,0.0,0.0,0.0,0.6,0.0,0.0,0.0,0.0,42.0,0.0,0.0,0.0,0.0,21.5,0.0,0.0,0.0,0.0,0.0,0.0,0.0,0.0,0.0,11.6,15.0
2011-05-18,2.1,0.0,16.8,0.0,0.0,2.0,0.0,4.4,3.3,4.0,28.0,0.0,0.0,0.0,0.0,28.2,0.0,0.0,4.2,55.0,0.0,53.5,0.0,0.0,24.6,0.0,20.0,1.4,75.3,0.0,0.0,0.0,0.0,33.0,0.0,25.0
2011-05-19,10.3,15.8,27.3,8.0,14.2,1.5,33.1,19.0,0.0,41.0,5.2,20.5,7.1,0.0,0.0,0.0,0.0,9.3,22.6,30.0,18.0,38.5,8.6,13.0,0.0,12.4,21.2,19.0,47.7,9.5,0.0,15.0,35.5,0.0,45.4,0.0
2011-05-20,0.0,13.4,0.0,0.0,6.6,3.0,3.2,15.8,4.0,0.0,24.5,5.5,14.2,0.0,11.0,0.0,0.0,3.0,2.3,0.0,12.2,0.0,3.0,5.2,21.5,2.5,25.0,10.4,0.0,2.4,0.0,0.0,7.1,6.5,0.0,0.0
2011-05-21,14.1,16.3,3.8,7.0,19.4,42.0,8.7,38.6,0.0,0.0,5.2,20.3,3.4,0.0,4.0,0.0,0.0,15.1,18.2,0.0,32.2,16.6,6.2,17.5,0.0,7.0,26.2,6.4,5.8,14.5,10.5,4.0,17.6,0.0,0.0,0.0
2011-05-22,0.0,0.0,0.0,0.0,0.0,0.0,0.0,0.4,0.0,0.0,0.0,3.5,0.0,0.0,0.0,0.0,0.0,1.1,0.0,0.0,0.0,0.0,0.0,0.0,0.0,0.0,20.0,0.0,3.2,0.0,0.0,0.0,0.0,110.0,2.4,0.0
2011-05-23,2.0,0.0,0.0,0.0,0.0,0.0,0.0,0.0,0.0,0.0,11.9,0.0,21.3,0.0,0.0,26.2,0.0,0.0,0.0,0.0,0.0,0.0,0.2,0.5,0.0,0.0,0.0,0.0,0.0,0.0,0.0,0.0,0.0,0.0,27.6,0.0
2011-05-24,0.0,0.0,0.5,0.0,0.0,0.0,0.0,0.0,0.0,0.0,44.0,20.5,0.0,0.0,11.4,0.0,0.0,0.6,0.0,8.4,0.0,2.4,0.6,0.0,0.0,0.0,0.0,0.0,0.0,0.4,0.0,0.0,0.0,0.0,0.0,14.5
2011-05-25,0.0,0.0,0.0,0.0,0.0,0.0,0.0,0.0,0.0,0.0,9.5,0.0,0.0,0.0,3.0,0.0,0.0,0.0,0.0,46.4,0.0,0.0,0.0,0.0,0.0,0.0,0.0,0.0,0.0,0.5,120.0,0.0,0.0,0.0,0.0,0.0
2011-05-26,0.0,0.0,0.0,0.0,0.0,56.0,0.0,0.0,0.0,0.0,5.9,0.0,0.0,0.0,0.0,0.0,0.0,0.0,0.0,10.4,0.0,0.0,0.0,0.0,3.5,0.0,0.0,0.0,0.0,0.0,4.5,0.0,0.0,0.0,0.0,0.0
2011-05-27,0.0,0.0,0.0,20.0,0.0,0.0,0.0,5.6,0.0,36.4,43.0,0.0,22.3,0.0,0.0,32.2,0.0,0.0,0.0,42.6,0.0,5.0,0.0,10.5,0.0,0.0,0.0,0.0,32.5,0.0,0.0,0.0,0.0,0.0,0.0,0.0
2011-05-28,33.2,2.0,10.7,13.8,4.4,3.6,18.0,16.4,56.0,0.0,17.2,16.3,18.2,0.0,0.0,0.0,0.0,6.7,9.3,25.6,0.0,22.7,9.6,7.0,0.0,2.0,4.3,3.2,18.5,1.5,0.0,28.0,24.0,41.0,16.0,11.5
2011-05-29,0.0,0.0,2.0,0.0,0.0,72.0,1.1,0.0,0.0,0.0,3.5,0.0,0.0,0.0,8.0,10.0,0.0,0.0,0.0,32.4,0.0,0.0,0.2,0.5,0.0,0.0,5.0,0.0,10.2,8.5,0.0,0.0,0.0,0.0,0.6,0.0
2011-05-30,0.0,0.4,10.0,0.0,0.0,35.0,0.0,8.6,0.0,0.0,4.5,0.0,21.1,0.0,5.0,22.3,0.0,59.1,5.2,38.0,0.0,16.0,16.8,11.0,15.2,14.0,15.0,0.0,7.3,15.5,0.0,0.0,0.0,0.0,0.0,10.0
2011-05-31,0.0,2.7,6.4,3.4,2.0,100.0,9.2,20.4,85.0,0.0,43.3,2.5,9.2,0.0,17.0,0.0,0.0,45.1,10.3,0.0,25.8,22.0,30.2,42.5,5.2,6.2,20.0,4.0,10.4,23.5,0.0,0.0,0.0,25.0,0.0,20.0
2011-06-01,3.0,5.3,8.8,0.0,0.2,80.0,0.0,39.0,0.0,21.1,7.3,0.0,24.2,10.2,27.5,0.0,0.0,0.5,0.0,0.0,4.0,1.0,5.0,2.5,3.5,1.5,15.7,2.8,3.7,0.5,0.0,0.0,0.0,18.0,28.8,0.0
2011-06-02,0.0,3.9,11.5,7.4,6.8,3.5,19.2,9.2,12.0,0.0,7.2,8.8,8.4,0.0,11.0,0.0,0.0,1.6,12.3,0.0,4.4,4.0,5.6,3.5,0.0,2.5,0.0,5.6,0.0,2.0,0.0,0.0,26.1,0.0,0.0,0.0
2011-06-03,12.4,0.3,1.0,1.4,4.6,2.0,0.9,1.0,6.0,0.0,16.3,0.0,0.0,0.0,7.0,33.1,0.0,0.0,0.0,0.0,1.0,0.0,0.2,0.3,0.0,0.0,0.0,0.0,0.0,0.0,0.0,0.0,5.0,0.0,18.2,7.5
2011-06-04,0.0,0.0,0.0,0.0,0.0,62.0,0.0,0.0,0.0,0.0,0.0,0.0,23.1,0.0,0.0,0.0,0.0,0.0,0.0,0.0,0.0,0.0,0.0,0.0,0.0,0.0,0.0,0.0,0.0,0.0,0.0,0.0,0.0,0.0,0.0,0.0
2011-06-05,0.0,0.0,0.0,0.0,0.0,42.0,0.0,0.0,2.0,0.0,0.0,0.0,4.4,6.2,16.4,0.0,0.0,0.0,0.0,0.0,0.0,0.0,0.0,0.0,0.0,0.0,0.0,0.0,0.0,0.0,0.0,0.0,0.0,0.0,0.0,0.0
2011-06-06,0.0,0.0,0.0,0.0,27.8,11.0,2.7,0.0,0.0,0.0,6.7,0.0,25.2,2.4,1.0,0.0,0.0,0.0,0.0,0.0,0.0,0.0,0.0,0.0,10.2,0.0,4.0,0.0,0.0,0.0,0.0,0.0,0.0,8.0,0.0,0.0
2011-06-07,22.4,5.6,21.0,15.0,4.6,3.0,30.1,14.6,32.0,0.0,11.2,5.2,13.1,55.4,4.6,0.0,0.0,7.4,6.3,0.0,4.5,16.5,24.6,6.2,0.0,8.6,22.1,6.0,0.0,19.2,0.0,16.2,4.2,27.0,0.0,0.0
2011-06-08,12.4,0.0,0.0,0.0,0.0,2.0,2.0,0.0,6.0,0.0,15.0,0.0,11.3,6.2,2.4,0.0,0.0,0.4,1.4,0.0,0.0,1.0,1.4,0.2,29.1,0.0,0.1,0.0,0.0,1.0,0.0,0.0,5.3,7.0,18.2,21.5
2011-06-09,1.0,3.2,0.0,0.0,1.2,0.0,7.9,0.0,0.0,0.0,2.0,0.0,0.0,0.0,0.0,0.0,0.0,0.0,5.2,0.0,0.0,6.4,4.4,0.0,0.0,0.5,0.5,2.6,3.4,0.0,0.0,0.0,75.5,0.0,0.0,0.0
2011-06-10,0.0,0.0,0.0,0.0,1.2,0.0,0.3,0.0,0.0,0.0,32.0,0.0,0.0,0.0,0.0,0.0,0.0,16.3,0.0,8.4,0.0,0.0,14.2,1.2,0.0,7.3,4.0,0.0,0.0,9.5,0.0,3.5,0.0,10.0,5.4,0.0
2011-06-11,0.0,0.0,1.5,0.0,21.2,13.0,0.0,1.2,0.0,32.0,8.2,0.0,0.0,10.2,0.0,0.0,0.0,7.7,4.3,0.0,0.0,0.0,6.2,2.0,0.0,22.5,5.0,30.0,0.0,3.5,0.0,0.0,19.4,0.0,8.2,0.0
2011-06-12,0.0,0.0,0.0,10.2,0.0,0.0,0.0,3.8,0.0,0.0,0.0,0.0,0.0,20.4,10.0,0.0,0.0,2.6,0.0,0.0,0.0,0.0,0.0,1.5,10.5,0.0,0.0,0.2,0.0,13.5,0.0,0.0,0.0,0.0,0.0,41.0
2011-06-13,0.0,10.8,19.0,6.0,5.6,0.0,6.5,16.8,15.0,0.0,0.0,3.5,0.0,10.2,6.5,0.0,0.0,3.3,5.3,15.0,22.2,3.7,8.6,15.0,7.5,0.0,3.2,5.8,0.0,0.0,0.0,0.0,32.5,0.0,0.0,0.0
2011-06-14,0.0,33.9,35.0,0.0,7.2,13.0,6.4,30.0,0.0,20.0,0.0,3.5,0.0,0.0,0.0,0.0,0.0,18.7,21.5,35.4,25.0,18.0,9.4,8.3,19.2,6.0,21.5,3.8,27.2,17.0,0.0,0.0,0.0,13.0,0.0,0.0
2011-06-15,0.0,0.2,8.5,4.8,62.2,4.0,0.0,11.2,0.0,20.1,6.0,11.3,7.3,0.0,0.0,0.0,0.0,20.9,0.0,2.0,5.0,5.4,5.4,1.5,39.0,6.0,3.7,0.8,44.8,24.2,0.0,0.0,8.0,5.0,4.2,15.5
2011-06-16,0.0,40.8,21.0,0.0,14.6,15.0,0.4,30.6,2.0,36.4,43.5,16.2,21.1,0.0,16.5,92.1,0.0,25.2,42.2,30.0,11.4,36.0,12.2,25.5,13.0,23.2,41.5,13.2,38.9,14.0,3.3,0.0,10.0,7.0,0.0,0.0
2011-06-17,33.6,34.4,7.0,0.0,23.4,32.0,35.2,1.6,0.0,0.0,17.2,6.3,0.0,12.5,8.0,0.0,0.0,2.0,19.3,42.0,0.0,1.8,11.2,3.2,39.0,5.8,0.7,13.8,0.0,4.5,15.2,0.0,37.5,4.0,0.0,0.0
2011-06-18,11.0,23.0,8.0,8.8,31.6,15.5,32.5,47.6,42.0,0.0,44.0,42.5,0.0,9.2,11.0,0.0,0.0,77.8,31.2,55.0,28.4,38.5,46.8,36.2,13.0,87.5,20.6,61.2,33.5,48.2,16.3,32.2,104.5,14.0,6.0,7.5
2011-06-19,2.0,5.3,8.0,15.4,3.6,10.0,3.9,4.8,6.2,0.0,21.2,4.2,15.3,10.4,0.0,3.2,0.0,4.5,7.0,30.0,36.4,6.3,6.2,6.0,40.0,4.8,21.2,3.4,2.4,9.0,10.5,5.1,18.1,0.0,14.0,17.0
2011-06-20,12.6,13.7,0.8,0.0,15.4,32.0,10.7,22.6,5.0,0.0,9.0,15.3,22.2,0.0,0.0,20.1,0.0,15.7,11.2,0.0,36.3,16.7,15.0,20.4,14.5,24.5,22.8,17.0,12.5,0.0,0.0,5.4,4.0,0.0,0.0,5.0
2011-06-21,0.0,0.0,0.0,0.0,0.0,54.0,0.0,0.0,0.0,10.2,0.0,0.0,0.0,0.0,14.7,0.0,0.0,0.0,0.0,0.0,0.0,0.0,0.0,0.0,0.0,4.5,1.0,0.0,0.0,0.0,0.0,0.0,0.0,0.0,0.0,0.0
2011-06-22,6.0,0.0,0.0,14.8,0.0,0.0,4.7,0.0,0.0,16.2,4.8,0.0,0.0,0.0,2.8,0.0,0.0,0.0,0.0,0.0,0.0,0.0,0.0,0.0,0.0,0.0,8.5,0.0,2.4,7.0,0.0,0.0,9.5,0.0,0.0,0.0
2011-06-23,0.0,0.0,0.0,0.0,0.0,6.0,0.0,21.4,0.0,0.0,0.0,2.3,45.2,0.0,4.5,0.0,0.0,7.4,0.0,0.0,0.0,0.0,0.0,1.3,50.2,9.2,12.6,6.4,0.0,7.5,0.0,0.0,1.1,10.0,0.0,0.0
2011-06-24,0.0,0.5,5.0,38.2,0.8,3.0,20.3,28.4,0.0,0.2,43.0,12.5,73.1,0.0,0.0,70.0,0.0,4.2,1.4,8.0,5.7,5.0,23.6,0.1,42.0,24.5,19.2,6.6,0.0,5.5,0.0,0.0,0.0,0.0,0.0,0.0
2011-06-25,3.4,34.9,30.0,0.0,28.2,0.0,47.0,71.2,106.0,52.0,61.0,68.5,12.3,10.2,0.0,4.0,0.0,26.0,35.4,46.4,40.0,83.4,38.4,34.2,1.5,23.8,4.8,22.4,27.4,34.4,0.0,35.3,72.8,54.0,135.4,10.0
2011-06-26,2.0,20.3,15.0,17.0,24.8,7.0,5.9,14.8,6.0,6.6,4.0,7.2,17.3,20.4,0.0,6.1,0.0,34.2,2.0,10.4,30.6,7.6,2.2,2.0,22.5,28.5,24.9,21.4,2.2,11.5,0.0,3.5,20.1,0.0,5.6,9.0
2011-06-27,2.0,15.4,26.3,37.2,17.2,3.5,41.4,34.2,0.0,23.4,24.5,9.5,36.1,15.4,0.0,38.4,0.0,38.5,12.0,42.6,58.4,17.2,7.8,20.0,20.0,27.6,30.2,16.4,29.3,17.5,0.0,11.4,3.2,0.0,0.0,0.0
2011-06-28,19.2,22.3,21.0,34.0,31.8,0.0,50.0,111.6,0.0,116.0,8.5,50.5,5.0,8.2,19.5,13.1,0.0,22.4,20.0,25.6,35.2,28.7,14.4,13.2,9.5,42.0,36.0,44.0,17.4,40.0,0.0,4.5,5.0,0.0,0.0,0.0
2011-06-29,5.0,10.6,10.0,22.8,17.4,10.2,24.3,12.2,0.0,15.2,0.0,33.5,0.0,5.4,30.0,20.4,0.0,22.9,11.2,32.4,11.8,11.0,13.6,7.1,21.0,23.0,12.4,32.6,2.0,30.5,10.5,4.1,2.1,33.0,12.0,0.0
2011-06-30,19.4,21.6,18.5,23.0,58.6,9.0,23.3,14.0,22.0,19.3,0.0,37.5,0.0,30.5,27.5,80.2,0.0,42.4,18.2,38.0,12.6,22.0,16.6,19.0,42.0,43.6,27.5,50.0,38.5,45.5,8.3,31.1,58.2,41.0,9.4,20.0
2011-07-01,105.1,64.6,62.0,70.2,88.2,1.5,146.2,69.4,72.2,38.2,5.9,135.5,78.2,80.4,35.0,25.4,40.2,74.9,56.0,0.0,62.4,55.0,47.0,75.1,0.0,96.4,9.7,102.8,45.2,54.5,15.4,82.4,93.2,14.1,104.0,20.5
2011-07-02,5.4,40.1,1.0,2.0,2.2,2.0,0.7,37.2,32.2,0.0,7.0,5.5,21.1,50.2,160.0,87.3,0.0,4.3,0.0,60.4,18.3,3.5,3.0,5.1,0.0,8.5,16.4,8.8,2.4,12.5,16.6,2.0,3.5,30.0,8.0,41.5
2011-07-03,45.6,7.8,23.0,30.2,5.4,12.0,63.5,35.2,66.0,10.3,50.5,22.5,7.1,115.4,35.0,10.2,31.0,5.2,6.0,8.4,0.0,4.3,6.6,10.2,15.5,7.1,7.2,9.0,62.3,6.5,18.3,7.5,63.0,67.0,32.4,31.0
2011-07-04,163.6,12.4,0.0,42.4,1.8,10.0,122.4,22.6,64.0,0.0,9.6,52.5,9.2,50.5,1.0,124.0,51.8,33.3,1.0,6.0,32.0,16.9,1.0,9.5,0.0,14.0,21.4,28.2,0.2,24.5,7.5,0.0,16.3,10.0,34.8,40.0
2011-07-05,8.2,2.8,2.0,17.6,18.4,7.0,18.2,4.6,36.0,0.0,22.2,36.5,0.0,68.2,0.0,0.0,0.0,18.5,2.4,16.4,4.0,1.6,8.6,2.5,70.0,40.5,1.9,33.8,3.2,45.5,19.2,5.5,38.2,56.0,16.6,42.0
2011-07-06,8.6,4.5,0.0,23.2,27.6,1.0,4.4,4.0,9.0,12.0,2.5,8.2,103.2,0.0,0.6,0.0,0.0,47.7,8.0,18.4,10.2,6.0,7.4,5.2,10.0,32.0,11.4,24.0,14.6,37.0,129.5,1.5,7.5,0.0,0.8,0.0
2011-07-07,0.0,11.3,11.5,12.0,0.8,20.0,0.0,44.6,0.0,24.2,0.0,2.5,76.1,0.0,4.5,0.0,0.0,11.2,25.0,3.0,22.4,21.2,13.8,54.0,7.5,6.2,21.7,0.4,2.0,7.5,0.0,0.0,0.6,0.0,0.0,0.0
2011-07-08,0.0,8.4,13.0,9.6,2.4,31.5,0.0,2.6,0.0,0.0,0.0,0.0,21.3,0.0,28.8,0.0,0.0,8.9,1.5,0.0,2.0,4.3,0.6,5.2,0.0,1.5,9.8,2.2,17.3,3.8,0.0,0.0,6.1,0.0,0.0,0.0
2011-07-09,0.0,0.0,0.0,4.8,1.0,13.0,0.0,9.8,0.0,1.0,0.0,0.0,32.1,13.5,4.0,97.4,0.0,0.7,0.0,0.0,0.0,0.0,0.0,0.5,0.0,1.2,6.2,0.0,2.4,0.2,0.0,0.0,8.5,9.0,0.0,0.0
2011-07-10,38.8,0.0,0.0,1.6,0.0,1.5,0.0,1.2,5.0,0.0,0.0,0.0,0.0,70.4,40.5,0.0,80.2,1.2,0.0,0.0,0.0,22.5,0.0,0.0,0.0,2.0,37.3,0.0,0.0,5.5,16.2,0.0,32.2,34.0,12.0,32.0
2011-07-11,6.0,4.2,14.0,4.6,0.0,2.0,0.0,55.6,10.3,0.0,27.0,0.0,0.0,40.2,0.0,0.0,33.4,0.8,3.0,0.0,16.8,0.0,0.2,6.0,0.0,0.0,0.7,0.0,0.0,0.0,16.3,0.0,2.2,0.0,0.0,22.8
2011-07-12,28.8,26.4,11.0,0.0,0.0,56.0,1.2,14.6,0.0,40.1,20.5,0.0,3.1,30.4,0.0,0.0,55.0,0.0,1.3,0.0,0.0,1.7,5.0,0.0,6.5,0.0,0.4,0.0,19.8,0.0,54.5,0.0,3.1,165.0,0.0,0.0
2011-07-13,16.0,0.0,0.0,3.2,0.0,0.0,0.7,46.6,35.2,0.0,3.0,0.0,1.1,25.2,15.0,0.0,12.4,25.5,3.3,0.0,0.0,1.0,0.4,0.0,38.2,0.0,1.0,0.0,13.5,0.0,81.3,0.5,35.8,0.0,12.2,0.0
2011-07-14,0.0,64.5,21.0,30.2,54.6,12.0,0.0,40.2,0.0,22.3,0.0,12.5,0.0,0.0,17.5,0.0,0.0,16.0,26.0,45.0,68.2,32.2,15.2,21.0,5.4,16.3,41.0,33.8,37.2,8.6,0.0,3.2,1.9,0.0,0.0,5.0
2011-07-15,0.0,23.2,11.4,33.4,29.6,6.5,27.2,132.0,39.0,0.0,32.9,8.3,0.0,0.0,7.5,4.0,62.4,18.8,13.5,46.0,8.4,15.5,7.0,37.0,23.2,20.0,40.3,19.6,40.8,31.5,0.0,0.0,5.5,31.0,0.0,0.0
2011-07-16,0.0,14.2,0.0,21.0,4.2,10.5,0.8,76.2,1.0,0.0,19.0,6.2,1.1,0.0,3.0,0.0,92.4,15.0,6.0,25.0,19.8,32.4,1.8,1.0,4.5,10.0,42.4,6.4,42.5,14.2,0.0,2.3,1.6,3.0,1.6,0.0
2011-07-17,2.2,0.0,0.0,0.0,0.4,6.5,0.0,3.6,0.0,0.0,5.5,0.0,1.0,0.0,30.5,10.0,0.0,16.2,0.0,30.0,0.0,0.0,0.0,3.7,0.0,1.4,0.2,0.0,10.2,0.0,0.0,0.0,7.1,0.0,2.0,0.0
2011-07-18,0.0,1.2,0.0,3.6,0.0,9.5,8.3,4.6,0.0,10.4,0.0,14.5,3.1,0.0,40.0,6.4,0.0,0.0,0.0,0.0,21.4,41.2,0.0,0.5,6.1,0.0,18.7,0.0,2.0,0.0,0.0,0.0,28.5,0.0,0.0,0.0
2011-07-19,10.6,1.2,3.0,0.0,0.0,30.0,47.6,0.2,0.0,10.1,2.5,7.2,0.0,3.5,27.5,13.1,27.8,0.0,1.4,2.0,4.2,1.0,4.4,0.0,70.5,0.5,0.7,0.0,0.5,0.0,0.0,0.0,1.9,0.0,5.2,0.0
2011-07-20,84.8,73.4,28.5,37.2,46.4,15.0,133.9,59.6,72.0,20.3,43.0,86.5,0.0,124.4,18.4,57.3,0.0,52.5,37.5,44.6,40.1,73.0,60.8,40.0,4.5,55.0,43.0,63.8,112.3,52.0,0.0,32.5,114.5,117.0,198.0,106.0
2011-07-21,1.0,0.5,1.0,9.8,6.6,0.0,15.7,2.4,0.0,28.2,3.5,3.5,0.0,0.0,2.5,0.0,0.0,11.7,0.0,0.0,1.8,0.7,3.8,1.0,0.0,20.5,0.7,10.2,9.5,37.0,0.0,0.0,1.5,0.0,0.0,0.0
2011-07-22,6.0,2.5,13.0,6.4,6.8,0.0,55.7,35.2,2.0,4.4,21.2,45.5,17.4,0.0,3.0,0.0,0.0,15.1,12.2,0.0,28.4,17.2,4.8,7.3,0.0,21.2,6.7,7.2,2.1,12.5,0.0,0.0,7.3,0.0,2.4,6.5
2011-07-23,0.0,1.0,4.0,1.0,0.0,8.0,5.5,7.2,0.0,5.2,0.0,18.3,1.1,0.0,11.5,0.0,0.0,0.2,0.0,0.0,0.0,0.0,0.8,2.5,4.2,0.9,9.7,0.4,0.0,0.0,0.0,17.3,0.5,0.0,0.0,0.0
2011-07-24,1.0,0.3,1.0,2.4,0.0,32.0,2.1,2.2,0.0,24.1,0.0,1.5,0.0,0.0,7.0,0.0,0.0,0.5,0.0,0.0,0.0,1.0,0.0,1.2,0.0,2.2,9.3,0.6,0.0,3.5,0.0,0.0,4.0,0.0,1.2,0.0
2011-07-25,0.0,0.0,0.0,0.0,0.4,16.0,0.0,5.2,0.0,16.4,4.0,0.0,31.4,0.0,1.4,0.0,0.0,10.5,0.0,0.0,0.0,0.0,0.4,0.5,8.4,7.0,0.9,4.0,2.5,2.5,0.0,0.0,3.3,0.0,0.0,0.0
2011-07-26,0.0,6.7,2.0,31.0,2.0,36.0,3.0,37.4,9.0,14.4,5.0,1.5,27.2,0.0,10.5,0.0,0.0,10.8,6.5,0.0,18.2,49.5,1.6,13.5,20.2,3.0,0.4,2.4,10.2,12.4,0.0,0.0,4.4,0.0,0.0,0.0
2011-07-27,2.2,5.0,34.0,6.0,0.2,8.5,117.7,62.2,0.0,10.2,3.0,21.3,0.0,0.0,30.0,43.4,23.0,0.7,21.2,18.4,8.4,11.5,3.6,2.1,24.1,1.5,20.6,0.4,8.5,18.2,0.0,8.2,68.2,0.0,0.8,50.0
2011-07-28,58.4,14.7,10.0,43.6,9.0,12.0,7.0,34.4,0.0,6.3,41.5,35.3,22.1,10.4,21.0,0.0,26.4,9.2,17.0,8.0,12.5,17.2,9.8,20.3,36.3,11.6,16.5,14.2,13.2,2.5,0.0,10.1,82.9,0.0,14.6,40.0
2011-07-29,0.0,37.2,8.5,1.8,12.6,1.5,3.9,42.6,0.0,31.4,44.0,12.5,4.1,14.5,11.0,0.0,0.0,1.3,14.0,6.0,14.1,34.0,6.2,23.0,4.5,0.0,8.0,19.2,20.5,3.5,0.0,5.1,4.1,0.0,0.0,21.0
2011-07-30,59.4,7.0,35.0,5.8,7.2,0.0,14.7,31.2,38.0,6.1,29.3,3.5,7.1,0.0,0.0,0.0,0.0,6.9,24.5,2.0,3.5,3.0,4.2,2.5,11.2,8.5,7.0,4.4,22.2,1.1,0.0,10.2,9.3,25.0,0.0,0.0
2011-07-31,67.4,2.7,0.0,0.0,1.6,0.0,11.9,16.8,62.0,6.2,53.0,9.5,2.2,40.2,14.0,0.0,0.0,0.2,0.0,0.0,6.0,5.0,7.0,0.5,4.9,0.6,2.9,6.2,0.0,1.5,16.6,10.5,16.3,120.0,115.0,0.0
2011-08-01,7.0,0.7,,0.0,1.2,0.0,3.4,6.0,20.0,0.0,3.9,11.2,0.0,14.4,40.7,0.0,0.0,1.0,1.0,0.0,0.0,1.5,0.8,3.2,19.1,2.0,6.0,4.0,6.5,2.0,20.3,0.0,7.0,8.0,10.4,0.0
2011-08-02,4.4,0.8,,0.0,0.0,0.0,147.6,13.0,10.3,0.0,0.0,0.0,0.0,15.4,18.0,0.0,0.0,0.0,15.3,0.0,0.0,7.5,11.4,5.0,19.2,0.0,0.5,0.0,2.4,0.0,41.2,0.0,29.0,24.0,6.6,0.0
2011-08-03,44.4,9.8,0.0,14.4,8.0,3.0,5.5,3.2,0.0,60.3,35.5,2.5,21.4,0.0,9.5,0.0,84.2,17.2,0.0,0.0,9.0,11.5,2.2,26.0,9.4,0.0,0.5,0.0,19.8,0.0,15.4,0.0,3.1,0.0,0.0,0.0
2011-08-04,0.0,0.0,,0.0,0.0,3.5,0.6,18.0,0.0,10.2,0.0,6.2,25.2,0.0,2.0,0.0,33.8,0.0,0.0,0.0,3.1,0.0,0.0,1.2,29.4,2.5,22.7,0.0,13.2,5.5,10.8,0.0,0.0,0.0,0.0,0.0
2011-08-05,20.0,24.6,,62.6,15.4,0.0,13.7,34.4,0.0,42.2,15.4,9.2,4.4,14.2,60.0,0.0,11.0,7.9,19.1,10.4,23.4,53.3,35.0,23.0,41.4,8.5,29.5,13.0,8.7,19.0,21.5,6.5,16.9,12.0,0.0,0.0
2011-08-06,21.2,17.8,,17.8,18.0,0.0,75.0,30.8,9.2,42.3,9.5,39.1,28.2,0.0,25.5,0.0,42.0,46.1,41.2,28.0,22.1,49.7,49.6,33.2,31.2,28.6,17.0,19.4,37.2,10.0,24.3,25.2,82.3,48.0,52.2,0.0
2011-08-07,4.5,38.4,,46.8,80.4,1.5,27.5,87.0,0.0,10.0,7.3,31.5,7.2,0.0,1.5,0.0,0.0,39.5,22.6,36.8,28.4,18.0,12.8,35.0,23.2,56.0,8.5,72.4,43.8,53.5,11.5,12.2,15.0,0.0,11.8,0.0
2011-08-08,0.0,10.5,,16.6,8.4,5.0,1.3,12.0,0.0,0.0,7.4,7.5,18.1,0.0,0.0,0.0,0.0,5.0,8.6,25.6,22.0,27.5,2.6,6.5,32.4,11.6,8.8,10.0,27.2,7.5,13.7,2.2,0.0,0.0,0.0,0.0
2011-08-09,0.0,7.0,,0.0,0.2,0.0,0.0,4.6,0.0,0.0,0.0,2.3,21.3,0.0,8.0,0.0,10.0,0.0,1.3,0.0,2.3,0.0,1.4,1.0,0.0,1.0,22.0,0.2,20.5,0.0,12.4,0.0,0.0,0.0,0.0,0.0
2011-08-10,0.0,0.0,,6.0,0.0,8.0,0.0,9.2,0.0,0.0,0.0,1.2,0.0,0.0,35.7,0.0,16.2,0.2,0.0,0.0,0.0,0.0,0.0,0.2,4.9,5.5,1.8,1.4,44.3,3.0,7.2,0.0,0.0,0.0,3.8,0.0
2011-08-11,0.0,7.8,,16.8,2.2,6.0,23.4,6.4,0.0,0.0,2.1,23.5,0.0,0.0,20.5,0.0,27.6,1.6,4.2,3.0,8.2,9.5,0.8,5.1,5.4,4.3,15.7,6.2,3.2,5.0,18.7,0.0,0.0,0.0,0.0,0.0
2011-08-12,0.0,16.5,,23.8,45.1,0.0,12.4,37.8,0.0,0.0,0.0,6.5,0.0,0.0,19.0,0.0,21.2,57.6,11.3,10.4,32.4,12.3,6.4,4.3,0.0,49.5,32.5,45.0,7.3,23.0,108.6,6.2,17.5,0.0,0.0,0.0
2011-08-13,0.0,6.1,,10.6,1.6,0.0,0.0,2.4,0.0,0.0,14.0,4.5,33.2,0.0,33.5,0.0,0.0,8.1,1.3,0.0,8.2,1.0,2.4,0.5,4.5,12.0,0.5,4.0,0.0,11.0,22.3,10.5,2.2,0.0,0.0,0.0
2011-08-14,0.0,2.5,,12.2,1.2,0.0,15.2,14.6,0.0,14.0,1.5,10.5,5.5,0.0,4.5,0.0,0.0,2.4,1.5,18.6,3.2,29.5,1.4,2.1,28.8,1.4,21.9,0.8,10.4,2.0,26.4,3.5,0.0,0.0,0.0,0.0
2011-08-15,0.0,1.8,,11.2,1.4,0.0,38.9,13.2,2.0,12.4,3.4,9.5,31.1,0.0,12.0,0.0,0.0,4.9,0.0,6.0,4.4,0.0,0.0,0.0,0.0,11.0,3.2,3.0,12.2,12.0,6.2,5.2,27.8,0.0,0.0,0.0
2011-08-16,38.6,1.5,,3.2,2.2,0.0,24.1,58.4,0.0,10.2,1.5,0.0,21.2,0.0,0.0,0.0,0.0,46.5,4.2,12.0,2.1,17.7,2.6,12.5,6.1,1.0,5.7,4.0,6.4,5.0,9.3,7.0,3.4,0.0,0.0,0.0
2011-08-17,57.4,0.4,,5.2,11.2,3.0,11.5,12.4,54.0,40.2,50.0,7.5,107.1,0.0,24.4,0.0,0.0,2.4,3.8,15.0,1.3,5.6,9.2,2.0,4.8,2.6,9.2,22.0,2.2,2.0,12.1,2.0,42.7,8.0,115.8,0.0
2011-08-18,14.0,6.7,,10.6,4.4,2.0,28.9,67.8,10.0,0.0,8.7,65.5,5.4,40.2,9.5,40.0,0.0,5.4,2.2,0.0,10.4,24.0,2.2,18.2,6.9,4.0,17.3,3.8,19.4,15.0,20.6,4.3,17.4,0.0,7.8,0.0
2011-08-19,2.8,14.5,0.0,17.8,16.6,6.5,2.4,17.6,0.0,8.0,32.0,16.3,0.0,10.4,3.0,60.0,0.0,21.9,24.8,8.6,19.6,27.0,23.2,11.5,25.5,32.5,6.8,13.4,32.1,37.0,15.5,29.3,9.8,0.0,3.4,10.0
2011-08-20,0.0,13.7,,35.6,39.6,3.0,20.2,8.2,0.0,0.0,0.0,15.5,0.0,2.5,8.0,20.1,40.2,53.7,8.3,32.0,8.6,9.9,4.4,10.5,10.2,23.0,3.7,43.4,28.4,10.0,25.3,0.0,4.5,24.0,0.0,15.0
2011-08-21,0.0,3.0,,0.0,0.0,6.0,0.5,18.2,0.0,10.2,3.0,0.0,0.0,0.0,14.0,4.2,51.0,23.0,0.0,20.4,6.8,0.0,0.0,8.1,13.0,7.0,1.5,0.4,44.8,11.0,30.4,0.0,0.0,0.0,0.0,25.0
2011-08-22,0.0,1.7,,0.0,16.4,5.0,9.1,2.0,0.0,10.2,38.0,23.5,12.1,0.0,0.0,36.0,80.4,0.5,0.0,26.6,0.0,0.0,10.6,2.3,2.0,16.4,0.2,29.8,0.0,0.0,8.3,0.0,0.0,0.0,0.0,50.0
2011-08-23,119.6,20.2,,51.6,24.8,1.5,26.9,49.6,104.0,10.0,45.0,17.3,4.4,44.5,0.0,40.0,19.0,21.1,51.0,30.0,25.4,31.0,20.0,34.0,23.4,18.5,32.5,26.0,14.2,26.0,10.5,0.0,23.7,0.0,29.8,7.0
2011-08-24,4.6,14.9,,6.2,7.6,3.5,2.9,32.4,2.0,12.4,2.5,5.1,0.0,0.0,0.0,25.3,0.0,6.7,18.5,20.0,5.8,27.2,30.0,30.2,45.2,4.0,8.8,11.0,16.5,4.9,17.2,0.0,0.0,37.0,0.6,0.0
2011-08-25,80.8,6.4,,24.2,56.4,0.0,83.1,32.4,2.0,10.2,48.4,40.5,0.0,10.2,15.5,8.1,0.0,13.9,10.3,4.4,6.5,8.9,7.6,5.5,13.0,14.2,32.4,23.6,10.3,11.0,9.5,0.0,49.7,0.0,10.0,0.0
2011-08-26,3.8,19.7,,22.2,7.6,0.0,14.5,24.6,14.0,10.2,2.2,7.5,0.0,0.0,27.5,0.0,0.0,7.2,19.5,0.0,26.9,27.5,6.6,6.5,13.8,4.5,29.0,5.2,18.4,7.5,6.6,0.0,12.3,9.0,0.0,0.0
2011-08-27,0.0,6.4,,7.6,3.4,44.0,10.4,24.2,9.0,36.0,0.0,17.5,0.0,0.0,16.0,0.0,0.0,2.6,0.0,0.0,14.4,3.5,0.6,7.0,39.0,3.2,10.5,5.0,9.8,26.0,11.7,0.0,0.0,0.0,0.0,0.0
2011-08-28,0.0,3.5,,22.2,0.8,9.0,2.6,18.2,0.0,0.0,9.2,0.0,0.0,0.0,30.4,0.0,0.0,0.2,0.0,0.0,0.0,25.7,0.0,2.5,9.4,1.6,3.5,1.4,10.2,11.0,14.4,0.0,0.0,0.0,0.0,30.0
2011-08-29,0.0,5.8,,0.0,2.4,20.0,26.2,22.2,0.0,0.0,0.0,0.0,0.0,0.0,10.0,0.0,0.0,2.5,4.2,0.0,30.0,9.4,1.2,2.3,7.4,1.0,5.0,16.0,7.4,7.0,21.3,0.0,2.1,0.0,0.0,0.0
2011-08-30,0.0,0.0,,58.2,0.0,12.0,0.0,0.2,0.0,0.0,0.0,0.0,0.0,0.0,1.7,0.0,0.0,0.0,0.0,0.0,3.0,0.0,0.0,0.0,5.4,12.8,4.3,1.2,10.8,7.5,0.0,0.0,0.0,0.0,0.0,0.0
2011-08-31,6.0,2.7,,0.0,0.0,2.0,0.0,36.4,19.0,0.0,12.2,4.2,0.0,0.0,13.0,0.0,0.0,0.0,2.0,0.0,12.4,1.4,0.4,8.5,18.2,0.0,9.8,0.0,8.9,1.5,0.0,0.0,1.6,0.0,0.0,0.0
2011-09-01,0.0,3.1,0.0,30.0,2.6,0.0,0.0,9.6,0.0,0.0,7.6,0.0,,0.0,4.0,0.0,0.0,0.0,0.0,0.0,5.3,3.4,0.0,6.2,14.2,6.5,33.5,4.6,44.5,9.5,0.0,0.0,2.5,0.0,0.0,0.0
2011-09-02,0.0,0.0,0.0,0.0,0.0,7.0,12.6,27.0,4.0,0.0,0.0,0.0,,0.0,2.0,0.0,0.0,0.0,0.0,0.0,0.0,2.5,0.0,0.1,0.0,0.0,18.5,0.0,2.1,0.0,0.0,0.0,1.8,0.0,0.0,0.0
2011-09-03,0.0,0.0,0.5,0.0,0.0,30.0,8.9,4.2,2.0,32.2,0.0,0.0,,0.0,19.0,2.1,0.0,0.0,0.0,0.0,0.0,3.8,0.0,0.2,1.4,0.0,4.2,0.0,13.9,0.0,15.5,1.3,15.6,0.0,0.0,0.0
2011-09-04,0.0,1.2,5.0,0.0,0.0,0.0,1.9,2.2,0.0,5.3,0.0,2.5,,0.0,35.7,4.4,0.0,0.0,0.0,0.0,0.0,1.8,0.0,1.2,0.0,0.0,2.3,0.0,36.2,0.0,16.3,3.0,6.8,0.0,0.0,0.0
2011-09-05,0.0,10.5,11.0,2.2,9.4,0.0,0.7,26.4,0.0,5.3,4.5,0.0,,0.0,11.0,5.3,0.0,3.2,0.0,16.4,11.8,5.7,0.0,4.5,11.1,16.4,27.5,25.6,43.5,11.5,9.4,1.5,5.2,0.0,2.4,0.0
2011-09-06,1.0,0.0,0.0,0.0,0.0,0.0,20.2,30.0,22.0,4.4,0.0,0.0,,10.4,0.0,0.0,0.0,0.3,0.0,0.0,4.2,0.0,0.0,0.5,0.0,16.0,2.9,0.0,18.2,33.5,18.5,0.0,25.4,10.0,0.0,0.0
2011-09-07,18.0,27.0,13.3,8.2,17.4,0.0,0.0,29.0,2.3,0.0,15.0,3.5,,0.0,0.0,0.0,0.0,2.3,14.5,0.0,40.0,28.5,6.6,20.0,5.2,4.5,41.5,8.2,6.3,2.0,20.6,0.0,35.3,0.0,0.0,0.0
2011-09-08,1.0,6.3,14.4,3.2,2.2,0.0,2.6,37.4,2.0,0.0,13.4,2.3,,0.0,1.5,0.0,0.0,10.4,20.2,15.8,8.3,16.2,22.8,6.0,17.1,2.1,6.0,2.6,13.8,4.5,11.4,6.4,14.7,4.0,0.0,0.0
2011-09-09,4.6,3.4,1.5,10.0,13.4,0.0,3.9,31.2,0.0,0.0,23.6,9.3,,0.0,51.0,0.0,0.0,19.9,9.2,12.4,2.8,3.5,2.2,5.0,6.4,11.2,38.7,17.2,10.9,18.5,0.0,3.2,6.8,0.0,0.0,0.0
2011-09-10,0.0,3.0,10.0,30.0,9.2,0.0,0.0,12.6,0.0,15.0,2.5,0.0,,0.0,18.4,0.0,0.0,7.0,11.3,0.0,2.0,45.5,0.0,9.3,10.0,9.5,9.2,6.4,7.2,12.5,0.0,0.0,3.5,0.0,0.0,0.0
2011-09-11,0.0,0.0,0.0,0.0,0.0,0.0,15.1,2.8,0.0,10.3,0.0,0.0,,0.0,6.0,0.0,0.0,0.0,0.0,0.0,0.0,0.0,0.0,0.1,0.0,1.0,0.7,0.2,0.0,21.0,40.7,0.0,7.0,0.0,0.0,0.0
2011-09-12,0.0,15.0,0.0,31.6,1.2,0.0,3.8,0.6,0.0,10.2,5.2,0.0,,0.0,1.5,0.0,0.0,11.1,0.0,0.0,0.0,0.0,0.0,0.3,10.9,0.0,3.5,8.4,19.5,7.0,35.5,0.0,0.0,0.0,0.0,0.0
2011-09-13,0.0,0.5,0.0,2.0,0.0,0.0,0.0,73.6,0.0,15.4,0.0,0.0,,0.0,2.0,0.0,0.0,0.0,0.0,0.0,1.1,1.7,0.0,0.0,2.8,0.0,8.7,0.0,37.8,0.0,16.4,0.0,0.0,0.0,0.0,0.0
2011-09-14,0.0,2.8,0.0,19.8,0.2,0.0,19.1,18.6,7.0,0.0,22.2,0.0,,10.2,9.5,0.0,0.0,0.0,1.3,0.0,6.0,11.2,25.6,0.2,2.8,0.0,24.7,0.2,10.5,0.0,11.2,0.0,0.0,0.0,0.0,11.0
2011-09-15,0.4,0.0,0.0,7.2,0.0,0.0,51.5,10.4,25.0,0.0,12.4,15.5,,81.4,9.5,25.0,0.0,7.9,0.0,0.0,0.0,0.0,0.0,0.0,0.0,0.0,0.8,0.0,0.0,10.0,20.1,0.0,29.2,9.0,0.0,15.5
2011-09-16,18.0,0.0,4.2,0.0,0.0,0.0,11.2,3.4,20.0,0.0,11.8,1.2,,13.5,21.0,55.1,0.0,10.5,5.5,0.0,0.0,15.2,0.6,0.0,0.0,15.3,0.2,1.0,0.0,42.0,15.9,4.2,4.2,15.0,34.4,27.5
2011-09-17,29.6,6.6,13.4,0.0,12.4,0.0,12.0,4.6,52.3,0.0,43.5,3.5,,50.2,0.0,0.0,65.2,16.0,15.8,10.4,0.0,6.0,23.2,7.5,0.0,17.0,1.0,29.0,0.0,7.0,19.6,12.3,81.0,48.0,47.8,0.0
2011-09-18,18.6,0.0,0.5,4.2,0.2,0.0,78.2,12.4,24.0,0.0,43.7,15.3,,30.2,90.5,0.0,80.6,22.7,0.0,0.0,0.0,2.4,1.4,3.0,2.6,10.0,4.2,2.2,6.2,7.2,16.3,0.0,72.2,6.0,0.0,0.0
2011-09-19,16.0,43.5,13.6,23.2,7.4,0.0,66.2,11.6,14.0,90.3,7.5,29.5,,4.5,40.0,0.0,41.2,9.8,7.8,15.4,30.0,72.5,26.8,21.0,4.5,9.2,13.5,9.8,15.5,15.5,20.6,0.0,23.4,3.0,0.0,25.0
2011-09-20,17.0,5.2,2.3,2.4,5.2,0.0,34.7,27.2,95.0,0.0,0.0,2.3,,12.4,27.5,0.0,35.0,30.4,9.6,6.0,4.0,18.0,3.2,5.2,2.9,11.0,5.9,15.2,24.3,32.0,10.0,4.3,39.8,3.0,1.8,40.0
2011-09-21,23.6,4.0,0.5,10.2,3.4,0.0,4.9,2.4,10.3,0.0,0.0,7.5,,14.2,8.0,0.0,60.4,8.7,1.3,10.0,3.8,2.2,2.6,4.0,4.2,9.0,16.2,4.0,26.4,0.0,6.4,0.0,22.5,32.0,33.0,0.0
2011-09-22,9.8,1.0,5.5,11.8,1.4,0.0,1.0,2.0,0.0,0.0,49.2,0.0,,0.0,3.5,10.2,0.0,2.0,24.3,3.4,2.0,8.7,7.0,2.5,3.8,1.4,0.6,2.2,13.2,7.0,19.4,6.0,1.5,10.0,0.0,0.0
2011-09-23,0.0,2.5,34.3,6.5,2.6,5.0,0.0,6.2,0.0,0.0,0.0,9.5,,0.0,11.0,84.0,0.0,6.9,38.5,8.4,0.0,17.0,10.4,4.5,17.2,0.0,7.5,2.0,0.4,0.5,21.5,0.0,11.5,4.0,24.4,0.0
2011-09-24,0.0,7.5,2.0,6.8,2.4,0.0,0.6,46.4,18.0,0.0,8.2,7.5,,10.4,5.0,0.0,0.0,0.0,3.7,12.0,2.1,15.0,4.0,5.0,18.3,1.5,21.9,1.0,6.8,14.0,18.4,0.0,4.2,0.0,0.0,182.0
2011-09-25,10.3,8.4,2.1,14.2,8.4,0.0,5.6,8.4,0.0,40.2,0.0,5.5,,15.2,2.5,24.1,0.0,21.4,10.2,6.2,1.2,2.5,2.2,4.0,17.2,5.0,50.4,12.2,19.9,26.0,11.0,0.0,24.1,0.0,0.4,
2011-09-26,42.4,57.0,38.5,49.6,55.4,0.0,22.0,48.2,0.0,0.0,63.1,43.5,,20.5,22.4,43.4,0.0,67.5,47.5,62.0,36.4,46.3,50.4,82.0,54.5,61.5,22.8,51.6,49.5,42.2,14.5,60.5,57.5,160.0,195.8,
2011-09-27,11.0,38.0,32.3,21.0,39.6,0.0,43.0,27.6,110.0,0.0,44.0,57.5,,10.2,0.0,10.1,0.0,19.1,31.2,8.4,34.3,29.3,30.0,34.0,29.4,38.0,34.3,45.2,19.9,26.0,30.6,58.5,22.7,60.0,142.0,
2011-09-28,0.0,38.8,0.0,0.0,12.8,0.0,2.0,24.0,32.0,0.0,8.5,14.5,,55.4,0.0,0.0,0.0,8.0,2.0,0.0,29.3,19.2,23.0,18.0,5.2,0.5,10.2,4.2,19.5,0.7,41.7,0.0,12.2,18.0,0.0,0.0
2011-09-29,0.0,27.5,6.5,0.0,3.2,0.0,26.6,3.2,0.0,0.0,15.0,6.5,,0.0,1.0,0.0,0.0,7.2,0.0,0.0,8.2,2.5,0.4,3.0,0.0,19.0,11.6,4.0,0.0,8.0,25.4,0.0,23.2,0.0,0.0,0.0
2011-09-30,0.0,5.2,0.0,0.0,0.0,0.0,0.5,3.0,42.0,0.0,0.0,14.1,,0.0,3.0,0.0,0.0,6.1,3.5,0.0,6.4,1.5,14.8,2.0,0.0,0.0,2.3,0.0,0.0,0.0,0.0,0.0,0.0,0.0,0.0,0.0
2011-10-01,0.0,0.7,0.0,0.0,0.0,,2.7,4.4,0.0,,0.0,0.0,0.0,0.0,0.0,0.0,0.0,0.0,0.0,0.0,0.0,1.0,0.0,0.0,5.9,0.0,0.6,0.0,3.2,0.0,0.0,0.0,0.0,0.0,0.0,0.0
2011-10-02,0.0,0.1,1.2,0.0,0.0,,0.0,0.0,0.0,,25.6,0.0,0.0,0.0,0.0,0.0,0.0,0.0,1.7,0.0,0.0,6.0,2.2,3.0,4.2,0.0,8.8,0.2,7.8,0.0,0.0,0.0,0.0,0.0,0.0,0.0
2011-10-03,0.0,8.9,0.0,16.4,14.2,,0.0,20.4,50.0,,1.5,0.0,0.0,0.0,0.0,0.0,0.0,0.0,0.0,0.0,36.0,4.1,13.6,1.0,9.5,0.0,0.2,27.2,12.3,0.0,0.0,0.0,0.0,0.0,0.0,0.0
2011-10-04,0.0,0.1,2.6,3.0,2.4,,0.0,7.6,0.0,,4.5,8.5,0.0,0.0,0.0,0.0,0.0,0.0,1.3,0.0,36.0,22.5,0.0,0.0,0.0,0.0,0.0,4.4,0.0,0.0,0.0,0.0,9.0,0.0,0.0,0.0
2011-10-05,0.0,0.0,0.0,0.0,0.0,,15.4,0.0,0.0,,2.3,0.0,0.0,0.0,0.0,0.0,0.0,0.0,0.0,0.0,0.0,0.0,0.0,0.0,0.0,0.0,0.0,0.0,0.0,0.0,0.0,0.0,0.0,0.0,0.0,0.0
2011-10-06,0.0,0.0,0.0,0.0,0.0,,0.0,0.0,0.0,,0.0,0.0,0.0,0.0,0.0,0.0,0.0,0.0,0.0,0.0,0.0,0.0,0.0,0.0,0.0,0.0,0.0,0.0,0.0,0.0,0.0,0.0,0.0,0.0,0.0,0.0
2011-10-07,0.0,0.0,0.0,0.0,0.0,,0.0,0.0,0.0,,0.0,0.0,0.0,0.0,0.0,0.0,0.0,0.0,0.0,0.0,0.0,0.0,12.0,0.0,0.0,0.0,0.0,0.0,0.0,0.0,0.0,0.0,0.0,0.0,0.0,0.0
2011-10-08,0.0,0.0,0.0,0.0,0.0,,0.0,0.0,0.0,,19.5,0.0,0.0,0.0,0.0,0.0,0.0,0.0,0.0,0.0,0.0,0.0,0.0,0.0,0.0,0.0,0.0,0.0,0.0,0.0,0.0,0.0,0.0,0.0,0.0,0.0
2011-10-09,0.0,0.0,0.0,0.0,0.0,,0.0,0.0,0.0,,0.0,0.0,0.0,0.0,0.0,0.0,0.0,0.0,0.0,0.0,0.0,0.0,0.0,0.0,0.0,0.0,0.0,0.0,0.0,0.0,0.0,0.0,0.0,0.0,0.0,0.0
2011-10-10,0.0,0.0,0.0,0.0,0.0,,0.0,0.0,0.0,,0.0,0.0,0.0,0.0,0.0,0.0,0.0,0.0,0.0,0.0,0.0,0.0,0.0,0.0,0.0,0.0,0.0,0.0,0.0,0.0,0.0,0.0,0.0,0.0,0.0,0.0
2011-10-11,0.0,0.0,0.0,0.0,0.0,,0.0,0.0,0.0,,0.0,0.0,0.0,0.0,0.0,0.0,0.0,0.0,0.0,0.0,0.0,0.0,0.0,0.0,0.0,0.0,0.0,0.0,0.0,0.0,0.0,0.0,0.0,0.0,0.0,0.0
2011-10-12,0.0,0.0,0.0,0.0,0.0,,0.0,0.0,0.0,,0.0,0.0,0.0,0.0,0.0,0.0,0.0,0.0,0.0,0.0,0.0,0.0,0.0,0.0,0.0,0.0,0.0,0.0,0.0,0.0,0.0,0.0,0.0,0.0,0.0,0.0
2011-10-13,0.0,0.0,0.0,0.0,0.0,,0.0,0.0,0.0,,0.0,0.0,0.0,0.0,0.0,0.0,0.0,0.0,0.0,0.0,0.0,0.0,0.0,0.0,0.0,0.0,0.0,0.0,0.0,0.0,0.0,0.0,0.0,0.0,0.0,0.0
2011-10-14,0.0,0.0,0.0,0.0,0.0,,0.0,0.0,0.0,,0.0,0.0,0.0,0.0,0.0,0.0,0.0,0.0,0.0,0.0,0.0,0.0,0.0,0.0,0.0,0.0,0.0,0.0,0.0,0.0,0.0,0.0,0.0,0.0,0.0,0.0
2011-10-15,0.0,0.0,0.0,0.0,0.0,,0.0,0.0,0.0,,6.2,0.0,0.0,0.0,0.0,0.0,0.0,0.0,0.0,0.0,0.0,0.0,0.0,0.0,0.0,0.0,0.0,0.0,0.0,0.0,0.0,0.0,0.0,0.0,0.0,0.0
2011-10-16,0.0,0.0,0.0,0.0,0.0,,0.0,0.0,0.0,,0.0,0.0,0.0,0.0,0.0,0.0,0.0,0.0,0.0,0.0,0.0,0.0,0.0,0.0,0.0,0.0,0.0,0.0,0.0,0.0,0.0,0.0,0.0,0.0,0.0,0.0
2011-10-17,0.0,0.0,0.0,0.0,0.0,,0.0,0.0,0.0,,0.0,0.0,0.0,0.0,0.0,0.0,0.0,0.0,0.0,0.0,0.0,0.0,0.0,0.0,0.0,0.0,0.0,0.0,0.0,0.0,0.0,0.0,0.0,0.0,0.0,0.0
2011-10-18,0.0,0.0,0.0,0.0,0.0,,0.0,0.0,0.0,,0.0,0.0,0.0,0.0,0.0,0.0,0.0,0.0,0.0,0.0,0.0,0.0,0.0,1.0,0.0,0.0,0.0,0.0,0.0,0.0,0.0,0.0,0.0,0.0,0.0,0.0
2011-10-19,0.0,0.0,0.0,0.0,0.0,,0.3,0.0,0.0,,0.0,0.0,0.0,0.0,0.0,0.0,0.0,0.0,0.0,0.0,0.0,0.0,0.4,0.0,0.0,0.0,0.0,0.0,0.0,0.0,0.0,0.0,0.0,0.0,0.0,0.0
2011-10-20,0.0,0.0,0.0,5.6,0.0,,0.0,0.0,0.0,,0.0,0.0,0.0,0.0,0.0,0.0,0.0,0.0,0.0,0.0,0.0,0.0,0.0,0.0,0.0,0.0,0.0,0.0,0.0,0.0,0.0,0.0,0.0,0.0,0.0,0.0
2011-10-21,0.0,0.0,0.5,0.0,0.0,,1.2,0.0,0.0,,12.0,0.0,0.0,0.0,0.0,0.0,0.0,0.0,0.0,0.0,0.0,0.0,0.0,0.0,0.0,0.0,0.0,0.0,0.0,0.0,0.0,0.0,0.0,0.0,0.0,0.0
2011-10-22,0.0,0.0,0.0,0.0,0.0,,0.0,0.0,0.0,,0.0,0.0,0.0,0.0,0.0,0.0,0.0,0.0,0.0,0.0,0.0,0.0,0.0,0.0,0.0,0.0,3.1,0.0,0.0,0.0,0.0,0.0,0.0,0.0,0.0,0.0
2011-10-23,0.0,3.1,0.4,0.0,0.0,,0.0,0.0,0.0,,0.0,0.0,0.0,0.0,0.0,0.0,0.0,0.0,0.0,0.0,1.2,2.0,0.0,0.0,0.0,0.0,0.0,0.0,0.7,0.0,0.0,0.0,0.0,0.0,0.0,0.0
2011-10-24,0.0,0.0,0.0,0.0,0.0,,0.0,0.0,0.0,,0.0,0.0,0.0,0.0,0.0,0.0,0.0,0.0,0.0,0.0,0.0,0.0,0.0,0.0,0.0,0.0,0.0,0.0,0.0,0.0,0.0,0.0,0.0,0.0,0.0,0.0
2011-10-25,0.0,0.0,0.0,0.0,0.0,,0.0,0.0,0.0,,0.0,0.0,0.0,0.0,0.0,0.0,0.0,0.0,0.0,0.0,0.0,0.0,0.0,0.0,0.0,0.0,0.0,0.0,0.0,0.0,0.0,0.0,0.0,0.0,0.0,0.0
2011-10-26,0.0,0.0,0.0,0.0,0.0,,0.0,0.0,0.0,,0.0,0.0,0.0,0.0,0.0,0.0,0.0,0.0,0.0,0.0,0.0,0.0,0.0,0.0,0.0,0.0,0.1,0.0,0.0,0.0,0.0,0.0,0.0,0.0,0.0,0.0
2011-10-27,0.0,0.1,1.0,0.0,0.4,,0.0,0.0,0.0,,0.0,0.0,0.0,0.0,0.0,0.0,0.0,0.0,0.0,0.0,0.0,0.0,7.2,0.0,0.0,0.0,0.0,4.0,0.0,0.0,0.0,0.0,0.0,0.0,0.0,0.0
2011-10-28,0.0,0.0,0.0,0.0,0.0,,0.0,0.0,0.0,,0.0,0.0,0.0,0.0,0.0,0.0,0.0,0.0,0.0,0.0,0.0,0.0,0.0,0.0,0.0,0.0,0.0,0.0,0.0,0.0,0.0,0.0,0.0,0.0,0.0,0.0
2011-10-29,0.0,0.0,0.0,0.0,0.0,,0.0,0.0,0.0,,0.0,0.0,0.0,0.0,0.0,0.0,0.0,0.0,0.0,0.0,0.0,0.0,0.0,0.0,0.0,0.0,0.0,0.0,0.0,0.0,0.0,0.0,0.0,0.0,0.0,0.0
2011-10-30,0.0,0.0,0.0,0.0,0.0,,0.0,0.0,0.0,,0.0,0.0,0.0,0.0,0.0,0.0,0.0,0.0,0.0,0.0,0.0,0.0,0.0,0.0,0.0,0.0,0.0,0.0,0.0,0.0,0.0,0.0,0.0,0.0,0.0,0.0
2011-10-31,0.0,0.0,0.0,0.0,0.0,,0.0,0.0,0.0,,0.0,0.0,0.0,0.0,0.0,0.0,0.0,0.0,1.0,8.4,0.0,3.4,0.0,0.0,0.0,0.0,0.0,0.0,0.0,0.0,0.0,0.0,0.0,0.0,0.0,0.0
2011-11-01,0.0,0.0,,0.0,0.0,,0.0,0.0,0.0,0.0,0.0,0.0,0.0,0.0,0.0,0.0,0.0,0.0,0.0,0.0,0.0,1.6,0.0,0.0,0.0,0.0,0.0,0.0,0.0,0.0,0.0,0.0,0.0,0.0,0.0,0.0
2011-11-02,0.0,0.0,2.0,0.0,0.0,,0.9,0.0,6.0,0.0,10.8,0.0,0.0,0.0,0.0,0.0,0.0,0.0,15.0,0.0,0.0,0.0,10.0,0.0,0.0,0.0,0.0,0.0,0.0,1.0,6.2,0.0,17.1,0.0,0.0,0.0
2011-11-03,0.0,0.0,,0.0,0.0,,0.0,0.0,0.0,0.0,0.0,0.0,0.0,0.0,0.0,0.0,0.0,0.0,0.0,0.0,0.0,0.0,0.0,0.0,0.0,0.0,0.0,0.0,0.0,0.0,0.0,0.0,0.0,0.0,0.0,0.0
2011-11-04,0.0,0.0,,0.0,0.0,,0.0,0.0,0.0,0.0,0.0,0.0,0.0,0.0,0.0,0.0,0.0,0.0,0.0,0.0,0.0,0.0,0.0,0.0,0.0,0.0,0.0,0.0,0.0,0.0,0.0,0.0,0.0,0.0,0.0,0.0
2011-11-05,0.0,0.0,,0.0,0.0,,0.0,0.0,0.0,0.0,0.0,0.0,0.0,0.0,0.0,0.0,0.0,0.0,0.0,0.0,0.0,0.0,0.0,0.0,0.0,0.0,0.0,0.0,0.0,0.0,0.0,0.0,0.0,0.0,18.4,0.0
2011-11-06,0.0,0.0,1.2,0.0,0.0,,1.7,1.2,0.0,0.0,0.0,0.0,0.0,0.0,0.0,0.0,0.0,0.0,8.7,0.0,0.0,7.3,11.6,19.2,0.0,0.6,0.0,0.0,0.0,0.0,0.0,0.0,0.0,25.0,0.0,0.0
2011-11-07,5.0,9.0,11.6,5.6,6.2,,0.0,16.2,0.0,8.2,0.0,1.5,0.0,0.0,0.0,0.0,0.0,0.0,1.6,0.0,78.5,5.8,1.2,5.0,0.0,0.0,0.0,7.0,7.2,4.5,0.0,0.0,0.0,0.0,0.0,0.0
2011-11-08,0.0,0.0,,0.0,0.0,,0.6,0.0,0.0,0.0,0.0,0.0,0.0,9.4,0.0,0.0,0.0,0.0,0.0,0.0,0.0,0.0,0.0,0.0,0.0,0.0,0.0,0.0,0.0,0.0,0.0,0.0,0.0,0.0,0.0,0.0
2011-11-09,0.0,0.0,,0.0,0.0,,0.0,0.0,0.0,0.0,0.0,0.0,0.0,0.0,0.0,0.0,0.0,0.0,0.0,0.0,0.0,0.0,0.0,0.0,0.0,0.0,0.0,0.0,0.0,0.0,0.0,0.0,0.0,0.0,0.0,0.0
2011-11-10,0.0,0.0,,0.0,0.0,,0.0,0.0,0.0,0.0,0.0,0.0,0.0,0.0,0.0,0.0,0.0,0.0,0.0,0.0,0.0,0.0,0.0,0.0,0.0,0.0,0.0,0.0,0.0,0.0,0.0,0.0,0.0,0.0,0.0,0.0
2011-11-11,0.0,0.0,,0.0,0.0,,0.0,0.0,0.0,0.0,0.0,0.0,0.0,0.0,0.0,0.0,0.0,0.0,0.0,0.0,0.0,0.0,0.0,0.0,0.0,0.0,0.0,0.0,0.0,0.0,0.0,0.0,0.0,0.0,0.0,0.0
2011-11-12,0.0,0.0,,0.0,0.0,,0.0,0.0,0.0,0.0,0.0,0.0,0.0,0.0,0.0,0.0,0.0,0.0,0.0,0.0,0.0,0.0,0.0,0.0,0.0,0.0,0.0,0.0,0.0,0.0,0.0,0.0,0.0,0.0,0.0,0.0
2011-11-13,0.0,0.4,1.5,0.0,0.0,,0.0,1.4,0.0,6.3,0.0,0.0,0.0,0.0,0.0,0.0,0.0,0.0,1.2,0.0,0.0,1.0,0.0,0.2,0.0,1.0,4.0,0.0,14.2,0.0,0.0,0.0,0.0,0.0,0.0,0.0
2011-11-14,0.0,0.0,1.2,0.0,0.0,,0.0,4.4,0.0,0.0,0.0,0.0,0.0,0.0,0.0,0.0,0.0,0.0,0.0,0.0,0.0,1.0,0.0,0.3,0.0,0.0,0.0,0.0,8.5,0.0,0.0,0.0,2.5,0.0,0.0,0.0
2011-11-15,0.0,0.0,1.0,0.0,0.0,,0.5,0.0,0.0,0.0,16.6,0.0,0.0,0.0,0.0,0.0,0.0,0.0,0.0,0.0,0.0,0.0,0.0,0.0,0.0,0.0,0.0,0.0,0.0,0.0,0.0,0.0,0.0,9.0,0.0,0.0
2011-11-16,0.0,0.0,1.0,0.0,0.0,,0.0,2.4,0.0,0.0,1.0,0.0,0.0,0.0,0.0,0.0,0.0,0.0,0.0,0.0,0.0,1.5,0.0,0.0,0.0,0.0,0.0,0.0,0.0,0.0,0.0,0.0,0.0,0.0,1.0,0.0
2011-11-17,0.0,3.5,0.9,1.2,0.0,,0.7,4.6,0.0,0.0,1.4,2.5,0.0,0.0,0.0,0.0,0.0,0.0,0.0,0.0,3.2,1.2,0.0,0.0,0.0,0.0,0.0,0.0,0.0,0.0,0.0,0.0,0.0,0.0,0.0,0.0
2011-11-18,0.0,0.0,,0.0,0.0,,0.0,0.0,0.0,0.0,0.0,0.0,0.0,0.0,0.0,0.0,0.0,0.0,0.0,0.0,0.0,0.0,0.0,0.0,0.0,0.0,0.0,0.0,0.0,0.0,0.0,0.0,0.0,0.0,0.0,0.0
2011-11-19,0.0,0.0,,0.0,0.0,,0.0,0.0,0.0,0.0,0.0,0.0,0.0,0.0,0.0,0.0,0.0,0.0,0.0,0.0,0.0,0.0,0.0,0.0,0.0,0.0,0.0,0.0,0.0,0.0,0.0,0.0,0.0,0.0,0.0,0.0
2011-11-20,0.0,0.0,,0.0,0.0,,0.0,0.0,0.0,0.0,0.0,0.0,0.0,0.0,0.0,0.0,0.0,0.0,0.0,0.0,0.0,0.0,0.0,0.0,0.0,0.0,0.0,0.0,0.0,0.0,0.0,0.0,0.0,0.0,0.0,0.0
2011-11-21,0.0,0.0,,0.0,0.0,,0.0,0.0,0.0,0.0,0.0,0.0,0.0,0.0,0.0,0.0,0.0,0.0,0.0,0.0,0.0,0.0,0.0,0.0,0.0,0.0,0.0,0.0,0.0,0.0,0.0,0.0,0.0,0.0,0.0,0.0
2011-11-22,0.0,0.0,,0.0,0.0,,0.0,0.0,0.0,0.0,0.0,0.0,0.0,0.0,0.0,0.0,0.0,0.0,0.0,0.0,0.0,0.0,0.0,0.0,0.0,0.0,0.0,0.0,0.0,0.0,0.0,0.0,0.0,0.0,0.0,0.0
2011-11-23,0.0,0.0,,0.0,0.0,,0.0,0.0,0.0,0.0,0.0,0.0,0.0,0.0,0.0,0.0,0.0,0.0,0.0,0.0,0.0,0.0,0.0,0.0,0.0,0.0,0.0,0.0,0.0,0.0,0.0,0.0,0.0,0.0,0.0,0.0
2011-11-24,0.0,0.0,,0.0,0.0,,0.0,0.0,0.0,0.0,0.0,0.0,0.0,0.0,0.0,0.0,0.0,0.0,0.0,0.0,0.0,0.0,0.0,0.0,0.0,0.0,0.0,0.0,0.0,0.0,0.0,0.0,0.0,0.0,0.0,0.0
2011-11-25,0.0,0.0,,0.0,0.0,,0.0,0.0,0.0,0.0,0.0,0.0,0.0,0.0,0.0,0.0,0.0,0.0,0.0,0.0,0.0,0.0,0.0,0.0,0.0,0.0,0.0,0.0,0.0,0.0,0.0,0.0,0.0,0.0,0.0,0.0
2011-11-26,0.0,0.0,,0.0,0.0,,0.0,0.0,0.0,0.0,0.0,0.0,0.0,0.0,0.0,0.0,0.0,0.0,0.0,0.0,0.0,0.0,0.0,0.0,0.0,0.0,0.0,0.0,0.0,0.0,0.0,0.0,0.0,0.0,0.0,0.0
2011-11-27,0.0,0.0,,0.0,0.0,,0.0,0.0,0.0,0.0,0.0,0.0,3.2,0.0,0.0,0.0,0.0,0.0,0.0,0.0,0.0,0.0,0.0,0.0,0.0,0.0,0.0,0.0,0.0,0.0,0.0,0.0,0.0,0.0,0.0,0.0
2011-11-28,0.0,0.0,,0.0,0.0,,0.0,0.0,0.0,0.0,0.0,0.0,0.0,0.0,0.0,0.0,0.0,0.0,0.0,0.0,0.0,0.0,0.0,0.0,0.0,0.0,0.0,0.0,0.0,0.0,0.0,0.0,0.0,0.0,0.0,0.0
2011-11-29,0.0,0.0,,0.0,0.0,,0.0,0.0,0.0,0.0,0.0,0.0,0.0,0.0,0.0,0.0,0.0,0.0,0.0,0.0,0.0,0.0,0.0,0.0,0.0,0.0,0.0,0.0,0.0,0.0,0.0,0.0,0.0,0.0,0.0,0.0
2011-11-30,0.0,0.0,,0.0,0.0,,0.0,0.0,0.0,0.0,0.0,0.0,0.0,0.0,0.0,0.0,0.0,0.0,0.0,0.0,0.0,0.0,0.0,0.0,0.0,0.0,0.0,0.0,0.0,0.0,0.0,0.0,0.0,0.0,0.0,0.0
2011-12-01,0.0,0.0,,0.0,0.0,,0.0,0.0,0.0,0.0,0.0,0.0,0.0,0.0,0.0,0.0,0.0,0.0,0.0,0.0,0.0,0.0,0.0,0.0,0.0,0.0,0.0,0.0,0.0,0.0,0.0,,0.0,0.0,0.0,0.0
2011-12-02,0.0,0.0,,0.0,0.0,,0.0,0.0,0.0,0.0,0.0,0.0,0.0,0.0,0.0,0.0,0.0,0.0,0.0,0.0,0.0,0.0,0.0,0.0,0.0,0.0,0.0,0.0,0.0,0.0,0.0,,0.0,0.0,0.0,0.0
2011-12-03,0.0,0.0,,0.0,0.0,,0.0,0.0,0.0,0.0,0.0,0.0,0.0,0.0,0.0,0.0,0.0,0.0,0.0,0.0,0.0,0.0,0.0,0.0,0.0,0.0,0.0,0.0,0.0,0.0,0.0,,0.0,0.0,0.0,0.0
2011-12-04,0.0,0.0,,0.0,0.0,,0.0,0.0,0.0,0.0,0.0,0.0,0.0,0.0,0.0,0.0,0.0,0.0,0.0,0.0,0.0,0.0,0.0,0.0,0.0,0.0,0.0,0.0,0.0,0.0,0.0,,0.0,0.0,0.0,0.0
2011-12-05,0.0,0.0,,0.0,0.0,,0.0,0.0,0.0,0.0,0.0,0.0,0.0,0.0,0.0,0.0,0.0,0.0,0.0,0.0,0.0,0.0,0.0,0.0,0.0,0.0,0.0,0.0,0.0,0.0,0.0,,0.0,0.0,0.0,0.0
2011-12-06,0.0,0.0,,0.0,0.0,,0.0,0.0,0.0,0.0,0.0,0.0,0.0,0.0,0.0,0.0,0.0,0.0,0.0,0.0,0.0,0.0,0.0,0.0,0.0,0.0,0.0,0.0,0.0,0.0,0.0,,0.0,0.0,0.0,0.0
2011-12-07,0.0,0.0,,0.0,0.0,,0.0,0.0,0.0,0.0,0.0,0.0,0.0,0.0,0.0,0.0,0.0,0.0,0.0,0.0,0.0,0.0,0.0,0.0,0.0,0.0,0.0,0.0,0.0,0.0,0.0,,0.0,0.0,0.0,0.0
2011-12-08,0.0,0.0,,0.0,0.0,,0.0,0.0,0.0,0.0,0.0,0.0,0.0,0.0,0.0,0.0,0.0,0.0,0.0,0.0,0.0,0.0,0.0,0.0,0.0,0.0,0.0,0.0,0.0,0.0,0.0,,0.0,0.0,0.0,0.0
2011-12-09,0.0,0.0,,0.0,0.0,,0.0,0.0,0.0,0.0,0.0,0.0,0.0,0.0,0.0,0.0,0.0,0.0,0.0,0.0,0.0,0.0,0.0,0.0,0.0,0.0,0.0,0.0,0.0,0.0,0.0,,0.0,0.0,0.0,0.0
2011-12-10,0.0,0.0,,0.0,0.0,,0.0,0.0,0.0,0.0,0.0,0.0,0.0,0.0,0.0,0.0,0.0,0.0,0.0,0.0,0.0,0.0,0.0,0.0,0.0,0.0,0.0,0.0,0.0,0.0,0.0,,0.0,0.0,0.0,0.0
2011-12-11,0.0,0.0,,0.0,0.0,,0.0,0.0,0.0,0.0,0.0,0.0,0.0,0.0,0.0,0.0,0.0,0.0,0.0,0.0,0.0,0.0,0.0,0.0,0.0,0.0,0.0,0.0,0.0,0.0,0.0,,0.0,0.0,0.0,0.0
2011-12-12,0.0,0.0,,0.0,0.0,,0.0,0.0,0.0,0.0,0.0,0.0,0.0,0.0,0.0,0.0,0.0,0.0,0.0,0.0,0.0,0.0,0.0,0.0,0.0,0.0,0.0,0.0,0.0,0.0,0.0,,0.0,0.0,0.0,0.0
2011-12-13,0.0,0.0,,0.0,0.0,,0.0,0.0,0.0,0.0,0.0,0.0,0.0,0.0,0.0,0.0,0.0,0.0,0.0,0.0,0.0,0.0,0.0,0.0,0.0,0.0,0.0,0.0,0.0,0.0,0.0,,0.0,0.0,0.0,0.0
2011-12-14,0.0,0.0,,0.0,0.0,,0.0,0.0,0.0,0.0,0.0,0.0,0.0,0.0,0.0,0.0,0.0,0.0,0.0,0.0,0.0,0.0,0.0,0.0,0.0,0.0,0.0,0.0,0.0,0.0,0.0,,0.0,0.0,0.0,0.0
2011-12-15,0.0,0.0,,0.0,0.0,,0.0,0.0,0.0,0.0,0.0,0.0,0.0,0.0,0.0,0.0,0.0,0.0,0.0,0.0,0.0,0.0,0.0,0.0,0.0,0.0,0.0,0.0,0.0,0.0,0.0,,0.0,0.0,0.0,0.0
2011-12-16,0.0,0.0,,0.0,0.0,,0.0,0.0,0.0,0.0,0.0,0.0,0.0,0.0,0.0,0.0,0.0,0.0,0.0,0.0,0.0,0.0,0.0,0.0,0.0,0.0,0.0,0.0,0.0,0.0,0.0,,0.0,0.0,0.0,0.0
2011-12-17,0.0,0.0,,0.0,0.0,,0.0,0.0,0.0,0.0,0.0,0.0,0.0,0.0,0.0,0.0,0.0,0.0,0.0,0.0,0.0,0.0,0.0,0.0,0.0,0.0,0.0,0.0,0.0,0.0,0.0,,0.0,0.0,0.0,0.0
2011-12-18,0.0,0.0,,0.0,0.0,,0.0,0.0,0.0,0.0,0.0,0.0,0.0,0.0,0.0,0.0,0.0,0.0,0.0,0.0,0.0,0.0,0.0,0.0,0.0,0.0,0.0,0.0,0.0,0.0,0.0,,0.0,0.0,0.0,0.0
2011-12-19,0.0,0.0,,0.0,0.0,,0.0,0.0,0.0,0.0,0.0,0.0,0.0,0.0,0.0,0.0,0.0,0.0,0.0,0.0,0.0,0.0,0.0,0.0,0.0,0.0,0.0,0.0,0.0,0.0,0.0,,0.0,0.0,0.0,0.0
2011-12-20,0.0,0.0,,0.0,0.0,,0.0,0.0,0.0,0.0,0.0,0.0,0.0,0.0,0.0,0.0,0.0,0.0,0.0,0.0,0.0,0.0,0.0,0.0,0.0,0.0,0.0,0.0,0.0,0.0,0.0,,0.0,0.0,0.0,0.0
2011-12-21,0.0,0.0,,0.0,0.0,,0.0,0.0,0.0,0.0,0.0,0.0,0.0,0.0,0.0,0.0,0.0,0.0,0.0,0.0,0.0,0.0,0.0,0.0,0.0,0.0,0.0,0.0,0.0,0.0,0.0,,0.0,0.0,0.0,0.0
2011-12-22,0.0,0.0,,0.0,0.0,,0.0,0.0,0.0,0.0,0.0,0.0,0.0,0.0,0.0,0.0,0.0,0.0,0.0,0.0,0.0,0.0,0.0,0.0,0.0,0.0,0.0,0.0,0.0,0.0,0.0,,0.0,0.0,0.0,0.0
2011-12-23,0.0,0.0,,0.0,0.0,,0.0,0.0,0.0,0.0,0.0,0.0,0.0,0.0,0.0,0.0,0.0,0.0,0.0,0.0,0.0,0.0,0.0,0.0,0.0,0.0,0.0,0.0,0.0,0.0,0.0,,0.0,0.0,0.0,0.0
2011-12-24,0.0,0.0,,0.0,0.0,,0.0,0.0,0.0,0.0,0.0,0.0,0.0,0.0,0.0,0.0,0.0,0.0,0.0,0.0,0.0,0.0,0.0,0.0,0.0,0.0,0.0,0.0,0.0,0.0,0.0,,0.0,0.0,0.0,0.0
2011-12-25,0.0,0.0,,0.0,0.0,,0.0,0.0,0.0,0.0,0.0,0.0,0.0,0.0,0.0,0.0,0.0,0.0,0.0,0.0,0.0,0.0,0.0,0.0,0.0,0.0,0.0,0.0,0.0,0.0,0.0,,0.0,0.0,0.0,0.0
2011-12-26,0.0,0.0,,0.0,0.0,,0.0,0.0,0.0,0.0,0.0,0.0,0.0,0.0,0.0,0.0,0.0,0.0,0.0,0.0,0.0,0.0,0.0,0.0,0.0,0.0,0.0,0.0,0.0,0.0,0.0,,0.0,0.0,0.0,0.0
2011-12-27,0.0,0.0,,0.0,0.0,,0.0,0.0,0.0,0.0,0.0,0.0,0.0,0.0,0.0,0.0,0.0,0.0,0.0,0.0,0.0,0.0,0.0,0.0,0.0,0.0,0.0,0.0,0.0,0.0,0.0,,0.0,0.0,0.0,0.0
2011-12-28,0.0,0.0,,0.0,0.0,,0.0,0.0,0.0,0.0,0.0,0.0,0.0,0.0,0.0,0.0,0.0,0.0,0.0,0.0,0.0,0.0,0.0,0.0,0.0,0.0,0.0,0.0,0.0,0.0,0.0,,0.0,0.0,0.0,0.0
2011-12-29,0.0,0.0,,0.0,0.0,,0.0,0.0,0.0,0.0,0.0,0.0,0.0,0.0,0.0,0.0,0.0,0.0,0.0,0.0,0.0,0.0,0.0,0.0,0.0,0.0,0.0,0.0,0.0,0.0,0.0,,0.0,0.0,0.0,0.0
2011-12-30,0.0,0.0,,0.0,0.0,,0.0,0.0,0.0,0.0,0.0,0.0,0.0,0.0,0.0,0.0,0.0,0.0,0.0,0.0,0.0,0.0,0.0,0.0,0.0,0.0,0.0,0.0,0.0,0.0,0.0,,0.0,0.0,0.0,0.0
2011-12-31,0.0,0.0,,0.0,0.0,,0.0,0.0,0.0,0.0,0.0,0.0,0.0,0.0,0.0,0.0,0.0,0.0,0.0,0.0,0.0,0.0,0.0,0.0,0.0,0.0,0.0,0.0,0.0,0.0,0.0,,0.0,0.0,0.0,0.0
2012-01-01,0.0,0.0,0.0,0.0,0.0,,0.0,0.0,0.0,0.0,0.0,0.0,10.2,0.0,0.0,0.0,0.0,0.0,0.0,0.0,0.0,0.0,0.0,0.0,0.0,0.0,0.0,0.0,0.0,0.0,0.0,0.0,10.3,0.0,0.0,0.0
2012-01-02,18.4,9.9,10.0,13.0,9.4,,17.2,12.0,11.2,0.0,11.8,17.3,7.3,0.0,5.0,0.0,0.0,0.0,7.5,0.0,15.2,11.2,7.6,10.0,0.0,10.3,0.0,8.6,13.2,9.0,14.4,5.1,6.4,22.0,13.0,0.0
2012-01-03,0.0,0.3,1.6,1.3,0.4,,0.6,0.0,0.0,0.0,1.0,0.0,0.0,0.0,4.5,0.0,0.0,0.0,1.2,0.0,0.0,0.4,0.2,1.2,0.0,0.6,0.0,0.0,0.0,3.0,0.0,0.0,0.0,0.0,0.0,0.0
2012-01-04,0.0,0.0,0.0,0.0,0.0,,0.0,0.4,0.0,0.0,0.0,0.0,0.0,0.0,0.0,0.0,0.0,0.0,0.0,0.0,0.0,0.0,0.0,0.0,0.0,0.0,0.0,0.0,0.0,0.0,0.0,0.0,0.0,0.0,0.0,0.0
2012-01-05,0.0,0.0,0.0,0.0,0.0,,0.0,0.0,0.0,0.0,0.0,0.0,0.0,0.0,0.0,0.0,0.0,0.0,0.0,0.0,0.0,0.0,0.0,0.0,0.0,0.0,0.0,0.0,0.0,0.0,0.0,0.0,0.0,0.0,0.0,0.0
2012-01-06,0.0,0.0,0.0,0.0,0.0,,0.0,0.0,0.0,0.0,0.0,0.0,0.0,0.0,0.0,0.0,0.0,0.0,0.0,0.0,0.0,0.0,0.0,0.0,0.0,0.0,0.0,0.0,0.0,0.0,0.0,0.0,0.0,0.0,0.0,0.0
2012-01-07,0.0,0.0,0.0,0.0,0.0,,0.0,0.0,0.0,0.0,0.0,0.0,0.0,0.0,0.0,0.0,0.0,0.0,0.0,0.0,0.0,0.0,0.0,0.0,0.0,0.0,0.0,0.0,0.0,0.0,0.0,0.0,0.0,0.0,0.0,0.0
2012-01-08,0.0,0.0,0.0,0.0,0.0,,0.0,0.0,0.0,0.0,0.0,0.0,0.0,0.0,0.0,0.0,0.0,0.0,0.0,0.0,0.0,0.0,0.0,0.0,0.0,0.0,0.0,0.0,0.0,0.0,0.0,0.0,0.0,0.0,0.0,0.0
2012-01-09,0.0,0.0,0.0,0.0,0.0,,0.0,0.0,0.0,0.0,0.0,0.0,3.3,0.0,0.0,0.0,0.0,0.0,0.0,0.0,0.0,0.0,0.4,0.0,0.0,0.0,0.0,0.0,0.0,0.0,0.0,0.0,0.0,4.0,2.8,0.0
2012-01-10,0.0,7.6,0.5,7.0,4.4,,1.2,7.8,0.0,0.0,0.0,4.5,0.0,0.0,2.0,0.0,0.0,20.2,1.2,10.4,2.1,1.2,0.0,1.5,0.0,3.2,0.0,3.6,7.4,2.5,4.1,0.0,0.0,0.0,0.0,0.0
2012-01-11,0.0,0.0,0.0,0.0,0.0,,0.0,0.0,0.0,0.0,0.0,0.0,0.0,0.0,0.0,0.0,0.0,0.0,0.0,0.0,0.0,0.0,0.0,0.0,0.0,0.0,0.0,0.0,0.0,0.0,0.0,0.0,0.0,0.0,0.0,0.0
2012-01-12,0.0,0.0,0.0,5.6,0.0,,0.0,0.0,0.0,0.0,0.0,0.0,0.0,0.0,0.0,0.0,0.0,0.0,0.0,0.0,0.0,0.0,0.0,0.0,0.0,0.0,0.0,0.0,0.0,0.0,0.0,0.0,0.0,0.0,0.0,0.0
2012-01-13,0.0,0.0,0.0,0.0,1.4,,4.3,0.0,0.0,0.0,0.0,3.5,0.0,0.0,8.0,0.0,0.0,0.0,0.0,0.0,0.0,0.0,0.0,0.0,0.0,0.0,0.0,0.0,0.4,1.0,0.0,0.0,0.0,0.0,0.0,0.0
2012-01-14,0.0,0.0,0.0,0.0,0.0,,0.0,0.0,0.0,0.0,0.0,0.0,0.0,0.0,0.0,0.0,0.0,0.0,0.0,0.0,0.0,0.0,0.0,0.0,0.0,0.0,0.0,0.0,0.0,0.0,0.0,0.0,0.0,0.0,0.0,0.0
2012-01-15,0.0,0.0,0.0,0.0,0.0,,0.0,0.0,0.0,0.0,0.0,0.0,0.0,0.0,0.0,0.0,0.0,0.0,0.0,0.0,0.0,0.0,0.0,0.0,0.0,0.0,0.0,0.0,0.0,0.0,0.0,0.0,0.0,0.0,0.0,0.0
2012-01-16,0.0,0.0,0.0,0.0,0.0,,0.0,0.0,0.0,0.0,0.0,0.0,0.0,0.0,0.0,0.0,0.0,0.0,0.0,0.0,0.0,0.0,0.0,0.0,0.0,0.0,0.0,0.0,0.0,0.0,0.0,0.0,0.0,0.0,0.0,0.0
2012-01-17,0.0,0.0,0.0,0.0,0.0,,0.4,0.0,0.0,0.0,0.0,0.0,0.0,0.0,0.0,0.0,0.0,0.0,0.0,0.0,0.0,0.0,0.0,0.0,0.0,0.0,0.0,0.0,0.2,0.0,0.0,0.0,0.0,0.0,0.0,0.0
2012-01-18,0.0,0.0,0.0,0.0,0.0,,0.0,0.0,0.0,0.0,0.0,0.0,0.0,0.0,0.0,0.0,0.0,0.0,0.0,0.0,0.0,0.0,0.0,0.0,0.0,0.0,0.0,0.0,0.0,0.0,0.0,0.0,0.0,0.0,0.0,0.0
2012-01-19,0.0,0.0,0.0,0.0,0.0,,0.0,0.0,0.0,0.0,0.0,0.0,0.0,0.0,0.0,0.0,0.0,0.0,0.0,0.0,0.0,0.0,0.0,0.0,0.0,0.0,0.0,0.0,0.0,0.0,0.0,0.0,0.0,0.0,0.0,0.0
2012-01-20,0.0,0.0,0.0,0.0,0.0,,0.0,0.0,0.0,0.0,0.0,0.0,0.0,0.0,0.0,0.0,0.0,0.0,0.0,0.0,0.0,0.0,0.0,0.0,0.0,0.0,0.0,0.0,0.0,0.0,0.0,0.0,0.0,0.0,0.8,0.0
2012-01-21,0.0,0.0,0.0,0.0,0.0,,0.0,0.0,0.0,0.0,0.0,0.0,0.0,0.0,0.0,0.0,0.0,0.0,0.0,0.0,0.0,0.0,0.0,0.0,0.0,0.0,0.0,0.0,0.0,0.0,0.0,0.0,0.0,0.0,0.0,0.0
2012-01-22,0.0,0.0,0.0,0.0,0.0,,0.0,0.0,0.0,0.0,0.0,0.0,0.0,0.0,0.0,0.0,0.0,0.0,0.0,0.0,0.0,0.0,0.0,0.0,0.0,0.0,0.0,0.0,0.0,0.0,0.0,0.0,0.0,0.0,0.0,0.0
2012-01-23,0.0,0.0,0.0,0.0,0.0,,0.0,0.0,0.0,0.0,0.0,0.0,0.0,0.0,0.0,0.0,0.0,0.0,0.0,0.0,0.0,0.0,0.0,0.0,0.0,0.0,0.0,0.0,0.0,0.0,0.0,0.0,0.0,0.0,0.0,0.0
2012-01-24,0.0,0.0,0.0,0.0,0.0,,0.0,0.0,0.0,0.0,0.0,0.0,0.0,0.0,0.0,0.0,0.0,0.0,0.0,0.0,0.0,0.0,0.0,0.0,0.0,0.0,0.0,0.0,0.0,0.0,0.0,0.0,0.0,0.0,0.0,0.0
2012-01-25,0.0,0.0,0.0,0.0,0.0,,0.0,0.0,0.0,0.0,0.0,0.0,0.0,0.0,0.0,0.0,0.0,0.0,0.0,0.0,0.0,0.0,0.0,0.0,0.0,0.0,0.0,0.0,0.0,0.0,0.0,0.0,0.0,0.0,0.0,0.0
2012-01-26,0.0,0.0,0.0,0.0,0.0,,0.0,0.0,0.0,0.0,0.0,0.0,0.0,0.0,0.0,0.0,0.0,0.0,0.0,0.0,0.0,0.0,0.0,0.0,0.0,0.0,0.0,0.0,0.0,0.0,0.0,0.0,0.0,0.0,0.0,0.0
2012-01-27,0.0,0.0,0.0,0.0,0.0,,0.0,0.0,0.0,0.0,0.0,0.0,0.0,0.0,0.0,0.0,0.0,0.0,0.0,0.0,0.0,0.0,0.0,0.0,0.0,0.0,0.0,0.0,0.0,0.0,0.0,0.0,0.0,0.0,0.0,0.0
2012-01-28,0.0,0.0,0.0,0.0,0.0,,0.0,0.0,0.0,0.0,0.0,0.0,0.0,0.0,0.0,0.0,0.0,0.0,0.0,0.0,0.0,0.0,0.0,0.0,0.0,0.0,0.0,0.0,0.0,0.0,0.0,0.0,0.0,0.0,0.0,0.0
2012-01-29,0.0,0.0,0.0,0.0,0.0,,0.0,0.0,0.0,0.0,0.0,0.0,0.0,0.0,0.0,0.0,0.0,0.0,0.0,0.0,0.0,0.0,0.0,0.0,0.0,0.0,0.0,0.0,0.0,0.0,0.0,0.0,0.0,0.0,0.0,0.0
2012-01-30,0.0,0.0,0.0,0.0,0.0,,0.0,0.0,0.0,0.0,0.0,0.0,0.0,0.0,0.0,0.0,0.0,0.0,0.0,0.0,0.0,0.0,0.0,0.0,0.0,0.0,0.0,0.0,0.0,0.0,0.0,0.0,0.0,0.0,0.0,0.0
2012-01-31,0.0,0.0,0.0,0.0,0.0,,0.0,0.0,0.0,0.0,0.0,0.0,0.0,0.0,0.0,0.0,0.0,0.0,0.0,0.0,0.0,0.0,0.0,0.0,0.0,0.0,0.0,0.0,0.0,0.0,0.0,0.0,0.0,0.0,0.0,0.0
2012-02-01,0.0,0.0,0.0,0.0,0.0,,0.0,0.0,0.0,0.0,0.0,0.0,0.0,0.0,0.0,0.0,0.0,0.0,0.0,0.0,0.0,0.0,0.0,0.0,0.0,0.0,0.0,0.0,0.0,0.0,0.0,0.0,0.0,0.0,0.0,0.0
2012-02-02,0.0,0.0,0.0,0.0,0.0,,0.0,0.0,0.0,0.0,0.0,0.0,0.0,0.0,0.0,0.0,0.0,0.0,0.0,0.0,0.0,0.0,0.0,0.0,0.0,0.0,0.0,0.0,0.0,0.0,0.0,0.0,0.0,0.0,0.0,0.0
2012-02-03,0.0,0.0,0.0,0.0,0.0,,0.0,0.0,0.0,0.0,0.0,0.0,0.0,0.0,0.0,0.0,0.0,0.0,0.0,0.0,0.0,0.0,0.0,0.0,0.0,0.0,0.0,0.0,0.0,0.0,0.0,0.0,0.0,0.0,0.0,0.0
2012-02-04,0.0,0.0,0.0,0.0,0.0,,0.0,0.0,0.0,0.0,0.0,0.0,0.0,0.0,0.0,0.0,0.0,0.0,0.0,0.0,0.0,0.0,0.0,0.0,0.0,0.0,0.0,0.0,0.0,0.0,0.0,0.0,0.0,0.0,0.0,0.0
2012-02-05,0.0,0.0,0.0,0.0,0.0,,0.0,0.0,0.0,0.0,0.0,0.0,0.0,10.4,0.0,0.0,0.0,0.0,0.0,0.0,0.0,0.0,0.0,0.0,0.0,0.0,0.0,0.0,0.0,0.0,0.0,0.0,0.0,0.0,0.0,0.0
2012-02-06,0.0,0.0,0.0,0.0,0.0,,0.0,0.0,0.0,0.0,0.0,0.0,0.0,0.0,0.0,0.0,0.0,0.0,0.0,0.0,0.0,0.0,0.0,0.0,0.0,0.0,0.0,0.0,0.0,0.0,0.0,0.0,0.0,0.0,0.0,0.0
2012-02-07,0.0,0.0,0.0,18.2,0.0,,0.0,0.0,0.0,40.2,0.0,0.0,0.0,0.0,0.0,0.0,0.0,0.0,0.0,0.0,0.0,0.0,0.0,0.0,0.0,0.0,0.0,0.0,0.0,0.0,0.0,0.0,0.0,5.0,0.0,0.0
2012-02-08,0.0,12.2,5.2,22.0,10.2,,5.9,19.6,0.0,18.3,1.5,10.5,0.0,0.0,15.0,0.0,0.0,12.8,7.8,0.0,14.2,11.5,8.8,11.5,11.4,9.0,10.7,6.0,11.3,12.5,0.0,3.0,1.3,0.0,0.0,0.0
2012-02-09,0.0,29.3,16.7,2.0,27.2,,15.5,35.2,0.0,0.0,4.0,20.5,0.0,0.0,27.2,4.0,0.0,26.0,19.4,10.4,28.1,12.5,22.6,24.5,23.4,25.5,42.9,31.6,15.8,28.0,2.1,19.4,9.7,0.0,0.0,0.0
2012-02-10,0.0,0.0,0.0,0.0,0.0,,0.0,0.0,0.0,0.0,0.0,0.0,0.0,0.0,0.2,9.1,0.0,0.0,0.0,24.4,0.0,0.0,0.0,0.0,0.0,0.0,15.2,0.0,0.0,0.0,0.0,0.0,0.0,0.0,0.0,0.0
2012-02-11,0.0,0.0,0.0,0.0,0.0,,0.0,0.0,0.0,0.0,0.0,0.0,0.0,0.0,0.0,0.0,0.0,0.0,0.0,0.0,0.0,0.0,0.0,0.0,0.0,0.0,0.0,0.0,0.0,0.0,0.0,0.0,0.0,0.0,0.0,0.0
2012-02-12,0.0,0.0,0.0,0.0,0.0,,0.0,0.0,0.0,0.0,0.0,0.0,0.0,0.0,0.0,0.0,0.0,0.0,0.0,0.0,0.0,0.0,0.0,0.0,0.0,0.0,0.0,0.0,0.0,0.0,0.0,0.0,0.0,0.0,0.0,0.0
2012-02-13,0.0,0.0,0.0,0.0,0.0,,0.0,0.0,0.0,0.0,0.0,0.0,0.0,0.0,0.0,0.0,0.0,0.0,0.0,0.0,0.0,0.0,0.0,0.0,0.0,0.0,0.0,0.0,0.0,0.0,0.0,0.0,0.0,0.0,0.0,0.0
2012-02-14,0.0,0.3,0.0,0.0,0.2,,0.4,0.0,2.4,0.0,0.0,0.0,0.0,0.0,0.0,0.0,0.0,0.0,0.0,0.0,0.0,0.5,0.4,0.0,0.0,0.0,4.2,0.4,0.0,0.0,0.0,0.0,0.0,0.0,0.0,0.0
2012-02-15,0.0,0.0,0.0,0.0,0.0,,0.0,0.0,0.0,0.0,0.0,0.0,0.0,0.0,0.0,0.0,0.0,0.0,0.0,0.0,0.0,0.0,0.0,0.0,0.0,0.0,0.0,0.0,0.0,0.0,0.0,0.0,0.0,0.0,0.0,0.0
2012-02-16,0.0,0.0,0.0,0.0,0.0,,0.0,0.0,0.0,0.0,0.0,0.0,0.0,0.0,0.0,4.2,0.0,0.0,0.0,0.0,0.0,0.0,0.0,0.0,0.0,0.0,0.0,0.0,0.0,0.0,0.0,0.0,0.0,0.0,0.0,0.0
2012-02-17,1.1,0.0,0.0,0.0,0.0,,0.7,1.2,0.0,0.0,0.0,0.0,0.0,0.0,0.0,0.0,0.0,0.0,0.0,0.0,0.0,0.0,0.0,0.0,0.0,0.0,0.0,0.0,0.0,0.0,0.0,0.0,0.0,0.0,0.0,0.0
2012-02-18,0.0,0.0,0.0,0.0,0.0,,0.0,0.0,0.0,0.0,0.0,0.0,0.0,0.0,0.0,0.0,0.0,0.0,0.0,0.0,0.0,0.0,0.0,0.0,0.0,0.0,2.4,0.0,0.0,1.0,0.0,0.0,0.0,0.0,0.0,0.0
2012-02-19,0.0,0.0,0.0,0.0,0.0,,0.0,0.0,0.0,0.0,0.0,0.0,0.0,0.0,0.0,0.0,0.0,0.0,0.0,0.0,0.0,0.0,0.0,0.0,0.0,0.0,0.0,0.0,0.0,0.0,0.0,0.0,0.0,0.0,0.0,0.0
2012-02-20,0.0,0.0,0.0,0.0,0.0,,0.0,0.0,0.0,0.0,0.0,0.0,0.0,0.0,0.0,0.0,0.0,0.0,0.0,0.0,0.0,0.0,0.0,0.0,0.0,0.0,0.0,0.0,0.0,0.0,0.0,0.0,0.0,0.0,0.0,0.0
2012-02-21,0.0,0.0,0.0,0.0,0.0,,0.0,0.0,0.0,0.0,0.0,0.0,0.0,0.0,0.0,0.0,0.0,0.0,0.0,0.0,0.0,0.0,0.0,0.1,0.0,0.0,0.0,0.0,0.0,0.0,0.0,0.0,0.0,0.0,0.0,0.0
2012-02-22,0.0,0.0,0.0,0.0,0.0,,0.0,0.0,0.0,0.0,0.0,0.0,0.0,0.0,0.0,0.0,0.0,0.0,0.0,0.0,0.0,0.0,0.0,0.0,0.0,0.0,0.0,0.0,0.0,0.0,0.0,0.0,0.0,0.0,0.0,0.0
2012-02-23,0.0,0.0,0.0,0.0,0.0,,0.0,0.0,0.0,0.0,0.0,0.0,0.0,0.0,0.0,0.0,0.0,0.0,0.0,0.0,0.0,0.0,0.0,0.0,0.0,0.0,0.0,0.0,0.0,0.0,0.0,0.0,0.0,0.0,0.0,0.0
2012-02-24,0.0,0.0,0.0,0.0,0.0,,0.0,0.0,0.0,0.0,0.0,0.0,0.0,0.0,0.0,0.0,0.0,0.0,0.0,0.0,0.0,0.0,0.0,0.0,0.0,0.0,0.0,0.0,0.0,0.0,0.0,0.0,0.0,0.0,0.0,0.0
2012-02-25,0.0,0.0,0.0,0.0,0.0,,0.0,0.0,0.0,0.0,0.0,0.0,0.0,0.0,0.0,0.0,0.0,0.0,0.0,0.0,0.0,0.0,0.0,0.0,0.0,0.0,0.0,0.0,0.0,0.0,0.0,0.0,0.0,0.0,0.0,0.0
2012-02-26,0.0,0.0,0.0,0.0,0.0,,0.0,0.0,0.0,0.0,0.0,0.0,0.0,0.0,0.0,0.0,0.0,0.0,0.0,0.0,0.0,0.0,0.0,0.0,0.0,0.0,0.0,0.0,0.0,0.0,0.0,0.0,0.0,0.0,0.0,0.0
2012-02-27,0.0,0.0,0.0,0.0,0.0,,0.0,0.0,0.0,0.0,0.0,0.0,0.0,0.0,0.0,0.0,0.0,0.0,0.0,0.0,0.0,0.0,0.0,0.0,0.0,0.0,0.0,0.0,0.0,0.0,0.0,0.0,0.0,0.0,0.0,0.0
2012-02-28,0.0,0.0,0.0,0.0,0.0,,0.0,0.0,0.0,0.0,0.0,0.0,0.0,0.0,0.0,0.0,0.0,0.0,0.0,0.0,0.0,0.0,0.0,0.0,0.0,0.0,0.0,0.0,0.0,0.0,0.0,0.0,0.0,0.0,0.0,0.0
2012-02-29,0.0,0.0,0.0,0.0,0.0,,0.0,0.0,0.0,0.0,0.0,0.0,0.0,0.0,0.0,0.0,0.0,0.0,0.0,0.0,0.0,0.2,0.0,0.0,0.0,0.0,0.0,0.0,0.0,0.0,0.0,0.0,0.0,0.0,0.0,0.0
2012-03-01,0.0,0.0,0.0,0.0,0.0,,0.0,0.0,0.0,0.0,0.0,0.0,0.0,0.0,0.0,0.0,0.0,0.0,0.0,0.0,0.0,0.0,0.0,0.0,0.0,0.0,,0.0,0.0,0.0,0.0,0.0,0.0,0.0,0.0,0.0
2012-03-02,0.0,0.0,0.0,0.0,0.0,,0.0,0.0,0.0,0.0,0.0,0.0,0.0,0.0,0.0,0.0,0.0,0.0,0.0,0.0,0.0,0.0,0.0,0.0,0.0,0.0,,0.0,0.0,0.0,0.0,0.0,0.0,0.0,0.0,0.0
2012-03-03,0.0,0.0,0.0,0.0,0.0,,0.0,0.0,0.0,0.0,0.0,0.0,0.0,0.0,0.0,0.0,0.0,0.0,0.0,0.0,0.0,0.0,0.0,0.0,0.0,0.0,,0.0,0.0,0.0,0.0,0.0,0.0,0.0,0.0,0.0
2012-03-04,0.0,0.0,0.0,0.0,0.0,,0.0,0.0,0.0,0.0,0.0,0.0,0.0,0.0,0.0,0.0,0.0,0.0,0.0,0.0,0.0,0.0,0.0,0.0,0.0,0.0,,0.0,0.0,0.0,0.0,0.0,0.0,0.0,0.0,0.0
2012-03-05,0.0,0.0,0.0,0.0,0.0,,0.0,0.0,0.0,0.0,0.0,0.0,0.0,0.0,0.0,0.0,0.0,0.0,0.0,0.0,0.0,0.0,0.0,0.0,0.0,0.0,,0.0,0.0,0.0,0.0,0.0,0.0,0.0,0.0,0.0
2012-03-06,0.0,0.0,0.0,0.0,0.0,,0.0,0.0,18.3,0.0,0.0,0.0,0.0,0.0,0.0,0.0,0.0,0.0,0.0,0.0,0.0,0.0,0.0,0.0,0.0,0.0,,0.0,0.0,0.0,0.0,0.0,0.0,0.0,0.0,0.0
2012-03-07,0.0,0.0,0.0,0.0,0.0,,0.8,0.0,0.0,0.0,0.0,0.0,0.0,0.0,0.0,0.0,0.0,0.0,0.0,0.0,0.0,0.0,0.0,0.0,0.0,0.0,,0.0,0.0,0.0,9.5,0.0,0.0,0.0,0.0,0.0
2012-03-08,0.0,0.0,0.0,0.0,0.0,,0.0,0.0,0.0,0.0,0.0,0.0,0.0,8.4,0.0,0.0,0.0,0.0,0.0,0.0,0.0,0.0,0.0,0.0,0.0,0.0,,0.0,0.0,0.0,0.0,0.0,0.0,0.0,0.0,0.0
2012-03-09,0.0,0.0,0.0,0.0,0.0,,0.0,0.0,0.0,0.0,0.0,0.0,0.0,0.0,0.0,0.0,0.0,0.0,0.0,0.0,0.0,0.0,0.0,0.0,0.0,0.0,,0.0,0.0,0.0,0.0,0.0,0.0,0.0,0.0,0.0
2012-03-10,0.0,0.0,0.0,0.0,0.0,,0.0,0.0,10.2,0.0,0.0,0.0,0.0,0.0,0.0,0.0,0.0,0.0,0.0,0.0,0.0,0.0,0.0,0.0,0.0,0.0,,0.0,0.0,0.0,0.0,0.0,0.0,0.0,0.0,0.0
2012-03-11,0.0,0.0,0.0,0.0,0.0,,0.0,0.0,0.0,0.0,0.0,0.0,0.0,0.0,0.0,10.0,0.0,0.0,0.0,0.0,0.0,0.0,0.0,0.0,0.0,0.0,,0.0,0.0,0.0,0.0,0.0,0.0,0.0,0.0,0.0
2012-03-12,0.0,0.0,0.0,0.0,0.0,,0.0,0.0,0.0,0.0,0.0,0.0,0.0,0.0,0.0,0.0,0.0,0.0,0.0,0.0,0.0,0.0,0.0,0.0,0.0,0.0,,0.0,0.0,0.0,0.0,0.0,0.0,0.0,0.0,0.0
2012-03-13,0.0,0.0,0.0,0.0,0.0,,0.5,0.0,0.0,0.0,0.0,0.0,3.2,1.2,0.0,5.0,0.0,0.0,0.0,14.0,0.0,0.5,0.2,0.0,0.0,0.0,,0.0,0.0,0.0,0.0,0.0,2.1,0.0,0.0,0.0
2012-03-14,0.0,7.8,0.0,0.0,7.6,,2.6,0.0,0.0,0.0,0.0,6.3,0.0,0.0,0.0,0.0,0.0,1.9,0.0,0.0,3.6,0.0,0.0,0.0,4.2,0.0,,7.0,8.2,0.0,3.5,0.0,0.0,0.0,4.2,0.0
2012-03-15,0.0,0.0,0.0,0.0,0.0,,0.0,0.0,0.0,0.0,0.0,0.0,0.0,0.0,0.0,0.0,0.0,0.0,0.0,0.0,9.0,0.0,0.0,0.0,0.0,3.2,,0.0,0.0,0.0,0.0,0.0,0.0,0.0,0.0,0.0
2012-03-16,0.0,7.4,1.2,0.0,3.8,,0.0,14.2,0.0,9.2,0.0,0.0,0.0,0.0,0.0,0.0,0.0,1.0,0.0,15.0,0.0,6.5,0.0,3.1,7.5,2.5,,0.0,11.5,0.0,0.0,0.0,0.0,0.0,0.0,0.0
2012-03-17,0.0,0.0,0.0,19.4,0.0,,0.0,0.0,0.0,0.0,0.0,0.0,0.0,0.0,0.0,0.0,0.0,0.0,0.0,0.0,0.0,0.0,0.0,0.0,0.0,0.0,,0.0,0.0,0.0,0.0,0.0,0.0,0.0,0.0,0.0
2012-03-18,0.0,0.0,0.0,0.0,0.0,,0.0,4.4,0.0,0.0,0.0,0.0,0.0,0.0,0.0,0.0,0.0,0.0,0.0,0.0,0.0,0.3,0.0,0.1,0.0,0.0,,0.0,0.4,0.0,0.0,0.0,0.0,0.0,0.0,0.0
2012-03-19,0.0,0.0,0.0,0.0,0.0,,0.0,0.0,0.0,0.0,0.0,0.0,0.0,0.0,0.0,0.0,0.0,0.0,0.0,0.0,0.0,0.0,0.0,0.0,0.0,0.0,,0.0,0.0,0.0,0.0,0.0,0.0,0.0,0.0,0.0
2012-03-20,0.0,0.0,0.0,0.0,0.0,,0.0,0.0,0.0,0.0,0.0,0.0,0.0,0.0,0.0,0.0,0.0,0.0,0.0,0.0,0.0,0.0,0.0,0.0,0.0,0.0,,0.0,0.0,0.0,0.0,0.0,0.0,0.0,0.0,0.0
2012-03-21,0.0,0.0,0.0,0.0,0.0,,0.0,0.0,0.0,0.0,0.0,0.0,0.0,0.0,0.0,0.0,0.0,0.0,0.0,0.0,0.0,0.0,0.0,0.0,0.0,0.0,,0.0,0.0,0.0,0.0,0.0,0.0,0.0,0.0,0.0
2012-03-22,0.0,0.0,0.0,0.0,0.0,,0.0,0.0,0.0,0.0,0.0,0.0,0.0,0.0,0.0,0.0,0.0,0.0,0.0,0.0,0.0,0.0,0.0,0.0,0.0,0.0,,0.0,0.0,0.0,0.0,0.0,0.0,0.0,0.0,0.0
2012-03-23,0.0,0.0,0.0,0.0,0.0,,0.0,0.0,0.0,0.0,0.0,0.0,0.0,0.0,0.0,0.0,0.0,0.0,0.0,0.0,0.0,0.0,0.0,0.0,0.0,0.0,,0.0,0.0,0.0,0.0,0.0,0.0,0.0,0.0,0.0
2012-03-24,0.0,0.0,0.0,0.0,0.0,,0.0,0.0,0.0,0.0,0.0,0.0,0.0,0.0,0.0,0.0,0.0,0.0,0.0,0.0,0.0,0.0,0.0,0.0,0.0,0.0,,0.0,0.0,0.0,0.0,0.0,0.0,0.0,0.0,0.0
2012-03-25,0.0,0.0,0.0,0.0,0.0,,0.0,0.0,0.0,0.0,0.0,0.0,0.0,0.0,0.0,0.0,0.0,0.0,0.0,0.0,0.0,0.0,0.0,0.0,0.0,0.0,,0.0,0.0,0.0,0.0,0.0,0.0,0.0,0.0,0.0
2012-03-26,0.0,0.0,0.0,0.0,0.0,,0.0,0.0,0.0,0.0,0.0,0.0,0.0,0.0,0.0,0.0,0.0,0.0,0.0,0.0,0.0,0.0,0.0,0.0,0.0,0.0,,0.0,0.0,0.0,0.0,0.0,0.0,0.0,0.0,0.0
2012-03-27,0.0,0.0,0.0,0.0,0.0,,0.0,0.0,0.0,0.0,0.0,0.0,0.0,0.0,0.0,0.0,0.0,0.0,0.0,4.0,0.0,0.0,0.0,0.0,0.0,0.0,,0.0,0.0,0.0,0.0,0.0,0.0,0.0,0.0,0.0
2012-03-28,0.0,0.0,0.0,0.0,0.0,,0.0,0.0,0.0,0.0,0.0,0.0,0.0,0.0,0.0,0.0,0.0,0.2,0.0,0.0,0.0,0.0,0.0,0.0,0.0,0.0,,0.0,0.0,0.0,0.0,0.0,0.0,0.0,0.0,0.0
2012-03-29,0.0,0.0,0.0,0.0,0.0,,0.0,0.0,0.0,0.0,0.0,0.0,0.0,0.0,0.0,0.0,0.0,0.0,0.0,0.0,0.0,0.0,0.0,0.0,0.0,0.0,,0.0,0.0,0.0,0.0,0.0,0.0,0.0,0.0,0.0
2012-03-30,0.0,0.0,0.0,0.0,0.0,,0.0,0.0,0.0,0.0,0.0,0.0,0.0,0.0,0.0,0.0,0.0,0.0,0.0,0.0,0.0,0.0,0.0,0.0,0.0,0.0,,0.0,0.0,0.0,0.0,0.0,0.0,0.0,0.0,0.0
2012-03-31,0.0,0.4,0.0,0.0,0.2,,0.0,0.0,0.0,0.0,0.0,0.0,0.0,0.0,0.0,0.0,0.0,0.0,1.2,0.0,0.0,14.7,1.2,2.5,0.0,0.0,,0.0,0.3,1.0,0.0,0.0,0.0,0.0,0.0,0.0
2012-04-01,0.0,0.0,0.0,0.0,0.0,,0.0,0.0,0.0,0.0,0.0,0.0,0.0,0.0,0.0,0.0,0.0,0.0,0.0,0.0,0.0,0.5,0.0,1.0,0.0,0.0,,0.0,3.2,0.0,0.0,0.0,0.0,0.0,0.0,0.0
2012-04-02,0.0,0.0,0.0,0.0,0.0,,0.0,0.0,0.0,0.0,0.0,0.0,0.0,0.0,0.0,0.0,0.0,0.0,0.0,0.0,0.0,0.0,0.0,0.0,0.0,0.0,,0.0,0.0,0.0,10.2,0.0,0.0,0.0,0.0,0.0
2012-04-03,0.0,0.0,0.0,0.0,0.0,,0.0,0.2,0.0,4.0,0.0,0.0,0.0,0.0,0.0,0.0,0.0,0.0,0.0,0.0,0.0,27.7,1.4,0.0,0.0,0.0,,0.0,8.5,0.0,0.0,0.0,0.0,0.0,0.0,0.0
2012-04-04,0.0,19.2,1.2,18.2,21.6,,0.0,10.0,0.0,16.2,16.2,19.5,0.0,0.0,0.0,0.0,0.0,46.0,15.3,20.4,24.3,23.0,15.2,23.2,4.5,67.0,,31.2,37.8,52.4,0.0,18.5,25.2,0.0,0.0,0.0
2012-04-05,0.0,0.2,19.2,1.0,0.4,,19.1,0.0,0.0,0.0,1.0,10.6,0.0,0.0,7.0,0.0,0.0,5.9,16.3,0.0,20.5,0.4,0.8,2.0,12.5,1.5,,0.4,0.0,1.4,0.0,1.8,11.7,0.0,0.0,0.0
2012-04-06,0.0,19.4,16.3,24.4,16.4,,54.6,24.0,18.3,29.4,0.0,21.5,0.0,14.4,33.2,0.0,0.0,14.8,16.4,25.6,0.0,21.1,18.8,20.0,19.8,15.8,,21.0,24.1,14.2,24.4,5.2,2.3,12.0,19.2,0.0
2012-04-07,0.0,0.0,0.0,0.0,0.6,,19.8,0.0,0.0,0.0,1.0,0.0,0.0,0.0,0.0,0.0,0.0,0.0,16.5,0.0,0.0,0.0,13.6,1.0,0.0,0.0,,2.8,0.0,1.0,0.0,12.3,9.2,0.0,0.0,0.0
2012-04-08,0.0,0.0,0.5,0.0,0.0,,0.4,0.0,0.0,0.0,3.5,4.5,7.3,0.0,0.0,0.0,0.0,0.0,0.0,0.0,0.0,0.5,0.2,0.0,0.0,0.0,,0.2,0.0,0.0,0.0,0.0,0.5,0.0,0.0,0.0
2012-04-09,0.0,8.2,0.0,3.8,3.6,,18.2,3.2,0.0,0.0,13.9,8.5,21.2,4.5,0.0,32.2,0.0,2.6,5.2,4.0,0.0,16.0,1.2,3.0,14.6,1.5,,2.0,0.0,2.5,0.0,1.2,8.2,10.0,1.4,0.0
2012-04-10,17.6,21.8,17.5,18.6,12.0,,23.7,18.4,10.2,15.3,22.8,24.5,4.4,10.4,0.0,0.0,0.0,17.6,13.2,12.4,32.2,21.2,13.0,14.0,20.6,18.0,,15.2,14.5,19.2,0.0,0.0,25.9,6.0,6.4,0.0
2012-04-11,0.0,8.3,12.3,1.8,1.8,,0.4,16.2,0.0,16.2,1.0,2.3,0.0,0.0,0.0,0.0,0.0,0.0,6.3,3.0,10.0,19.0,14.4,8.0,19.7,1.8,,0.2,12.3,4.2,0.0,0.0,0.0,0.0,0.0,0.0
2012-04-12,0.0,0.5,0.0,1.4,3.0,,0.4,5.2,0.0,0.0,1.9,0.0,0.0,0.0,0.0,0.0,41.2,2.1,0.0,0.0,0.0,0.6,3.0,1.2,0.0,3.2,,7.6,0.0,3.0,0.0,27.5,0.0,0.0,0.0,0.0
2012-04-13,0.0,1.0,0.0,14.0,1.5,,0.0,0.0,0.0,2.1,0.0,6.1,0.0,0.0,0.0,0.0,84.0,0.0,0.0,0.0,0.0,0.0,0.0,1.5,0.0,0.0,,0.0,0.0,0.5,0.0,0.0,0.0,0.0,0.0,0.0
2012-04-14,0.0,0.5,0.0,3.2,0.0,,0.0,0.0,0.0,0.0,0.0,0.0,0.0,0.0,0.0,0.0,25.6,0.0,0.0,0.0,0.0,0.0,0.0,0.1,0.0,0.0,,0.0,0.0,0.0,0.0,0.0,0.0,0.0,0.0,0.0
2012-04-15,0.0,0.0,0.0,0.0,0.0,,0.0,0.0,0.0,0.0,0.0,0.0,0.0,0.0,0.0,0.0,0.0,0.0,0.0,0.0,0.0,0.0,0.0,0.0,0.0,0.0,,0.0,0.0,0.0,0.0,0.0,0.0,0.0,0.0,0.0
2012-04-16,0.0,0.6,0.6,0.0,0.8,,0.9,0.0,0.0,0.0,0.0,1.3,0.0,0.0,0.0,0.0,0.0,0.0,1.7,0.0,0.0,0.0,0.0,1.3,0.0,0.0,,0.0,0.0,0.0,0.0,0.0,0.0,0.0,0.0,0.0
2012-04-17,0.0,0.0,0.0,0.0,0.0,,0.0,0.0,0.0,0.0,0.0,0.0,0.0,0.0,0.0,0.0,0.0,0.0,0.0,0.0,0.0,0.0,0.0,0.0,0.0,0.0,,0.0,0.0,0.0,0.0,0.0,0.0,0.0,0.0,0.0
2012-04-18,0.0,0.0,0.0,0.0,0.0,,0.0,0.0,0.0,0.0,0.0,0.0,0.0,0.0,0.0,0.0,0.0,0.0,0.0,0.0,0.0,0.0,0.0,0.0,0.0,0.0,,0.0,0.0,0.0,0.0,0.0,0.0,0.0,0.0,0.0
2012-04-19,0.0,0.0,0.0,0.0,0.0,,0.0,0.0,0.0,0.0,0.0,0.0,0.0,0.0,0.0,0.0,0.0,0.0,0.0,0.0,0.0,0.0,0.0,0.0,0.0,0.0,,0.0,0.0,0.0,0.0,0.0,0.0,0.0,0.0,0.0
2012-04-20,0.0,0.0,0.0,0.0,0.0,,0.0,0.0,0.0,0.0,0.0,0.3,0.0,0.0,0.0,0.0,0.0,0.0,0.0,0.0,0.0,0.0,0.0,0.0,0.0,0.0,,0.0,0.0,0.0,0.0,0.0,0.0,0.0,0.0,0.0
2012-04-21,0.0,0.0,0.0,0.0,0.0,,0.0,0.0,0.0,0.0,0.0,0.0,0.0,0.0,0.0,0.0,0.0,0.0,0.0,0.0,0.0,0.0,0.0,0.0,0.0,0.0,,0.0,0.0,0.0,0.0,0.0,0.0,0.0,0.0,0.0
2012-04-22,0.0,0.0,0.0,0.0,0.0,,0.0,0.0,0.0,0.0,5.2,0.0,0.0,0.0,0.0,0.0,0.0,0.0,0.0,0.0,0.0,0.0,0.0,0.0,0.0,0.0,,0.0,0.0,0.0,0.0,1.3,15.5,0.0,0.0,0.0
2012-04-23,0.0,0.0,0.0,0.0,0.0,,0.0,0.0,0.0,0.0,0.0,0.0,0.0,0.0,0.0,0.0,0.0,0.0,0.0,0.0,0.0,0.0,0.0,0.0,0.0,0.0,,0.0,0.0,0.0,0.0,0.0,0.0,0.0,0.0,0.0
2012-04-24,0.0,0.0,0.0,0.0,0.0,,0.0,0.0,0.0,0.0,0.0,0.0,0.0,0.0,0.0,0.0,0.0,0.0,0.0,0.0,0.0,0.0,0.0,0.0,0.0,0.0,,0.0,0.0,0.0,0.0,0.0,0.0,0.0,0.0,0.0
2012-04-25,0.0,0.0,0.0,0.0,0.0,,0.0,0.0,0.0,0.0,0.0,0.0,0.0,0.0,0.0,0.0,0.0,0.0,0.0,0.0,0.0,0.0,0.0,0.0,0.0,0.0,,0.0,0.0,0.0,0.0,0.0,0.0,0.0,0.0,0.0
2012-04-26,0.0,0.0,0.0,0.0,0.0,,0.0,0.0,0.0,0.0,0.0,0.0,4.3,0.0,0.0,0.0,0.0,0.0,0.0,0.0,0.0,0.0,0.0,0.0,0.0,0.0,,0.0,0.0,0.0,0.0,0.0,0.0,0.0,0.0,0.0
2012-04-27,0.0,0.0,0.0,0.0,0.0,,0.0,0.0,0.0,0.0,0.0,0.0,0.0,0.0,0.0,0.0,0.0,0.0,0.0,0.0,0.0,0.0,0.0,0.0,0.0,0.0,,0.0,0.0,0.0,0.0,0.0,0.0,0.0,0.0,0.0
2012-04-28,0.0,0.0,0.0,0.0,0.0,,0.0,0.0,0.0,0.0,0.0,0.0,0.0,0.0,0.0,0.0,0.0,0.0,0.0,0.0,0.0,0.0,0.0,0.0,0.0,0.0,,0.0,0.0,0.0,0.0,0.0,0.0,0.0,0.0,0.0
2012-04-29,0.0,0.4,4.5,0.0,0.0,,0.0,0.0,0.0,0.0,0.0,0.0,0.0,0.0,0.0,0.0,0.0,0.0,7.1,0.0,0.0,5.6,0.0,0.0,3.2,0.0,,0.0,0.0,0.0,0.0,0.0,0.0,0.0,0.0,0.0
2012-04-30,0.0,0.0,0.0,0.0,0.0,,0.0,0.0,0.0,0.0,0.0,0.0,9.1,0.0,0.0,0.0,0.0,0.0,0.0,0.0,0.0,0.0,0.0,0.0,0.0,0.0,,0.0,0.0,0.0,0.0,0.0,0.0,0.0,0.0,0.0
2012-05-01,0.0,0.0,0.0,0.0,0.0,,0.0,0.0,0.0,0.0,0.0,0.0,5.2,0.0,0.0,0.0,0.0,0.0,0.0,0.0,0.0,0.0,0.0,0.0,0.0,0.0,,0.0,0.0,0.0,0.0,0.0,0.0,0.0,0.0,0.0
2012-05-02,0.0,0.0,0.0,0.0,0.0,,1.7,0.4,0.0,0.0,9.4,11.5,3.4,0.0,0.0,0.0,0.0,0.0,0.0,0.0,0.0,0.0,0.0,0.0,0.0,0.0,,0.0,0.0,3.5,0.0,2.3,7.3,0.0,0.0,0.0
2012-05-03,0.0,0.0,0.0,0.0,0.0,,0.0,0.0,0.0,0.0,0.0,0.0,0.0,10.4,0.0,0.0,0.0,0.0,0.0,0.0,0.0,0.0,0.0,0.0,0.0,0.0,,0.0,0.0,0.0,0.0,0.0,0.0,0.0,0.0,0.0
2012-05-04,0.0,3.0,1.5,5.4,2.4,,4.6,8.0,0.0,2.1,2.8,1.2,0.0,0.0,7.0,0.0,0.0,4.0,4.2,0.0,0.0,2.0,3.0,5.0,3.5,2.6,,3.4,7.8,3.0,0.0,4.3,2.5,2.0,10.2,0.0
2012-05-05,4.0,0.6,2.5,6.2,2.2,,6.0,4.0,18.0,0.0,28.0,5.3,0.0,22.5,6.7,60.0,0.0,3.2,1.4,0.0,0.0,1.3,1.8,1.5,1.2,5.0,,2.8,0.2,4.0,0.0,14.5,15.5,30.0,4.2,0.0
2012-05-06,0.0,0.0,0.0,0.0,0.0,,0.0,0.0,0.0,0.0,9.3,0.0,0.0,0.0,0.0,0.0,0.0,0.0,0.0,0.0,0.0,0.0,0.0,0.0,0.0,0.0,,0.0,0.0,0.0,0.0,0.0,0.0,0.0,0.0,0.0
2012-05-07,0.0,0.0,0.0,0.0,0.0,,0.0,0.0,0.0,0.0,0.0,0.0,0.0,0.0,0.0,0.0,0.0,0.0,0.0,0.0,0.0,0.0,0.0,0.0,0.0,0.0,,0.0,12.5,0.0,0.0,0.0,0.0,0.0,0.0,0.0
2012-05-08,0.0,0.0,0.0,0.0,0.0,,0.0,6.4,0.0,0.0,0.0,0.0,0.0,0.0,0.0,0.0,0.0,0.0,0.0,0.0,0.0,0.0,0.4,0.0,0.0,0.0,,0.0,0.0,0.0,0.0,0.0,0.0,0.0,0.0,0.0
2012-05-09,0.0,0.0,0.0,0.0,0.0,,0.0,0.0,0.0,0.0,0.0,0.0,0.0,0.0,0.0,10.0,0.0,0.0,2.0,0.0,0.0,0.0,0.2,0.0,4.5,0.0,,0.0,0.0,0.0,0.0,0.0,0.0,0.0,0.0,0.0
2012-05-10,6.2,7.4,5.5,10.8,13.8,,57.5,0.0,4.0,7.2,34.0,7.3,0.0,4.2,40.5,0.0,0.0,25.3,5.7,8.0,0.0,6.8,9.6,3.5,6.5,19.5,,36.8,2.1,19.5,0.0,4.0,24.6,20.0,0.0,0.0
2012-05-11,0.0,17.3,14.6,15.2,25.6,,0.0,19.0,0.0,25.3,35.5,7.5,0.0,0.0,4.0,0.0,0.0,1.1,21.5,0.0,0.0,7.2,10.4,8.0,0.0,2.3,,15.6,19.8,0.5,13.2,5.2,0.3,0.0,0.0,0.0
2012-05-12,0.0,0.0,0.0,0.0,0.0,,0.0,0.0,0.0,0.0,0.0,0.0,0.0,0.0,0.0,0.0,0.0,0.0,0.0,15.0,0.0,0.0,0.0,0.0,0.0,0.0,,0.0,0.0,0.0,0.0,0.0,0.0,0.0,0.0,0.0
2012-05-13,0.0,1.3,0.0,9.2,1.8,,0.0,0.2,0.0,0.0,0.0,13.3,0.0,0.0,0.0,0.0,0.0,4.0,1.3,0.0,0.0,0.7,2.8,0.0,0.0,5.8,,4.0,0.0,0.0,0.0,5.5,4.7,0.0,0.0,0.0
2012-05-14,0.0,0.0,0.0,0.0,0.0,,0.0,0.0,0.0,0.0,0.0,0.0,0.0,0.0,0.0,0.0,0.0,0.0,0.0,0.0,0.0,0.0,0.0,0.0,0.0,0.0,,0.0,0.0,0.0,0.0,0.0,0.0,0.0,0.0,0.0
2012-05-15,0.0,0.0,0.0,0.0,0.0,,0.0,0.0,0.0,0.0,0.0,0.0,0.0,0.0,0.0,0.0,0.0,0.0,0.0,0.0,0.0,0.0,0.0,2.0,0.0,0.0,,0.0,0.0,0.0,0.0,0.0,0.0,0.0,0.0,0.0
2012-05-16,0.0,0.0,0.0,0.0,0.0,,0.0,0.0,0.0,0.0,0.0,0.0,7.3,0.0,0.0,0.0,0.0,0.0,0.0,0.0,0.0,0.0,0.0,0.0,0.0,0.0,,0.0,0.0,0.0,0.0,0.0,0.0,0.0,0.0,0.0
2012-05-17,0.0,0.0,0.0,0.0,0.0,,0.0,0.0,0.0,0.0,0.0,0.0,1.0,0.0,2.0,0.0,0.0,0.0,0.0,0.0,0.0,0.0,0.0,0.0,0.0,0.0,,0.0,0.0,0.0,0.0,0.0,0.0,0.0,0.0,0.0
2012-05-18,0.0,0.0,0.0,0.0,0.0,,0.0,0.0,0.0,0.0,0.0,0.0,0.0,0.0,1.1,0.0,0.0,0.0,0.0,0.0,0.0,0.0,1.2,0.0,0.0,0.0,,0.0,0.0,0.0,0.0,0.0,0.0,0.0,0.0,0.0
2012-05-19,0.0,0.6,0.0,6.8,3.6,,0.0,0.0,0.0,0.0,3.0,0.0,0.0,0.0,0.0,0.0,0.0,0.0,0.0,0.0,0.0,2.1,0.0,3.0,0.0,10.5,,4.0,7.8,0.0,0.0,6.2,0.0,0.0,0.0,0.0
2012-05-20,0.0,6.2,0.0,6.8,28.4,,8.6,0.0,0.0,0.0,9.8,2.5,0.0,0.0,0.0,0.0,0.0,14.2,0.0,30.4,0.0,0.0,0.0,4.0,0.0,0.0,,0.4,0.0,0.0,2.0,0.0,5.0,6.0,0.0,10.0
2012-05-21,0.0,0.0,0.0,0.0,0.0,,0.0,0.0,0.0,0.0,0.0,0.0,0.0,0.0,0.0,0.0,0.0,0.0,0.0,0.0,0.0,0.0,0.0,0.0,0.0,0.0,,0.0,0.0,0.0,0.0,0.0,0.0,0.0,0.0,20.7
2012-05-22,0.0,0.0,0.0,0.0,0.0,,0.0,0.0,0.0,0.0,0.0,0.0,0.0,0.0,0.0,0.0,0.0,0.0,0.0,0.0,0.0,0.0,0.0,1.0,0.0,0.0,,0.0,0.0,0.0,42.5,0.0,0.0,0.0,0.0,0.0
2012-05-23,0.0,2.4,0.0,0.0,0.0,,0.0,6.4,0.0,0.0,39.6,0.0,0.0,0.0,0.0,0.0,0.0,0.0,0.0,0.0,0.0,0.0,0.0,2.5,0.0,0.0,,0.0,0.0,0.0,0.0,0.0,0.0,0.0,0.0,0.0
2012-05-24,0.0,0.0,0.0,0.0,0.0,,0.0,0.0,0.0,0.0,0.0,0.0,17.2,0.0,0.0,0.0,0.0,0.0,0.0,0.0,0.0,0.0,0.0,0.0,0.0,0.0,,0.0,0.0,0.0,0.0,0.0,0.0,0.0,0.0,41.0
2012-05-25,0.0,0.0,0.0,0.0,0.0,,0.0,0.0,0.0,0.0,0.0,0.0,4.1,0.0,4.5,0.0,0.0,0.0,0.0,0.0,0.0,0.0,0.0,0.0,0.0,0.0,,0.0,0.0,0.0,0.0,0.0,0.0,0.0,0.0,20.0
2012-05-26,0.0,1.0,0.0,0.0,0.0,,0.0,22.8,0.0,0.0,0.0,1.2,0.0,10.4,0.0,0.0,0.0,0.0,0.0,0.0,32.0,1.8,0.0,0.1,0.0,0.0,,0.0,0.0,0.0,0.0,0.0,0.0,0.0,66.2,10.5
2012-05-27,75.6,2.4,0.0,0.0,0.0,,0.0,11.6,15.2,0.0,26.3,2.5,0.0,0.0,0.0,0.0,0.0,0.0,0.0,0.0,0.0,0.0,2.4,0.5,0.0,2.8,,0.0,7.3,6.2,0.0,0.0,9.2,0.0,0.0,7.0
2012-05-28,0.0,0.0,0.0,0.0,0.0,,0.0,0.0,0.0,0.0,2.0,0.0,0.0,0.0,0.0,0.0,0.0,0.0,0.0,0.0,0.0,0.0,0.2,0.0,0.0,0.0,,0.0,0.0,0.0,0.0,0.0,0.0,0.0,0.0,0.0
2012-05-29,0.0,0.0,0.0,0.0,0.0,,0.0,0.0,0.0,0.0,0.0,0.0,0.0,0.0,0.0,0.0,0.0,0.0,0.0,0.0,0.0,0.0,0.0,0.0,0.0,0.0,,0.0,0.0,0.0,0.0,0.0,0.0,0.0,0.0,0.0
2012-05-30,0.0,0.0,0.0,0.0,0.0,,0.0,0.0,0.0,0.0,2.5,0.0,12.1,0.0,7.0,0.0,0.0,0.0,0.0,0.0,0.0,18.4,0.0,0.0,0.0,0.0,,0.0,0.0,0.0,0.0,0.0,0.0,0.0,0.0,0.0
2012-05-31,0.0,0.0,0.0,0.0,0.0,,0.0,0.0,33.0,0.0,3.2,0.0,0.0,0.0,0.0,0.0,42.6,0.0,0.0,0.0,0.0,0.0,5.4,0.0,0.0,0.0,,1.8,0.0,0.0,0.0,0.0,30.9,0.0,0.0,0.0
2012-06-01,0.0,9.2,0.0,0.0,0.0,,0.0,53.4,0.0,5.0,21.0,22.6,1.1,0.0,0.0,55.1,0.0,7.2,31.5,0.0,0.0,19.5,2.2,0.0,0.0,0.0,,2.0,20.8,2.0,0.0,0.0,0.0,0.0,0.0,0.0
2012-06-02,39.4,12.4,7.5,19.0,13.8,,64.0,18.4,0.0,17.1,30.3,39.5,0.0,0.0,0.0,0.0,0.0,13.9,0.0,0.0,0.0,19.2,35.4,31.0,0.0,11.3,,24.0,24.2,14.0,22.6,18.5,19.5,3.0,13.6,0.0
2012-06-03,0.0,0.0,0.0,3.0,0.0,,0.0,0.0,0.0,5.2,0.0,2.5,0.0,0.0,0.0,0.0,0.0,0.0,0.0,0.0,0.0,0.0,0.0,0.1,16.4,0.0,,1.8,0.0,0.5,0.0,0.0,0.0,0.0,0.0,0.0
2012-06-04,0.0,1.8,0.0,2.2,0.4,,0.0,0.0,0.0,0.0,0.0,0.0,0.0,0.0,0.0,20.0,0.0,1.8,0.0,8.0,0.0,0.0,0.8,2.0,0.0,1.5,,8.0,0.0,0.0,0.0,0.0,0.0,0.0,0.0,21.0
2012-06-05,0.0,0.0,0.0,0.0,0.0,,0.0,0.0,0.0,0.0,0.0,0.0,0.0,0.0,0.0,0.0,0.0,0.0,0.0,0.0,0.0,0.0,0.0,0.0,0.0,0.0,,0.0,0.0,4.4,11.2,0.0,2.5,0.0,0.0,0.0
2012-06-06,5.0,0.0,0.5,0.0,0.0,,4.1,0.0,13.2,0.0,4.5,0.0,0.0,20.5,0.0,0.0,0.0,0.0,0.0,0.0,0.0,0.0,1.0,0.0,0.0,1.6,,0.0,0.0,0.0,0.0,0.0,0.0,4.0,8.0,0.0
2012-06-07,0.0,0.0,0.0,0.0,0.0,,0.0,1.2,0.0,0.0,0.0,0.0,0.0,0.0,0.0,0.0,0.0,0.0,0.0,0.0,0.0,0.0,0.0,0.0,0.0,0.0,,0.0,0.0,0.0,0.0,0.0,0.0,0.0,0.0,0.0
2012-06-08,0.0,0.0,0.0,0.0,0.0,,0.9,0.0,0.0,0.0,0.0,0.0,7.1,0.0,0.0,0.0,0.0,0.0,0.0,0.0,0.0,0.0,0.0,0.0,0.0,0.0,,0.0,0.0,0.0,0.0,0.0,0.0,0.0,0.0,0.0
2012-06-09,0.0,0.0,0.0,0.0,0.0,,0.0,0.0,0.0,0.0,27.0,1.2,2.2,0.0,0.0,0.0,0.0,0.2,0.0,0.0,0.0,0.0,1.6,0.0,0.0,0.0,,0.4,0.0,0.0,0.0,0.0,0.0,0.0,0.0,0.0
2012-06-10,0.0,0.0,0.0,0.0,0.2,,0.0,0.0,0.0,0.0,0.0,0.0,0.0,0.0,0.0,0.0,0.0,0.0,0.0,0.0,0.0,7.1,0.4,0.0,0.0,0.0,,3.6,0.0,0.0,0.0,0.0,0.0,0.0,0.0,0.0
2012-06-11,0.0,0.8,0.0,0.0,6.4,,1.5,2.8,0.0,0.0,0.0,0.0,0.0,0.0,0.0,0.0,0.0,4.3,0.0,0.0,0.0,9.3,0.0,0.0,0.0,4.5,,8.0,12.4,6.5,0.0,0.0,1.3,0.0,0.0,18.0
2012-06-12,0.0,0.0,0.0,1.0,0.0,,0.0,0.0,0.0,0.0,20.2,0.0,0.0,0.0,0.0,0.0,0.0,0.0,0.0,0.0,0.0,0.0,0.0,0.0,0.0,0.0,,0.0,0.0,0.0,0.0,0.0,17.8,0.0,0.0,0.0
2012-06-13,0.0,0.0,0.0,0.0,0.0,,4.3,0.6,0.0,0.0,7.2,0.0,0.0,0.0,0.0,0.0,0.0,0.0,0.0,0.0,0.0,0.0,0.0,0.0,0.0,0.0,,0.0,0.0,3.5,0.0,0.0,5.6,0.0,0.0,0.0
2012-06-14,0.0,1.6,0.5,4.0,0.0,,0.0,4.4,0.0,0.0,0.0,13.6,0.0,0.0,0.0,0.0,0.0,0.0,1.5,0.0,0.0,0.0,2.2,0.0,0.0,0.0,,0.0,14.2,0.0,0.0,0.0,0.0,0.0,0.0,0.0
2012-06-15,0.0,1.2,0.0,0.0,0.0,,0.0,5.0,0.0,0.0,0.0,2.3,0.0,0.0,0.0,0.0,0.0,0.0,0.0,0.0,0.0,0.0,0.0,0.0,0.0,0.0,,0.0,0.0,0.0,0.0,0.0,11.5,0.0,0.0,0.0
2012-06-16,0.0,0.0,0.0,0.0,0.0,,0.0,0.0,0.0,0.0,16.2,1.2,0.0,0.0,0.0,0.0,0.0,0.0,0.0,0.0,0.0,6.6,0.0,0.0,6.5,0.0,,0.0,13.5,0.0,0.0,0.0,23.7,0.0,0.0,0.0
2012-06-17,0.0,7.4,1.5,0.0,0.0,,1.2,2.4,0.0,15.0,11.6,0.0,0.0,2.4,0.0,0.0,0.0,0.0,1.3,0.0,0.0,7.1,0.0,4.0,4.4,0.0,,0.0,12.8,0.0,0.0,0.0,0.0,0.0,0.0,0.0
2012-06-18,0.0,3.0,2.0,3.3,3.4,,0.0,1.6,0.0,14.3,1.4,3.5,7.3,0.0,0.0,0.0,0.0,11.5,1.2,0.0,36.2,2.3,0.0,6.0,0.0,2.5,,4.0,0.0,8.0,0.0,1.0,0.0,0.0,0.0,0.0
2012-06-19,0.0,11.3,1.5,0.0,13.6,,0.0,11.4,0.0,4.0,0.0,12.6,2.1,0.0,0.0,0.0,0.0,7.9,0.0,0.0,31.2,0.0,0.0,10.1,0.0,19.0,,19.0,0.0,8.5,0.0,1.5,0.0,0.0,0.0,0.0
2012-06-20,0.0,5.7,8.3,38.2,0.0,,14.0,15.4,4.0,24.4,0.0,0.0,0.0,0.0,0.0,0.0,0.0,1.3,0.0,0.0,0.0,6.1,0.0,14.0,4.4,1.5,,4.0,24.5,4.5,0.0,7.2,27.5,0.0,0.0,20.5
2012-06-21,5.8,0.0,0.0,2.3,0.0,,0.0,0.6,12.0,0.0,53.2,14.5,11.2,50.5,0.0,3.0,0.0,0.0,0.0,0.0,0.0,9.9,0.0,0.0,0.0,0.0,,0.2,32.5,0.5,19.5,31.0,5.9,0.0,50.8,10.0
2012-06-22,0.2,7.5,9.0,0.0,0.4,,5.5,2.4,0.0,3.4,44.2,0.0,3.1,40.2,0.0,0.0,40.0,3.3,1.1,4.0,0.0,11.1,0.0,1.2,0.0,0.0,,0.6,78.4,2.4,0.0,36.5,48.2,0.0,0.0,0.0
2012-06-23,0.0,8.3,20.1,6.0,6.2,,7.3,11.8,0.0,30.3,60.8,17.5,0.0,12.5,0.0,30.2,20.0,4.9,6.7,40.2,3.2,51.3,0.0,4.2,13.4,0.2,,54.4,37.6,7.0,0.0,0.0,20.5,0.0,0.0,0.0
2012-06-24,5.6,38.5,5.6,57.6,42.4,,13.9,113.4,34.0,19.3,28.2,59.5,0.0,15.2,0.0,51.3,0.0,49.2,12.4,18.4,42.4,13.4,0.0,32.0,41.2,62.6,,13.6,72.3,47.5,0.0,10.2,22.0,16.0,10.0,0.0
2012-06-25,27.6,30.9,26.3,0.0,16.2,,41.6,48.8,42.0,34.0,16.0,6.5,13.1,0.0,0.0,0.0,50.0,9.6,14.9,26.4,18.2,64.0,0.0,20.0,28.4,6.5,,0.0,7.4,4.5,100.6,11.1,65.9,29.0,41.4,0.0
2012-06-26,3.8,0.0,0.5,0.0,1.6,,33.2,21.0,0.0,30.1,10.5,6.3,1.1,0.0,0.0,0.0,0.0,0.0,1.2,10.0,6.5,0.0,0.0,0.5,0.0,0.0,,0.0,0.0,2.0,46.4,1.2,19.0,0.0,0.0,9.5
2012-06-27,0.0,1.7,0.0,20.8,2.6,,0.0,2.0,0.0,33.4,0.0,0.0,3.3,0.0,0.0,0.0,40.0,0.0,0.0,6.4,0.0,7.2,0.0,7.0,11.0,0.0,,0.0,0.0,0.0,13.1,0.0,0.0,0.0,0.0,0.0
2012-06-28,41.6,0.0,3.0,0.0,17.6,,94.4,4.6,13.0,0.0,32.7,23.5,16.2,80.5,0.0,0.0,20.0,0.0,14.7,0.0,0.0,3.9,0.0,33.0,29.2,0.0,,11.2,0.0,0.0,0.0,0.0,65.6,88.0,49.2,0.0
2012-06-29,22.2,7.9,2.6,35.6,14.4,,20.4,10.6,0.0,0.0,5.3,12.5,2.2,3.4,0.0,0.0,0.0,1.7,24.4,0.0,5.3,3.4,0.0,7.5,1.5,1.6,,12.0,0.0,0.0,55.4,0.0,55.2,4.0,2.2,0.0
2012-06-30,0.0,0.0,0.5,0.0,0.0,,0.0,0.0,0.0,16.1,19.0,0.0,4.1,0.0,0.0,0.0,10.0,1.6,0.0,4.4,4.2,0.0,0.0,0.5,0.0,0.5,,0.4,0.0,0.0,7.1,0.0,15.0,0.0,0.0,0.0
2012-07-01,0.0,0.9,0.0,1.3,0.0,,0.7,0.0,0.0,0.0,0.0,0.0,20.2,0.0,0.0,0.0,0.0,0.0,4.0,10.0,0.0,6.3,0.2,0.2,0.0,0.0,,0.0,0.0,0.0,0.0,0.0,0.0,0.0,0.0,20.0
2012-07-02,0.0,4.8,12.0,0.0,2.8,,14.7,29.6,0.0,10.2,0.0,0.0,5.3,0.0,0.0,0.0,15.2,1.2,4.0,4.4,7.2,26.4,0.0,11.2,16.3,3.4,,2.6,59.4,4.0,0.0,0.0,0.0,0.0,0.0,18.0
2012-07-03,0.0,53.9,16.3,5.6,2.6,,0.0,15.0,0.0,1.5,20.0,8.5,7.1,0.0,0.0,0.0,0.0,19.8,38.0,8.6,41.6,86.3,38.4,34.0,0.0,0.2,,0.4,39.8,2.5,0.0,0.0,2.4,0.0,0.0,0.0
2012-07-04,0.8,16.4,18.2,14.6,12.4,,10.2,57.4,0.0,15.4,3.7,51.9,0.0,0.0,112.3,0.0,0.0,6.8,19.2,12.4,0.0,35.4,6.0,15.0,37.0,5.6,,11.0,48.4,4.0,0.9,4.5,1.3,0.0,0.0,0.0
2012-07-05,0.0,14.2,2.0,13.4,7.8,,0.0,16.0,0.0,0.0,25.7,22.5,3.2,0.0,4.5,0.0,30.6,10.6,0.0,18.6,9.3,6.0,3.8,18.2,16.2,6.0,,7.0,29.5,4.2,0.0,0.0,0.0,0.0,0.0,0.0
2012-07-06,8.4,2.3,1.9,16.8,28.2,,47.7,38.6,0.0,0.0,7.2,29.3,4.4,40.2,8.0,0.0,0.0,33.2,14.2,8.6,7.4,12.1,10.6,18.0,7.3,12.0,,10.6,0.0,32.0,0.0,6.7,19.5,4.0,2.2,0.0
2012-07-07,0.0,4.2,4.1,14.2,10.2,,7.0,3.2,0.0,8.0,0.0,22.5,0.0,0.0,11.5,0.0,0.0,23.9,6.2,40.2,6.4,4.5,9.2,5.5,0.0,21.0,,11.2,3.4,35.0,0.0,0.0,2.1,0.0,2.0,0.0
2012-07-08,3.0,1.4,7.5,6.0,2.4,,37.0,21.6,0.0,15.3,0.0,10.2,7.5,20.5,18.0,0.0,0.0,8.4,19.2,4.4,4.4,12.6,5.0,4.6,9.8,22.0,,18.6,4.5,32.5,5.5,0.0,10.3,0.0,0.0,0.0
2012-07-09,0.0,7.7,7.0,2.2,2.6,,3.0,8.2,4.0,15.2,7.5,12.3,0.0,30.4,1.3,10.0,0.0,6.1,12.8,0.0,36.2,14.5,1.8,6.0,16.7,12.0,,6.2,19.7,28.4,20.2,3.2,30.2,5.0,3.0,0.0
2012-07-10,5.0,0.0,0.0,17.8,0.0,,3.5,2.6,0.0,22.2,1.4,4.5,0.0,10.2,0.7,0.0,0.0,0.0,0.0,0.0,0.0,0.0,0.0,0.5,0.0,0.2,,0.0,10.2,0.0,31.4,0.0,3.6,0.0,1.0,0.0
2012-07-11,4.2,4.3,4.5,1.2,1.2,,14.3,10.2,0.0,20.4,14.0,32.3,9.2,8.4,0.0,15.1,0.0,7.7,2.2,4.2,41.1,15.2,0.0,4.3,6.0,12.0,,2.0,18.2,4.5,2.3,1.0,6.0,11.5,0.0,0.0
2012-07-12,0.0,3.4,8.1,6.8,4.6,,14.5,12.4,1.0,0.0,3.0,21.2,22.3,0.0,80.7,10.3,0.0,18.4,19.7,8.8,6.2,12.1,27.4,10.8,19.4,24.5,,8.0,10.5,21.8,0.0,4.0,2.0,3.0,5.0,0.0
2012-07-13,16.8,2.5,0.5,24.0,3.8,,18.8,17.4,1.0,20.4,31.5,28.3,7.2,0.0,40.5,40.4,0.0,9.2,10.2,0.0,22.2,3.1,1.8,3.0,7.3,9.5,,5.0,8.4,12.3,0.0,0.0,19.1,0.0,18.4,0.0
2012-07-14,27.0,6.2,0.0,41.4,11.6,,50.5,9.4,0.0,4.0,27.6,2.3,11.1,0.0,10.0,82.1,0.0,10.3,1.6,6.4,0.0,4.2,5.0,14.0,11.5,6.5,,19.6,0.0,2.8,15.1,25.0,23.7,74.0,0.0,17.0
2012-07-15,43.0,67.5,34.1,87.4,29.4,,80.3,78.0,137.0,8.4,62.5,51.5,15.1,0.0,60.5,0.0,0.0,30.3,52.2,48.6,36.3,32.4,27.2,32.0,4.3,33.2,,37.0,22.5,4.8,0.0,75.2,100.1,29.0,18.6,0.0
2012-07-16,39.0,19.5,3.8,42.8,37.8,,28.3,25.4,6.0,63.4,20.6,38.7,7.3,10.2,4.6,26.1,0.0,46.4,13.6,42.4,28.6,6.5,16.4,23.5,10.1,21.0,,25.2,37.8,24.8,13.6,14.4,67.6,37.0,13.1,0.0
2012-07-17,2.8,22.3,1.0,10.0,10.2,,2.7,70.0,24.0,59.0,1.5,0.0,11.2,50.5,10.0,73.4,0.0,36.7,1.0,4.4,16.8,1.1,17.2,8.5,2.0,8.5,,3.0,0.0,12.5,7.0,0.0,15.8,32.0,38.4,0.0
2012-07-18,40.8,4.3,1.2,19.2,7.2,,53.7,8.4,49.0,2.2,28.8,14.3,3.1,60.4,15.0,0.0,18.0,4.7,3.2,3.0,7.4,5.8,1.8,7.0,23.8,3.4,,5.0,43.6,4.0,0.0,0.0,43.5,79.0,51.8,0.0
2012-07-19,73.0,12.6,15.0,14.0,15.6,,58.3,12.6,105.0,29.5,24.5,65.5,0.0,100.5,180.5,150.2,10.2,19.6,14.3,12.4,9.2,10.3,14.0,22.0,20.3,31.0,,28.0,15.2,36.5,0.0,22.0,144.6,0.0,75.6,10.0
2012-07-20,36.4,12.4,4.5,1.4,20.8,,12.9,14.2,10.0,0.0,32.5,13.9,0.0,10.2,60.4,0.0,10.0,26.0,11.7,8.6,11.6,12.3,23.0,14.0,0.0,25.6,,24.2,3.4,30.8,2.1,20.0,10.0,0.0,7.4,0.0
2012-07-21,6.0,4.6,0.0,39.2,0.0,,4.0,5.4,8.0,42.0,0.0,4.4,12.3,0.0,2.0,0.0,0.0,0.0,0.0,34.4,4.6,0.0,0.0,7.2,4.7,1.0,,0.6,26.8,15.0,0.0,7.0,15.1,0.0,0.0,0.0
2012-07-22,4.0,13.5,1.2,9.8,17.0,,2.2,40.0,0.0,0.0,18.0,6.4,1.1,0.0,31.5,0.0,0.0,29.3,7.4,38.2,2.2,45.0,1.6,7.5,31.6,5.8,,7.0,85.8,1.0,10.5,7.3,10.2,0.0,0.0,0.0
2012-07-23,4.0,15.4,17.0,59.6,13.8,,5.2,48.2,8.0,15.2,28.5,6.5,0.3,0.0,0.0,0.0,40.0,15.0,29.6,46.4,23.3,16.2,18.0,32.5,9.2,12.0,,8.4,3.4,19.5,12.2,0.0,11.3,0.0,2.2,0.0
2012-07-24,0.0,32.5,5.5,32.2,28.6,,75.3,52.4,0.0,15.1,1.4,30.5,0.0,5.4,0.0,37.2,0.0,14.3,47.6,12.4,6.1,44.7,2.6,11.2,38.5,9.4,,15.6,39.8,12.0,23.1,2.0,10.4,29.0,0.0,0.0
2012-07-25,53.2,24.9,42.0,2.8,29.2,,22.9,11.6,0.0,41.0,19.9,40.1,5.4,23.5,7.4,0.0,0.0,52.5,49.3,0.0,35.3,28.3,28.0,21.5,25.0,26.5,,28.8,17.5,52.8,0.0,19.5,16.3,0.0,13.2,20.5
2012-07-26,0.0,0.5,0.0,14.2,3.2,,1.9,16.0,0.0,20.1,20.8,0.0,15.2,0.0,11.5,0.0,35.0,1.0,0.0,15.0,0.0,4.0,0.0,1.2,1.2,4.0,,3.0,7.6,1.0,13.5,0.0,2.0,0.0,0.2,0.0
2012-07-27,0.0,27.6,4.1,17.8,22.8,,4.0,77.6,0.0,20.3,43.0,4.5,11.0,0.0,27.0,0.0,0.0,2.9,9.3,18.4,37.2,6.5,1.2,2.0,10.7,1.6,,1.6,13.9,2.5,0.0,0.0,11.0,0.0,0.0,15.0
2012-07-28,0.0,18.0,28.5,11.6,1.2,,1.7,45.2,18.0,21.2,1.3,3.5,5.2,0.0,5.4,4.1,0.0,1.8,8.2,10.4,7.4,25.5,8.0,5.0,20.7,0.0,,12.6,10.6,7.5,10.6,1.3,10.5,0.0,0.0,0.0
2012-07-29,0.0,12.7,7.5,9.4,11.6,,2.8,17.4,0.0,20.0,0.0,8.3,3.3,13.2,18.4,0.0,0.0,38.4,20.3,4.4,0.0,29.5,10.4,17.0,14.3,16.3,,15.6,6.8,23.5,15.8,2.0,22.5,0.0,0.0,0.0
2012-07-30,2.6,9.6,2.0,13.8,23.6,,5.7,20.2,0.0,10.4,15.5,6.8,18.2,0.0,22.5,0.0,0.0,25.8,4.2,12.4,31.8,7.0,5.0,11.3,5.2,8.0,,30.8,11.5,5.2,0.0,0.0,2.4,0.0,3.4,0.0
2012-07-31,0.0,32.2,0.0,1.6,0.0,,13.7,39.0,0.0,20.1,2.0,0.0,1.1,0.0,0.0,0.0,0.0,3.5,0.0,0.0,9.4,13.4,0.0,7.2,5.6,1.5,,0.4,0.7,7.5,0.0,0.4,1.4,0.0,0.0,41.0
2012-08-01,0.0,1.0,1.0,8.0,0.8,,0.2,27.4,0.0,3.0,2.0,0.0,0.0,30.5,19.0,0.0,0.0,1.0,,0.0,6.8,4.1,0.0,1.6,0.0,0.6,6.0,0.6,0.5,2.5,100.6,0.0,1.1,0.0,0.0,40.0
2012-08-02,0.0,0.4,4.5,1.2,1.6,,7.0,18.4,0.0,40.0,1.2,3.2,27.2,0.0,0.0,61.2,0.0,1.6,,0.0,2.4,1.2,4.8,1.3,10.5,0.2,10.5,1.0,0.8,5.0,7.1,12.0,2.4,0.0,0.0,0.0
2012-08-03,0.0,35.6,27.0,65.2,53.6,,185.8,38.0,196.0,14.0,4.0,87.3,4.2,50.4,41.5,0.0,0.0,52.7,,38.4,9.6,40.9,47.4,45.0,8.1,55.5,11.0,54.6,7.9,47.0,0.0,32.5,188.5,78.0,108.8,0.0
2012-08-04,0.0,18.2,1.2,10.4,9.6,,1.7,4.2,0.0,31.4,44.6,3.5,3.3,0.0,27.4,0.0,0.0,8.9,,0.0,0.0,2.2,8.2,4.0,17.5,23.0,22.7,23.0,17.5,32.5,0.0,4.0,6.0,0.0,0.0,0.0
2012-08-05,0.0,0.0,2.0,2.0,0.0,,13.4,4.4,0.0,4.2,13.6,1.2,1.1,0.0,16.0,0.0,44.8,4.1,,0.0,42.3,5.6,0.6,3.0,0.0,28.6,41.0,1.4,18.2,2.0,0.0,0.0,10.5,0.0,0.0,31.0
2012-08-06,0.0,23.3,0.8,37.0,7.8,,12.9,32.4,0.0,3.1,7.9,13.5,7.3,0.0,0.0,0.0,0.0,7.4,,0.0,0.0,1.0,0.0,39.0,12.1,6.0,17.7,7.4,13.7,0.5,0.0,2.0,14.0,0.0,0.0,0.0
2012-08-07,0.0,0.0,0.0,8.8,0.0,,12.6,5.4,0.0,4.2,1.0,12.1,2.2,0.0,0.0,25.0,0.0,0.0,,0.0,0.0,0.0,0.0,0.5,1.8,0.0,9.5,0.0,0.8,0.2,0.0,0.0,25.3,0.0,0.0,10.0
2012-08-08,0.0,0.0,0.0,3.2,0.0,,0.7,3.2,7.0,0.0,6.6,4.2,0.0,0.0,0.0,0.0,0.0,0.2,,2.0,0.0,0.0,0.0,3.2,0.0,0.0,1.3,0.0,0.2,0.4,0.0,0.0,5.1,0.0,9.0,0.0
2012-08-09,0.0,18.8,12.3,37.2,36.4,,9.0,29.2,3.2,18.2,7.7,59.5,0.0,10.4,38.4,5.0,0.0,52.7,,3.8,8.0,36.3,21.4,29.2,42.0,0.0,43.5,22.6,55.7,1.2,4.4,45.2,7.9,0.0,3.0,0.0
2012-08-10,0.0,5.1,7.3,66.0,6.8,,7.0,4.2,7.0,0.0,4.2,8.6,0.0,0.0,19.5,0.0,0.0,7.2,,0.0,2.3,8.1,10.0,7.3,15.0,19.5,8.5,7.0,15.8,5.0,0.0,9.7,40.0,0.0,9.0,0.0
2012-08-11,0.0,3.7,5.5,6.4,0.2,,9.7,2.0,0.0,15.2,39.6,1.2,25.2,0.0,0.0,0.0,0.0,0.0,,4.4,5.1,5.7,0.8,2.3,10.5,7.0,4.1,6.0,98.8,0.5,0.0,0.0,4.0,0.0,0.0,210.0
2012-08-12,0.0,18.7,16.5,10.2,16.6,,11.1,7.2,4.2,2.1,2.2,14.5,14.1,25.5,0.0,0.0,0.0,9.0,,28.6,18.0,20.8,8.6,15.0,10.2,5.5,32.5,27.4,45.6,13.5,1.2,0.0,5.0,0.0,0.0,0.0
2012-08-13,0.0,5.0,9.5,27.2,2.4,,32.5,10.0,9.2,0.0,0.0,11.5,3.2,0.0,46.0,0.0,0.0,2.9,,0.0,0.0,4.2,0.2,1.5,0.0,12.5,2.5,20.6,10.4,0.8,0.0,0.0,61.0,0.0,0.0,0.0
2012-08-14,0.0,0.0,0.0,8.4,0.0,,2.0,2.2,7.0,0.0,17.7,0.0,0.0,0.0,0.0,29.2,45.6,0.0,,0.0,0.0,0.0,0.0,0.2,0.0,14.5,1.5,0.0,0.3,0.0,0.0,0.0,7.2,0.0,0.0,51.0
2012-08-15,0.0,1.0,0.0,10.2,0.0,,1.4,6.2,2.2,0.0,0.0,0.0,0.0,54.5,0.0,5.1,0.0,0.8,,0.0,24.0,24.7,0.4,0.0,1.4,0.0,41.5,0.0,0.5,0.5,66.0,0.0,0.9,40.0,12.0,0.0
2012-08-16,0.0,22.2,0.0,2.4,1.6,,7.5,30.2,0.0,0.0,1.0,3.2,0.0,0.0,3.5,0.0,0.0,3.1,,0.0,8.0,7.3,0.0,6.0,10.2,2.0,30.3,0.0,11.5,2.0,0.0,0.0,1.3,0.0,0.0,0.0
2012-08-17,0.0,0.4,2.0,0.0,2.8,,0.0,0.6,0.0,0.0,5.1,0.0,13.2,28.4,0.0,10.1,10.0,16.9,,2.0,9.3,0.0,1.8,1.5,0.0,6.0,3.1,4.0,38.8,5.9,0.0,0.0,23.2,0.0,0.0,0.0
2012-08-18,0.0,22.8,9.5,43.2,25.6,,19.4,45.0,0.0,77.0,1.2,8.9,5.1,0.0,0.0,0.0,22.0,22.6,,0.0,6.3,15.6,32.6,62.0,22.6,9.5,52.0,24.0,29.5,19.5,7.3,7.3,0.0,0.0,0.0,0.0
2012-08-19,0.0,1.1,6.1,5.8,0.4,,52.0,41.0,1.0,0.0,1.1,6.5,0.0,0.0,27.0,15.5,0.0,9.8,,0.0,26.3,62.1,1.0,1.5,14.4,14.8,57.0,1.0,28.8,13.5,1.5,0.0,0.0,0.0,0.0,0.0
2012-08-20,0.0,14.2,2.1,29.0,3.2,,18.5,32.0,0.0,29.3,20.7,18.2,0.0,10.4,21.5,0.0,0.0,34.5,,0.0,7.3,4.5,0.4,8.0,41.5,4.2,55.0,4.0,87.3,3.5,0.0,19.2,36.0,0.0,12.0,0.0
2012-08-21,0.0,2.3,2.2,1.4,2.8,,1.0,4.0,0.0,10.3,0.0,3.1,0.0,8.2,5.0,0.0,0.0,4.7,,4.6,5.2,2.5,1.4,2.0,3.2,3.5,12.1,3.6,10.2,2.0,0.0,4.1,7.0,5.0,0.0,0.0
2012-08-22,0.0,30.3,31.0,18.8,7.6,,2.5,43.0,10.0,10.0,0.0,26.7,0.0,52.4,1.0,0.0,35.0,6.8,,8.6,3.4,28.0,11.2,10.0,21.6,3.0,13.5,5.2,17.2,13.0,0.0,0.0,2.0,13.0,2.0,16.0
2012-08-23,0.0,7.0,0.0,13.6,25.8,,16.6,6.2,0.0,20.1,6.0,2.1,7.2,1.4,11.5,0.0,0.0,52.7,,6.4,4.1,0.0,1.4,6.0,2.0,42.5,17.8,15.6,15.8,19.5,0.0,0.0,2.5,2.0,0.0,0.0
2012-08-24,0.0,1.6,1.0,0.0,0.6,,0.0,24.2,0.0,0.0,34.4,0.0,1.1,20.5,15.0,75.1,0.0,19.3,,0.0,0.0,3.0,0.2,9.5,4.5,1.0,11.4,2.4,35.2,3.5,0.0,0.0,0.0,0.0,4.8,0.0
2012-08-25,0.0,4.5,2.0,14.8,3.8,,7.9,46.6,3.2,0.0,6.7,30.6,0.0,0.0,0.0,63.4,0.0,27.4,,0.0,0.0,40.4,17.6,17.2,32.1,10.5,32.4,6.2,10.5,5.2,30.4,7.5,0.0,0.0,0.0,0.0
2012-08-26,0.0,1.4,3.1,1.2,1.4,,0.0,25.2,0.0,0.0,11.9,1.5,3.3,0.0,0.0,81.5,0.0,0.4,,0.0,3.2,3.0,0.6,1.2,0.0,2.4,29.0,0.4,10.3,9.5,7.2,0.0,36.3,0.0,7.4,0.0
2012-08-27,0.0,0.8,0.0,27.2,0.0,,13.5,11.4,44.0,0.0,15.4,1.2,15.1,0.0,0.0,0.0,0.0,5.0,,0.0,56.0,0.4,0.2,0.2,24.7,0.0,10.5,0.0,15.2,3.5,40.5,0.0,42.4,12.0,2.6,0.0
2012-08-28,0.0,0.0,0.0,0.0,0.0,,1.5,45.2,0.0,21.2,0.0,1.5,5.5,50.2,13.3,0.0,0.0,8.5,,0.0,18.6,0.3,0.4,0.0,23.2,0.0,31.2,0.0,24.5,1.0,1.2,0.0,0.0,0.0,0.0,12.0
2012-08-29,0.0,1.3,1.0,0.0,0.0,,0.0,30.2,4.0,0.0,45.6,4.5,0.0,4.4,41.5,2.1,0.0,0.0,,0.0,5.6,1.0,0.0,0.0,21.7,0.4,8.9,2.8,30.8,2.0,0.0,0.0,33.0,0.0,0.0,0.0
2012-08-30,0.0,9.9,15.7,0.0,0.0,,0.0,106.2,0.0,8.4,0.0,0.0,7.1,5.5,60.4,0.0,0.0,10.8,,6.4,0.0,18.9,3.0,8.0,5.5,0.0,40.9,0.0,35.6,3.5,15.5,0.0,3.9,0.0,0.0,0.0
2012-08-31,0.0,39.0,1.1,0.0,1.2,,5.0,2.6,24.0,0.0,9.4,0.0,21.3,25.4,1.5,0.0,56.4,0.2,,8.4,6.6,16.0,0.8,0.6,7.0,0.0,19.6,0.0,23.8,0.0,0.0,6.5,2.4,0.0,0.0,24.0
2012-09-01,0.0,1.6,0.0,0.0,0.8,,0.0,5.0,12.0,0.0,44.0,32.1,,10.2,24.0,0.0,0.0,0.0,0.0,6.4,37.3,0.0,0.0,0.2,4.0,0.0,10.5,0.0,7.8,0.0,3.6,10.4,76.5,3.0,0.0,0.0
2012-09-02,107.4,22.0,43.0,19.6,8.6,,0.0,41.6,19.0,0.0,1.0,10.3,,0.0,0.0,41.1,0.0,0.0,10.4,34.2,46.9,16.4,0.0,38.0,39.2,4.2,2.8,11.0,37.8,17.0,0.0,3.4,68.9,8.0,0.0,4.0
2012-09-03,1.4,0.0,0.0,0.0,0.0,,0.0,0.4,34.0,0.0,0.0,0.7,,92.5,25.5,0.0,0.0,0.0,0.0,0.0,0.0,0.0,0.0,0.0,0.0,0.0,0.5,0.0,0.0,0.0,0.0,0.0,0.0,84.0,35.0,0.0
2012-09-04,1.2,10.0,3.1,6.8,6.2,,0.0,18.2,0.0,40.2,1.2,7.8,,0.0,0.0,0.0,0.0,0.0,4.5,0.0,9.2,30.0,0.0,4.2,8.5,6.8,13.8,8.8,15.5,10.0,0.0,2.5,0.0,0.0,0.0,9.0
2012-09-05,0.0,7.0,4.0,0.0,3.6,,0.0,10.2,0.0,8.2,0.0,0.0,,0.0,17.7,0.0,0.0,0.0,2.4,0.0,5.3,3.5,0.0,2.5,44.0,1.0,1.0,5.6,14.8,3.0,0.0,0.0,1.7,0.0,0.0,0.0
2012-09-06,0.0,11.4,3.0,0.0,1.4,,0.0,23.8,0.0,0.0,0.0,7.7,,0.0,8.0,0.0,0.0,0.0,1.2,0.0,20.4,5.6,0.0,3.5,4.5,2.0,17.8,1.6,13.9,4.0,0.0,0.0,1.2,0.0,0.0,0.0
2012-09-07,0.0,0.0,0.0,0.0,0.0,,0.0,0.0,0.0,0.0,0.0,4.4,,0.0,0.0,0.0,0.0,0.0,0.0,0.0,0.0,0.0,0.0,0.2,0.0,0.0,0.0,0.0,0.0,0.0,0.0,0.0,6.3,0.0,0.0,0.0
2012-09-08,0.0,0.0,0.0,1.4,0.0,,0.0,0.0,0.0,16.0,0.0,0.0,,0.0,0.0,0.0,0.0,0.0,0.0,0.0,0.0,0.0,0.0,0.0,0.0,0.0,0.0,0.0,0.0,0.0,4.5,0.0,0.0,0.0,0.0,0.0
2012-09-09,0.0,50.0,0.0,0.0,0.0,,0.0,2.4,0.0,20.2,0.0,0.0,,0.0,9.4,0.0,0.0,0.0,0.0,8.2,8.2,0.0,0.0,0.0,3.0,1.5,3.0,0.0,35.8,0.0,5.9,0.0,0.0,0.0,0.0,0.0
2012-09-10,0.0,1.7,0.0,2.6,0.0,,0.0,9.8,0.0,20.3,11.8,58.3,,0.0,46.5,0.0,0.0,0.0,0.0,6.4,0.0,19.3,0.0,16.0,11.8,0.0,15.8,0.0,13.5,2.6,0.0,0.0,45.1,0.0,8.8,0.0
2012-09-11,0.0,39.0,13.1,7.0,2.8,,0.0,35.4,0.0,41.1,0.0,24.6,,0.0,10.5,0.0,0.0,0.0,9.2,10.0,30.4,13.5,0.0,4.5,4.8,1.3,10.3,2.4,23.7,1.5,0.0,3.2,3.1,0.0,0.0,0.0
2012-09-12,2.8,38.0,20.2,26.8,20.6,,0.0,74.2,1.0,40.0,2.3,14.6,,0.0,28.0,0.0,0.0,0.0,25.2,32.6,18.3,125.6,0.0,48.0,79.8,25.0,81.4,24.0,58.8,21.5,0.0,6.0,6.3,0.0,2.0,0.0
2012-09-13,0.0,12.6,36.4,2.8,6.2,,0.0,40.2,1.0,40.1,5.5,38.3,,0.0,2.4,0.0,301.5,2.7,58.1,28.4,23.4,59.0,0.0,26.5,86.2,10.2,38.2,6.6,49.9,10.0,100.6,29.5,8.3,0.0,7.0,0.0
2012-09-14,3.6,75.0,11.8,17.1,19.8,,0.0,46.6,70.0,20.0,34.9,14.9,,104.5,13.6,0.0,0.0,0.0,40.7,0.0,38.2,38.4,0.0,37.0,28.8,22.5,17.3,16.6,68.4,42.0,0.0,37.0,33.8,52.0,66.2,11.3
2012-09-15,18.4,7.4,0.2,42.4,12.6,,0.0,2.4,0.0,10.2,39.5,0.8,,16.4,0.0,0.0,66.5,0.0,14.2,6.0,11.8,17.3,0.0,16.0,38.3,22.7,4.9,96.6,7.2,13.5,0.0,0.0,24.1,3.0,0.0,0.0
2012-09-16,12.0,37.2,3.5,40.2,62.4,,0.0,24.2,4.0,20.4,3.5,7.2,,0.0,22.5,0.0,0.0,0.0,21.0,22.4,12.6,7.5,0.0,23.0,4.6,78.8,23.7,46.0,17.8,52.5,0.0,16.4,6.8,28.0,32.4,55.0
2012-09-17,24.6,23.5,13.1,43.4,26.8,,0.0,11.6,17.0,10.3,17.0,0.0,,20.4,29.5,40.2,0.0,0.0,16.2,6.4,27.2,16.0,17.2,0.0,10.9,47.5,18.0,43.4,19.5,66.8,31.5,16.5,33.7,2.0,25.0,34.0
2012-09-18,67.0,23.5,11.5,32.2,25.2,,0.0,23.6,0.0,20.0,7.0,38.0,,25.2,35.4,42.1,0.0,0.0,4.7,0.0,19.3,15.5,18.0,0.0,21.2,40.0,16.0,2.8,22.8,6.2,0.0,7.2,18.3,22.0,24.2,2.0
2012-09-19,2.0,1.3,0.0,1.2,1.6,,0.0,0.4,0.0,20.1,20.7,3.6,,46.4,42.4,0.0,0.0,0.0,0.0,26.4,2.4,1.0,6.6,0.0,2.4,3.0,8.0,2.6,0.3,5.0,0.0,3.0,8.0,0.0,0.0,0.0
2012-09-20,0.0,0.0,0.0,0.0,0.0,,0.0,0.0,0.0,0.0,5.9,2.9,,0.0,8.0,0.0,0.0,0.0,0.0,0.0,0.0,0.0,0.0,0.0,0.0,0.2,1.0,3.0,0.0,0.0,0.0,0.0,0.0,0.0,0.0,0.0
2012-09-21,0.0,0.0,0.0,0.0,0.5,,0.0,0.0,0.0,0.0,20.6,0.3,,0.0,3.0,0.0,0.0,0.0,0.0,0.0,0.0,0.0,0.0,0.0,0.0,4.5,0.0,2.0,0.0,1.0,0.0,0.0,9.2,0.0,0.0,0.0
2012-09-22,4.0,0.0,0.0,0.0,0.0,,0.0,0.0,0.0,0.0,23.6,7.4,,0.0,0.0,0.0,0.0,0.0,0.0,0.0,0.0,19.2,0.4,0.0,0.0,0.0,0.2,0.0,0.0,0.0,0.0,0.0,0.0,0.0,0.0,0.0
2012-09-23,0.0,0.0,0.0,0.0,0.0,,0.0,0.0,0.0,0.0,38.9,0.6,,0.0,0.0,0.0,0.0,0.0,0.0,0.0,0.0,0.0,0.0,0.0,0.0,0.0,0.0,0.0,0.0,0.0,0.0,0.0,2.1,0.0,0.0,0.0
2012-09-24,0.0,0.0,0.0,0.0,0.0,,0.0,0.0,0.0,0.0,0.0,0.0,,0.0,14.0,0.0,0.0,0.0,0.0,0.0,0.0,0.0,0.0,0.0,0.0,0.0,0.0,0.0,0.0,0.0,39.0,0.0,0.0,0.0,0.0,0.0
2012-09-25,0.0,0.0,0.0,0.0,0.0,,0.0,0.0,144.0,0.0,39.5,18.9,,0.0,2.0,0.0,0.0,0.0,0.0,0.0,0.0,0.0,0.6,0.0,4.5,0.0,0.0,0.0,0.0,0.0,0.0,0.0,0.0,0.0,0.0,0.0
2012-09-26,0.0,1.0,0.0,0.0,0.0,,0.0,0.0,13.0,0.0,2.3,0.4,,0.0,4.0,0.0,0.0,0.0,0.0,0.0,0.0,3.9,0.0,0.0,0.0,0.0,27.1,0.0,11.3,0.0,0.0,0.0,10.5,0.0,0.0,0.0
2012-09-27,0.0,0.0,0.0,0.0,0.0,,0.0,0.0,0.0,0.0,0.0,1.6,,0.0,0.6,0.0,0.0,0.0,0.0,0.0,0.0,1.4,0.0,0.0,0.0,0.0,0.0,0.0,0.0,0.0,0.0,0.0,0.0,0.0,0.0,0.0
2012-09-28,0.0,0.0,0.0,0.0,0.0,,0.0,0.0,0.0,0.0,0.0,0.0,,0.0,2.4,0.0,0.0,0.0,0.0,0.0,0.0,0.0,8.6,0.0,2.8,0.0,0.0,0.0,0.4,0.0,0.0,0.0,0.0,0.0,0.0,0.0
2012-09-29,0.0,0.0,0.0,0.0,0.0,,0.0,6.0,0.0,0.0,0.0,21.6,,0.0,0.0,0.0,0.0,0.0,2.3,0.0,0.0,0.0,0.0,0.0,0.0,0.0,0.0,0.0,0.0,0.0,0.0,0.0,0.0,0.0,0.0,0.0
2012-09-30,0.0,0.0,0.0,0.0,0.0,,0.0,0.0,0.0,0.0,0.0,0.0,,0.0,0.0,0.0,0.0,0.0,0.0,0.0,0.0,0.0,0.0,0.0,0.0,0.0,0.0,0.0,0.0,0.0,0.0,0.0,0.0,0.0,0.0,0.0
2012-10-01,0.0,0.0,0.0,0.0,0.0,,0.0,0.0,0.0,0.0,0.0,0.0,,0.0,0.0,0.0,0.0,0.0,0.0,0.0,0.0,0.0,0.0,,0.0,0.0,,0.0,0.0,0.0,0.0,0.0,7.3,0.0,0.0,0.0
2012-10-02,0.0,0.0,0.0,0.0,0.0,,0.0,0.0,0.0,0.0,0.0,0.0,,0.0,0.0,0.0,0.0,0.0,0.0,0.0,0.0,0.0,0.0,,0.0,0.0,,0.0,0.0,0.0,0.0,0.0,0.0,0.0,0.0,0.0
2012-10-03,0.0,0.0,0.0,0.0,0.0,,0.0,0.0,0.0,0.0,0.0,0.0,,0.0,0.0,0.0,0.0,0.0,0.0,0.0,0.0,0.0,0.0,,0.0,0.0,,0.0,0.0,0.0,0.0,0.0,0.0,0.0,0.0,0.0
2012-10-04,0.0,0.0,0.0,0.0,0.0,,0.0,0.0,0.0,0.0,0.0,0.0,,0.0,11.0,0.0,0.0,0.0,0.0,0.0,0.0,0.0,0.0,,0.0,0.0,,0.0,0.0,0.0,0.0,0.0,0.0,0.0,0.0,0.0
2012-10-05,4.6,0.0,0.0,0.0,0.0,,0.0,0.6,0.0,0.0,21.0,0.0,,0.0,0.0,0.0,0.0,0.0,0.0,0.0,0.0,0.0,0.0,,0.0,0.0,,0.0,0.0,0.0,0.1,0.0,0.0,3.0,0.0,3.5
2012-10-06,0.0,0.0,0.0,0.0,0.0,,0.0,1.2,0.0,0.0,0.0,0.0,,0.0,0.0,0.0,0.0,0.0,0.0,0.0,0.0,1.0,0.0,,25.5,0.0,,0.0,0.0,0.0,0.0,0.0,0.0,0.0,0.0,0.0
2012-10-07,0.0,0.0,0.0,0.0,0.0,,0.0,0.0,0.0,0.0,0.0,0.0,,0.0,0.0,0.0,0.0,0.0,0.0,0.0,0.0,0.0,0.0,,0.0,0.0,,0.0,0.5,0.0,0.0,0.0,0.0,0.0,0.0,0.0
2012-10-08,0.0,0.0,0.0,0.0,0.0,,0.0,0.0,0.0,0.0,0.0,0.0,,0.0,0.0,0.0,0.0,0.0,0.0,0.0,0.0,0.0,0.0,,0.0,0.0,,0.0,0.0,0.0,0.0,0.0,0.0,0.0,0.0,34.0
2012-10-09,0.0,0.0,0.0,0.0,0.0,,0.0,0.0,8.0,0.0,0.0,0.0,,0.0,0.0,0.0,0.0,0.0,0.0,0.0,0.0,0.8,0.0,,0.0,0.0,,0.0,0.0,0.0,0.0,0.0,0.0,0.0,0.0,0.0
2012-10-10,0.0,13.2,0.2,0.0,0.0,,0.0,15.6,0.0,0.0,0.0,2.1,,0.0,0.0,0.0,0.0,0.0,0.0,0.0,0.0,1.4,8.0,,19.1,0.0,,0.0,23.8,0.0,0.0,0.0,0.0,0.0,0.0,0.0
2012-10-11,0.0,0.0,0.0,0.0,0.0,,0.0,0.0,0.0,0.0,0.0,0.0,,0.0,0.0,0.0,0.0,0.0,0.0,0.0,0.0,0.0,0.0,,0.0,0.0,,0.0,0.0,0.0,10.1,0.0,0.0,0.0,0.0,0.0
2012-10-12,0.0,0.0,0.0,0.0,0.2,,0.0,0.0,0.0,0.0,0.0,0.0,,0.0,0.0,0.0,0.0,0.0,0.0,0.0,0.0,0.0,0.0,,0.0,0.0,,1.8,0.0,0.0,2.5,0.0,0.0,0.0,0.0,0.0
2012-10-13,0.0,0.0,0.0,0.0,0.0,,0.0,0.0,0.0,0.0,0.0,0.0,,0.0,0.0,0.0,0.0,0.0,0.0,0.0,0.0,0.0,0.0,,0.0,0.0,,0.0,0.0,0.0,0.0,0.0,8.4,0.0,0.0,0.0
2012-10-14,0.0,0.0,0.0,0.0,0.0,,0.0,0.0,0.0,0.0,0.0,0.0,,0.0,0.0,0.0,0.0,0.0,0.0,0.0,0.0,0.0,0.0,,0.0,0.0,,0.0,0.0,0.0,0.0,0.0,0.0,0.0,0.0,0.0
2012-10-15,0.0,0.0,0.3,0.0,0.0,,4.2,0.0,0.0,0.0,0.0,0.0,,0.0,0.0,0.0,0.0,0.0,0.0,0.0,0.0,0.0,0.0,,0.0,0.0,,0.0,0.0,0.0,0.0,0.0,0.0,0.0,0.0,0.0
2012-10-16,0.0,0.0,0.0,0.0,0.0,,0.0,0.0,0.0,0.0,0.0,0.0,,0.0,0.0,0.0,0.0,0.0,0.0,0.0,0.0,0.0,0.0,,0.0,0.0,,0.0,0.0,0.0,0.0,0.0,0.0,0.0,0.0,0.0
2012-10-17,0.0,0.0,0.0,0.0,0.0,,0.0,0.0,0.0,0.0,0.0,0.0,,0.0,0.0,0.0,0.0,0.0,0.0,0.0,0.0,0.0,0.0,,0.0,0.0,,0.0,0.0,56.8,0.0,0.0,3.4,0.0,0.0,0.0
2012-10-18,0.0,0.0,0.5,0.0,0.0,,0.0,0.0,0.0,0.0,0.0,0.0,,0.0,0.0,0.0,0.0,0.0,0.0,0.0,0.0,0.0,0.6,,0.0,0.0,,0.0,0.0,6.2,0.0,0.0,0.0,0.0,0.0,0.0
2012-10-19,0.0,0.0,0.0,0.0,0.0,,0.0,0.0,0.0,0.0,9.5,0.0,,0.0,0.0,0.0,0.0,0.0,0.0,0.0,0.0,0.0,0.0,,0.0,0.0,,0.0,0.0,5.0,0.0,0.0,0.0,0.0,0.0,0.0
2012-10-20,0.0,0.0,0.0,0.0,0.0,,0.0,0.0,0.0,0.0,0.0,0.0,,0.0,0.0,0.0,0.0,0.0,0.0,0.0,0.0,1.2,0.0,,0.0,0.0,,0.0,0.0,0.0,0.0,0.0,0.0,0.0,0.0,0.0
2012-10-21,0.0,0.0,0.0,0.0,0.0,,0.0,0.0,0.0,0.0,0.0,0.0,,0.0,0.0,0.0,0.0,0.0,0.0,0.0,0.0,0.0,0.0,,0.0,0.0,,0.0,0.0,1.0,0.0,0.0,0.0,0.0,0.0,0.0
2012-10-22,0.0,0.0,0.0,0.0,0.0,,0.0,0.0,0.0,0.0,0.0,0.0,,0.0,0.0,0.0,0.0,0.0,0.0,0.0,0.0,0.0,0.0,,0.0,0.0,,0.0,0.0,0.0,0.0,0.0,0.0,0.0,0.0,0.0
2012-10-23,0.0,0.0,0.0,0.0,0.0,,0.0,0.0,0.0,0.0,0.0,0.0,,0.0,0.0,0.0,0.0,0.0,0.0,0.0,0.0,0.0,0.0,,0.0,0.0,,0.0,0.0,0.0,0.0,0.0,0.0,0.0,0.0,0.0
2012-10-24,0.0,0.0,0.0,0.0,0.0,,0.0,0.0,0.0,0.0,0.0,0.0,,0.0,0.0,0.0,0.0,0.0,0.0,0.0,0.0,0.0,0.0,,0.0,0.0,,0.0,0.0,0.0,0.0,0.0,0.0,0.0,0.0,0.0
2012-10-25,0.0,0.0,0.0,0.0,0.0,,0.0,0.0,0.0,0.0,0.0,0.0,,0.0,0.0,0.0,0.0,0.0,0.0,0.0,0.0,0.0,0.0,,0.0,0.0,,0.0,0.0,0.0,0.0,0.0,0.0,0.0,0.0,0.0
2012-10-26,0.0,0.0,0.0,0.0,0.0,,0.0,0.0,0.0,0.0,0.0,0.0,,0.0,0.0,0.0,0.0,0.0,0.0,0.0,0.0,0.0,0.0,,0.0,0.0,,0.0,0.0,0.0,0.0,0.0,0.0,0.0,0.0,0.0
2012-10-27,0.0,0.0,0.0,0.0,0.0,,0.0,0.0,0.0,0.0,0.0,0.0,,0.0,0.0,0.0,0.0,0.0,0.0,0.0,0.0,0.0,0.0,,0.0,0.0,,0.0,0.0,0.0,0.0,0.0,0.0,0.0,0.0,0.0
2012-10-28,0.0,0.0,0.0,0.0,0.0,,0.0,0.0,0.0,0.0,0.0,0.0,,0.0,0.0,0.0,0.0,0.0,0.0,0.0,0.0,0.0,0.0,,0.0,0.0,,0.0,0.0,0.0,0.0,0.0,0.0,0.0,0.0,0.0
2012-10-29,0.0,0.0,0.0,0.0,0.0,,0.0,0.0,0.0,0.0,0.0,0.0,,0.0,0.0,0.0,0.0,0.0,0.0,0.0,0.0,0.0,0.0,,0.0,0.0,,0.0,0.0,0.0,0.0,0.0,0.0,0.0,0.0,0.0
2012-10-30,0.0,0.0,0.0,0.0,0.0,,0.0,0.0,0.0,0.0,0.0,0.0,,0.0,0.0,0.0,0.0,0.0,0.0,0.0,0.0,0.0,0.0,,0.0,0.0,,0.0,0.0,0.0,0.0,0.0,0.0,0.0,0.0,0.0
2012-10-31,0.0,0.0,0.0,0.0,0.0,,0.0,0.0,0.0,0.0,0.0,0.0,,0.0,0.0,0.0,0.0,0.0,0.0,0.0,0.0,0.0,0.0,,0.0,0.0,,0.0,0.0,0.0,0.0,0.0,0.0,0.0,0.0,0.0
2012-11-01,0.0,0.0,0.0,0.0,0.0,,0.0,0.0,0.0,0.0,0.0,0.0,,0.0,0.0,0.0,0.0,0.0,0.0,0.0,0.0,0.0,0.0,,0.0,0.0,,0.0,0.0,0.0,0.0,0.0,0.0,0.0,0.0,0.0
2012-11-02,0.0,0.0,0.0,0.0,0.0,,0.0,0.0,0.0,0.0,0.0,0.0,,0.0,0.0,0.0,0.0,0.0,0.0,0.0,0.0,0.0,0.0,,0.0,0.0,,0.0,0.0,0.0,0.0,0.0,0.0,0.0,0.0,0.0
2012-11-03,0.0,0.0,0.0,0.0,0.0,,0.0,0.0,0.0,0.0,0.0,0.0,,0.0,0.0,0.0,0.0,0.0,0.0,0.0,0.0,0.0,0.0,,0.0,0.0,,0.0,0.0,0.0,0.0,0.0,0.0,0.0,0.0,0.0
2012-11-04,0.0,0.0,0.0,0.0,0.0,,0.0,0.0,0.0,0.0,0.0,0.0,,0.0,0.0,0.0,0.0,0.0,0.0,0.0,0.0,0.0,0.0,,0.0,0.0,,0.0,0.0,0.0,0.0,0.0,0.0,0.0,0.0,0.0
2012-11-05,0.0,0.0,0.0,0.0,0.0,,0.0,0.0,0.0,0.0,0.0,0.0,,0.0,0.0,0.0,0.0,0.0,0.0,0.0,0.0,0.0,0.0,,0.0,0.0,,0.0,0.0,0.0,0.0,0.0,0.0,0.0,0.0,0.0
2012-11-06,0.0,0.0,0.0,0.0,0.0,,0.0,0.0,0.0,0.0,0.0,0.0,,0.0,2.5,0.0,0.0,0.0,0.0,0.0,0.0,0.0,0.0,,0.0,0.0,,0.0,0.0,0.0,0.0,0.0,0.0,0.0,0.0,0.0
2012-11-07,0.0,0.0,0.0,0.0,0.0,,0.0,0.0,0.0,0.0,0.0,0.0,,0.0,0.0,0.0,0.0,0.0,0.0,0.0,0.0,0.0,0.0,,0.0,0.0,,0.0,0.0,0.0,0.0,0.0,0.0,0.0,0.0,0.0
2012-11-08,0.0,0.0,0.0,0.0,0.0,,0.0,0.0,0.0,0.0,0.0,0.0,,0.0,0.0,0.0,0.0,0.0,0.0,0.0,0.0,0.0,0.0,,0.0,0.0,,0.0,0.0,0.0,0.0,0.0,0.0,0.0,0.0,0.0
2012-11-09,0.0,0.0,0.0,0.0,0.0,,0.0,0.0,0.0,0.0,0.0,0.0,,0.0,0.0,0.0,0.0,0.0,0.0,0.0,0.0,0.0,0.0,,0.0,0.0,,0.0,0.0,0.0,0.0,0.0,0.0,0.0,0.0,0.0
2012-11-10,0.0,0.0,0.0,0.0,0.0,,0.0,0.0,0.0,0.0,0.0,0.0,,0.0,0.0,0.0,0.0,0.0,0.0,0.0,0.0,0.0,0.0,,0.0,0.0,,0.0,0.0,0.0,0.0,0.0,0.0,0.0,0.0,0.0
2012-11-11,0.0,0.0,0.0,0.0,0.0,,0.0,0.0,0.0,0.0,0.0,0.0,,0.0,0.0,0.0,0.0,0.0,0.0,0.0,0.0,0.0,0.0,,0.0,0.0,,0.0,0.0,0.0,0.0,0.0,0.0,0.0,0.0,0.0
2012-11-12,0.0,0.0,0.0,16.4,0.0,,0.0,0.0,0.0,0.0,0.0,0.0,,0.0,0.0,0.0,0.0,0.0,0.0,0.0,0.0,0.0,0.0,,0.0,0.0,,0.0,0.0,1.5,0.0,0.0,0.0,0.0,0.0,0.0
2012-11-13,0.0,0.7,0.0,0.0,0.8,,0.0,3.0,0.0,0.0,0.0,0.0,,0.0,0.0,0.0,0.0,0.0,0.0,0.0,0.0,8.2,0.0,,8.4,3.0,,0.0,3.1,0.0,0.0,0.0,0.0,0.0,0.0,0.0
2012-11-14,0.0,0.0,0.0,0.0,0.0,,0.0,0.0,0.0,0.0,0.0,0.0,,0.0,0.0,0.0,0.0,0.0,0.0,0.0,0.0,0.0,0.0,,0.0,0.0,,0.0,0.0,0.0,0.0,0.0,0.0,0.0,0.0,0.0
2012-11-15,0.0,0.0,0.0,0.0,0.0,,0.0,0.0,0.0,0.0,0.0,0.0,,0.0,0.0,0.0,0.0,0.0,0.0,0.0,0.0,0.0,0.0,,0.0,0.0,,0.0,0.0,0.0,0.0,0.0,0.0,0.0,0.0,0.0
2012-11-16,0.0,0.0,0.0,0.0,0.0,,0.0,0.0,0.0,0.0,0.0,0.0,,0.0,0.0,0.0,0.0,0.0,0.0,0.0,0.0,0.0,0.0,,0.0,0.0,,0.0,0.0,0.0,0.0,0.0,0.0,0.0,0.0,0.0
2012-11-17,0.0,0.0,0.0,0.0,0.0,,0.0,0.0,0.0,0.0,0.0,0.0,,0.0,0.0,0.0,0.0,0.0,0.0,0.0,0.0,0.0,0.0,,0.0,0.0,,0.0,0.0,0.0,0.0,0.0,0.0,0.0,0.0,0.0
2012-11-18,0.0,0.0,0.0,0.0,0.0,,0.0,0.0,0.0,0.0,0.0,0.0,,0.0,0.0,0.0,0.0,0.0,0.0,0.0,0.0,0.0,0.0,,0.0,0.0,,0.0,0.0,0.0,0.0,0.0,0.0,0.0,0.0,0.0
2012-11-19,0.0,0.0,0.0,0.0,0.0,,0.0,0.0,0.0,0.0,0.0,0.0,,0.0,0.0,0.0,0.0,0.0,0.0,0.0,0.0,0.0,0.0,,0.0,0.0,,0.0,0.0,0.0,0.0,0.0,0.0,0.0,0.0,0.0
2012-11-20,0.0,0.0,0.0,0.0,0.0,,0.0,0.0,0.0,0.0,0.0,0.0,,0.0,0.0,0.0,0.0,0.0,0.0,0.0,0.0,0.0,0.0,,0.0,0.0,,0.0,0.0,0.0,0.0,0.0,0.0,0.0,0.0,0.0
2012-11-21,0.0,0.0,0.0,0.0,0.0,,0.0,0.0,0.0,0.0,0.0,0.0,,0.0,0.0,0.0,0.0,0.0,0.0,0.0,0.0,0.0,0.0,,0.0,0.0,,0.0,0.0,0.0,0.0,0.0,0.0,0.0,0.0,0.0
2012-11-22,0.0,0.0,0.0,0.0,0.0,,0.0,0.0,0.0,0.0,0.0,0.0,,0.0,0.0,0.0,0.0,0.0,0.0,0.0,0.0,0.0,0.0,,0.0,0.0,,0.0,0.0,0.0,0.0,0.0,0.0,0.0,0.0,0.0
2012-11-23,0.0,0.0,0.0,0.0,0.0,,0.0,0.0,0.0,0.0,0.0,0.0,,0.0,0.0,0.0,0.0,0.0,0.0,0.0,0.0,0.0,0.0,,0.0,0.0,,0.0,0.0,0.0,0.0,0.0,0.0,0.0,0.0,0.0
2012-11-24,0.0,0.0,0.0,0.0,0.0,,0.0,0.0,0.0,0.0,0.0,0.0,,0.0,0.0,0.0,0.0,0.0,0.0,0.0,0.0,0.0,0.0,,0.0,0.0,,0.0,0.0,0.0,0.0,0.0,0.0,0.0,0.0,0.0
2012-11-25,0.0,0.0,0.0,0.0,0.0,,0.0,0.0,0.0,0.0,0.0,0.0,,0.0,0.0,0.0,0.0,0.0,0.0,0.0,0.0,0.0,0.0,,0.0,0.0,,0.0,0.0,0.0,0.0,0.0,0.0,0.0,0.0,0.0
2012-11-26,0.0,0.0,0.0,0.0,0.0,,0.0,0.0,0.0,0.0,0.0,0.0,,0.0,0.0,0.0,0.0,0.0,0.0,0.0,0.0,0.0,0.0,,0.0,0.0,,0.0,0.0,0.0,0.0,0.0,0.0,0.0,0.0,0.0
2012-11-27,0.0,0.0,0.0,0.0,0.0,,0.0,0.0,0.0,0.0,0.0,0.0,,0.0,0.0,0.0,0.0,0.0,0.0,0.0,0.0,0.0,0.0,,0.0,0.0,,0.0,0.0,0.0,0.0,0.0,0.0,0.0,0.0,0.0
2012-11-28,0.0,0.0,0.0,0.0,0.0,,0.0,0.0,0.0,0.0,0.0,0.0,,0.0,0.0,0.0,0.0,0.0,0.0,0.0,0.0,0.0,0.0,,0.0,0.0,,0.0,0.0,0.0,0.0,0.0,0.0,0.0,0.0,0.0
2012-11-29,0.0,0.0,0.0,0.0,0.0,,0.0,0.0,0.0,0.0,0.0,0.0,,0.0,0.0,0.0,0.0,0.0,0.0,0.0,0.0,0.0,0.0,,0.0,0.0,,0.0,0.0,0.0,0.0,0.0,0.0,0.0,0.0,0.0
2012-11-30,0.0,0.0,0.0,0.0,0.0,,0.0,0.0,0.0,0.0,0.0,0.0,,0.0,0.0,0.0,0.0,0.0,0.0,0.0,0.0,0.0,0.0,,0.0,0.0,,0.0,0.0,0.0,0.0,0.0,0.0,0.0,0.0,0.0
2012-12-01,0.0,0.0,0.0,0.0,0.0,,0.0,0.0,0.0,0.0,0.0,0.0,,0.0,0.0,0.0,0.0,0.0,0.0,0.0,0.0,0.0,0.0,,0.0,0.0,0.0,0.0,0.0,0.0,0.0,0.0,0.0,0.0,0.0,0.0
2012-12-02,0.0,0.0,0.0,0.0,0.0,,0.0,0.0,0.0,0.0,0.0,0.0,,0.0,0.0,0.0,0.0,0.0,0.0,0.0,0.0,0.0,0.0,,0.0,0.0,0.0,0.0,0.0,0.0,0.0,0.0,0.0,0.0,0.0,0.0
2012-12-03,0.0,0.0,0.0,0.0,0.0,,0.0,0.0,0.0,0.0,0.0,0.0,,0.0,0.0,0.0,0.0,0.0,0.0,0.0,0.0,0.0,0.0,,0.0,0.0,0.0,0.0,0.0,0.0,0.0,0.0,0.0,0.0,0.0,0.0
2012-12-04,0.0,0.0,0.0,0.0,0.0,,0.0,0.0,0.0,0.0,0.0,0.0,,0.0,0.0,0.0,0.0,0.0,0.0,0.0,0.0,0.0,0.0,,0.0,0.0,0.0,0.0,0.0,0.0,0.0,0.0,0.0,0.0,0.0,0.0
2012-12-05,0.0,0.0,0.0,0.0,0.0,,0.0,0.0,0.0,0.0,0.0,0.0,,0.0,0.0,0.0,0.0,0.0,0.0,0.0,0.0,0.0,0.0,,0.0,0.0,0.0,0.0,0.0,0.0,0.0,0.0,0.0,0.0,0.0,0.0
2012-12-06,0.0,0.0,0.0,0.0,0.0,,0.0,0.0,0.0,0.0,0.0,0.0,,0.0,0.0,0.0,0.0,0.0,0.0,0.0,0.0,0.0,0.0,,0.0,0.0,0.0,0.0,0.0,0.0,0.0,0.0,0.0,0.0,0.0,0.0
2012-12-07,0.0,0.0,0.0,0.0,0.0,,0.0,0.0,0.0,0.0,0.0,0.0,,0.0,0.0,0.0,0.0,0.0,0.0,0.0,0.0,0.0,0.0,,0.0,0.0,0.0,0.0,0.0,0.0,0.0,0.0,0.0,0.0,0.0,0.0
2012-12-08,0.0,0.0,0.0,0.0,0.0,,0.0,0.0,0.0,0.0,0.0,0.0,,0.0,0.0,0.0,0.0,0.0,0.0,0.0,0.0,0.0,0.0,,0.0,0.0,0.0,0.0,0.0,0.0,0.0,0.0,0.0,0.0,0.0,0.0
2012-12-09,0.0,0.0,0.0,0.0,0.0,,0.0,0.0,0.0,0.0,0.0,0.0,,0.0,0.0,0.0,0.0,0.0,0.0,0.0,0.0,0.0,0.0,,0.0,0.0,0.0,0.0,0.0,0.0,0.0,0.0,0.0,0.0,0.0,0.0
2012-12-10,0.0,0.0,0.0,0.0,0.0,,0.0,0.0,0.0,0.0,0.0,0.0,,0.0,0.0,0.0,0.0,0.0,0.0,0.0,0.0,0.0,0.0,,0.0,0.0,0.0,0.0,0.0,0.0,0.0,0.0,0.0,0.0,0.0,0.0
2012-12-11,0.0,0.0,0.0,0.0,0.0,,0.0,0.0,0.0,0.0,0.0,0.0,,0.0,0.0,0.0,0.0,0.0,0.0,0.0,0.0,0.0,0.0,,0.0,0.0,0.0,0.0,0.0,0.0,0.0,0.0,0.0,0.0,0.0,0.0
2012-12-12,0.0,0.0,0.0,0.0,0.0,,0.0,0.0,0.0,0.0,0.0,0.0,,0.0,0.0,0.0,0.0,0.0,0.0,0.0,0.0,0.0,0.0,,0.0,0.0,0.0,0.0,0.0,0.0,0.0,0.0,0.0,0.0,0.0,0.0
2012-12-13,0.0,0.0,0.0,0.0,0.0,,0.0,0.0,0.0,0.0,0.0,0.0,,0.0,0.0,0.0,0.0,0.0,0.0,0.0,0.0,0.0,0.0,,0.0,0.0,0.0,0.0,0.0,0.0,0.0,0.0,0.0,0.0,0.0,0.0
2012-12-14,0.0,0.0,0.0,0.0,0.0,,0.0,0.0,0.0,0.0,0.0,0.0,,0.0,0.0,0.0,0.0,0.0,0.0,0.0,0.0,0.0,0.0,,0.0,0.0,0.0,0.0,0.0,0.0,0.0,0.0,0.0,0.0,0.0,0.0
2012-12-15,0.0,0.0,0.0,0.0,0.0,,0.0,0.0,0.0,0.0,0.0,0.0,,0.0,0.0,0.0,0.0,0.0,0.0,0.0,0.0,0.0,0.0,,0.0,0.0,0.0,0.0,0.0,0.0,0.0,0.0,0.0,0.0,0.0,0.0
2012-12-16,0.0,0.0,0.0,0.0,0.0,,0.0,0.0,0.0,0.0,0.0,0.0,,0.0,0.0,0.0,0.0,0.0,0.0,0.0,0.0,0.0,0.0,,0.0,0.0,0.0,0.0,0.0,0.0,0.0,0.0,0.0,0.0,0.0,0.0
2012-12-17,0.0,0.0,0.0,0.0,0.0,,0.0,0.0,0.0,0.0,0.0,0.0,,0.0,0.0,0.0,0.0,0.0,0.0,0.0,0.0,0.0,0.0,,0.0,0.0,0.0,0.0,0.0,0.0,0.0,0.0,0.0,0.0,0.0,0.0
2012-12-18,0.0,0.0,0.0,0.0,0.0,,0.0,0.0,0.0,0.0,0.0,0.0,,0.0,0.0,0.0,0.0,0.0,0.0,0.0,0.0,0.0,0.0,,0.0,0.0,0.0,0.0,0.0,0.0,0.0,0.0,0.0,0.0,0.0,0.0
2012-12-19,0.0,0.0,0.0,0.0,0.0,,0.0,0.0,0.0,0.0,0.0,0.0,,0.0,0.0,0.0,0.0,0.0,0.0,0.0,0.0,0.0,0.0,,0.0,0.0,0.0,0.0,0.0,0.0,0.0,0.0,0.0,0.0,0.0,0.0
2012-12-20,0.0,0.0,0.0,0.0,0.0,,0.0,0.0,0.0,0.0,0.0,0.0,,0.0,0.0,0.0,0.0,0.0,0.0,0.0,0.0,0.0,0.0,,0.0,0.0,0.0,0.0,0.0,0.0,0.0,0.0,0.0,0.0,0.0,0.0
2012-12-21,0.0,0.0,0.0,0.0,0.0,,0.0,0.0,0.0,0.0,0.0,0.0,,0.0,0.0,0.0,0.0,0.0,0.0,0.0,0.0,0.0,0.0,,0.0,0.0,0.0,0.0,0.0,0.0,0.0,0.0,0.0,0.0,0.0,0.0
2012-12-22,0.0,0.0,0.0,0.0,0.0,,0.0,0.0,0.0,0.0,0.0,0.0,,0.0,0.0,0.0,0.0,0.0,0.0,0.0,0.0,0.0,0.0,,0.0,0.0,0.0,0.0,0.0,0.0,0.0,0.0,0.0,0.0,0.0,0.0
2012-12-23,0.0,0.0,0.0,0.0,0.0,,0.0,0.0,0.0,0.0,0.0,0.0,,0.0,0.0,0.0,0.0,0.0,0.0,0.0,0.0,0.0,0.0,,0.0,0.0,0.0,0.0,0.0,0.0,0.0,0.0,0.0,0.0,0.0,0.0
2012-12-24,0.0,0.0,0.0,0.0,0.0,,0.0,0.0,0.0,0.0,0.0,0.0,,0.0,0.0,0.0,0.0,0.0,0.0,0.0,0.0,0.0,0.0,,0.0,0.0,0.0,0.0,0.0,0.0,0.0,0.0,0.0,0.0,0.0,0.0
2012-12-25,0.0,0.0,0.0,0.0,0.0,,0.0,0.0,0.0,0.0,0.0,0.0,,0.0,0.0,0.0,0.0,0.0,0.0,0.0,0.0,0.0,0.0,,0.0,0.0,0.0,0.0,0.0,0.0,0.0,0.0,0.0,0.0,0.0,0.0
2012-12-26,0.0,0.0,0.0,0.0,0.0,,0.0,0.0,0.0,0.0,0.0,0.0,,0.0,0.0,0.0,0.0,0.0,0.0,0.0,0.0,0.0,0.0,,0.0,0.0,0.0,0.0,0.0,0.0,0.0,0.0,0.0,0.0,0.0,0.0
2012-12-27,0.0,0.0,0.0,0.0,0.0,,0.0,0.0,0.0,0.0,0.0,0.0,,0.0,0.0,0.0,0.0,0.0,0.0,0.0,0.0,0.0,0.0,,0.0,0.0,0.0,0.0,0.0,0.0,0.0,0.0,0.0,0.0,0.0,0.0
2012-12-28,0.0,0.0,0.0,0.0,0.0,,0.0,0.0,0.0,0.0,0.0,0.0,,0.0,0.0,0.0,0.0,0.0,0.0,0.0,0.0,0.0,0.0,,0.0,0.0,0.0,0.0,0.0,0.0,0.0,0.0,0.0,0.0,0.0,0.0
2012-12-29,0.0,0.0,0.0,0.0,0.0,,0.0,0.0,0.0,0.0,0.0,0.0,,0.0,0.0,0.0,0.0,0.0,0.0,0.0,0.0,0.0,0.0,,0.0,0.0,0.0,0.0,0.0,0.0,0.0,0.0,0.0,0.0,0.0,0.0
2012-12-30,0.0,0.0,0.0,0.0,0.0,,0.0,0.0,0.0,0.0,0.0,0.0,,0.0,0.0,0.0,0.0,0.0,0.0,0.0,0.0,0.0,0.0,,0.0,0.0,0.0,0.0,0.0,0.0,0.0,0.0,0.0,0.0,0.0,0.0
2012-12-31,0.0,0.0,0.0,0.0,0.0,,0.0,0.0,0.0,0.0,0.0,0.0,,0.0,0.0,0.0,0.0,0.0,0.0,0.0,0.0,0.0,0.0,,0.0,0.0,0.0,0.0,0.0,0.0,0.0,0.0,0.0,0.0,0.0,0.0
