ncols         108
nrows         136
xllcorner     302026.755659
yllcorner     2957528.921402
cellsize      900
NODATA_value  -9999.0
-9999.000 -9999.000 -9999.000 575.693 802.353 804.330 787.284 700.907 901.107 1109.537 1341.109 1485.517 1495.311 1468.459 1553.215 1726.752 1548.506 1296.148 1084.816 1275.779 1321.569 1553.891 1696.957 1628.256 1352.813 1408.406 1722.112 1908.573 1630.296 1526.378 1475.341 1474.747 1563.210 1727.321 1791.427 1750.351 1395.399 1394.394 1320.744 1651.799 2003.861 1872.105 1772.711 1931.154 -9999.000 -9999.000 -9999.000 -9999.000 -9999.000 -9999.000 -9999.000 -9999.000 -9999.000 -9999.000 -9999.000 -9999.000 -9999.000 -9999.000 -9999.000 -9999.000 -9999.000 -9999.000 -9999.000 -9999.000 -9999.000 -9999.000 -9999.000 -9999.000 -9999.000 -9999.000 -9999.000 -9999.000 -9999.000 -9999.000 -9999.000 -9999.000 -9999.000 -9999.000 -9999.000 -9999.000 -9999.000 -9999.000 -9999.000 -9999.000 -9999.000 -9999.000 -9999.000 -9999.000 -9999.000 -9999.000 -9999.000 -9999.000 -9999.000 -9999.000 -9999.000 -9999.000 -9999.000 -9999.000 -9999.000 -9999.000 -9999.000 -9999.000 -9999.000 -9999.000 -9999.000 -9999.000 -9999.000 -9999.000
-9999.000 -9999.000 -9999.000 551.288 541.006 558.303 623.409 775.143 876.731 1075.321 1435.250 1527.553 1386.243 1557.759 1731.076 1854.257 1694.015 1427.799 1221.991 1518.242 1696.515 1802.832 1922.044 1816.659 1473.633 1589.403 1813.490 1955.606 1702.949 1749.351 1704.144 1677.405 1677.765 1896.204 1968.491 1763.588 1560.835 1632.940 1536.812 1815.307 2142.218 2000.796 2005.063 2202.408 2260.342 1858.636 1782.563 1999.304 1928.898 1970.883 2113.998 1871.132 1667.096 1443.570 1259.977 1287.480 1329.212 1465.780 1633.242 1686.918 1772.185 1536.377 1216.583 944.763 894.878 1112.859 1309.175 1452.124 1524.040 1715.570 1655.021 1327.935 1370.197 1473.870 1361.659 1214.449 1473.145 1726.728 1446.887 1432.519 1379.375 1579.234 1789.083 1333.376 1310.451 -9999.000 -9999.000 -9999.000 -9999.000 -9999.000 -9999.000 -9999.000 -9999.000 -9999.000 -9999.000 -9999.000 -9999.000 -9999.000 -9999.000 -9999.000 -9999.000 -9999.000 -9999.000 -9999.000 -9999.000 -9999.000 -9999.000 -9999.000
-9999.000 -9999.000 -9999.000 554.233 643.347 660.856 620.914 906.201 1086.053 1315.949 1414.577 1352.490 1343.868 1582.866 1788.576 1925.314 1948.549 1712.036 1611.691 1776.405 1540.567 1565.912 1865.203 1939.440 1698.786 1846.688 2036.483 1916.480 1821.288 1926.759 1984.518 1982.647 2031.530 2169.999 2179.922 1873.612 1856.036 1948.144 1975.744 2083.187 2342.257 2249.983 2333.211 2585.721 2462.628 2299.526 2104.325 2198.863 2308.585 2282.884 2241.082 1948.903 1638.245 1508.605 1325.438 1193.116 1136.301 1267.214 1464.366 1451.142 1580.740 1389.511 1160.873 907.477 876.717 1019.136 1134.438 1243.878 1432.561 1667.044 1684.703 1358.770 1197.573 1390.763 1279.225 1219.750 1424.760 1616.173 1391.565 1270.423 1389.137 1689.919 1660.684 1173.577 1037.102 944.467 1243.045 1516.728 1786.561 2057.211 2270.675 2445.791 2137.185 1794.413 1683.031 1498.006 1169.590 1015.937 1311.416 1711.292 1881.613 1742.794 1736.569 1818.213 2262.409 2625.893 2530.483 2717.928
-9999.000 -9999.000 -9999.000 817.787 943.409 780.818 655.062 882.457 1101.598 1152.693 1100.086 1126.688 1399.293 1637.048 1737.277 1851.217 1800.557 1553.712 1490.865 1641.989 1339.894 1441.850 1617.803 1681.645 1693.132 1843.511 1919.160 1706.549 1568.698 1639.051 1718.928 1918.761 2117.672 2056.775 2003.835 1825.893 1652.786 1664.296 1990.127 2208.440 2209.041 2242.154 2223.904 2469.303 2348.930 2273.703 2278.328 2258.599 2323.482 2324.993 2157.570 2102.265 1913.289 1579.666 1424.914 1288.027 1157.930 1097.179 1119.485 1251.017 1369.612 1239.641 1085.472 919.473 823.820 966.185 1207.587 1388.721 1519.705 1522.383 1507.356 1481.944 1194.693 1137.790 1132.535 1318.862 1487.235 1519.072 1463.938 1269.813 1168.884 1352.309 1538.876 1339.553 966.624 920.362 1018.437 1133.099 1333.376 1573.789 1848.982 2117.993 2319.150 2136.798 2044.189 1655.378 1337.476 1054.092 1147.809 1380.205 1339.401 1405.237 1590.382 1937.733 2318.366 2237.863 2203.214 2385.046
-9999.000 -9999.000 -9999.000 907.457 1136.341 964.842 765.590 754.475 801.261 835.684 936.868 1165.674 1301.712 1420.495 1421.093 1568.786 1505.183 1414.042 1277.017 1393.266 1155.826 1295.648 1457.584 1493.226 1446.015 1548.810 1618.469 1569.027 1377.786 1401.687 1635.299 1773.413 1894.913 1755.201 1715.958 1611.665 1455.619 1524.951 1831.079 2077.941 2029.528 1903.368 2021.008 2335.801 2164.638 1949.884 1990.108 2018.701 2191.661 2151.936 2109.712 2050.541 1945.195 1704.075 1642.214 1396.494 1329.135 1244.523 1069.757 1017.852 1086.382 1096.473 1054.729 839.017 864.036 990.868 1129.041 1301.391 1514.623 1304.389 1292.572 1353.514 1323.576 1185.200 1039.297 1134.914 1261.801 1481.996 1612.256 1362.995 1108.372 1094.844 1259.424 1199.997 876.727 1048.504 1230.223 1279.529 1383.855 1456.903 1562.701 1866.629 2243.566 2243.249 2106.435 1884.955 1587.720 1325.092 1013.854 1066.686 1297.606 1596.692 1957.672 2099.015 2078.790 1811.639 1939.273 2049.258
-9999.000 -9999.000 -9999.000 679.689 864.751 979.106 1041.797 1064.468 982.194 922.948 866.914 959.182 1031.678 1115.902 1192.840 1362.278 1223.317 1315.650 1124.228 1247.753 1094.530 1245.479 1315.637 1261.212 1307.827 1314.152 1388.668 1338.552 1254.299 1406.198 1514.970 1591.745 1572.119 1494.999 1463.621 1433.748 1392.323 1527.413 1791.017 1741.489 1660.834 1656.580 1912.070 2227.533 2170.788 2024.183 1813.261 1842.086 2068.711 2002.581 1965.120 2102.378 2142.835 2040.968 1746.382 1595.813 1503.962 1315.133 1153.811 1054.584 985.328 1045.142 912.354 815.493 916.784 1020.475 1144.308 1377.044 1582.893 1315.032 1192.729 1162.583 1278.936 1312.009 1027.729 1094.816 1399.129 1596.411 1614.923 1366.081 1185.302 1006.436 1060.164 1086.293 834.231 1062.726 1417.394 1586.659 1679.822 1745.941 1733.892 1962.603 2332.462 2307.672 2210.325 2015.256 1839.579 1439.840 1081.774 988.234 1274.221 1598.318 1695.989 1653.081 1752.226 1556.757 1835.914 1752.951
-9999.000 -9999.000 -9999.000 544.503 596.546 778.250 855.687 1049.002 1285.101 1272.110 1090.710 864.257 874.254 937.998 1092.782 1080.737 1058.774 1075.481 987.483 1008.476 966.259 1043.935 1102.038 1061.257 1101.360 1156.322 1226.527 1216.025 1203.349 1284.154 1390.372 1536.900 1412.068 1388.360 1375.274 1363.499 1365.772 1419.557 1558.117 1519.037 1467.959 1548.506 1806.863 2047.653 2029.950 2019.616 1895.647 1737.301 1956.078 1916.799 2041.947 2205.419 2305.519 2245.991 2006.553 1715.392 1486.897 1350.040 1213.603 1069.773 987.831 1007.416 957.196 782.519 874.510 1075.041 1229.101 1318.245 1449.735 1422.386 1185.895 1094.940 1165.691 1320.426 1057.210 1012.821 1195.285 1457.268 1559.930 1321.876 1116.460 1090.262 1003.138 904.547 853.423 1044.529 1261.475 1476.758 1749.857 1967.356 1910.748 1825.057 1977.899 2208.317 2178.447 2070.953 1898.849 1609.492 1250.405 961.499 1205.071 1253.809 1195.783 1270.897 1378.698 1356.103 1562.018 1510.114
-9999.000 -9999.000 -9999.000 676.674 646.848 582.126 781.793 992.237 1073.420 1183.287 1117.620 1108.395 992.349 868.582 945.783 959.273 930.890 936.970 900.132 901.463 912.165 928.542 969.536 1016.472 1097.495 1135.306 1139.542 1192.292 1254.719 1306.617 1434.564 1479.363 1384.432 1361.700 1355.249 1348.726 1352.063 1360.050 1374.282 1391.206 1411.595 1441.025 1635.457 1665.278 1769.196 1946.326 1854.938 1696.777 1796.164 1927.975 2099.024 2195.717 2272.473 2121.271 2009.864 1898.029 1662.141 1343.378 1259.715 1297.374 1125.492 943.761 957.849 956.826 760.751 966.399 1036.776 1117.814 1249.149 1312.007 1324.694 1118.633 1076.084 1277.194 1055.624 1034.410 1151.102 1264.724 1328.895 1338.658 1280.807 1308.528 1248.480 1031.730 814.834 1007.231 1185.340 1298.221 1521.803 1603.326 1552.831 1394.478 1595.022 1947.583 2130.382 1959.235 1632.157 1305.494 952.134 940.098 989.467 1090.778 1251.428 1338.454 1289.343 1410.413 1402.017 1503.927
-9999.000 -9999.000 -9999.000 814.101 730.562 611.294 642.650 802.067 779.307 919.110 995.136 1160.157 1171.515 1016.582 893.553 885.296 945.787 967.096 999.030 1048.492 1071.501 1073.302 1123.228 1208.199 1311.935 1234.099 1316.216 1329.980 1510.881 1444.172 1479.821 1445.329 1371.461 1352.943 1338.009 1338.703 1343.438 1349.306 1352.169 1373.534 1381.704 1448.307 1547.884 1471.248 1500.444 1643.182 1743.054 1573.852 1685.260 1812.827 1877.938 1985.939 2063.739 1902.423 1804.291 1811.978 1542.989 1429.184 1499.915 1425.669 1260.677 1104.555 1205.613 1102.166 892.362 772.294 907.731 995.785 1022.451 1167.645 1281.551 1191.678 1072.857 1192.193 1048.522 982.606 1066.844 1114.119 1171.059 1291.318 1458.473 1360.635 1296.779 1184.707 866.770 947.791 1337.888 1414.029 1266.806 1252.744 1249.899 1124.422 1436.116 1525.398 1530.863 1527.581 1195.462 961.815 998.316 1227.020 1317.050 1456.553 1594.824 1746.309 1604.199 1611.463 1808.627 1548.434
-9999.000 -9999.000 -9999.000 864.960 762.351 612.068 585.840 641.390 631.961 766.092 769.986 865.404 1033.277 1108.728 1053.082 1017.124 1179.759 1170.955 1125.074 1213.467 1224.785 1160.530 1305.302 1402.692 1372.014 1354.349 1617.438 1631.378 1786.057 1604.978 1625.326 1414.028 1341.538 1332.008 1334.054 1332.052 1339.200 1338.619 1363.213 1364.931 1355.784 1370.155 1471.623 1396.593 1379.415 1409.013 1449.959 1387.130 1444.330 1598.211 1635.172 1829.060 1963.767 1809.826 1687.239 1827.860 1658.704 1586.250 1393.534 1241.146 1123.678 1024.022 1020.053 1097.663 1046.097 841.993 765.551 954.624 1085.000 1010.180 1069.995 1240.469 1163.945 995.253 969.134 1094.137 1192.476 1132.125 1236.352 1350.364 1461.732 1336.468 1320.863 1186.456 991.856 816.129 1115.408 1301.425 1113.348 1110.890 1023.469 914.840 1055.677 1030.835 1037.744 1049.692 870.269 916.217 1219.918 1490.020 1661.783 1853.307 2038.154 2065.314 1894.203 1844.663 2005.304 1803.406
-9999.000 -9999.000 923.020 939.914 880.870 790.559 708.087 670.290 704.822 714.013 704.464 722.470 747.171 795.162 967.409 1022.417 996.740 987.569 1021.646 1031.476 1082.568 1063.636 1192.697 1200.427 1240.219 1538.462 1737.530 1849.832 1938.717 1914.968 1869.781 1654.183 1454.792 1324.972 1322.307 1317.101 1322.245 1351.662 1361.340 1339.345 1339.607 1372.568 1442.081 1361.588 1351.063 1364.063 1355.803 1362.065 1378.550 1413.392 1481.555 1699.875 1746.556 1621.853 1655.934 1770.749 1544.367 1436.974 1301.242 1237.378 1127.620 1042.405 972.415 890.376 883.635 867.829 740.229 798.639 895.686 966.578 939.556 1071.807 1211.395 1097.207 894.175 967.172 995.588 1000.540 1146.616 1200.157 1369.142 1499.484 1492.048 1368.131 1173.990 885.833 926.687 1121.534 994.526 943.802 888.698 800.880 802.876 787.333 822.847 843.801 1079.454 1228.942 1125.021 1263.631 1476.080 1727.618 2091.478 2444.494 2267.492 2369.989 2406.069 2338.785
-9999.000 -9999.000 1083.674 1125.108 1070.071 986.363 839.243 691.900 805.967 875.893 914.429 913.784 861.518 831.598 798.634 819.495 878.739 862.615 934.761 943.550 973.665 979.170 1000.515 1049.104 1141.514 1333.744 1649.678 1723.153 1737.424 1780.401 1738.344 1470.622 1391.928 1354.712 1310.694 1315.095 1322.139 1335.529 1350.433 1328.751 1363.382 1376.370 1386.717 1341.088 1343.599 1342.539 1349.068 1368.618 1366.977 1384.713 1462.017 1575.143 1480.386 1545.821 1739.206 1756.536 1620.810 1613.625 1424.846 1489.175 1298.797 1067.956 960.075 917.783 1010.988 855.159 764.682 715.856 797.669 851.184 986.564 1087.511 1283.384 1318.833 1031.206 875.948 1080.561 1128.831 1117.627 1091.168 1186.920 1277.108 1456.791 1579.202 1374.646 987.812 875.134 1154.727 868.090 814.579 973.040 1049.320 1148.936 1041.522 1119.672 1048.867 1040.479 1303.107 1443.389 1264.227 1466.056 1770.221 2105.828 2463.847 2712.790 2824.104 2983.411 3006.073
-9999.000 -9999.000 1418.690 1366.909 1218.063 983.455 781.868 795.132 965.834 1091.120 1126.004 1197.816 1066.707 960.823 918.420 857.690 847.055 886.002 882.199 894.236 930.408 990.938 1061.990 1162.079 1263.733 1320.766 1468.437 1462.349 1561.726 1548.102 1541.557 1426.270 1317.219 1320.433 1307.927 1324.433 1324.532 1343.034 1333.911 1320.200 1332.107 1351.061 1342.399 1339.100 1349.127 1359.533 1366.862 1354.318 1355.997 1373.283 1364.856 1401.075 1430.302 1651.185 1746.683 1776.370 1727.516 1638.656 1652.223 1545.981 1273.995 1172.398 1078.502 1137.845 1178.501 1000.170 974.488 782.371 698.402 751.325 877.209 940.380 1033.620 1167.616 1012.863 946.691 1218.162 1285.220 1394.881 1337.152 1358.445 1469.719 1631.373 1597.770 1310.830 979.709 778.740 865.824 791.045 1081.639 1277.833 1430.213 1593.853 1481.637 1493.044 1547.191 1249.084 1212.863 1606.719 1569.557 1392.654 1564.348 1919.992 2244.608 2601.905 2999.192 3244.695 3277.988
-9999.000 -9999.000 1352.385 1209.186 1037.077 901.809 771.953 1004.470 1031.280 1318.130 1325.958 1375.148 1314.766 1138.293 1188.871 1015.503 924.770 926.451 984.929 969.498 998.960 1079.571 1140.484 1231.261 1461.497 1599.157 1559.089 1401.986 1394.513 1457.471 1429.381 1339.336 1307.065 1302.845 1304.739 1320.516 1323.305 1324.258 1316.482 1320.637 1335.354 1346.574 1325.833 1345.021 1365.532 1363.660 1337.862 1339.679 1346.739 1347.852 1363.422 1379.569 1402.294 1497.407 1510.279 1569.908 1627.129 1766.177 1864.126 1571.487 1446.917 1339.586 1224.347 1083.412 985.431 912.753 987.350 962.476 784.366 690.486 729.488 779.454 879.999 956.202 815.294 848.445 973.878 1100.602 1238.574 1386.787 1528.223 1613.231 1522.784 1371.440 1240.046 977.598 805.450 1031.019 1077.701 990.613 1073.123 1334.605 1610.879 1834.469 1921.768 1776.883 1471.539 1212.980 1472.774 1817.766 1812.294 1705.429 1787.041 2082.896 2448.480 2884.811 3028.688 3102.718
-9999.000 -9999.000 1370.487 1211.639 1126.831 1012.722 808.495 993.599 1226.077 1223.526 1426.244 1677.879 1578.345 1386.206 1373.792 1281.410 1147.222 1004.071 1068.348 1124.291 1122.834 1146.161 1301.421 1506.382 1632.120 1742.606 1648.033 1556.555 1396.431 1359.145 1364.414 1365.285 1333.037 1296.625 1302.865 1313.128 1314.884 1313.891 1318.581 1325.577 1315.156 1315.461 1313.536 1338.963 1346.530 1330.339 1330.137 1424.821 1449.481 1468.837 1429.068 1417.446 1403.233 1424.908 1480.855 1566.365 1679.423 1843.635 1814.094 1535.705 1311.518 1264.592 1066.467 975.015 987.132 902.784 852.923 845.519 885.138 808.900 705.275 690.673 701.426 905.093 855.916 1041.719 1287.541 1379.631 1380.578 1312.132 1437.528 1423.829 1291.176 1198.239 985.721 772.293 843.541 1181.473 1371.908 1425.777 1249.501 1159.077 1361.535 1599.408 1737.952 1791.976 1654.839 1384.873 1316.924 1639.115 1926.199 2205.186 2193.590 2122.738 2505.865 2723.661 2830.334 2952.445
-9999.000 -9999.000 1403.173 1243.024 995.555 931.794 939.461 890.143 980.853 1138.880 1325.505 1824.428 1873.136 1754.885 1746.625 1684.779 1365.882 1123.954 1244.626 1291.187 1345.166 1345.731 1361.531 1483.823 1494.008 1520.526 1481.731 1578.238 1515.131 1357.078 1320.918 1315.562 1312.816 1296.877 1295.421 1303.167 1307.664 1308.017 1317.513 1319.146 1324.769 1327.835 1340.957 1341.932 1319.786 1321.247 1349.379 1373.332 1378.806 1488.672 1566.116 1555.642 1506.521 1566.083 1611.626 1676.011 1744.828 1867.970 1775.454 1461.394 1275.849 1190.252 1112.744 1116.715 1034.142 955.967 877.849 823.896 897.784 953.528 802.109 798.245 759.695 711.546 758.781 1000.685 1140.267 1226.026 1407.008 1454.052 1355.021 1368.990 1247.450 955.418 808.914 816.516 892.241 985.029 1155.517 1469.760 1613.129 1458.319 1305.464 1340.164 1479.457 1636.526 1737.063 1747.962 1531.947 1487.539 1764.221 2131.099 2368.674 2510.214 2605.865 2459.940 2593.838 2759.801
-9999.000 -9999.000 1122.367 1054.528 989.047 1214.068 1108.062 1077.227 1223.581 1313.183 1491.901 1647.426 1858.681 2051.398 1908.216 1732.538 1456.693 1324.414 1534.692 1478.821 1654.484 1592.602 1678.489 1501.792 1430.914 1402.905 1373.348 1374.378 1423.047 1371.865 1328.770 1309.920 1294.676 1289.686 1286.245 1290.234 1297.755 1302.227 1311.136 1311.746 1325.294 1325.894 1325.694 1312.718 1327.541 1352.771 1363.804 1362.243 1347.598 1353.509 1380.542 1372.512 1377.712 1498.533 1668.789 1734.405 1752.963 1910.319 1815.955 1537.591 1539.368 1495.870 1378.666 1125.209 978.547 929.471 918.359 871.960 848.339 1049.023 932.591 1034.169 955.964 995.535 741.004 797.276 964.129 1039.846 1182.413 1328.608 1136.987 1069.139 1052.964 780.649 764.884 1093.356 1296.936 1216.979 1110.733 1382.315 1702.955 1854.204 1635.134 1459.662 1460.977 1487.665 1593.999 1785.746 1841.226 1639.283 1617.521 1797.313 2125.921 2568.928 2529.417 2288.171 2360.603 2555.872
-9999.000 -9999.000 1172.773 1129.297 1065.968 1394.657 1250.587 1324.201 1448.440 1396.765 1516.905 1653.648 1821.584 2104.681 1988.564 1711.947 1516.498 1492.218 1881.239 1695.490 1983.276 1911.555 1918.110 1618.056 1496.426 1426.019 1385.702 1358.127 1347.532 1360.493 1317.693 1302.486 1296.896 1281.885 1284.134 1281.959 1284.147 1293.554 1300.456 1306.162 1312.720 1306.553 1311.785 1323.135 1339.651 1341.426 1353.377 1357.082 1346.879 1330.613 1341.932 1351.291 1356.992 1469.186 1672.759 1871.402 1972.540 2057.496 1959.292 1794.732 1812.076 1731.181 1378.094 1176.599 1157.578 1081.656 964.512 941.338 835.926 1019.543 1217.307 1304.737 1332.278 1250.079 891.957 695.855 835.490 979.476 1173.532 1172.657 1041.143 897.337 799.087 763.006 956.339 1202.061 1548.073 1629.959 1375.740 1394.150 1764.911 2050.843 1902.774 1752.027 1793.650 1732.365 1840.579 1775.346 1881.974 1933.226 1880.422 1877.529 2174.976 2537.599 2409.047 2103.750 2209.916 2411.900
-9999.000 -9999.000 1459.255 1318.790 1172.310 1442.454 1419.695 1526.649 1705.120 1709.767 1826.245 1942.438 1905.216 2173.146 2118.411 2004.160 1775.817 1645.606 1953.270 2049.845 2188.231 2266.663 1952.590 1739.788 1642.906 1521.954 1434.616 1388.206 1363.157 1340.567 1338.003 1331.965 1305.289 1283.267 1280.652 1279.412 1273.628 1275.032 1285.610 1302.532 1303.507 1314.952 1320.619 1326.081 1315.886 1322.242 1323.448 1329.058 1326.600 1340.550 1343.218 1333.672 1366.807 1416.216 1543.701 1752.237 1837.141 1943.491 1956.620 1979.241 1943.746 1622.685 1417.813 1416.818 1204.019 1026.805 906.754 864.699 878.362 845.059 1027.266 1130.148 1368.637 1129.696 927.945 695.122 802.968 1060.450 1243.371 1117.000 959.403 785.802 783.968 1036.259 1200.728 1435.865 1638.174 1716.869 1682.204 1535.490 1916.232 2110.300 2050.422 2064.900 2124.626 2083.145 2190.721 2114.429 1972.920 2098.461 2277.762 2256.665 2407.344 2607.793 2366.865 2044.893 2093.399 2315.252
-9999.000 -9999.000 1530.767 1532.093 1342.740 1585.710 1730.484 1832.725 1980.748 1970.866 1886.958 2053.147 2090.001 2052.053 1911.913 2041.344 2146.200 2010.578 2133.696 2123.143 2023.557 2182.029 2161.263 2073.788 1845.634 1672.272 1515.263 1431.643 1382.743 1355.848 1355.312 1351.389 1296.345 1278.700 1281.963 1285.868 1282.222 1276.396 1297.904 1296.569 1304.261 1307.482 1306.532 1307.055 1299.032 1304.033 1312.194 1316.300 1326.950 1328.401 1325.205 1337.274 1369.424 1414.351 1504.344 1628.540 1629.046 1816.120 1910.114 1934.715 1837.354 1733.504 1471.309 1370.232 1263.925 1067.030 1008.606 923.215 844.329 805.876 895.624 1029.942 1226.509 1341.844 1139.312 773.711 707.799 980.922 1126.615 1030.327 806.520 742.840 854.417 1017.199 1211.644 1294.118 1443.207 1462.634 1608.066 1713.248 1845.970 1991.762 1841.925 1938.739 2272.763 2250.609 2181.182 2118.583 1972.656 2007.372 2134.694 2291.444 2424.177 2483.709 2180.750 1917.129 1837.039 1996.975
-9999.000 -9999.000 1497.058 1713.161 1539.495 1598.938 2079.143 2125.509 2246.505 2263.148 2155.889 2028.746 1853.797 1821.329 1796.087 1858.608 1937.752 1922.927 2186.962 2012.474 1895.760 1953.091 2217.553 2373.766 2018.853 1752.454 1673.728 1574.591 1444.846 1384.567 1368.391 1343.212 1350.488 1280.157 1285.272 1307.651 1302.932 1286.929 1292.101 1288.471 1291.140 1301.476 1302.150 1298.068 1328.409 1325.339 1318.243 1317.761 1319.687 1321.550 1340.223 1350.520 1362.821 1393.784 1510.066 1653.384 1586.728 1706.024 1747.994 1716.414 1523.729 1557.296 1413.735 1192.776 1251.857 1060.918 1017.411 1054.204 955.586 871.859 805.956 897.964 928.670 1059.393 1240.653 935.391 690.023 869.581 1037.466 899.819 748.687 855.786 1008.462 967.260 994.801 1102.978 1214.724 1309.585 1481.776 1503.679 1628.847 1901.260 1773.284 1929.552 2079.905 2157.414 2079.589 1985.880 1847.580 1945.394 1983.852 2073.164 2186.605 2371.408 2247.850 2129.353 1829.188 1674.881
-9999.000 -9999.000 1549.045 1689.565 1757.035 1814.949 2140.117 2272.705 2208.617 2328.074 2243.915 2088.937 1865.388 1744.255 1721.016 1831.304 1766.865 1820.938 2060.636 1863.704 1851.299 2017.120 2263.567 2218.401 2202.635 2176.232 1954.942 1746.441 1559.069 1436.143 1345.030 1312.778 1293.618 1297.176 1292.125 1320.107 1324.521 1300.439 1311.567 1306.378 1301.256 1304.091 1313.869 1324.266 1333.326 1362.822 1393.173 1341.811 1345.971 1331.368 1335.289 1347.062 1360.714 1382.475 1496.658 1528.585 1570.050 1523.622 1562.356 1646.010 1571.858 1301.925 1300.480 1135.156 1150.459 1059.296 955.481 942.677 957.185 927.320 867.838 824.675 816.094 862.483 1112.487 1055.561 766.278 740.654 899.185 773.140 768.023 968.410 1159.209 1349.119 1248.396 1128.364 1247.281 1269.057 1405.057 1513.055 1662.566 1797.020 1729.072 1853.909 1880.161 1944.579 1891.466 1885.282 1897.190 2101.230 2209.131 2227.916 2289.587 2318.863 2325.201 2293.602 2044.117 1811.145
-9999.000 -9999.000 1764.025 1936.293 1934.482 2018.173 2126.113 2089.894 1977.153 2109.166 1968.820 1878.441 1839.374 1727.112 1709.905 1818.060 1754.432 1739.768 1861.719 1770.472 1965.217 2212.058 2179.318 2088.622 2205.632 2310.816 2324.646 1962.023 1923.394 1679.517 1428.616 1299.533 1275.092 1331.282 1322.059 1320.432 1326.367 1308.921 1327.087 1317.103 1307.800 1313.879 1320.358 1335.858 1352.089 1369.675 1423.126 1414.897 1378.239 1367.743 1362.764 1379.929 1393.032 1439.199 1574.408 1545.518 1483.829 1541.939 1618.268 1693.347 1665.060 1304.366 1144.812 1081.501 1009.830 980.090 917.396 883.810 871.837 883.535 922.900 951.691 995.188 819.994 809.271 954.287 884.862 709.617 735.568 749.728 1010.970 1245.650 1433.902 1634.219 1504.830 1299.079 1375.164 1434.585 1493.958 1743.673 1900.244 1853.709 1742.104 1733.107 1845.885 1778.555 1780.873 1783.208 1924.786 1907.363 2026.076 2119.263 2002.668 1959.537 2123.915 2253.473 2110.790 2127.136
-9999.000 -9999.000 2042.150 2157.340 2236.911 2054.379 1877.094 1847.593 1828.111 1908.570 1960.933 1817.198 1763.188 1693.898 1773.169 1694.906 1696.128 1699.125 1784.588 1753.242 1903.415 2210.123 2091.461 1966.060 2112.764 2371.674 2145.265 2069.713 2043.871 1822.588 1533.740 1294.849 1276.252 1320.572 1328.502 1335.974 1326.836 1315.516 1337.911 1333.329 1314.674 1329.109 1341.504 1356.113 1380.539 1446.507 1448.725 1500.033 1469.822 1568.988 1480.815 1438.687 1489.872 1529.637 1565.742 1628.554 1490.456 1526.422 1703.042 1662.928 1568.089 1358.926 1275.883 1126.438 993.649 953.391 922.049 884.671 850.577 867.189 903.259 911.638 955.992 1086.995 903.773 789.865 779.734 746.359 730.676 765.176 1087.765 1289.209 1525.549 1774.904 1619.760 1647.004 1570.399 1652.320 1590.803 1819.560 1972.711 1807.806 1729.634 1752.406 1882.783 1897.902 1724.689 1714.444 1892.204 1842.584 1839.117 1868.957 1748.019 1816.364 2043.464 2337.662 2276.496 2137.713
-9999.000 -9999.000 1869.612 2117.680 2340.516 2084.443 1918.021 1807.587 1778.662 1785.561 1782.294 1759.660 1738.764 1697.194 1653.978 1623.275 1657.975 1678.216 1695.422 1720.146 1870.685 2071.814 2093.489 1910.373 2161.188 2298.476 2038.704 1915.152 1827.254 1782.576 1681.494 1361.454 1269.034 1305.316 1329.966 1360.424 1358.252 1331.512 1342.656 1333.670 1332.143 1339.923 1354.477 1389.002 1487.252 1556.725 1493.642 1615.931 1536.668 1749.520 1737.823 1665.533 1652.689 1540.886 1500.462 1520.721 1485.105 1475.332 1511.810 1568.204 1478.115 1277.037 1162.137 1048.706 1066.005 1111.839 1023.758 903.536 849.883 837.088 851.403 843.625 892.632 1153.132 1201.389 953.287 1030.130 879.959 658.080 848.129 1046.269 1249.641 1519.655 1771.160 1885.721 1888.230 1760.051 1898.107 1906.702 1917.813 2033.664 2018.644 1820.534 1670.089 1687.860 1854.679 1665.944 1625.072 1849.162 1782.312 1575.648 1604.467 1663.001 1965.257 2148.031 2232.413 2229.602 2059.429
-9999.000 -9999.000 2198.901 2203.526 2123.683 1968.780 1884.120 1852.502 1833.624 1879.188 1887.709 1914.704 1886.216 1889.704 1797.295 1687.948 1582.300 1676.160 1677.943 1802.401 1960.672 1932.290 1900.476 1943.027 2195.472 2309.586 1999.669 1792.199 1733.555 1612.144 1686.905 1565.813 1324.317 1295.582 1351.012 1381.645 1387.100 1355.172 1349.583 1357.529 1377.357 1476.643 1522.351 1448.844 1520.148 1728.829 1663.737 1755.985 1740.949 1908.311 1827.712 1751.363 1748.311 1634.083 1539.992 1529.295 1520.803 1465.151 1459.349 1516.461 1540.572 1307.625 1155.528 1147.094 1246.091 1239.604 1185.453 1006.115 915.598 863.879 823.634 829.084 873.867 1056.441 1331.645 1156.279 1201.440 1017.073 704.947 879.842 1115.762 1290.406 1503.758 1807.041 1985.957 2007.067 1968.873 2134.294 2103.011 2003.398 1935.232 1969.387 1991.429 1826.125 1649.909 1620.133 1676.135 1476.370 1498.883 1432.039 1593.293 1723.289 1915.519 1922.512 2087.358 2261.253 2325.927 2199.318
-9999.000 -9999.000 2293.325 2445.975 2288.616 2144.168 2075.082 2026.239 1970.024 2035.907 2069.529 2144.897 2104.304 2063.395 1956.124 1830.890 1694.244 1576.333 1735.673 1851.956 1976.272 1842.874 1785.842 1990.635 2039.813 2061.364 2059.934 1955.249 1662.490 1610.286 1521.810 1440.295 1287.050 1326.379 1374.488 1415.371 1415.008 1376.232 1382.821 1387.332 1397.956 1502.609 1608.063 1635.525 1641.098 1852.874 1939.181 1879.910 1924.598 1841.031 1751.881 1695.826 1769.193 1691.446 1589.724 1675.298 1696.644 1519.356 1457.760 1471.760 1486.830 1475.896 1341.505 1396.199 1292.365 1086.854 1079.015 985.464 892.209 873.010 851.916 821.063 841.936 956.597 1185.408 1285.966 1274.902 1151.451 830.239 727.079 922.113 1123.065 1418.656 1730.338 1769.734 1781.142 1939.748 2078.385 1957.443 1878.331 1840.568 1813.483 1786.836 1926.266 1770.472 1581.333 1396.466 1320.997 1356.434 1639.281 1937.875 2071.101 2161.266 2368.934 2347.291 2454.189 2322.386 2146.828
-9999.000 -9999.000 2097.447 2242.927 2377.316 2240.379 2267.630 2238.472 2165.756 2179.009 2279.554 2256.481 2201.774 2106.854 2065.935 1936.211 1675.992 1546.872 1659.395 1838.800 1859.431 1857.502 1769.012 1824.488 1904.899 1848.018 1967.355 1805.203 1607.583 1551.910 1496.454 1397.332 1273.355 1286.285 1384.004 1416.071 1439.532 1439.371 1414.194 1407.622 1422.292 1506.973 1487.196 1704.392 1848.293 1984.716 1903.097 1833.535 1796.977 1873.574 1841.545 1688.900 1745.639 1734.440 1585.192 1649.063 1750.992 1658.283 1492.718 1462.332 1483.440 1539.989 1587.493 1545.379 1271.702 1104.698 1014.964 961.051 928.681 930.945 878.150 832.572 822.687 899.910 1112.806 1158.545 1032.382 1175.880 1001.334 699.505 961.822 1232.114 1454.450 1580.432 1466.685 1537.587 1851.985 1915.393 1971.842 1790.063 1653.424 1516.031 1542.859 1735.082 1503.982 1423.905 1201.225 1206.184 1355.524 1635.592 1898.077 2124.756 2366.381 2483.278 2648.471 2584.555 2359.593 2187.967
-9999.000 -9999.000 1963.921 1879.754 2038.137 1859.263 1971.686 2225.022 2320.097 2395.413 2387.460 2252.387 2150.256 2110.103 1995.934 1917.537 1770.276 1626.996 1593.975 1843.964 1694.115 1685.601 1999.722 1877.532 1864.225 1794.599 1823.023 1752.250 1631.751 1531.230 1411.961 1349.268 1263.683 1320.086 1405.406 1408.242 1457.156 1422.339 1405.800 1421.239 1443.528 1455.489 1575.080 1643.611 1902.024 2024.479 1866.568 1770.999 1731.687 1754.100 1692.234 1646.183 1764.582 1666.182 1601.062 1543.494 1609.898 1589.205 1475.286 1471.446 1520.366 1607.150 1587.811 1500.157 1258.199 1158.475 1071.930 1065.133 1031.515 1018.757 950.711 907.017 840.912 837.299 1011.722 1205.712 1026.555 967.338 895.111 749.625 817.679 1104.957 1417.755 1372.178 1221.036 1488.701 1627.408 1705.556 1868.676 1872.361 1781.486 1440.551 1362.593 1504.653 1433.551 1208.161 1235.118 1424.684 1471.913 1489.524 1582.844 1770.480 2039.003 2163.356 2489.222 2633.810 2422.292 2282.127
-9999.000 -9999.000 1713.615 1673.147 1875.594 1628.889 1766.164 1882.987 2089.647 2388.916 2474.567 2377.683 2273.123 2190.272 2164.127 2054.592 1907.384 1627.703 1575.005 1563.147 1687.995 1970.776 2063.994 1915.159 1773.911 1716.714 1822.437 1894.204 1705.603 1491.653 1360.924 1267.441 1278.358 1377.542 1430.314 1434.995 1474.813 1449.185 1434.911 1555.144 1638.212 1562.155 1528.659 1623.039 1891.398 2067.870 1996.947 1819.788 1743.307 1679.312 1630.063 1592.861 1612.498 1617.261 1651.552 1533.243 1483.490 1473.385 1491.276 1578.834 1580.238 1515.089 1488.785 1534.488 1371.697 1348.104 1232.197 1262.000 1148.623 1129.840 950.496 910.962 915.705 858.561 896.632 1132.380 1231.414 1107.170 1015.571 768.048 758.343 948.046 1151.949 1124.205 1139.026 1270.346 1484.283 1637.805 1661.280 1495.573 1701.110 1558.387 1350.970 1211.473 1244.867 1117.518 1341.315 1759.039 1938.713 1865.950 1731.400 1706.931 1813.196 2124.449 2308.345 2453.782 2506.490 2415.701
-9999.000 -9999.000 1412.396 1461.628 1560.836 1429.986 1561.048 1895.406 2185.201 2204.577 2315.179 2331.573 2310.609 2286.666 2266.384 2112.489 1856.205 1532.644 1523.486 1392.740 1632.043 1796.121 1793.304 1916.250 1792.995 1690.768 1895.380 1820.587 1670.468 1569.720 1355.243 1238.513 1355.136 1376.590 1477.830 1569.284 1535.448 1546.469 1522.095 1559.128 1761.340 1792.654 1658.719 1812.462 1965.102 2095.129 1960.125 1869.369 1945.903 1837.581 1778.456 1679.456 1602.945 1559.921 1566.913 1503.310 1458.809 1461.665 1503.157 1598.855 1557.232 1464.453 1554.594 1667.211 1639.573 1556.794 1521.624 1410.341 1364.753 1300.247 1082.858 996.336 1033.481 964.828 900.117 910.673 996.091 1073.162 917.032 655.109 666.774 1089.870 961.181 920.213 1125.540 1385.002 1620.116 1507.221 1386.960 1261.339 1419.657 1410.949 1393.987 1158.946 1056.278 1222.234 1483.779 1933.891 2166.956 2011.168 1960.809 2140.082 2046.957 1988.705 2092.397 2220.919 2423.709 2556.452
-9999.000 -9999.000 1392.230 1226.047 1263.560 1380.552 1777.621 1971.842 2108.230 1896.666 1823.287 1914.259 1908.820 1954.712 2225.395 2048.180 1881.569 1632.253 1396.159 1358.413 1335.730 1351.445 1491.444 1602.783 1635.724 1593.002 1891.358 1925.640 1646.967 1509.673 1326.078 1432.396 1400.171 1477.972 1525.254 1584.500 1577.298 1644.173 1688.301 1656.522 1743.533 1879.298 1829.265 2072.226 2279.304 2261.465 2149.529 2153.707 2089.491 2084.749 1970.601 1922.771 1759.465 1658.988 1552.189 1514.356 1473.212 1455.588 1444.133 1480.396 1462.093 1443.458 1498.156 1579.583 1636.654 1687.942 1613.202 1582.680 1392.940 1329.814 1263.782 1198.733 1287.450 1125.831 976.619 1045.750 960.090 830.166 775.817 709.578 622.478 837.157 853.660 1243.136 1534.153 1648.220 1712.729 1514.011 1293.778 1067.449 1153.253 1117.386 1144.600 1019.596 1282.351 1524.441 1791.369 1993.979 2149.051 2269.417 2189.343 2424.083 2353.246 2176.054 2227.595 2267.631 2472.900 2635.269
-9999.000 -9999.000 1142.630 1078.044 1114.102 1361.180 1729.959 1885.827 1939.548 1892.652 1515.464 1552.273 1527.758 1711.229 1997.842 2013.396 1883.052 1892.747 1766.041 1723.541 1630.775 1395.260 1260.838 1391.817 1399.201 1556.164 1790.245 1525.303 1289.484 1292.884 1563.532 1728.892 1563.283 1572.588 1536.446 1525.837 1517.473 1536.664 1572.645 1623.999 1708.974 1897.018 2025.345 2301.894 2566.608 2566.394 2357.378 2238.950 2156.032 1974.185 1887.772 1844.663 1738.667 1616.240 1538.248 1548.847 1592.680 1555.600 1460.897 1428.457 1433.867 1452.170 1472.962 1517.487 1640.785 1553.521 1397.255 1393.481 1296.236 1246.760 1231.239 1195.757 1330.965 1220.415 994.780 1018.172 1212.973 1065.256 1055.497 881.937 679.122 704.530 1090.529 1374.578 1468.636 1407.154 1585.946 1657.487 1412.950 1123.549 921.436 887.277 994.296 1120.913 1423.080 1806.686 2046.248 2232.914 2225.578 2283.704 2446.329 2599.850 2431.312 2401.050 2490.743 2398.809 2486.239 2676.820
-9999.000 -9999.000 983.197 998.861 1106.302 1320.044 1504.622 1639.740 1847.956 1854.046 1685.912 1353.273 1327.674 1591.747 1571.923 1654.712 1607.951 1965.207 2036.004 1966.692 1793.154 1670.115 1341.227 1235.383 1310.521 1504.876 1596.568 1320.446 1302.820 1489.425 1783.301 1922.916 1758.874 1691.897 1636.148 1596.275 1652.135 1705.610 1673.149 1712.223 1859.704 2077.112 2259.512 2357.343 2306.189 2276.368 2251.499 2122.702 1944.256 1876.545 1873.153 1722.579 1708.645 1677.181 1637.720 1672.314 1671.834 1637.407 1512.814 1439.556 1458.335 1422.762 1470.935 1558.480 1585.441 1605.940 1401.029 1293.353 1236.320 1209.536 1200.268 1157.546 1280.830 1281.627 1101.364 1037.676 1218.598 1460.064 1219.782 1101.979 752.223 730.446 1145.679 1083.506 1258.099 1150.926 1347.006 1540.413 1537.337 1296.628 946.793 1001.023 1191.786 1148.383 1307.250 1556.224 1567.186 1799.662 2000.459 2139.127 2360.070 2660.491 2593.688 2659.095 2663.525 2585.981 2627.810 2751.004
-9999.000 -9999.000 1022.577 1182.375 1232.872 1201.683 1352.148 1384.291 1503.014 1520.357 1473.814 1201.159 1156.892 1303.011 1311.850 1276.385 1384.905 1660.937 1882.497 2182.321 2167.433 2064.401 1781.377 1472.910 1274.676 1253.868 1403.784 1182.694 1348.273 1638.770 1851.472 2028.819 1905.748 1835.272 1848.537 1670.417 1723.811 1741.584 1758.407 1809.910 1904.193 1982.852 1985.247 2164.582 2312.366 2259.834 2201.652 2176.378 2201.589 2196.589 1994.399 1924.779 1999.427 1800.693 1824.964 1734.753 1600.831 1546.652 1568.145 1486.686 1422.569 1384.105 1487.800 1555.267 1567.510 1541.794 1594.588 1500.613 1383.722 1234.345 1180.231 1146.515 1204.622 1336.564 1335.936 1165.422 1192.007 1593.045 1493.956 1170.572 889.617 650.888 754.545 845.729 1068.016 950.663 1095.143 1268.887 1369.141 1231.983 947.644 917.370 1305.393 1367.655 1197.163 1259.775 1567.834 1822.689 2040.374 2172.832 2452.721 2607.036 2718.340 2794.090 2859.347 2866.601 2816.298 2980.025
-9999.000 -9999.000 1028.555 1163.830 1123.640 1014.895 1086.870 1159.180 1297.632 1304.459 1421.816 1174.565 1080.134 1082.757 1105.136 1231.630 1387.031 1527.063 1818.766 2024.159 2077.407 2132.164 1935.175 1693.827 1516.233 1231.883 1196.925 1377.609 1437.873 1604.756 1980.991 2101.041 2077.159 2034.853 1990.908 1873.122 1822.312 1830.816 1801.746 1793.578 1814.100 1847.977 1917.418 2120.773 2447.033 2464.058 2433.656 2431.812 2571.596 2330.506 2168.620 2278.928 2064.446 2045.315 1937.667 1725.795 1666.983 1653.478 1712.000 1560.855 1488.875 1389.093 1427.438 1564.230 1488.868 1532.404 1632.575 1664.842 1590.532 1484.269 1305.397 1168.951 1193.069 1321.083 1491.613 1448.235 1318.146 1510.790 1730.249 1426.595 1132.223 855.979 772.855 673.287 777.752 775.396 945.740 1195.896 1411.172 1316.994 1011.237 824.997 1188.402 1495.888 1348.411 1377.535 1475.338 1779.320 1738.282 1966.893 2171.478 2215.748 2375.731 2520.926 2526.400 2802.014 2800.417 2759.041
-9999.000 -9999.000 1288.374 1046.125 1007.643 915.092 1016.162 1242.037 1173.966 1018.017 1076.272 987.118 976.779 1147.297 1294.226 1287.039 1405.856 1532.173 1772.522 1981.002 1924.716 1949.375 1866.380 1662.286 1415.699 1192.892 1141.092 1305.342 1646.313 1724.591 1950.624 2140.667 2200.953 2018.488 2061.706 2080.026 1989.185 1945.526 1947.142 1972.131 2031.074 2085.586 2049.772 2099.359 2295.237 2263.969 2403.708 2560.409 2719.570 2577.109 2553.994 2419.303 2346.207 2208.473 1885.960 1755.324 1832.486 1839.671 1778.380 1598.472 1627.512 1525.479 1437.206 1339.190 1366.065 1573.175 1615.997 1583.432 1544.731 1577.426 1498.863 1289.461 1156.903 1273.954 1379.735 1468.752 1473.097 1503.050 1815.367 1730.702 1242.958 1169.777 1318.340 888.616 675.263 649.941 752.901 1052.330 1229.386 1383.534 1033.601 828.349 1243.759 1569.560 1507.196 1634.412 1777.462 1657.136 1519.641 1660.039 1872.842 1833.909 1949.666 2136.331 2180.621 2577.071 2532.459 2400.527
-9999.000 -9999.000 1283.367 1033.308 856.126 791.797 872.211 1136.944 1148.171 926.406 884.647 941.236 1122.845 1288.236 1426.688 1533.423 1606.777 1800.089 1731.658 1957.295 1861.798 1796.042 1735.069 1702.812 1628.228 1435.991 1380.719 1125.232 1204.288 1562.736 1878.664 2011.815 1972.180 1765.502 1788.826 1750.931 1742.922 1622.590 1642.349 1669.831 1770.201 1828.925 2020.696 2122.560 2137.457 2105.004 2326.485 2402.915 2633.209 2623.852 2458.428 2203.257 2203.118 2074.101 1904.022 1929.796 1878.787 1654.725 1564.970 1611.457 1645.974 1674.195 1648.939 1457.008 1286.152 1361.100 1585.345 1495.473 1429.710 1460.243 1392.990 1423.778 1129.425 1252.629 1439.609 1241.828 1254.520 1263.867 1517.308 1868.974 1615.597 1595.089 1616.836 1232.490 977.718 858.311 695.725 982.031 1244.170 1181.525 821.805 872.212 1180.857 1567.942 1773.199 1820.755 1724.227 1629.346 1401.833 1544.681 1707.888 1630.529 1731.369 1865.641 2093.304 2333.417 2294.215 2193.844
-9999.000 -9999.000 1307.831 1093.308 825.391 709.339 901.822 1068.856 909.643 788.191 968.925 1165.188 1494.832 1630.962 1611.841 1644.299 1931.597 2167.595 2021.411 1988.964 1953.986 1799.628 1485.654 1259.519 1306.933 1204.375 1154.062 1068.924 1282.717 1414.814 1786.672 2032.629 1712.498 1566.017 1595.289 1401.082 1491.187 1645.315 1716.942 1854.429 1914.943 1984.682 1890.832 1958.388 1996.302 2088.321 2191.317 2284.248 2492.125 2414.718 2209.413 2098.577 1989.787 1942.357 1916.438 1808.495 1754.741 1693.012 1773.603 1776.373 1656.567 1744.245 1599.821 1444.928 1366.999 1203.956 1280.131 1339.688 1264.286 1300.974 1272.457 1340.674 1140.441 1045.665 1269.672 991.106 925.532 1055.752 1248.302 1621.019 1875.871 1716.625 1488.368 1282.068 1120.537 1032.171 713.059 830.484 1171.568 963.221 785.341 1109.600 1234.976 1438.136 1480.968 1457.388 1331.565 1250.903 1283.981 1478.614 1483.238 1687.999 1822.852 2062.470 2163.277 2253.375 2246.043 2152.141
-9999.000 -9999.000 1224.958 1062.429 1013.207 718.158 708.290 825.800 780.469 857.536 1110.089 1428.327 1617.653 1877.261 1972.845 1924.396 2116.282 2243.603 2324.411 2160.890 1845.451 1621.088 1408.959 1305.195 1087.232 1049.633 923.047 1131.562 1445.428 1682.682 1842.151 1972.683 1661.875 1392.513 1351.028 1534.123 1688.825 1691.857 1679.400 1745.676 1956.254 2000.472 1899.695 2102.719 2122.103 2222.428 2313.793 2394.436 2533.124 2574.327 2460.953 2282.242 2047.091 2073.256 2022.201 1945.481 1806.514 1935.336 1993.880 1804.552 1801.016 1658.963 1499.476 1519.651 1468.004 1248.283 1135.535 1113.448 1068.855 1068.486 1071.200 1122.948 1133.519 1022.816 978.311 988.965 1013.824 876.603 929.246 1203.880 1572.831 1843.698 1672.702 1547.724 1427.861 1200.564 942.624 687.062 954.097 878.969 779.625 1062.254 1274.575 1116.987 1027.626 1092.212 1274.398 1395.591 1331.472 1443.735 1578.083 1745.463 1949.311 2094.482 2134.469 2102.446 2071.121 2084.832
-9999.000 -9999.000 1005.011 1122.790 797.452 632.765 937.380 849.035 829.081 918.549 1059.422 1284.608 1305.922 1442.126 1637.773 1618.480 1691.470 1748.234 1892.234 2070.994 2075.954 1879.032 1782.140 1535.817 1216.701 1007.842 891.463 983.638 1034.397 1216.361 1511.888 1568.469 1508.656 1422.480 1282.001 1569.343 1563.547 1404.906 1452.957 1529.314 1652.961 1646.920 1753.303 1807.521 1973.045 2187.097 2272.684 2341.436 2082.585 2237.599 2150.579 2246.077 2244.008 2271.210 2206.186 2109.785 1984.417 2074.678 1931.791 1848.295 1722.714 1615.403 1659.286 1441.565 1308.966 1185.703 1123.904 1105.022 1137.219 1127.651 1098.169 1191.677 1092.531 995.822 1090.195 1233.484 1248.037 1230.582 941.137 1070.515 1438.286 1556.290 1716.807 1802.887 1657.844 1181.675 1028.543 671.451 716.831 713.158 788.368 848.387 863.698 1067.031 1262.470 1378.091 1403.161 1572.072 1487.639 1719.289 1853.737 1851.206 1990.746 1962.359 1815.185 2068.962 2001.762 1948.056
-9999.000 -9999.000 834.076 923.121 909.465 596.863 1032.618 1356.856 1315.651 1228.409 1109.551 1170.813 1295.266 1484.700 1698.266 1564.136 1416.924 1393.827 1443.842 1600.194 1868.775 1872.822 1778.999 1576.117 1313.300 1446.391 1139.641 866.385 1104.207 1286.156 1311.020 1164.591 1070.201 1163.478 1146.348 1175.387 1225.454 1282.109 1366.800 1377.764 1437.977 1468.575 1537.000 1643.995 1779.550 1879.299 2046.847 2002.532 1712.378 1804.085 1868.029 2443.505 2547.087 2484.066 2507.236 2305.734 2113.792 2202.403 2153.576 2209.388 1919.635 1821.704 1587.035 1487.673 1434.807 1335.486 1274.324 1233.664 1230.721 1167.152 1310.909 1429.827 1122.277 1312.016 1495.999 1545.882 1329.409 1146.637 948.735 887.897 995.830 1114.412 1484.542 1661.406 1596.094 1607.689 1319.046 819.679 712.162 1017.316 1129.997 1166.115 1080.646 1370.482 1546.945 1536.374 1513.953 1738.360 1616.612 1850.791 2158.976 2217.005 2055.309 1890.092 1660.201 1781.159 2061.347 2047.081
-9999.000 -9999.000 894.676 741.919 752.303 583.569 889.442 1212.843 1474.874 1576.208 1566.586 1599.697 1475.588 1668.929 1841.428 1595.342 1397.613 1345.127 1597.004 1725.091 1928.342 1679.115 1467.662 1365.104 1434.851 1314.283 1096.678 857.962 1219.535 1189.138 976.896 956.914 1132.135 1094.201 1156.040 1477.619 1498.411 1595.773 1583.382 1565.436 1654.912 1658.485 1639.293 1619.867 1682.092 1742.191 1880.073 1908.397 1558.595 1542.852 1940.735 2352.315 2509.265 2669.662 2723.340 2355.726 2289.340 2326.892 2382.123 2176.849 2021.899 2019.324 1731.045 1792.981 1596.312 1474.362 1352.557 1370.270 1291.417 1221.419 1528.021 1373.323 1236.816 1601.136 1569.195 1312.895 1088.611 1094.647 1009.081 929.611 812.572 960.494 1419.500 1327.107 1331.854 1640.530 1371.110 996.160 653.351 943.204 1324.245 1518.023 1407.022 1471.588 1811.110 1723.321 1560.211 1784.236 1833.241 1820.847 2074.399 2038.348 1941.551 1721.422 1471.929 1662.711 1659.822 1703.016
-9999.000 -9999.000 591.016 596.157 639.503 701.889 921.967 1093.092 993.922 1207.517 1474.533 1727.266 1839.609 1874.075 1918.782 1685.615 1217.227 1449.833 1828.035 2029.930 2058.241 1887.439 1754.893 1660.526 1578.936 1213.866 1013.047 805.719 880.979 933.355 1140.334 1270.948 1650.067 1562.278 1381.690 1442.230 1698.544 1973.354 1937.919 1896.946 2006.416 2008.737 2012.613 1859.577 1909.350 1806.277 1792.118 1837.743 1469.313 1544.276 1874.473 2006.737 2348.937 2668.436 2406.521 2532.080 2588.952 2547.743 2453.595 2294.817 2328.636 2204.954 2093.617 1958.279 1917.079 1696.045 1502.768 1545.980 1294.000 1364.128 1507.365 1294.938 1433.913 1797.335 1644.619 1319.196 1272.280 1388.676 1136.314 970.817 938.652 811.650 1058.593 1070.691 1351.165 1539.102 1503.562 1070.165 757.244 764.015 1185.141 1403.610 1549.152 1670.379 1981.396 1910.951 1756.515 1775.865 2006.614 1994.421 1911.937 1768.919 1673.092 1574.761 1389.102 1575.569 1458.390 -9999.000
-9999.000 -9999.000 711.373 613.755 519.460 663.726 804.180 736.422 876.612 946.337 1069.041 1177.648 1455.038 1507.758 1431.424 1390.209 1007.451 1254.254 1612.719 1662.833 1742.183 1805.127 1803.432 1780.647 1715.482 1585.608 1332.360 956.279 784.412 1020.151 1031.095 1237.830 1420.289 1553.553 1644.036 1757.788 1749.616 1979.037 2210.751 2098.377 2237.837 2322.301 2160.047 1772.519 1464.826 1473.268 1349.548 1535.811 1270.160 1463.864 1817.439 2231.964 2511.764 2230.346 1933.560 2180.214 2507.827 2360.030 2260.754 2082.252 2466.356 2469.062 2358.610 2184.895 2081.157 1706.409 1581.524 1615.239 1445.820 1506.797 1587.080 1344.984 1531.723 1923.015 1704.624 1275.748 1481.076 1373.003 1343.682 1265.799 1017.562 769.345 762.089 958.045 1078.644 1353.093 1591.659 1236.730 867.376 614.852 819.314 1029.648 1180.310 1443.993 1817.644 2090.881 2023.256 2010.918 2091.270 2112.973 1899.178 1658.470 1509.370 1399.679 1243.191 1297.926 1345.640 -9999.000
-9999.000 -9999.000 762.826 622.921 491.228 565.933 630.543 649.474 802.488 799.252 865.296 907.410 1145.977 1163.685 1109.269 1054.254 897.379 983.129 1100.605 1191.288 1366.680 1474.784 1326.549 1287.239 1339.540 1517.781 1462.991 1137.236 782.709 987.000 871.980 1079.340 1012.421 1086.155 1293.883 1496.587 1352.170 1669.236 1834.523 1731.859 1884.647 1805.277 1957.413 1693.124 1418.367 1245.408 1156.062 1136.860 1389.466 1773.355 2084.671 2268.116 2285.528 1908.241 1595.697 2026.722 2022.494 1977.890 1877.084 1919.713 2372.392 2616.258 2622.881 2370.252 2148.562 1854.209 1855.521 1651.219 1603.947 1797.845 1635.799 1404.363 1581.639 1898.248 1684.879 1430.635 1669.232 1555.284 1362.881 1485.314 1128.662 1000.030 746.774 707.491 868.052 1172.697 1462.872 1245.503 921.198 621.923 838.103 1059.756 1248.577 1477.157 1741.786 1925.211 2071.819 2067.606 1969.990 1959.557 1982.556 1819.172 1689.759 1589.981 1341.480 1134.871 1223.435 -9999.000
-9999.000 -9999.000 877.882 665.596 486.096 541.731 507.331 525.918 593.346 662.178 715.153 873.546 954.138 979.892 857.445 841.450 808.909 927.246 945.002 1007.144 1121.254 1352.332 1264.469 1046.697 1032.696 1121.254 1237.899 955.134 780.913 721.829 753.023 749.532 751.092 838.932 971.639 1114.592 1224.941 1192.901 1491.824 1446.921 1457.666 1673.131 1458.156 1419.894 1268.249 1021.687 1045.382 1312.890 1619.818 1845.010 2057.949 1879.203 1816.542 1650.038 1447.111 1862.742 1741.714 1622.509 1548.896 1820.892 2297.703 2546.382 2483.564 2392.793 2335.642 2234.781 1994.668 1817.178 1932.186 1963.113 1679.202 1578.102 1694.395 1939.197 1686.141 1660.502 1848.732 1625.077 1445.922 1643.129 1324.563 1002.785 840.941 715.069 765.012 949.104 1131.714 1321.929 900.921 577.892 714.418 817.496 1042.825 1241.154 1440.355 1596.553 1677.934 1648.595 1586.555 1874.528 1781.925 1740.083 1850.605 1622.683 1361.821 1160.137 1011.058 -9999.000
-9999.000 -9999.000 672.273 549.727 541.255 697.055 592.146 519.396 524.994 568.541 630.432 687.318 881.594 1011.867 837.358 767.947 978.820 1114.262 1163.891 1231.045 1366.173 1324.883 1206.086 1141.234 907.143 1097.933 1274.350 1152.974 927.721 811.835 832.708 799.718 702.286 636.059 680.760 806.931 1007.227 954.652 1096.752 1104.736 1384.639 1429.755 1297.372 1089.032 962.794 899.184 1001.039 1131.492 1324.442 1716.164 1875.643 1635.538 1287.591 1362.419 1273.161 1664.727 1527.141 1342.121 1532.596 1867.983 2187.714 2298.351 1982.473 2033.275 2439.274 2295.419 1995.709 1850.221 1886.884 1862.666 1864.773 1790.091 1849.489 1939.244 1975.546 1957.430 2031.009 1642.462 1696.447 1578.776 1309.896 995.496 1140.070 1048.914 762.996 706.782 758.955 1029.250 981.261 583.956 626.253 772.655 873.019 930.158 1052.968 1279.764 1387.348 1299.395 1506.353 1421.663 1476.216 1263.349 1557.760 1577.178 1348.168 1136.937 932.533 -9999.000
-9999.000 -9999.000 576.935 459.945 477.322 568.625 643.581 608.760 526.410 526.500 548.266 716.151 812.351 908.709 788.970 700.047 790.500 880.737 1009.263 1225.295 1213.002 1026.480 943.595 887.392 806.680 963.482 1091.940 1211.865 1093.908 1039.610 1060.603 1069.164 968.438 844.923 670.087 672.763 690.435 753.575 773.400 903.690 1019.200 1150.351 1031.477 1092.382 961.748 771.028 837.939 1012.303 1294.444 1461.421 1411.551 1344.092 1230.052 1021.927 1146.519 1412.252 1146.897 1213.638 1507.746 1746.451 2135.842 2081.794 1711.681 2014.464 2293.330 2404.219 2157.604 1741.697 1592.954 1623.463 1538.245 1509.633 1725.724 1985.438 2022.000 1918.947 1912.225 1926.972 1846.446 1610.041 1280.653 1118.330 1265.195 1168.808 984.107 734.610 648.137 700.590 795.427 586.319 552.861 593.347 914.982 1029.442 1070.409 1078.084 1149.525 1375.959 1490.743 1252.907 1064.746 1173.880 1220.559 1516.780 1517.661 1264.510 972.510 -9999.000
-9999.000 -9999.000 436.016 458.422 454.302 472.496 640.837 625.211 610.672 636.632 552.543 561.433 674.552 836.213 691.011 748.712 860.850 963.817 1040.136 1167.878 1172.662 1093.059 881.040 739.550 899.922 959.122 1136.392 1238.170 1248.877 1229.387 1204.564 1248.864 1271.157 1026.288 856.854 755.373 720.560 593.488 610.419 682.323 740.041 891.862 966.885 1147.274 1046.827 676.103 846.778 1038.650 1228.288 1166.078 1101.512 1045.485 927.763 822.227 1011.671 1132.230 985.019 1091.442 1270.177 1631.632 1685.904 1690.829 1482.114 1670.463 1948.012 2441.817 2168.580 1912.267 1603.276 1388.560 1329.940 1567.509 1617.106 1740.647 1678.735 1675.307 1944.924 1966.492 1619.506 1317.264 1151.318 1320.233 1347.153 948.498 956.529 1074.645 835.330 672.468 598.590 794.411 772.515 545.204 620.420 826.899 1095.776 1268.303 1306.919 1195.875 1153.987 1188.238 869.593 975.685 1087.636 1437.148 1533.829 1263.247 994.708 -9999.000
-9999.000 -9999.000 444.516 454.539 451.623 442.543 499.029 609.759 672.508 689.300 599.349 537.797 591.738 747.774 662.836 735.418 925.844 1030.208 1156.844 1186.565 1140.753 1184.631 927.982 745.408 1043.124 1167.386 1186.540 1003.444 953.301 1019.987 940.896 1035.014 1143.879 1104.063 1066.310 1064.129 981.895 736.533 749.269 606.534 549.905 602.111 777.689 847.219 987.828 671.362 986.366 1078.544 1168.517 1095.537 1005.439 990.243 1109.388 770.429 884.383 858.992 889.713 1137.440 1305.733 1564.432 1369.499 1374.035 1390.443 1737.738 2060.150 2389.415 2200.256 1957.182 1795.309 1441.352 1202.214 1371.397 1404.874 1527.126 1402.256 1742.777 2113.845 1852.312 1606.114 1371.733 1375.234 1527.029 1319.138 1044.832 1205.188 1344.588 1240.417 1025.125 762.419 924.696 897.965 748.246 587.000 560.172 715.063 865.342 1067.503 910.323 863.497 1111.449 759.946 915.906 1201.475 1164.042 1269.967 1277.302 1071.500 -9999.000
-9999.000 456.395 465.739 446.979 442.491 440.716 463.070 525.212 518.489 630.168 669.000 603.596 561.776 566.681 597.108 761.225 957.995 942.589 926.725 1002.511 889.028 1020.463 802.651 648.380 892.201 960.563 1090.527 853.298 863.171 745.368 770.270 890.315 861.564 835.174 850.786 976.731 1084.861 997.276 1023.643 869.893 718.385 588.996 549.565 614.155 669.483 546.605 794.426 857.683 832.460 894.783 680.666 822.160 973.539 692.524 711.064 798.856 999.085 1067.512 1298.684 1458.063 1248.899 1134.830 1361.260 1866.038 1997.124 2166.290 1894.941 1950.425 1797.809 1454.668 1088.733 1122.999 1112.728 1211.938 1437.340 1741.240 1857.508 2043.464 1821.409 1734.231 1716.948 1582.799 1284.269 1224.902 1332.840 1585.714 1319.181 950.909 878.632 1062.337 1018.770 809.907 770.301 593.060 544.634 534.668 635.748 606.255 718.918 859.721 650.235 855.929 823.437 863.691 1138.616 1451.567 1193.878 -9999.000
-9999.000 480.996 489.115 472.968 468.495 459.425 451.318 448.074 450.386 472.374 559.940 586.413 586.495 611.662 698.594 791.236 748.698 716.997 728.438 918.723 801.123 897.289 740.399 590.392 763.258 795.789 814.674 764.072 648.281 609.137 666.097 697.863 726.162 683.463 732.409 874.800 866.069 994.885 1023.331 1039.826 960.528 786.469 541.668 506.022 552.575 507.397 468.401 409.360 491.025 777.541 724.036 921.903 1015.233 624.301 697.315 902.934 1150.426 1287.092 1480.161 1218.619 983.313 1098.425 1438.583 1598.576 1661.216 1812.301 1520.304 1580.509 1392.197 1402.298 1137.047 914.665 1169.996 1231.647 1318.894 1410.223 1507.884 1821.274 2152.227 2058.037 1900.137 1698.543 1570.583 1560.768 1550.352 1656.990 1229.894 1114.464 981.712 1212.104 1223.102 1040.038 897.300 741.777 761.901 683.419 560.174 548.820 512.879 524.064 591.579 619.855 749.498 1001.938 1215.590 1260.241 1267.794 -9999.000
-9999.000 502.162 509.012 501.963 495.980 485.423 472.689 458.820 450.813 446.740 446.249 460.777 466.429 479.866 556.734 636.496 562.674 579.126 639.918 773.635 677.925 848.139 789.648 529.043 574.835 747.448 601.177 656.798 539.146 510.405 577.461 503.980 586.263 569.123 618.739 629.285 678.892 756.823 708.106 810.730 799.960 811.494 760.968 792.173 647.833 619.351 540.251 535.055 423.374 434.017 469.160 695.940 852.103 544.782 743.178 1056.989 1295.479 1471.356 1167.482 925.688 789.554 1045.546 1292.798 1289.160 1400.168 1551.222 1393.996 1241.252 1164.985 1244.500 1022.065 873.818 986.048 1061.816 1149.414 1353.741 1601.704 1826.034 2148.293 1958.476 1625.135 1615.400 1742.750 1861.265 1904.687 1912.646 1646.157 1359.382 1237.361 1428.246 1085.925 1010.293 942.421 924.525 737.354 674.746 654.479 640.319 612.286 614.372 535.369 507.285 759.470 871.824 856.736 1082.510 1341.499 -9999.000
-9999.000 534.677 536.845 534.628 527.087 511.589 490.842 475.374 465.385 459.774 454.182 449.157 449.174 448.484 453.898 497.578 470.542 472.726 535.140 655.742 595.639 697.473 694.628 534.975 531.277 572.414 464.684 528.312 450.067 444.694 523.396 481.768 545.249 502.217 552.641 524.125 543.249 542.458 528.917 596.824 571.669 600.689 686.437 859.270 888.303 882.476 770.652 782.720 618.032 405.900 364.529 472.265 519.467 442.841 669.653 889.117 939.957 1070.440 1088.882 713.711 916.226 918.190 1045.745 1129.982 1355.973 1341.296 1325.138 1118.176 998.634 1110.656 858.266 883.205 1191.055 1373.962 1322.238 1474.976 1737.790 2005.589 2043.449 1797.231 1555.966 1291.291 1461.561 1658.643 1833.205 2074.952 1991.477 1694.238 1539.846 1395.877 1237.325 1305.181 1111.150 954.510 777.459 934.506 813.574 840.247 720.000 776.170 687.013 602.905 533.061 634.079 830.016 954.136 933.494 -9999.000
-9999.000 583.217 574.646 574.900 557.223 537.601 513.966 493.396 487.871 478.368 477.022 472.920 468.621 459.258 458.358 455.560 458.763 459.785 469.706 543.727 573.939 529.646 514.768 432.924 518.744 456.160 426.552 400.651 377.020 453.934 478.675 451.282 462.153 520.003 535.673 484.505 501.275 407.592 438.731 453.428 447.046 417.147 615.963 664.938 810.091 906.475 972.418 821.766 569.765 507.574 525.396 403.197 375.506 485.586 565.493 654.228 644.324 681.405 644.100 602.601 866.848 817.269 1223.618 1349.079 1274.978 1001.011 1133.459 1278.048 1008.912 936.761 812.058 1062.806 1175.764 1559.361 1598.200 1659.730 1711.226 1715.996 1735.664 1507.488 1382.121 1133.253 1229.306 1398.595 1750.738 1942.967 2084.950 2004.063 1831.512 1458.510 1549.528 1319.983 995.615 894.648 1020.891 1082.239 851.006 784.609 733.836 876.044 800.375 731.778 680.742 582.992 687.745 535.904 581.198 -9999.000
-9999.000 649.297 636.980 616.526 605.467 573.479 556.994 530.749 515.788 505.125 509.643 517.573 508.099 502.032 485.604 478.812 468.821 464.355 461.441 493.827 538.952 475.148 465.359 413.881 535.269 465.509 366.828 382.702 390.281 439.095 438.316 436.488 466.970 501.449 490.821 486.690 518.780 358.561 377.842 399.267 352.854 486.172 511.548 497.970 609.923 820.261 936.670 849.109 759.862 762.887 736.837 547.322 335.266 369.194 353.733 413.716 498.298 488.934 507.774 574.103 593.203 700.598 860.095 1157.338 1200.848 894.503 865.085 979.509 964.404 777.553 768.590 930.020 1118.561 1441.056 1585.293 1361.135 1332.683 1351.201 1522.189 1258.197 1271.262 1059.213 1246.344 1440.173 1719.851 1670.922 1757.053 1882.957 1963.645 1806.734 1527.231 1305.437 1059.734 1213.826 1140.587 941.477 892.891 1081.198 865.499 832.831 712.347 900.775 963.512 609.020 538.184 547.695 526.369 -9999.000
-9999.000 743.138 699.421 680.796 656.128 618.835 601.434 583.521 554.788 564.427 560.594 559.465 572.966 562.192 536.878 527.735 509.087 493.099 483.591 472.642 529.814 434.920 349.034 381.571 509.480 461.888 376.906 319.202 348.272 353.287 357.168 433.589 411.080 453.874 474.553 513.543 459.621 426.052 328.388 389.674 354.129 429.674 440.460 391.918 536.504 604.996 728.776 766.415 661.189 598.432 638.205 475.870 362.959 550.967 499.498 369.582 389.395 429.037 568.775 677.471 799.121 885.727 935.458 1044.672 972.555 815.015 750.765 686.629 645.777 653.426 699.526 774.059 973.773 1089.729 1250.144 1280.152 1031.074 1267.711 1292.889 1124.285 1162.370 1061.903 1371.779 1598.613 1700.072 1471.792 1565.283 1638.991 1821.967 1808.535 1672.607 1385.144 1340.848 1406.006 1148.596 1125.143 1017.369 1109.576 925.240 1047.957 1028.557 878.826 835.637 755.418 754.031 635.664 665.429 -9999.000
-9999.000 709.907 699.483 640.807 637.263 592.360 533.937 568.687 521.889 577.110 604.079 516.800 592.489 559.683 529.249 501.661 531.513 513.719 507.117 511.741 510.860 368.482 355.700 471.896 465.179 393.359 322.849 299.137 303.056 322.841 332.570 349.302 392.113 435.968 487.791 479.827 476.211 471.278 333.001 351.631 322.487 363.999 351.616 428.794 420.934 420.928 554.635 503.537 538.114 385.150 343.514 313.965 498.151 665.723 687.718 423.627 428.433 498.218 440.283 498.083 596.946 728.527 780.004 842.729 845.315 828.627 824.292 761.643 580.371 706.193 783.612 835.930 841.527 855.181 965.495 1027.050 946.790 951.313 1152.425 1001.150 957.559 1109.372 1270.823 1430.744 1382.742 1269.216 1594.849 1517.823 1610.040 1490.066 1534.977 1708.248 1709.078 1613.959 1543.301 1512.301 1293.753 1234.306 1012.006 1105.307 1119.105 1024.177 941.257 770.797 722.408 857.657 753.698 -9999.000
-9999.000 639.642 666.996 639.345 584.482 576.376 542.961 483.445 505.996 523.728 513.029 493.885 625.723 560.860 554.422 436.673 526.945 489.047 395.721 413.025 362.418 301.636 394.982 423.093 396.477 317.876 289.336 328.077 362.894 370.563 392.149 430.653 453.921 453.151 408.446 386.620 369.705 364.357 327.340 290.040 285.948 334.691 417.189 417.529 450.634 358.516 364.917 415.093 352.169 262.233 298.615 347.519 491.509 759.819 746.561 519.951 458.071 464.395 428.332 418.311 471.111 570.126 576.537 674.029 612.318 582.030 659.601 636.535 541.639 555.729 559.978 617.494 659.843 754.386 747.502 810.158 928.294 813.275 987.127 909.111 885.832 1065.811 1097.708 1274.109 1134.814 1238.776 1468.958 1348.265 1332.483 1395.343 1630.851 1863.933 2062.437 1901.452 1837.272 1722.024 1536.950 1273.223 1272.322 1264.363 1035.006 897.766 855.957 930.954 953.696 890.784 669.631 -9999.000
-9999.000 591.250 569.101 596.609 546.327 526.033 511.000 454.706 490.445 456.875 479.735 437.645 451.654 428.994 435.805 411.358 451.389 519.832 362.612 303.539 299.674 285.661 341.789 333.291 283.660 279.973 301.664 333.062 390.466 412.241 421.318 482.630 455.754 418.109 377.483 360.925 337.972 334.523 328.184 316.693 290.958 278.785 267.184 320.299 365.259 380.347 324.584 252.604 244.177 256.878 321.781 384.720 607.801 728.072 895.010 777.249 574.142 600.113 648.626 579.458 432.384 473.373 484.620 555.198 505.772 532.906 598.071 603.734 579.498 604.479 581.502 748.283 829.338 772.564 669.564 737.493 801.012 733.885 825.826 872.352 893.674 949.058 1040.825 1138.041 1025.004 1230.408 1258.939 1238.752 1184.464 1525.803 1765.045 1871.186 2108.902 1838.803 1645.595 1758.488 1744.429 1507.448 1570.525 1395.999 1197.798 1003.321 1048.614 993.004 798.635 735.073 668.995 -9999.000
-9999.000 514.648 504.089 524.673 501.723 479.175 463.466 421.694 437.696 425.502 443.282 434.682 424.366 397.727 382.477 367.565 359.047 389.022 403.029 364.843 313.399 276.468 281.703 275.284 270.435 297.536 307.234 334.472 365.429 407.082 435.553 517.810 498.366 440.737 420.115 404.309 389.842 348.633 377.494 363.949 353.237 312.459 318.501 263.505 291.007 294.113 240.876 227.905 258.300 299.578 388.805 453.643 604.282 868.630 929.315 746.780 758.237 884.017 910.514 798.156 592.546 532.264 575.539 618.388 676.057 691.292 681.637 744.600 750.293 844.675 759.041 679.298 708.273 706.236 820.384 715.698 758.487 855.781 876.021 805.416 868.988 881.693 918.999 956.745 1116.022 1288.713 1120.726 1152.705 1187.710 1381.834 1333.427 1547.477 1795.886 1636.395 1374.900 1612.346 1661.412 1684.533 1734.499 1529.874 1297.992 1146.216 1167.037 969.598 986.604 935.733 749.858 -9999.000
-9999.000 524.195 557.392 598.292 531.420 473.153 552.214 452.633 418.736 518.614 577.350 598.946 566.673 507.530 478.477 404.096 367.595 334.724 335.782 370.351 369.970 307.300 264.598 266.271 298.053 321.931 341.333 336.952 358.854 398.157 439.868 497.144 474.996 427.854 450.415 428.328 364.253 414.238 407.415 383.103 354.332 362.341 402.320 322.293 238.190 231.159 222.476 310.387 490.280 578.349 638.982 651.287 700.181 782.088 925.355 948.935 1006.967 1068.218 1099.850 930.403 870.397 846.672 836.719 851.926 884.419 913.139 905.444 1022.977 1007.327 1103.090 1019.729 797.786 799.162 879.597 952.600 752.676 982.243 1067.287 848.580 878.849 902.176 879.957 1015.661 1096.010 1123.424 1076.178 1034.176 1027.410 1091.198 1095.688 1123.246 1271.202 1402.732 1205.740 1104.272 1352.596 1386.506 1505.470 1699.067 1794.072 1598.039 1450.539 1301.090 1264.170 1048.139 891.910 790.573 -9999.000
-9999.000 560.046 511.094 561.863 593.096 455.964 506.457 417.311 454.034 555.735 616.592 555.394 567.753 571.114 540.408 526.835 495.827 445.033 382.383 317.298 318.002 348.416 263.839 281.314 311.080 341.703 365.681 366.197 374.911 405.221 443.029 503.078 484.519 458.256 419.067 389.427 426.067 420.459 412.795 423.857 349.453 432.108 424.688 369.929 268.261 241.117 220.009 294.192 455.831 512.190 492.992 507.129 594.277 755.345 738.296 806.320 759.524 812.795 855.228 973.459 1083.086 1076.289 962.613 1047.153 1166.673 1185.172 1123.102 1105.628 1089.018 877.372 867.463 874.990 807.027 844.916 918.394 805.077 950.083 861.321 892.962 1114.210 1093.081 954.366 962.475 1030.340 1160.292 1027.754 1020.372 963.117 918.482 911.691 955.322 1074.283 1169.267 957.853 995.918 1046.477 1129.784 1170.491 1426.309 1803.598 1839.565 1628.612 1568.227 1385.344 1153.365 978.387 925.187 -9999.000
-9999.000 483.751 421.087 510.744 546.413 508.287 512.365 409.162 456.863 526.321 581.185 481.380 504.866 578.799 466.284 499.862 475.667 460.032 491.220 426.501 309.966 284.553 252.042 296.026 325.729 363.160 413.916 431.418 425.840 444.332 482.138 495.678 492.053 436.106 423.857 439.559 460.003 428.861 480.174 438.580 367.663 404.088 327.958 311.409 320.851 255.538 209.226 274.380 390.810 391.449 391.894 567.204 679.729 736.630 608.978 645.038 615.482 672.666 652.008 765.149 869.190 867.112 664.618 759.078 930.210 880.246 795.563 784.535 695.251 657.131 579.856 579.344 523.123 567.275 799.228 887.010 812.942 949.726 1097.069 1097.275 1128.654 1220.045 1212.880 1223.319 1209.501 1152.909 1175.349 1169.062 1111.189 871.860 884.140 924.109 862.647 790.200 802.429 883.668 932.761 921.481 1184.476 1599.645 1826.416 1821.158 1841.579 1599.320 1472.185 1326.341 1146.113 -9999.000
-9999.000 333.260 370.965 409.238 401.290 361.093 455.969 387.449 537.484 561.662 499.910 418.015 570.976 597.255 528.501 431.534 431.398 390.381 414.000 380.281 341.367 283.856 247.781 284.575 340.769 360.855 378.802 419.682 472.087 494.270 456.652 476.833 499.846 481.542 463.083 481.691 488.007 473.318 459.067 404.033 406.992 367.786 397.776 392.269 341.286 264.300 219.770 227.407 259.740 345.779 474.596 484.755 515.244 484.182 452.384 622.429 603.896 456.571 501.718 605.509 660.111 619.893 479.779 641.079 742.870 611.914 559.817 586.853 538.507 480.633 440.634 433.468 381.336 527.611 686.229 878.377 946.646 1056.015 930.315 912.544 894.115 1100.996 1240.990 1334.863 1278.508 1352.836 1106.950 1013.074 925.649 859.687 802.539 921.195 849.329 713.104 727.246 829.500 869.583 778.822 1068.526 1250.125 1465.721 1572.069 1645.797 1611.513 1408.615 1281.492 1261.281 -9999.000
-9999.000 314.076 294.694 311.684 312.851 322.741 310.218 330.223 427.976 414.074 390.849 444.699 498.714 552.002 611.106 560.227 454.221 392.740 374.575 329.430 259.065 257.099 269.542 275.080 296.602 306.844 342.922 370.559 407.089 443.498 427.820 462.167 512.391 517.438 510.199 513.385 487.156 452.527 435.383 447.881 447.321 381.055 399.664 342.549 330.150 307.520 242.577 211.933 210.899 218.610 273.252 338.874 343.586 327.356 322.958 543.585 447.023 379.381 421.046 473.648 465.315 405.517 328.334 481.299 480.122 446.155 421.703 435.751 466.159 403.335 399.497 447.084 367.997 424.439 510.882 650.463 636.885 740.074 770.738 615.317 813.199 931.626 901.604 935.779 1166.835 1388.957 1350.283 1241.291 1093.392 966.237 798.700 860.704 1006.009 898.582 743.050 627.715 740.325 699.496 872.396 1019.272 1040.482 1219.947 1301.121 1443.384 1399.293 1130.332 988.258 -9999.000
-9999.000 284.207 278.076 289.530 301.328 308.428 294.497 279.586 279.664 282.904 353.163 396.979 400.705 506.145 475.731 650.048 603.741 483.743 331.924 366.086 263.139 319.932 391.217 349.493 365.854 326.934 349.491 353.946 389.350 407.553 415.229 435.221 458.768 476.083 518.181 534.011 518.296 497.780 499.611 457.901 412.893 428.850 396.531 396.802 361.150 295.926 242.976 222.045 200.090 199.954 200.113 236.639 314.397 248.058 357.806 419.170 334.252 326.038 384.750 388.787 338.547 284.957 281.985 348.104 345.267 348.978 309.995 419.283 522.454 386.548 354.542 467.407 357.958 527.193 459.785 492.118 468.938 547.316 554.979 529.421 646.838 793.519 688.592 740.094 907.456 1052.100 1078.850 1179.502 1197.236 1096.611 907.838 758.278 863.259 920.072 778.560 720.349 569.309 607.900 678.658 804.115 892.319 1022.441 1004.093 1173.982 1432.960 1144.141 998.139 -9999.000
-9999.000 280.744 271.637 276.634 285.171 284.892 281.554 269.912 257.677 246.053 251.404 265.290 294.848 327.822 483.442 626.327 608.683 542.595 389.487 320.248 265.752 360.184 437.616 483.468 487.132 385.812 455.789 482.751 461.939 412.181 400.689 414.982 433.464 424.632 446.402 499.580 533.143 534.601 521.846 487.274 461.464 436.710 386.795 336.269 298.105 272.858 335.972 266.044 240.099 206.437 197.857 191.350 214.492 236.935 325.219 283.043 288.324 363.704 418.323 365.271 367.702 271.781 288.896 430.824 416.133 411.024 282.213 493.976 401.021 277.029 342.752 331.683 333.270 379.024 403.253 358.134 407.232 438.679 438.235 458.036 569.435 605.492 514.171 545.351 687.733 782.508 764.037 786.828 855.143 1028.965 1095.050 920.496 728.587 746.205 640.503 588.817 595.142 748.191 830.178 798.090 747.223 824.594 1024.883 1132.912 1375.254 1268.217 1217.448 -9999.000
-9999.000 271.271 261.169 263.483 264.073 265.792 265.313 265.222 248.960 242.952 234.087 228.413 235.261 281.850 393.317 466.329 641.523 543.351 504.365 401.492 285.233 405.745 504.636 541.024 593.551 539.037 503.602 572.407 498.481 444.455 379.616 406.849 412.568 425.601 465.292 464.416 459.303 450.914 474.878 472.358 471.760 425.543 363.285 358.731 326.685 327.578 329.652 340.072 310.460 261.832 223.034 193.366 190.787 228.251 313.732 271.546 277.517 363.119 367.042 293.071 217.789 203.136 280.240 410.404 303.169 247.903 241.189 296.128 249.438 228.920 244.898 245.897 245.960 251.092 307.004 338.419 313.435 379.321 347.813 428.956 437.257 475.480 375.292 486.224 516.737 589.194 619.103 556.902 622.647 734.121 892.534 930.238 846.248 801.971 868.777 662.825 586.732 904.879 1010.266 1011.197 937.863 792.857 922.258 991.426 1170.627 1288.500 1370.495 -9999.000
-9999.000 263.348 251.998 245.703 244.590 246.898 250.058 252.567 242.569 232.367 227.781 221.608 217.684 228.493 288.786 399.442 455.247 537.236 535.635 373.118 296.713 382.414 420.777 437.575 567.588 634.306 583.378 504.793 494.693 436.673 384.374 445.765 510.519 524.218 529.340 474.034 436.075 419.839 449.037 434.980 391.009 390.094 376.430 363.321 345.720 365.765 339.671 368.818 330.736 284.799 271.280 205.543 189.598 196.560 219.486 304.530 239.972 302.800 301.376 291.804 207.748 226.745 210.057 219.132 221.274 228.771 233.494 245.093 257.355 266.591 277.201 300.986 287.194 257.904 251.427 250.481 259.467 265.864 281.170 300.943 316.950 323.611 343.240 372.413 393.492 419.765 492.163 453.254 547.645 544.880 620.641 641.941 646.509 652.154 669.461 517.397 515.326 731.042 894.940 1100.368 1026.912 887.927 882.140 1070.680 1143.767 1095.875 1136.985 -9999.000
-9999.000 243.972 239.168 230.074 225.839 228.579 232.966 234.387 233.413 224.707 221.251 215.724 211.176 206.954 244.373 305.132 354.490 351.230 399.631 308.706 397.569 568.661 638.596 584.033 597.651 656.289 709.786 575.628 476.115 393.220 467.281 535.825 529.789 610.859 618.319 527.038 438.080 401.190 422.636 445.309 413.604 372.243 354.139 358.095 333.371 348.886 345.073 337.974 328.651 303.389 279.946 237.417 193.507 185.742 224.290 312.990 231.466 266.765 220.624 194.397 219.848 291.118 282.036 272.675 268.695 291.838 301.027 301.341 298.835 302.721 313.569 302.314 339.348 295.282 322.330 271.674 287.408 270.691 264.715 270.324 281.474 288.899 299.167 302.438 312.119 319.592 349.000 373.488 376.667 399.077 432.830 449.371 427.810 422.394 427.175 416.573 447.043 576.337 705.788 906.776 991.028 995.353 860.688 828.070 868.248 1038.298 1167.614 -9999.000
-9999.000 231.477 229.302 222.217 214.347 211.793 215.152 221.439 218.686 216.030 213.875 208.400 206.096 203.465 199.698 207.356 264.009 250.397 228.652 310.007 464.054 527.749 557.836 666.414 714.108 796.443 699.684 675.868 552.966 419.076 411.100 453.572 523.846 647.765 669.051 551.125 481.362 403.346 465.850 482.647 386.624 364.689 339.887 335.558 314.321 309.762 305.012 290.573 295.013 268.530 250.883 239.856 201.547 182.146 207.452 262.848 217.188 208.102 185.598 188.904 220.785 245.029 285.000 295.605 282.274 306.138 310.190 330.060 322.154 300.635 343.952 316.474 346.042 308.464 340.151 298.477 307.345 330.030 279.754 294.548 294.851 299.199 309.038 320.165 313.111 311.632 321.536 323.234 333.782 349.889 369.097 375.453 387.983 415.378 425.822 440.768 476.812 531.707 616.895 774.507 792.643 901.666 714.332 730.141 976.380 1074.306 1158.235 -9999.000
-9999.000 218.390 217.882 213.917 205.942 201.706 204.666 211.698 205.371 206.644 207.201 201.615 197.670 195.228 196.062 191.088 191.667 188.317 188.430 230.282 326.156 366.475 442.241 504.510 520.309 660.597 561.656 490.471 500.743 338.555 513.367 605.359 653.645 744.613 672.848 531.282 473.873 400.994 428.057 511.489 512.382 413.907 352.035 316.693 299.154 291.718 313.318 270.070 284.920 284.053 250.949 216.397 193.104 179.968 199.598 240.002 188.288 186.454 194.090 212.275 251.657 260.432 280.043 308.025 308.899 324.171 316.936 340.091 332.940 321.311 355.332 333.237 349.513 319.760 330.262 294.177 306.104 335.936 307.926 295.538 311.281 336.664 349.758 386.058 380.462 343.747 384.854 339.629 397.874 443.669 461.052 479.733 506.245 516.714 536.083 537.538 541.132 582.651 558.690 580.297 623.619 648.002 695.492 840.059 817.495 919.113 1037.262 -9999.000
-9999.000 205.515 203.667 202.349 197.243 194.538 194.088 198.145 190.295 198.020 199.515 196.869 192.582 188.717 189.003 186.446 181.709 182.373 182.435 184.725 252.013 283.745 337.189 362.193 408.457 438.218 342.427 384.637 419.025 287.328 562.309 629.650 635.336 740.060 809.733 729.661 626.734 445.883 478.537 535.297 569.257 518.606 447.570 415.662 398.357 287.149 289.558 278.051 251.174 269.144 249.778 232.376 200.884 178.038 188.899 189.915 179.642 211.508 230.875 243.970 270.256 271.618 276.502 294.474 305.064 315.162 324.013 337.889 354.394 343.356 352.108 352.015 351.906 350.992 349.668 313.423 314.407 341.049 338.912 325.929 327.095 332.014 351.899 370.094 364.652 364.730 366.905 376.451 404.714 465.257 494.171 527.970 533.888 567.567 575.385 568.791 647.328 607.962 544.590 530.530 536.181 664.603 885.715 838.926 717.294 744.168 756.364 -9999.000
-9999.000 190.692 190.248 190.549 188.957 188.091 185.293 187.554 182.580 189.788 190.902 189.968 185.374 183.076 184.581 183.027 179.509 178.308 179.116 179.391 186.005 196.221 230.863 258.501 306.363 275.021 235.352 338.348 260.407 247.034 383.906 411.569 499.527 523.820 667.623 644.472 724.733 535.050 391.808 534.925 608.043 587.282 461.951 532.506 526.832 406.237 305.973 292.576 257.571 245.790 219.105 204.113 195.369 175.362 172.440 170.529 178.881 217.697 238.850 252.994 249.217 254.361 270.327 282.982 291.095 297.577 307.085 324.266 350.675 317.931 325.048 341.087 339.230 351.914 363.590 349.530 340.803 353.566 367.103 351.255 356.159 370.896 359.443 393.772 393.466 380.559 372.123 392.875 416.971 459.030 500.946 550.388 564.596 643.153 627.854 666.638 671.599 627.142 562.247 515.936 515.569 600.602 800.616 684.986 618.456 718.883 772.686 -9999.000
-9999.000 181.813 182.151 181.675 180.078 180.025 178.450 177.244 175.375 178.306 182.142 180.807 177.276 178.636 180.466 178.434 175.499 172.033 173.296 176.097 179.148 178.340 186.395 194.436 193.568 199.849 199.683 207.842 203.252 209.355 237.109 281.886 373.571 424.811 504.510 470.758 517.121 401.764 416.784 623.716 659.944 713.798 593.717 630.967 470.142 365.354 450.223 439.423 367.767 358.744 274.922 243.370 215.524 183.710 173.825 166.460 189.621 221.363 234.149 257.331 234.596 232.799 255.620 260.005 268.825 294.910 309.769 348.718 348.258 316.852 317.211 318.996 321.044 332.727 347.089 348.523 347.693 369.176 376.321 364.531 373.613 388.518 396.681 397.702 409.279 402.351 394.597 388.598 403.147 413.062 446.765 482.612 566.994 635.594 666.863 698.401 695.013 644.053 580.644 520.349 510.071 557.535 576.488 646.563 783.815 730.078 705.589 -9999.000
-9999.000 172.350 172.304 174.475 172.604 173.773 171.592 168.049 168.506 166.075 172.336 174.366 171.918 173.157 174.231 172.644 170.883 167.405 168.964 169.946 171.505 169.994 172.311 175.093 173.885 182.107 188.436 191.489 192.421 200.092 203.951 212.580 270.678 309.711 386.835 369.019 394.384 288.482 481.547 616.264 475.117 622.994 629.852 741.696 556.691 425.650 463.993 550.074 381.364 542.186 460.375 366.711 290.297 207.897 180.220 163.814 182.066 206.624 242.897 265.964 246.560 298.818 309.964 245.400 256.793 269.797 287.090 364.879 343.166 315.402 313.283 306.940 305.592 320.159 355.019 401.135 413.078 393.787 402.599 401.030 396.392 399.328 434.493 433.288 448.681 465.159 435.065 439.623 436.266 425.815 444.098 465.244 496.510 525.250 551.187 618.737 619.364 594.010 554.594 524.916 526.076 529.168 527.121 642.876 814.653 940.444 932.757 -9999.000
-9999.000 163.731 164.708 167.074 164.242 166.983 165.095 161.639 159.496 161.859 166.529 168.531 165.091 166.505 167.556 165.875 164.146 162.369 162.294 163.616 164.819 164.517 164.098 166.050 170.397 176.160 180.953 181.940 186.768 192.759 192.335 186.304 197.412 221.901 267.721 276.333 267.079 249.796 402.010 530.978 415.269 462.974 464.210 704.217 644.964 579.766 514.117 454.390 433.774 502.434 391.632 447.197 409.897 222.242 178.920 168.234 216.698 222.305 225.850 211.549 279.108 315.166 321.594 277.087 264.307 283.156 317.320 293.550 271.621 261.653 274.717 280.528 290.347 311.401 328.408 380.086 385.829 382.394 403.679 420.594 422.452 433.793 450.444 458.262 458.130 457.703 438.515 501.206 469.036 487.919 483.161 493.571 536.101 541.311 558.816 594.059 577.276 567.570 551.286 522.888 510.756 514.847 520.053 546.776 598.012 743.143 834.662 -9999.000
-9999.000 156.394 158.741 157.551 157.729 159.351 157.451 155.955 152.285 156.809 159.820 159.527 158.576 159.277 159.532 158.967 158.433 158.340 157.965 158.571 159.279 159.072 159.773 161.586 165.601 169.058 172.810 173.530 179.075 182.919 184.327 177.575 170.897 178.599 185.356 194.119 197.350 227.312 386.263 367.419 388.035 312.794 521.921 611.127 464.255 609.083 551.460 573.756 537.178 471.473 353.643 267.236 247.524 210.344 302.376 306.367 235.741 208.678 197.050 180.584 207.943 214.019 241.598 252.345 323.597 332.424 375.507 316.158 270.727 295.550 300.902 305.998 307.794 324.842 311.985 324.960 351.141 380.352 403.912 443.383 464.862 511.689 523.824 516.026 503.808 489.313 477.876 482.732 483.722 496.500 594.049 662.158 660.422 610.402 581.816 583.022 562.112 545.985 529.962 535.547 513.866 508.137 501.701 509.636 540.267 574.662 593.879 -9999.000
-9999.000 149.305 151.651 150.743 151.947 152.166 149.406 150.197 148.633 153.001 154.823 154.498 154.352 154.410 155.095 155.016 155.433 154.940 153.675 154.097 154.575 153.878 153.747 157.218 159.431 162.801 165.588 167.409 172.566 174.998 175.554 173.711 163.074 161.719 174.292 185.250 183.193 210.768 324.217 271.753 337.840 252.054 355.086 442.915 383.463 517.618 489.168 407.271 438.695 605.207 444.982 442.046 239.341 196.090 303.930 322.660 200.863 197.989 170.105 180.147 180.753 191.039 193.028 229.512 264.753 283.259 339.941 328.135 267.235 304.368 315.127 314.849 304.684 305.629 301.678 329.321 355.781 385.145 395.237 406.686 432.697 477.411 521.034 535.307 558.709 536.569 536.311 522.696 501.667 522.603 554.207 654.967 713.878 715.273 652.164 605.653 568.475 540.228 524.920 555.826 540.990 519.255 568.619 567.377 533.706 534.048 541.013 -9999.000
-9999.000 144.120 146.493 145.497 145.174 145.565 143.389 143.354 145.653 149.254 149.845 149.896 150.369 150.943 150.983 151.549 152.196 151.864 150.398 149.291 149.258 148.469 151.041 153.635 155.567 157.784 159.020 162.259 166.038 166.768 166.145 163.690 157.132 160.204 171.563 177.874 175.357 173.375 202.235 190.841 219.472 189.331 231.934 292.542 285.201 367.707 363.662 292.059 429.611 568.752 555.910 455.893 255.407 183.692 164.098 231.753 388.674 307.998 241.742 218.835 240.475 234.626 213.557 218.084 217.357 214.091 221.233 247.907 266.242 290.783 297.860 299.683 294.149 298.020 317.349 323.846 334.568 353.037 371.728 391.429 414.015 438.035 449.833 479.377 529.914 570.102 602.532 563.225 545.302 569.660 600.010 668.665 641.459 621.684 607.747 594.717 582.298 543.566 559.016 530.470 565.797 616.300 585.382 621.600 633.370 607.077 560.464 -9999.000
-9999.000 139.027 140.419 139.663 139.385 139.518 138.126 138.098 140.870 144.073 145.511 145.396 146.277 147.203 146.280 146.775 147.803 147.969 147.351 143.161 141.798 143.915 148.586 149.785 151.713 152.991 154.707 157.993 158.515 161.004 159.209 155.822 151.259 159.249 166.689 169.981 169.734 163.726 161.504 161.395 158.059 164.237 165.216 184.750 197.884 258.715 245.510 234.265 347.227 529.350 578.859 513.468 411.854 341.623 188.209 190.673 329.174 418.209 367.200 310.772 388.915 371.012 255.922 205.299 218.063 245.841 272.822 275.714 300.410 288.084 282.516 309.467 350.892 313.937 323.287 305.860 308.340 325.711 350.481 375.718 398.342 411.187 440.795 496.703 492.756 520.863 577.011 591.520 579.493 600.734 664.638 704.514 659.080 614.364 606.730 584.964 538.684 524.993 565.857 532.275 679.257 801.364 734.633 670.657 675.078 688.050 691.553 -9999.000
-9999.000 132.881 133.941 134.292 132.995 132.611 133.252 131.375 135.607 140.221 141.155 141.163 142.053 142.740 140.778 140.463 142.365 142.645 141.533 140.098 136.424 138.732 142.718 144.229 147.635 148.698 149.810 150.945 151.829 153.558 152.051 149.735 145.296 157.737 160.562 162.799 163.589 158.136 153.482 151.717 151.387 156.133 154.296 162.186 162.326 162.468 173.479 210.940 313.459 385.364 377.163 371.388 360.803 213.770 256.224 331.579 275.714 318.626 445.435 398.349 485.502 331.404 319.911 305.017 242.340 264.424 312.085 351.595 411.540 365.761 324.223 372.328 360.999 324.064 294.407 301.678 321.046 342.254 347.171 367.127 378.040 423.066 469.125 465.690 467.380 498.339 521.651 553.189 602.021 613.832 609.582 644.355 709.224 674.698 634.151 564.549 551.474 547.453 513.005 476.813 557.794 644.775 849.350 916.873 862.647 814.598 791.715 -9999.000
-9999.000 128.114 128.651 128.203 127.947 127.843 129.151 127.286 131.312 135.214 136.950 137.239 137.894 139.085 136.102 134.913 136.709 138.009 137.828 136.629 132.255 133.081 138.364 139.639 141.828 142.927 145.456 143.705 144.596 143.824 143.455 139.461 143.269 150.541 153.132 154.708 155.676 155.735 149.005 144.494 143.450 146.655 146.601 148.555 151.842 150.429 151.913 187.157 231.617 287.174 285.781 277.673 213.356 182.709 382.819 539.937 430.484 342.185 450.999 454.513 493.332 454.081 372.709 429.923 335.595 351.575 402.919 394.766 488.435 453.157 403.011 384.157 328.635 280.614 287.666 311.829 324.733 325.869 348.525 362.715 396.426 436.318 436.309 431.332 445.343 470.727 499.586 521.769 546.460 555.268 570.046 614.020 656.875 619.307 598.067 555.036 631.493 617.380 575.326 513.899 454.160 486.800 628.465 866.848 752.541 804.930 741.571 -9999.000
-9999.000 122.711 121.941 122.086 122.314 123.867 124.200 121.923 125.850 130.890 133.173 133.373 130.682 132.657 131.262 129.345 130.785 133.195 134.180 133.089 129.993 129.445 132.849 134.817 136.179 138.040 138.655 137.892 138.291 138.405 136.855 133.275 142.163 144.239 146.687 147.037 147.420 148.106 146.904 139.345 135.971 137.288 139.617 143.236 145.435 144.679 142.257 145.761 158.892 188.834 195.146 163.042 143.502 156.330 386.642 479.263 501.508 482.467 428.761 404.106 455.594 494.268 486.858 472.574 446.758 473.252 476.740 469.193 459.735 465.422 507.656 404.712 308.998 280.956 311.717 289.292 306.306 332.755 360.465 387.017 408.706 414.245 397.276 424.642 457.044 467.113 482.239 496.981 514.342 531.724 546.165 599.847 630.458 605.451 577.828 566.322 630.009 675.072 615.948 567.899 523.256 470.920 451.885 556.033 559.556 639.607 -9999.000 -9999.000
-9999.000 119.457 119.343 119.205 118.311 119.795 120.023 118.591 121.662 126.139 128.909 130.367 125.491 127.042 128.837 125.940 127.322 129.901 130.696 128.782 127.795 126.923 127.950 129.582 130.955 131.099 132.122 131.053 131.211 132.512 131.908 130.341 136.155 137.048 141.231 139.151 139.503 140.053 140.217 135.855 130.935 131.504 134.563 138.511 138.235 139.064 139.484 135.387 135.601 146.565 144.437 134.583 129.991 146.554 262.439 325.796 345.684 315.049 359.874 337.267 382.988 319.220 453.294 411.189 359.020 388.331 365.008 414.150 433.254 433.233 413.565 446.552 313.692 275.835 292.595 353.838 386.798 400.715 384.639 398.652 427.594 392.865 390.366 405.255 416.668 433.525 455.215 461.836 480.245 491.487 512.105 547.305 560.412 601.181 626.551 602.761 586.972 579.865 604.615 615.034 607.770 548.365 488.018 424.101 427.685 548.169 -9999.000 -9999.000
-9999.000 115.521 115.175 114.397 114.807 116.019 116.512 115.217 119.168 119.751 123.176 124.723 119.831 122.309 124.419 121.508 123.146 124.578 124.148 124.237 124.774 125.395 124.738 127.389 127.285 127.687 128.363 127.657 127.888 128.275 127.165 125.654 127.294 129.589 130.501 130.397 130.511 132.243 133.514 130.449 125.315 128.510 131.976 131.741 131.705 134.180 134.733 129.574 128.351 134.307 134.258 128.262 127.756 130.372 175.309 219.969 257.008 234.673 312.965 235.941 320.236 295.274 328.584 302.229 324.962 271.920 290.989 274.565 335.977 295.063 408.175 378.345 249.387 325.246 341.493 389.441 391.318 399.376 473.587 511.700 498.682 404.029 368.199 398.038 405.968 406.327 436.571 438.254 453.016 462.250 481.951 496.957 510.788 559.396 624.567 615.136 589.388 545.972 518.900 552.513 626.135 633.277 577.177 504.122 424.347 409.038 -9999.000 -9999.000
-9999.000 109.935 110.159 111.440 113.401 112.400 113.886 113.957 119.132 115.564 118.899 119.789 116.566 119.216 120.318 119.787 120.212 121.660 120.577 121.493 121.834 122.921 122.611 125.397 124.271 126.096 126.128 125.266 125.027 125.269 122.938 121.574 127.207 125.772 125.151 125.163 125.094 127.775 128.740 126.711 121.701 126.255 128.369 128.147 128.614 129.533 130.385 129.793 124.843 125.619 127.116 125.058 126.695 126.279 129.734 138.909 192.638 187.269 224.288 193.641 227.498 204.377 230.701 201.163 223.904 187.203 192.871 194.754 243.543 250.988 340.492 251.026 270.018 406.948 478.543 515.005 495.750 518.961 577.729 519.610 472.495 369.539 401.300 419.100 394.836 398.545 439.826 414.908 433.825 445.593 446.912 451.559 484.325 530.594 585.137 650.330 616.210 573.710 536.658 491.553 515.641 547.210 587.010 585.815 500.496 404.455 -9999.000 -9999.000
-9999.000 107.807 108.811 111.162 111.361 110.491 111.277 111.259 114.063 114.741 115.336 113.072 112.345 115.026 116.429 116.454 118.487 119.231 117.968 118.437 118.402 119.376 119.794 120.523 120.924 125.820 125.255 123.338 121.720 122.018 121.388 120.577 122.606 120.766 121.763 120.891 122.052 124.892 125.871 123.340 119.626 122.963 124.980 125.437 125.678 124.980 124.281 123.555 122.403 121.182 122.784 124.974 124.877 125.122 128.648 130.334 136.322 147.295 147.825 149.827 161.826 157.897 154.163 155.779 160.398 163.178 164.471 173.299 179.310 185.508 211.869 194.865 233.515 326.527 381.311 372.654 401.440 394.807 429.333 456.435 409.720 363.073 487.459 477.036 368.207 459.528 459.100 397.950 420.166 446.968 435.695 433.256 466.178 500.244 542.246 610.341 638.436 598.763 540.660 490.025 462.814 470.751 483.555 483.113 449.499 404.828 -9999.000 -9999.000
-9999.000 106.139 107.115 110.264 109.262 109.388 109.020 110.069 110.810 111.915 110.744 110.241 110.140 114.185 114.599 115.618 116.354 115.763 115.651 114.951 115.146 115.629 117.268 116.759 118.571 121.895 122.615 120.728 119.063 119.192 118.952 117.223 119.977 119.288 120.216 120.062 123.272 123.626 121.873 120.765 118.895 121.544 121.848 121.533 121.963 121.406 119.602 117.831 118.978 119.380 122.106 124.333 124.351 122.693 126.565 130.167 133.733 137.765 144.113 149.742 154.699 157.488 153.169 149.171 153.042 158.506 163.356 168.476 171.374 173.972 176.859 177.274 194.361 242.818 273.034 284.540 274.075 331.067 323.176 370.868 332.184 384.640 512.324 415.648 405.936 550.513 479.844 387.483 425.885 415.619 416.855 443.200 454.118 460.567 480.532 542.804 607.350 604.989 562.591 512.883 466.979 440.231 436.406 439.267 420.221 399.564 -9999.000 -9999.000
-9999.000 105.061 107.596 107.029 107.112 107.309 107.916 110.327 109.539 110.165 108.333 109.090 109.147 110.696 110.812 113.001 113.246 112.516 113.149 112.148 112.451 114.514 115.479 115.072 114.002 118.235 118.862 117.945 115.857 115.060 115.668 115.765 115.733 116.408 117.731 117.263 119.496 120.239 119.040 117.819 117.145 118.580 118.701 118.096 118.249 116.833 114.474 113.260 115.170 117.898 121.322 121.337 122.208 120.568 123.448 128.140 131.358 136.309 139.803 143.563 147.457 150.317 148.318 145.291 150.542 153.981 156.834 162.002 164.247 167.124 168.442 174.806 183.366 194.186 208.073 213.183 224.586 244.465 262.987 272.857 317.586 339.421 408.876 305.651 411.929 488.018 381.691 387.738 504.459 416.493 388.852 418.304 426.677 420.478 446.009 501.106 529.171 584.995 568.765 511.546 463.794 438.383 416.709 420.550 404.429 387.047 -9999.000 -9999.000
103.551 104.493 105.776 105.394 105.853 105.322 105.915 106.285 109.095 108.421 106.428 104.915 106.582 106.407 107.363 108.515 110.072 109.834 110.816 109.925 110.368 111.003 112.771 114.402 111.510 114.114 117.007 114.482 113.159 111.165 112.336 110.904 115.548 114.399 114.222 114.846 116.343 117.272 116.710 115.810 113.845 113.084 115.099 114.850 115.242 113.830 111.008 110.187 114.223 116.312 119.841 120.066 120.205 118.426 120.133 124.985 129.098 131.410 134.762 137.816 141.198 143.267 140.832 142.336 146.061 147.659 150.377 155.669 158.501 160.950 167.036 176.706 185.577 196.835 201.854 211.968 220.792 228.189 233.458 247.342 254.387 266.777 381.265 280.796 417.846 410.968 379.610 474.698 466.482 378.239 400.309 410.817 392.209 407.346 431.603 451.884 470.491 493.965 531.845 520.862 477.456 427.362 402.368 417.365 421.377 420.952 -9999.000 -9999.000
102.818 103.462 104.166 103.362 103.521 101.781 102.652 102.370 106.113 105.874 104.307 103.433 103.992 103.494 104.470 105.155 107.937 106.590 107.712 108.423 107.521 108.770 109.977 110.826 108.219 111.322 112.454 111.060 109.572 108.024 109.111 107.913 110.629 109.143 110.333 112.289 112.227 113.854 114.260 114.280 110.101 111.748 112.063 111.896 111.839 111.451 110.197 108.644 110.828 114.315 116.836 116.935 116.474 116.663 118.009 121.705 126.209 127.976 130.516 133.026 136.218 138.370 137.818 138.437 140.979 144.571 148.620 150.938 155.490 160.501 166.688 174.953 182.507 191.883 199.521 206.279 216.971 219.530 228.113 232.533 227.778 247.146 263.024 261.801 330.087 315.687 376.074 404.868 378.116 401.750 402.121 395.137 363.915 397.938 420.326 421.590 430.822 427.783 457.356 492.501 473.749 441.432 392.497 399.888 410.691 449.060 -9999.000 -9999.000
101.155 101.643 102.477 101.447 100.893 99.813 100.253 101.345 104.473 103.727 101.220 101.138 100.071 101.580 102.681 103.987 105.900 105.243 105.893 107.070 105.533 106.627 109.064 107.953 106.671 107.736 108.453 107.155 105.538 104.521 105.195 106.055 106.263 105.857 108.994 109.604 109.519 110.127 111.371 112.038 108.193 107.388 108.861 108.466 107.607 107.601 107.479 107.314 110.130 113.122 114.457 113.582 113.482 114.334 115.930 120.577 121.219 124.618 127.331 129.455 132.224 133.487 132.904 135.680 140.449 143.232 146.152 148.834 153.001 156.571 162.272 169.590 177.566 184.102 193.191 200.238 205.628 212.574 218.168 217.959 225.937 240.134 241.521 257.236 264.732 271.744 306.026 296.800 296.409 345.592 330.972 334.549 374.131 421.039 387.160 409.377 405.864 396.442 408.977 424.065 454.478 435.972 390.604 372.038 400.992 447.536 -9999.000 -9999.000
99.936 100.099 99.952 100.271 98.213 97.101 98.381 100.186 102.717 100.778 99.694 99.820 99.377 100.237 101.232 101.375 104.199 104.362 104.847 105.591 104.991 105.867 107.511 105.910 103.896 105.191 105.934 104.444 103.807 103.100 101.308 104.343 101.575 103.354 106.138 105.977 105.763 106.275 108.061 109.268 106.679 105.552 105.972 106.237 101.956 103.521 104.816 105.084 109.011 111.200 111.587 111.110 110.998 111.881 115.082 118.428 119.257 121.568 124.175 126.902 128.719 128.948 129.296 131.395 136.718 139.345 141.554 144.900 147.999 150.786 157.354 164.183 170.517 177.140 183.328 192.176 198.316 203.224 205.299 209.283 219.128 227.915 238.631 247.560 253.691 258.727 263.144 274.726 276.330 291.942 284.347 325.100 336.426 373.103 390.214 376.501 395.634 379.275 384.479 395.519 391.841 418.841 387.872 354.360 387.295 430.944 -9999.000 -9999.000
98.343 98.190 99.049 99.349 96.100 95.288 97.098 98.798 99.045 97.505 98.492 98.505 97.639 99.923 100.388 100.637 101.754 103.009 103.434 103.902 104.212 103.935 105.586 106.052 103.225 105.035 104.287 103.058 102.041 101.799 99.738 101.116 100.611 103.925 104.083 103.221 102.465 103.922 105.695 106.995 105.774 104.761 107.432 105.188 99.348 100.364 102.327 103.598 105.673 108.287 109.133 109.142 108.945 109.437 111.312 114.142 117.066 119.301 121.610 123.595 125.565 126.386 126.454 129.348 132.119 134.849 137.670 138.516 142.179 147.406 152.359 158.465 163.085 171.397 178.035 182.708 187.636 192.746 198.544 205.029 217.398 224.082 231.565 237.184 243.940 247.116 254.204 259.230 261.030 271.844 279.305 311.576 294.643 328.929 375.086 358.430 381.896 351.239 362.990 403.894 369.461 363.611 369.410 340.485 374.937 425.512 -9999.000 -9999.000
96.717 96.472 98.754 98.214 94.917 95.239 96.454 97.329 95.459 94.880 96.166 96.649 96.177 98.452 98.205 99.734 100.976 101.647 102.093 101.606 102.021 100.623 102.963 105.072 101.774 103.739 102.751 100.631 100.502 99.798 98.094 98.897 99.391 101.697 101.966 101.317 100.948 102.980 104.678 104.555 103.429 104.932 107.316 101.898 98.133 100.381 101.467 102.430 104.548 106.203 107.183 107.273 107.080 108.256 109.816 112.443 115.588 117.913 119.022 120.918 122.980 123.896 123.890 125.287 128.318 129.114 131.615 134.534 138.473 142.000 148.610 153.506 159.424 165.737 168.578 171.584 177.547 185.104 196.576 200.828 208.190 217.142 223.082 227.843 231.740 235.789 240.859 244.497 247.775 248.104 268.715 285.677 284.049 288.840 305.669 303.199 303.530 325.085 366.887 425.171 337.253 345.694 338.855 345.773 387.580 431.019 -9999.000 -9999.000
95.586 95.315 96.912 95.963 93.584 95.679 96.838 96.266 95.140 94.397 94.661 95.708 95.296 95.644 96.869 99.706 100.531 100.032 100.431 100.349 100.108 100.273 101.603 103.198 100.559 100.196 100.993 99.493 97.599 97.125 96.669 97.395 96.821 98.805 99.971 99.568 100.724 102.520 102.232 101.906 100.039 102.105 102.301 98.232 96.983 98.814 99.750 101.046 103.157 104.582 105.581 105.567 106.007 108.465 110.649 112.836 114.950 115.896 117.326 119.485 120.371 121.166 120.616 122.266 124.011 124.359 128.101 131.032 134.979 139.957 145.754 151.576 155.992 159.462 162.223 167.311 174.223 180.158 185.691 193.228 200.050 208.155 214.382 217.210 222.625 225.967 226.995 231.146 235.028 241.178 251.363 256.200 262.946 282.684 278.061 275.333 268.815 293.112 292.964 358.035 311.045 326.112 334.642 363.859 378.160 405.348 -9999.000 -9999.000
95.008 94.559 94.646 93.535 92.400 95.172 95.877 95.481 94.138 92.522 93.441 94.049 93.445 94.557 95.406 97.102 98.303 96.936 99.142 99.394 98.320 98.690 100.874 100.943 100.070 98.369 98.831 98.306 95.824 94.783 95.249 95.607 95.404 96.975 96.483 97.585 100.500 100.976 99.872 99.599 100.193 101.094 98.031 95.897 95.216 95.889 97.980 100.287 102.054 103.392 104.396 104.190 105.064 106.193 109.351 111.904 112.615 113.592 115.177 116.495 117.903 118.591 118.440 119.255 119.687 120.466 124.340 127.984 131.642 133.877 141.228 145.923 150.184 155.908 159.879 163.904 168.553 170.757 176.934 183.703 194.992 201.019 205.010 206.983 213.839 214.999 214.714 218.387 222.704 230.145 236.136 241.054 255.979 263.477 263.716 256.840 269.805 274.121 280.874 296.817 299.641 292.113 346.188 350.750 356.979 375.297 -9999.000 -9999.000
91.413 91.659 90.274 90.209 91.976 92.880 94.457 94.604 92.247 90.791 91.617 91.128 91.589 93.577 92.661 94.289 95.199 95.606 97.745 96.287 96.214 98.391 98.693 96.914 96.704 96.702 96.322 96.110 94.999 92.943 92.649 93.850 95.352 95.140 96.612 97.695 99.145 99.435 97.961 97.802 98.615 97.049 94.611 94.280 94.466 95.613 97.621 99.951 101.119 102.149 102.865 102.068 102.891 103.884 107.313 109.127 109.823 110.830 111.569 113.607 114.743 115.448 115.677 115.652 116.085 118.294 120.779 123.009 125.630 130.210 134.826 138.827 145.824 149.115 152.655 157.621 159.357 164.940 169.819 177.553 184.844 190.828 194.210 198.346 203.114 203.850 204.649 207.772 211.362 216.435 223.112 232.049 240.046 247.949 249.522 248.527 256.726 257.601 281.141 298.922 264.773 279.080 313.898 325.318 353.508 354.820 -9999.000 -9999.000
87.869 89.759 89.877 89.907 89.747 90.076 92.324 92.439 89.723 88.785 89.909 90.040 90.888 90.911 90.454 91.552 93.027 94.757 95.350 95.414 95.773 96.141 96.086 95.044 94.503 95.026 94.795 95.045 93.535 90.963 90.543 91.627 92.472 91.495 94.482 95.358 96.990 97.679 95.361 95.702 96.066 95.277 93.650 93.188 93.668 94.307 95.078 97.076 99.305 101.032 101.221 100.192 100.639 102.534 103.519 105.259 106.859 108.153 109.356 110.712 111.247 113.203 112.937 111.692 113.654 116.634 118.613 120.127 123.420 127.541 130.611 135.125 139.951 143.407 147.854 150.554 151.323 156.383 161.864 169.343 176.666 180.109 185.759 191.018 193.143 194.864 197.421 200.449 200.371 204.402 212.887 219.556 225.611 233.821 234.182 240.275 238.984 256.790 297.803 293.705 255.297 265.714 293.334 311.919 337.092 339.498 -9999.000 -9999.000
85.154 87.386 88.764 88.554 88.332 89.558 89.991 89.899 85.582 85.805 87.538 88.538 89.673 90.001 90.023 90.314 92.183 93.500 94.092 94.260 94.776 94.285 94.356 94.100 93.192 92.979 92.495 93.080 92.552 90.243 89.723 90.182 90.160 90.239 91.460 93.581 94.568 95.419 94.804 94.106 94.412 93.858 93.094 92.201 92.517 93.183 94.385 95.768 96.908 100.150 99.911 98.337 99.226 99.704 100.225 102.491 104.809 105.634 106.806 108.550 109.759 110.677 110.946 110.119 111.932 114.483 116.536 118.821 122.209 126.159 128.255 130.554 134.943 139.307 143.560 145.484 147.454 151.434 157.233 163.722 168.722 170.767 175.645 179.191 183.478 185.486 189.742 189.341 187.498 194.576 201.771 205.338 212.652 219.450 220.452 225.401 226.424 247.023 280.725 272.501 243.121 260.559 292.873 309.914 321.597 309.810 -9999.000 -9999.000
85.017 86.066 85.747 86.639 87.926 88.887 88.408 88.351 85.911 85.073 85.971 87.662 88.745 89.166 89.976 90.776 92.139 92.178 92.794 93.014 93.841 93.193 92.984 92.987 92.670 91.415 90.266 90.771 91.607 90.152 89.042 88.864 89.224 89.352 89.946 91.422 91.824 92.877 93.585 93.026 93.439 92.474 92.057 91.152 91.508 92.292 93.472 93.854 94.439 97.039 98.343 96.442 96.881 97.722 99.294 101.432 102.904 103.874 105.488 106.394 107.153 108.193 109.749 108.892 109.812 112.189 114.572 117.473 121.127 124.219 125.097 126.937 130.813 135.607 138.768 140.329 143.299 146.624 153.458 158.560 160.659 162.634 166.075 168.205 172.645 175.883 179.615 179.106 179.874 184.415 188.538 193.019 196.934 203.230 207.233 208.991 212.285 224.738 254.785 256.408 239.153 261.083 269.655 283.401 291.729 287.541 -9999.000 -9999.000
84.999 85.186 85.732 86.938 87.778 87.779 87.085 86.693 85.945 85.044 85.898 87.238 87.287 88.752 89.866 90.793 90.837 91.133 91.654 92.401 93.081 92.598 91.655 91.590 92.021 90.989 90.110 89.378 90.123 89.992 88.926 88.009 88.014 88.469 89.133 89.495 90.107 91.585 92.676 92.016 92.511 91.653 90.363 90.175 90.591 90.965 91.631 92.618 94.171 95.091 96.155 95.492 95.573 97.347 98.677 99.877 101.588 103.477 104.324 104.467 104.897 106.839 107.329 105.662 107.962 110.054 113.315 116.794 118.152 120.046 120.904 124.640 125.858 129.526 132.923 135.173 138.406 142.630 148.869 152.035 152.528 155.229 159.794 162.412 164.333 167.433 170.397 170.981 171.232 174.982 179.793 184.305 189.423 193.434 197.714 199.738 202.857 212.409 233.483 249.672 234.159 250.012 263.633 263.606 286.511 274.269 -9999.000 -9999.000
84.731 85.128 85.880 86.071 86.436 86.216 86.361 85.183 84.938 85.091 85.550 86.043 86.401 87.995 89.593 90.463 89.990 90.386 91.001 91.757 92.258 92.076 90.995 90.419 90.937 90.372 89.460 88.444 89.507 89.991 89.405 87.844 87.113 87.810 87.906 88.471 89.731 90.439 91.678 91.080 91.479 91.327 90.092 89.222 89.480 89.789 90.820 92.211 93.220 94.056 95.120 95.168 95.751 96.554 97.637 99.756 101.028 102.421 102.820 102.354 103.604 105.194 105.203 104.907 106.668 110.998 114.314 114.370 114.748 116.304 119.462 121.132 122.509 126.181 127.891 129.734 132.559 138.255 142.567 146.232 145.530 149.580 154.775 156.744 158.517 159.399 160.520 162.613 164.598 167.155 173.911 177.884 182.035 185.679 189.530 193.087 194.900 202.721 210.822 216.318 218.282 221.698 234.030 276.678 291.090 281.498 -9999.000 -9999.000
84.012 84.760 84.806 85.019 85.300 84.894 85.342 84.982 83.911 84.548 85.182 85.075 85.113 85.172 87.307 89.130 88.885 89.603 90.316 91.167 91.288 91.215 90.945 90.144 89.758 88.915 88.802 87.815 88.850 88.927 88.781 87.390 86.382 86.650 86.666 87.529 87.902 89.234 90.802 90.165 90.444 90.725 89.951 88.495 88.129 89.590 90.498 91.397 92.261 93.861 95.028 94.862 94.713 95.070 96.565 98.524 100.379 101.122 101.141 101.034 103.459 104.805 104.735 103.855 106.256 110.282 112.331 111.843 112.813 113.652 115.446 118.088 119.306 121.848 124.003 124.436 128.710 134.187 137.168 139.654 140.358 145.410 149.063 151.424 152.487 152.285 153.174 157.337 158.561 161.962 166.670 172.015 172.704 177.639 181.784 186.101 188.638 195.652 202.715 208.650 209.376 209.911 223.359 243.886 280.446 263.081 -9999.000 -9999.000
83.264 83.600 83.724 84.000 84.218 83.674 83.795 84.120 83.048 83.784 84.892 85.009 85.000 85.001 85.052 86.259 87.687 89.616 90.064 90.424 90.376 90.011 90.067 90.141 88.983 87.531 87.158 86.991 87.294 86.968 86.691 85.708 85.467 85.533 85.709 85.795 85.808 88.601 90.071 89.247 89.493 89.482 89.129 88.258 87.068 88.331 89.332 90.305 91.249 92.531 94.185 94.249 93.161 94.601 95.849 96.918 99.481 100.041 99.951 100.724 101.971 101.802 102.635 102.171 105.052 108.357 108.611 109.417 110.459 110.237 112.953 115.288 116.537 117.893 118.141 122.090 125.692 129.093 131.549 133.985 136.884 140.979 144.196 145.716 146.435 145.580 145.821 150.783 151.782 155.304 162.017 165.733 164.963 170.532 173.938 179.144 181.866 188.646 195.293 199.365 200.249 200.294 210.497 225.391 246.242 253.512 -9999.000 -9999.000
81.820 81.953 81.773 81.656 83.087 82.268 81.948 82.284 82.225 83.744 84.899 85.017 85.001 85.176 85.707 86.335 87.479 88.690 89.352 88.865 88.853 87.906 88.793 89.362 89.005 87.301 85.898 85.968 85.622 85.107 85.048 84.635 84.766 84.904 85.051 84.857 85.484 87.742 88.552 87.969 88.659 87.970 86.929 87.013 86.046 87.099 88.184 88.908 89.564 90.113 91.852 92.152 92.519 94.357 94.594 95.432 97.326 98.168 97.904 97.758 99.542 99.510 100.285 101.474 103.495 104.870 105.062 106.050 106.718 107.316 109.623 111.584 113.168 111.885 115.006 117.855 119.284 122.437 127.683 128.432 132.912 135.068 138.546 140.006 139.839 136.439 139.966 144.193 145.107 151.030 157.935 159.007 159.199 162.433 166.848 172.263 175.087 181.379 187.487 190.311 191.635 191.106 198.482 209.002 228.300 222.415 -9999.000 -9999.000
80.309 80.348 80.132 80.332 81.665 80.550 80.615 81.159 82.514 83.760 84.577 84.746 85.036 85.334 86.189 87.008 87.871 88.557 88.482 87.151 85.931 85.482 86.983 87.772 88.353 86.650 84.972 84.788 84.932 84.281 84.023 83.855 83.998 84.289 84.537 84.220 84.814 85.851 86.772 86.830 87.907 87.148 85.870 85.268 85.267 85.779 86.783 87.270 87.908 89.224 90.191 90.697 91.967 93.081 93.283 94.082 94.817 95.818 95.782 95.858 98.073 97.613 98.260 99.070 100.509 100.799 100.646 101.232 102.068 105.010 106.190 109.506 109.494 109.218 111.659 110.671 113.269 120.486 121.006 123.695 126.498 128.966 131.785 134.080 133.779 130.860 133.545 135.807 140.275 147.209 151.903 152.644 152.565 156.732 160.917 164.615 168.137 173.894 178.013 181.012 180.629 182.037 189.743 194.852 194.605 199.439 -9999.000 -9999.000
79.173 79.340 79.442 79.972 80.447 80.079 80.066 81.175 82.347 81.793 82.128 83.880 84.184 85.027 85.986 86.939 87.473 87.657 87.871 86.763 85.167 84.355 85.361 86.846 87.713 86.505 84.938 83.956 84.565 83.845 83.192 83.059 83.181 83.477 83.701 83.457 84.043 84.774 85.386 86.265 87.124 86.349 85.374 84.814 84.851 84.900 85.196 86.042 86.325 88.001 88.903 90.084 90.306 91.367 91.896 92.752 92.893 94.019 94.501 95.484 96.506 96.021 95.283 96.742 97.981 98.591 97.377 97.437 99.233 100.920 104.493 106.527 105.510 106.424 106.857 107.195 110.373 115.315 115.134 119.043 119.202 121.472 125.319 127.696 126.177 124.200 127.534 133.758 137.238 141.752 144.861 144.757 145.854 149.560 153.999 157.335 159.709 164.558 168.835 170.881 172.104 173.529 177.683 180.587 184.586 188.567 -9999.000 -9999.000
78.447 78.703 79.112 79.707 79.940 80.030 79.961 80.821 80.639 80.094 80.862 82.370 83.792 85.185 85.884 86.241 86.669 86.642 86.961 86.695 85.535 83.929 85.199 86.311 86.876 86.327 85.463 83.153 82.435 82.614 82.364 82.265 82.348 82.573 82.656 83.021 84.029 84.775 84.914 85.542 86.289 85.736 84.656 84.532 84.673 84.244 84.557 85.020 85.649 87.145 88.436 88.993 89.542 90.272 90.609 91.142 90.775 91.047 91.390 93.780 94.989 94.452 93.840 94.957 96.086 96.549 95.464 96.363 98.691 100.458 102.992 102.345 103.452 103.016 101.227 103.090 107.511 108.845 110.833 112.494 112.350 115.360 118.846 120.698 120.472 119.734 123.341 129.054 133.015 135.140 138.062 138.407 140.503 142.276 147.196 149.807 153.183 155.144 160.266 162.665 164.506 166.787 167.191 169.081 175.150 177.792 -9999.000 -9999.000
78.243 78.619 79.118 79.677 80.068 80.031 79.667 80.190 80.008 80.258 81.258 82.716 84.155 84.997 84.936 85.089 85.800 85.595 85.864 86.200 85.127 83.154 84.446 85.289 85.998 85.383 85.104 82.627 80.847 81.265 81.395 81.465 81.566 81.728 82.018 82.681 83.456 84.004 84.478 85.233 85.449 85.076 84.366 83.673 83.870 83.701 84.138 84.603 85.321 86.631 87.458 88.336 88.808 89.135 89.679 89.761 89.731 89.645 90.805 92.834 94.319 93.572 92.455 93.517 94.385 94.220 95.437 96.993 97.475 98.933 100.650 100.542 102.231 100.112 99.262 102.585 104.605 105.236 108.755 108.967 108.257 111.263 113.919 114.785 115.347 115.799 118.620 124.073 128.476 130.310 131.648 132.067 134.482 137.511 140.639 142.978 146.045 148.415 151.554 154.310 158.566 159.165 158.452 161.435 165.989 167.788 -9999.000 -9999.000
78.270 78.696 79.237 79.661 79.744 79.353 79.417 79.980 80.548 81.265 81.844 82.843 83.713 84.033 83.784 84.148 85.135 84.883 84.984 85.490 84.413 82.111 83.644 84.826 85.199 84.955 84.778 81.027 80.001 80.151 80.562 80.732 80.879 81.113 81.561 82.188 82.893 83.724 84.640 84.954 84.793 84.917 84.470 83.533 83.023 83.278 83.731 84.270 84.919 85.898 87.099 87.468 87.746 87.985 88.129 88.625 88.264 88.768 90.542 91.956 91.945 91.001 91.431 91.363 91.400 92.403 95.369 95.298 94.893 96.441 96.914 98.869 99.616 98.634 98.050 100.194 102.046 104.383 106.495 106.885 105.542 107.670 110.625 111.020 111.077 113.683 114.364 118.640 122.682 124.326 126.537 126.089 130.009 134.558 135.558 136.221 139.336 142.486 143.604 148.045 152.118 152.046 151.786 154.281 157.687 158.891 -9999.000 -9999.000
78.258 78.647 79.063 79.297 79.060 78.728 79.528 79.916 80.476 80.981 81.091 82.029 82.567 82.745 82.776 83.556 84.821 84.328 83.863 84.696 83.581 81.221 81.806 84.395 82.508 82.539 84.723 80.234 80.000 80.037 80.098 80.169 80.374 80.712 81.173 81.861 82.764 83.678 84.379 84.482 83.920 84.196 83.936 83.326 82.622 82.839 83.472 84.215 84.877 85.785 86.514 86.237 86.575 86.739 86.633 87.243 87.150 88.273 89.420 90.168 90.064 89.989 90.191 89.272 89.846 90.941 91.096 92.007 93.203 95.460 95.396 95.099 95.580 96.067 96.198 98.388 100.144 100.701 104.680 104.979 104.830 107.268 109.106 108.228 108.777 110.194 110.558 113.829 117.787 119.259 120.129 121.461 125.640 128.014 128.302 129.790 132.368 135.763 138.209 140.606 146.567 146.217 145.851 148.318 149.273 150.639 -9999.000 -9999.000
78.205 78.509 78.764 78.823 78.522 78.343 78.914 79.380 79.685 79.750 80.194 81.119 81.139 81.447 81.910 83.184 84.680 84.547 82.627 82.042 81.524 80.488 80.089 80.296 80.008 80.013 80.297 80.000 80.000 80.042 80.047 80.001 80.097 80.374 80.791 81.586 82.569 83.387 83.832 83.679 83.211 83.257 83.022 82.604 82.116 82.596 83.452 84.366 84.995 85.239 85.497 85.152 85.456 85.433 85.423 85.892 86.248 87.283 87.934 88.497 88.282 88.499 89.159 88.108 87.858 87.924 89.405 90.033 91.137 93.004 93.679 93.707 93.129 93.855 94.223 96.239 96.443 99.501 103.380 103.757 103.307 104.586 106.278 105.461 106.413 107.604 107.823 109.712 112.193 114.265 116.445 119.308 121.159 122.842 122.322 123.828 126.294 129.596 131.783 135.816 138.898 139.067 140.172 140.405 141.793 143.496 -9999.000 -9999.000
78.090 78.322 78.458 78.408 78.096 77.985 78.429 78.786 79.052 79.302 79.742 80.128 79.996 80.329 81.162 82.459 83.989 84.115 82.864 81.109 80.205 80.163 80.070 80.000 80.000 80.000 80.000 80.000 80.000 80.648 81.040 80.149 80.005 80.108 80.717 81.664 82.491 82.895 83.363 83.011 82.440 82.355 82.187 81.837 81.664 82.504 83.447 84.188 84.269 84.460 84.555 84.220 84.290 84.319 84.795 85.069 85.226 85.715 86.053 86.505 86.262 87.168 87.043 86.748 86.157 85.811 87.216 87.180 88.586 88.969 90.550 92.253 91.358 92.059 92.862 93.540 94.698 97.918 100.498 100.295 100.967 100.745 103.481 103.196 104.674 104.669 104.630 104.858 109.580 113.167 114.590 114.368 116.692 117.265 116.434 116.378 119.760 123.128 125.876 128.803 132.049 132.747 133.822 131.563 134.562 137.166 -9999.000 -9999.000
77.889 78.069 78.135 78.036 77.710 77.588 77.929 78.247 78.529 78.879 79.186 79.410 79.391 79.769 80.517 81.982 82.761 82.797 82.350 81.463 80.369 80.118 80.106 80.001 80.000 80.000 80.000 80.000 80.000 80.183 81.339 80.668 80.055 80.269 80.867 81.552 82.033 82.528 82.597 82.323 81.815 81.454 81.413 81.099 81.587 82.560 83.375 83.515 83.388 83.612 83.431 83.096 82.895 83.134 83.734 84.389 84.247 84.362 84.707 84.880 85.150 85.411 85.301 84.899 84.340 84.423 84.688 84.134 85.071 87.743 90.343 90.603 90.067 90.408 91.357 90.474 91.810 94.199 98.091 96.895 96.965 98.246 100.940 100.716 102.161 100.855 100.922 102.750 106.632 108.487 109.179 109.459 109.411 109.451 109.706 110.088 115.152 117.723 120.064 122.546 124.926 126.820 128.054 123.309 127.291 129.991 -9999.000 -9999.000
77.593 77.744 77.771 77.656 77.337 77.162 77.455 77.769 78.060 78.350 78.588 78.711 79.093 79.727 80.348 81.053 81.431 81.417 81.048 80.397 79.799 79.987 80.070 80.216 80.010 80.000 80.000 80.001 80.000 80.000 80.325 80.098 80.000 80.144 80.560 80.922 81.678 82.282 81.872 81.479 81.212 80.705 80.582 81.091 81.827 82.587 82.788 82.632 82.529 82.696 82.354 82.088 81.717 81.919 82.656 83.581 83.135 83.235 83.738 83.739 84.394 84.476 84.208 83.260 82.469 82.033 81.251 81.253 84.890 87.222 88.415 88.948 88.427 88.713 89.834 89.965 89.786 91.800 94.045 93.121 93.661 96.749 98.039 98.351 99.835 99.373 100.593 102.478 103.670 103.900 105.239 106.351 104.946 104.848 105.742 106.678 111.008 112.828 115.872 116.705 117.268 119.651 119.532 117.606 120.636 121.840 -9999.000 -9999.000
77.204 77.346 77.361 77.246 76.950 76.777 77.038 77.324 77.600 77.849 78.052 78.318 78.830 79.344 79.775 80.252 80.630 80.482 79.842 79.248 79.042 79.607 80.078 80.791 80.463 80.000 80.000 80.014 80.009 80.134 80.120 80.031 80.008 80.023 80.111 80.695 81.580 81.528 81.379 80.793 80.546 80.147 80.326 80.593 81.487 82.014 81.936 81.799 81.650 81.791 81.352 81.102 80.669 81.141 82.630 82.324 82.053 82.372 82.736 82.960 83.767 83.665 83.566 82.471 81.205 80.308 79.702 81.341 83.944 85.669 86.732 87.371 86.818 86.915 88.114 88.925 88.336 89.653 90.173 90.563 92.908 95.630 95.363 97.357 96.905 97.609 100.249 101.018 100.875 101.084 102.156 102.314 100.579 103.017 103.036 103.523 107.387 110.084 111.018 111.499 111.997 113.513 114.181 113.869 115.837 118.775 -9999.000 -9999.000
76.733 76.872 76.899 76.802 76.541 76.397 76.627 76.882 77.136 77.376 77.602 77.991 78.383 78.775 79.232 79.685 79.885 79.594 78.834 78.362 78.968 79.736 80.134 80.579 80.437 80.015 80.000 80.000 80.000 80.584 81.143 80.954 80.411 80.010 80.068 80.681 81.191 80.473 80.607 80.213 79.852 79.936 79.879 80.116 81.096 80.866 80.929 80.993 80.760 80.909 80.517 80.065 79.859 81.168 81.622 80.971 81.164 81.689 81.834 82.657 83.106 82.851 82.663 82.036 80.617 79.414 79.539 81.257 83.313 84.691 85.458 85.742 85.269 85.587 87.216 86.643 86.116 86.540 88.595 90.384 92.561 93.314 93.985 95.193 95.534 96.686 98.209 98.576 98.649 99.750 99.627 99.117 99.353 99.759 100.388 101.514 106.266 107.977 106.271 107.091 108.508 108.944 109.946 110.532 113.383 115.679 -9999.000 -9999.000
76.192 76.333 76.385 76.323 76.117 76.017 76.213 76.437 76.666 76.897 77.180 77.515 77.827 78.159 78.606 79.019 79.106 78.633 77.854 78.317 79.704 79.974 79.640 79.547 80.016 80.000 80.000 80.000 80.001 80.478 81.094 80.888 80.159 79.676 79.681 80.427 80.304 80.274 79.960 79.676 79.037 79.062 79.333 80.071 80.579 80.023 80.139 80.191 79.954 80.040 79.610 78.989 79.709 80.759 80.519 79.946 80.570 80.721 81.538 82.213 82.381 82.253 81.903 81.522 80.237 78.954 79.581 81.156 82.775 84.074 84.736 84.752 84.631 85.265 85.601 85.064 85.473 87.018 88.318 89.534 90.276 91.140 93.977 94.266 94.633 95.404 96.176 96.267 96.447 96.226 97.227 96.212 96.904 97.301 97.700 99.574 102.105 102.652 102.472 103.849 105.722 105.517 105.900 107.861 110.570 112.009 -9999.000 -9999.000
75.599 75.744 75.828 75.815 75.685 75.633 75.793 75.980 76.185 76.403 76.662 76.937 77.195 77.486 77.895 78.242 78.265 77.720 77.164 78.152 79.636 79.592 78.248 78.914 80.006 80.023 80.017 80.000 80.023 80.034 80.344 80.215 79.459 78.876 79.739 80.105 79.979 79.848 79.186 78.758 78.298 78.338 79.161 79.906 79.944 79.329 79.223 79.437 78.988 78.843 78.183 78.243 79.693 80.404 80.321 79.368 79.881 80.445 81.260 81.606 81.814 81.773 81.311 81.055 79.817 78.588 79.707 81.193 82.406 83.396 83.922 83.869 83.892 84.584 84.685 84.984 85.861 86.424 87.451 87.623 88.789 90.818 91.921 92.437 91.953 93.427 94.331 93.813 93.798 93.524 95.177 95.475 94.605 94.959 94.838 96.393 97.260 99.686 99.661 100.442 100.869 101.488 101.220 104.354 106.764 107.655 -9999.000 -9999.000
74.976 75.124 75.238 75.278 75.240 75.242 75.362 75.516 75.691 75.879 76.095 76.320 76.525 76.754 77.083 77.369 77.357 76.859 76.528 77.762 78.580 77.290 76.429 78.202 79.936 80.002 79.951 79.877 79.846 79.897 79.908 79.415 78.628 78.245 79.408 79.455 79.159 79.058 78.557 77.951 77.545 77.876 78.742 79.262 79.116 78.579 78.059 78.328 77.990 77.681 76.999 77.623 78.460 79.254 78.882 77.928 79.454 80.279 80.814 81.127 81.290 81.260 80.904 80.300 79.156 78.313 79.812 81.188 82.130 82.838 83.201 83.124 83.335 83.777 84.177 84.635 85.078 85.210 85.507 86.547 88.278 89.431 89.914 90.358 90.055 90.880 91.537 90.924 91.536 90.675 91.238 91.668 92.937 92.935 91.851 92.827 93.699 96.830 96.469 97.443 96.365 97.380 100.159 101.932 103.435 104.611 -9999.000 -9999.000
74.333 74.487 74.628 74.714 74.758 74.812 74.907 75.035 75.184 75.342 75.521 75.704 75.857 76.006 76.231 76.453 76.451 76.069 75.838 77.120 76.762 75.060 75.286 77.420 78.876 79.070 79.125 78.944 78.748 78.495 78.547 78.165 77.638 77.640 78.712 78.427 78.281 78.493 77.742 77.142 76.790 77.290 78.305 78.525 78.271 77.821 77.156 77.189 77.075 76.641 76.001 76.086 76.098 76.856 76.416 76.642 78.652 79.979 80.241 80.537 80.626 80.665 80.540 79.889 78.522 78.111 79.767 81.048 81.781 82.294 82.595 82.448 82.657 83.192 83.472 84.020 84.153 84.192 84.928 85.780 85.888 86.805 87.591 87.516 88.747 89.067 89.412 89.418 89.364 89.285 89.381 89.981 90.647 91.019 90.117 90.269 91.862 93.910 94.437 94.781 94.599 96.440 97.740 98.644 100.098 101.064 -9999.000 -9999.000
73.677 73.843 74.007 74.128 74.223 74.318 74.419 74.534 74.663 74.800 74.952 75.100 75.208 75.286 75.422 75.586 75.618 75.360 75.235 75.855 75.926 74.891 75.312 76.003 75.997 76.591 77.558 77.746 77.385 76.823 76.666 76.589 76.502 77.092 77.705 77.299 77.555 77.923 77.012 76.404 76.076 76.815 77.851 77.524 77.405 77.162 76.418 76.120 76.118 75.716 75.224 74.713 74.646 74.769 74.914 75.870 77.668 79.029 79.404 79.654 79.765 79.906 79.902 79.292 77.968 77.853 79.501 80.657 81.249 81.733 81.920 81.748 82.001 82.416 82.750 83.135 83.055 83.210 84.044 84.224 83.396 83.147 83.970 84.453 86.099 86.506 87.032 86.356 86.477 86.571 86.042 88.152 88.293 88.549 88.286 88.033 89.489 90.776 91.182 92.420 91.921 93.895 94.514 95.320 97.681 98.826 -9999.000 -9999.000
73.028 73.203 73.383 73.534 73.663 73.791 73.907 74.021 74.142 74.269 74.397 74.514 74.599 74.646 74.736 74.858 74.911 74.776 74.839 74.873 75.003 74.749 75.044 75.007 74.967 75.314 76.350 76.544 76.142 75.575 75.144 75.333 75.555 76.344 76.694 76.410 77.317 77.251 76.255 75.528 75.522 76.633 76.777 76.185 76.455 76.338 75.980 75.260 75.065 74.885 74.600 74.146 73.789 73.816 74.174 75.049 76.350 77.465 78.087 78.477 78.704 78.965 79.081 78.586 77.453 77.501 79.054 80.080 80.627 80.990 81.164 81.051 81.286 81.574 81.921 82.098 81.994 82.209 82.859 82.303 81.035 80.158 80.987 81.383 83.241 84.068 84.876 84.093 84.010 84.676 85.462 85.566 85.613 86.305 86.137 86.559 85.434 88.137 89.399 89.999 90.560 91.504 91.953 93.195 94.618 96.012 -9999.000 -9999.000
72.396 72.576 72.769 72.941 73.100 73.252 73.383 73.504 73.629 73.752 73.858 73.955 74.044 74.109 74.194 74.275 74.313 74.248 74.454 74.320 74.139 74.468 74.963 74.948 74.932 75.057 75.690 75.496 75.322 75.152 74.976 74.981 75.101 75.558 75.814 76.200 76.479 76.377 75.884 74.995 75.095 76.286 75.772 75.432 75.655 75.497 75.489 74.969 74.473 74.201 73.949 73.589 73.219 73.123 73.429 74.121 75.058 75.963 76.639 77.153 77.518 77.890 78.118 77.821 76.937 77.118 78.492 79.368 79.825 80.119 80.302 80.322 80.510 80.701 80.919 80.998 80.950 81.082 81.571 81.253 79.948 79.132 79.173 79.459 80.060 81.585 83.059 82.801 81.926 83.257 84.616 84.044 83.928 84.396 84.502 85.364 83.914 85.766 86.005 87.379 88.823 89.336 89.897 90.588 90.777 -9999.000 -9999.000 -9999.000
71.780 71.968 72.170 72.360 72.540 72.710 72.857 72.990 73.122 73.243 73.340 73.436 73.547 73.646 73.717 73.713 73.690 73.678 73.871 73.809 73.674 74.394 74.976 74.984 74.869 74.987 75.090 75.013 75.034 75.022 74.983 74.908 74.939 75.016 75.346 76.114 75.657 75.560 75.591 74.873 74.827 75.922 75.493 75.024 75.072 75.091 75.092 74.850 74.277 73.752 73.421 73.087 72.756 72.585 72.754 73.230 73.907 74.635 75.280 75.840 76.302 76.740 77.081 77.044 76.444 76.671 77.810 78.518 78.897 79.135 79.324 79.454 79.590 79.711 79.812 79.865 79.888 79.934 80.155 80.291 79.530 78.496 78.053 78.489 79.334 80.037 81.561 81.484 80.390 82.567 83.248 82.005 82.152 82.698 83.538 83.763 82.234 83.747 84.463 86.654 87.172 87.527 88.114 88.613 88.705 -9999.000 -9999.000 -9999.000
71.182 71.376 71.584 71.787 71.983 72.167 72.331 72.481 72.618 72.742 72.847 72.959 73.086 73.178 73.180 73.040 72.924 72.970 73.164 73.248 73.484 74.074 74.673 74.981 74.921 74.849 74.931 74.945 75.000 75.001 74.982 74.901 74.912 74.983 75.495 75.502 75.306 75.124 75.133 74.598 74.834 75.386 75.258 74.944 74.679 74.765 74.803 74.622 74.112 73.573 73.066 72.670 72.351 72.139 72.176 72.466 72.942 73.516 74.088 74.631 75.133 75.593 76.025 76.237 75.935 76.182 77.046 77.580 77.878 78.064 78.229 78.365 78.474 78.566 78.651 78.708 78.778 78.815 78.867 79.181 78.492 77.577 77.231 78.194 78.505 79.421 80.328 79.792 79.910 81.800 81.809 80.542 80.992 80.949 81.361 81.256 80.389 81.790 84.184 84.930 85.432 85.731 86.858 86.836 86.551 -9999.000 -9999.000 -9999.000
70.607 70.800 71.014 71.225 71.431 71.629 71.811 71.975 72.120 72.253 72.378 72.505 72.616 72.646 72.530 72.324 72.270 72.482 72.813 73.137 73.540 74.034 74.640 74.987 75.002 74.849 74.771 74.938 74.985 74.999 74.968 74.862 74.913 75.023 75.188 75.176 75.047 75.125 75.131 74.242 74.544 74.698 74.669 74.647 74.313 74.343 74.305 74.134 73.748 73.257 72.780 72.338 71.982 71.741 71.687 71.840 72.162 72.597 73.076 73.564 74.056 74.508 74.976 75.361 75.372 75.642 76.204 76.572 76.787 76.927 77.051 77.155 77.239 77.332 77.452 77.549 77.652 77.681 77.610 77.937 77.190 76.327 76.633 77.500 77.373 77.334 76.848 78.480 80.117 80.895 80.221 79.851 79.603 79.172 79.148 79.485 79.596 81.207 83.115 82.686 82.787 84.631 85.167 84.998 84.921 -9999.000 -9999.000 -9999.000
70.051 70.243 70.458 70.675 70.889 71.101 71.300 71.477 71.632 71.778 71.922 72.048 72.113 72.050 71.904 71.884 72.208 72.713 73.189 73.573 73.941 74.318 74.627 74.876 74.999 74.889 74.727 74.817 74.902 74.944 74.960 74.832 74.919 74.974 75.000 75.004 75.050 75.153 75.078 74.190 73.547 73.847 73.970 74.010 73.817 73.817 73.729 73.555 73.243 72.826 72.385 71.963 71.604 71.352 71.247 71.309 71.517 71.834 72.214 72.628 73.074 73.501 73.939 74.386 74.668 74.940 75.262 75.501 75.640 75.730 75.813 75.877 75.936 76.042 76.212 76.370 76.512 76.512 76.370 76.735 76.227 75.301 76.225 76.290 75.994 75.764 75.829 78.166 78.866 79.535 78.938 78.902 77.828 77.472 77.000 77.393 78.308 80.288 81.368 79.771 81.285 82.723 83.120 83.503 83.342 -9999.000 -9999.000 -9999.000
69.504 69.698 69.913 70.132 70.355 70.579 70.793 70.984 71.153 71.317 71.472 71.582 71.590 71.516 71.537 71.889 72.462 73.068 73.590 73.989 74.302 74.609 74.887 74.983 74.935 74.847 74.694 74.739 74.821 74.879 74.872 74.790 74.843 74.929 74.991 74.989 75.018 75.048 74.926 74.256 73.308 73.106 73.254 73.317 73.266 73.231 73.134 72.961 72.687 72.330 71.936 71.544 71.199 70.946 70.823 70.828 70.953 71.175 71.463 71.798 72.179 72.568 72.953 73.364 73.717 73.994 74.218 74.376 74.450 74.486 74.523 74.552 74.588 74.699 74.906 75.112 75.283 75.281 75.344 75.662 75.118 74.848 75.727 75.288 75.055 75.013 75.160 76.083 76.401 77.538 78.197 76.844 76.166 76.049 75.270 76.177 77.902 78.718 79.554 77.550 79.308 79.577 80.082 81.485 81.469 -9999.000 -9999.000 -9999.000
68.968 69.162 69.378 69.600 69.830 70.067 70.295 70.501 70.690 70.875 71.042 71.132 71.139 71.195 71.522 72.045 72.635 73.205 73.706 74.101 74.401 74.640 74.814 74.882 74.847 74.770 74.658 74.667 74.751 74.797 74.794 74.751 74.805 74.885 74.927 74.979 74.990 74.730 74.418 73.966 73.364 72.841 72.644 72.687 72.698 72.657 72.562 72.393 72.139 71.818 71.461 71.101 70.777 70.531 70.393 70.361 70.427 70.575 70.784 71.044 71.355 71.688 72.030 72.375 72.692 72.940 73.114 73.216 73.230 73.209 73.197 73.184 73.192 73.287 73.497 73.715 73.869 73.859 74.181 74.587 73.380 74.005 74.865 74.588 74.110 73.942 74.461 74.450 75.014 76.196 77.272 76.216 75.171 75.016 75.235 75.776 75.792 76.452 77.082 76.648 77.884 78.007 79.154 79.657 79.751 -9999.000 -9999.000 -9999.000
68.588 68.775 68.984 69.206 69.436 69.674 69.909 70.126 70.327 70.531 70.710 70.804 70.872 71.149 71.612 72.146 72.683 73.178 73.622 74.002 74.295 74.512 74.658 74.721 74.712 74.667 74.596 74.611 74.675 74.717 74.726 74.719 74.795 74.883 74.943 74.979 74.967 74.773 74.402 73.968 73.502 72.991 72.459 72.232 72.207 72.153 72.044 71.865 71.614 71.309 70.976 70.639 70.335 70.099 69.948 69.886 69.906 69.996 70.139 70.331 70.577 70.846 71.136 71.427 71.681 71.873 71.993 72.035 71.988 71.908 71.843 71.778 71.738 71.793 71.969 72.160 72.279 72.163 72.241 72.175 71.537 72.727 73.560 73.777 73.393 73.219 73.486 74.086 74.819 75.040 76.257 75.503 75.006 74.944 74.880 74.838 74.855 74.891 75.393 75.997 76.211 76.556 77.697 77.018 77.924 -9999.000 -9999.000 -9999.000
-9999.000 -9999.000 -9999.000 -9999.000 -9999.000 -9999.000 -9999.000 -9999.000 -9999.000 -9999.000 -9999.000 -9999.000 -9999.000 -9999.000 -9999.000 -9999.000 -9999.000 -9999.000 -9999.000 -9999.000 -9999.000 -9999.000 -9999.000 -9999.000 74.630 74.604 74.559 74.580 74.634 74.680 74.691 74.714 74.791 74.887 74.946 74.953 74.939 74.830 74.570 74.175 73.649 73.074 72.536 72.068 71.921 71.830 71.689 71.485 71.222 70.915 70.584 70.253 69.956 69.718 69.550 69.460 69.439 69.477 69.562 69.691 69.866 70.070 70.293 70.516 70.701 70.821 70.864 70.842 70.733 70.593 70.470 70.340 70.235 70.230 70.352 70.510 70.626 70.472 70.406 70.298 70.446 71.646 72.464 72.743 72.601 72.519 73.009 73.678 73.998 74.631 75.299 75.007 74.956 74.916 74.826 74.785 74.809 74.886 75.008 74.993 75.225 75.174 75.489 75.355 75.775 -9999.000 -9999.000 -9999.000
